48.82,50.03,52.11,54.41,56.50,58.27,59.92,61.07,62.17,63.28,64.37,65.42,66.44,67.48,68.51,69.54,70.62,71.79,72.97,74.14,74.80,75.20,75.96,76.75,77.56,78.20,78.47,77.66,77.55,78.67,79.56,79.99,80.84,82.47,84.52,86.67,88.85,90.98,92.84,94.65,96.52,98.40,100.08,101.60,101.94,102.30,103.63,105.61,107.58,109.20,110.62,111.96,113.22,114.49,115.74,116.83,117.79,118.89,121.07,123.44,125.80,128.16,130.23,132.09,133.88,135.60,137.31,138.88,140.81,144.23,148.00,150.58,152.01,153.43,154.87,156.61,158.52,160.50,162.66,164.89,167.20,169.55,171.84,173.95,176.10,178.06,179.81,181.85,184.23,186.63,188.91,190.56,191.86,193.37,194.99,196.58,198.40,200.75,203.87,207.18,210.55,212.99,215.27,217.58,219.85,222.16,224.36,226.38,228.26,230.09,232.06,234.35,236.60,238.74,240.61,242.26,243.64,245.03,246.88,248.83,250.70,252.58,254.21,255.02,255.63,257.25,259.12,261.11,263.21,265.51,268.10,270.18,271.45,272.82,273.22,273.79,274.65,276.14,277.34,278.31,279.48,281.20,283.40,285.20,286.67,287.23,286.17,284.37,284.22,286.31,286.39,283.58,287.62,287.98,286.64,285.48,283.95,287.22,289.82,291.25,292.65,293.53,294.29,294.95,294.52,294.75,297.56,300.43,303.01,306.45,309.47,309.78,310.41,313.44,315.62,318.13,323.25,329.25,335.81,343.59,351.65,356.12,356.65,355.49,354.95,356.77,358.55,360.47,363.13,366.88,369.71,371.55,372.75,376.54,382.06,388.19,394.44,400.24,401.62,398.53,393.12,391.38,391.23,390.66,388.73,387.24,388.48,390.89,394.02,396.61,399.24,402.62,406.76,410.52,412.69,413.07,415.89,421.38,425.62,425.60,424.43,422.16,416.53,415.38,421.77,427.47,430.11,431.87,430.07,422.15,413.14,404.72,391.83,391.30,408.63,421.19,432.86,435.63,437.38,440.51,438.08,429.66,418.53,404.23,392.71,382.73,370.66,363.55,360.00,357.95,357.35,360.30,364.11,369.60,378.04,387.38
49.52,50.92,53.28,55.71,57.91,59.58,60.75,61.70,62.76,63.85,64.96,65.94,66.86,67.85,68.89,69.95,71.04,72.19,73.35,74.50,75.64,76.62,77.52,78.40,79.25,80.13,80.43,79.90,79.64,80.17,81.06,81.36,81.75,82.46,84.53,86.98,89.46,92.07,94.05,95.92,97.72,99.35,100.92,102.52,103.72,104.13,104.80,106.70,108.71,110.25,111.44,112.96,114.36,115.67,116.93,118.06,119.07,120.09,121.82,124.12,126.43,128.72,130.89,132.96,134.94,136.82,138.61,140.54,143.03,145.92,149.50,151.34,152.73,154.14,155.68,157.47,159.07,161.05,163.30,165.51,167.75,170.01,172.47,174.79,177.02,179.25,181.52,183.84,186.18,188.64,190.74,192.39,193.78,195.32,196.93,198.50,199.89,201.92,204.46,207.67,210.87,213.71,216.61,218.92,221.11,223.34,225.59,227.73,229.85,232.05,234.06,236.24,238.41,240.87,242.92,244.56,245.98,247.16,248.68,250.65,253.01,255.16,256.98,258.06,258.47,259.27,261.84,264.00,266.15,268.01,270.53,273.10,274.81,276.23,277.08,277.75,278.00,278.66,279.82,281.15,282.75,284.52,286.23,288.39,289.96,290.71,290.40,288.66,286.93,288.84,289.84,287.30,290.91,291.82,290.59,289.01,287.31,291.18,293.20,294.46,296.03,297.26,298.26,299.00,298.82,299.34,301.76,304.74,308.35,312.20,315.79,318.48,320.23,320.33,320.74,321.88,323.81,329.19,335.86,343.54,352.57,361.09,365.53,364.93,362.61,362.52,363.24,364.94,367.25,370.33,373.13,375.31,377.45,379.79,383.87,389.42,394.59,399.20,401.14,399.96,397.13,396.13,396.32,395.72,393.66,392.12,392.10,394.38,397.58,400.11,402.56,406.20,410.04,413.81,416.70,418.08,418.58,422.55,428.83,430.94,431.16,429.44,424.26,419.82,426.79,433.38,436.78,438.60,435.14,425.86,417.48,410.44,401.14,396.56,413.09,425.45,436.40,443.97,447.42,447.99,443.78,433.56,422.57,408.56,395.88,383.61,370.65,367.57,366.48,363.60,363.35,367.00,371.23,377.38,384.09,393.12
51.00,52.84,54.94,57.13,59.33,60.75,61.66,62.51,63.42,64.44,65.50,66.44,67.36,68.27,69.22,70.33,71.47,72.59,73.73,74.89,76.03,77.12,78.15,79.14,80.19,81.37,81.57,81.44,81.43,81.99,82.79,83.31,83.52,83.27,84.58,86.89,89.13,91.81,94.26,96.48,98.66,100.66,101.98,103.34,104.82,105.91,106.34,107.63,109.84,111.03,112.08,113.63,115.22,116.72,118.09,119.30,120.34,121.70,123.12,125.19,127.31,129.19,131.22,133.43,135.60,137.69,139.68,141.70,144.49,147.43,150.22,151.94,153.44,154.88,156.55,158.39,160.08,161.87,163.94,166.14,168.34,170.60,172.98,175.33,177.81,180.25,182.72,185.19,187.68,190.12,192.07,193.88,195.55,197.08,198.82,200.66,202.47,204.26,206.29,208.26,210.84,213.90,217.20,220.08,222.54,224.92,227.21,229.44,231.49,233.66,235.81,237.88,240.15,242.75,245.18,246.95,248.41,249.54,250.79,252.56,254.97,257.46,259.61,261.17,261.83,261.87,264.13,266.90,269.22,271.20,273.24,275.58,277.87,279.61,280.83,281.41,281.18,281.51,283.25,285.12,286.97,288.25,289.14,291.04,292.52,293.49,293.50,292.17,290.27,290.88,292.61,290.14,292.00,295.27,294.11,292.55,290.62,292.81,296.39,297.78,299.32,301.19,302.65,303.26,302.69,303.10,305.33,308.39,312.88,317.51,320.16,324.15,327.04,328.04,327.74,328.38,329.20,331.73,338.04,344.51,351.61,360.93,369.73,372.79,371.52,369.57,368.43,369.40,371.44,373.56,376.11,378.80,381.88,384.56,386.99,390.73,394.99,399.18,401.34,402.05,401.16,400.70,401.33,400.66,398.58,397.00,396.27,397.64,400.93,403.32,405.50,409.03,412.90,416.64,420.03,422.10,423.10,425.11,431.74,436.21,437.92,436.61,431.16,425.43,431.37,438.85,444.30,446.35,440.89,430.02,421.80,415.12,407.22,401.68,418.26,429.59,438.59,449.69,455.40,455.72,449.35,436.96,425.70,412.05,398.82,384.95,374.11,372.10,371.46,368.59,370.52,373.24,377.49,383.31,389.69,399.82
53.42,54.96,56.82,58.71,60.35,61.50,62.40,63.28,64.16,65.03,65.97,66.89,67.78,68.67,69.56,70.81,71.93,73.03,74.14,75.26,76.37,77.45,78.53,79.59,80.87,82.22,82.91,82.96,82.99,83.58,84.41,85.11,84.91,84.30,84.62,86.21,88.06,89.89,91.75,95.08,98.67,100.88,102.55,104.12,105.63,107.03,108.07,108.70,110.37,111.67,112.75,114.20,115.81,117.42,119.02,120.58,121.73,122.98,124.46,126.13,127.97,129.81,131.72,133.86,136.07,138.23,140.44,142.64,145.19,148.03,150.41,152.18,153.91,155.57,157.35,159.15,161.14,163.02,164.86,166.81,168.90,171.06,173.32,175.70,178.20,180.77,183.36,185.90,188.47,190.88,192.94,194.96,196.90,198.69,200.66,202.97,205.12,206.95,208.75,210.80,212.87,215.00,217.78,221.02,223.75,226.31,228.71,231.08,233.16,235.22,237.31,239.19,241.81,244.66,247.26,249.40,250.97,252.22,253.44,254.76,256.81,259.45,261.94,264.09,265.40,265.65,266.42,269.36,272.27,274.75,276.82,278.84,281.00,282.98,284.42,284.91,284.24,284.29,286.50,288.68,290.52,291.19,291.65,293.16,294.97,296.07,296.47,295.65,293.56,293.51,294.92,292.40,294.91,298.73,297.61,296.17,294.35,295.33,299.36,301.27,303.47,305.83,307.43,307.58,306.56,306.50,308.51,312.09,317.10,321.79,324.18,328.13,332.48,335.01,335.97,337.67,338.62,338.27,339.95,345.27,351.09,358.30,367.66,374.48,378.55,379.24,376.48,375.23,375.85,377.28,379.35,382.43,386.04,389.32,391.32,393.65,396.94,401.06,403.92,404.92,404.94,405.09,406.14,405.24,402.82,401.46,400.62,400.89,404.09,407.02,409.00,411.14,414.73,419.01,422.73,425.34,427.19,428.86,432.12,438.93,443.33,443.56,439.78,432.35,435.59,443.94,450.50,452.71,447.17,435.48,427.53,421.12,414.04,407.91,422.82,432.75,442.29,454.48,462.14,461.82,453.13,439.55,427.62,414.41,400.35,387.06,378.40,376.12,373.83,372.16,374.38,377.73,382.69,389.18,398.77,407.22
53.49,55.09,56.75,58.37,59.96,61.10,62.15,63.16,64.12,65.06,65.97,66.87,67.74,68.63,69.54,70.65,71.80,72.96,74.18,75.40,76.59,77.74,78.83,79.95,81.22,82.44,83.60,84.36,84.53,85.16,85.97,86.74,87.23,86.51,85.75,86.55,88.11,89.06,89.81,93.33,98.02,100.87,102.51,104.14,105.82,107.45,109.02,110.42,111.22,112.26,113.39,114.79,116.40,118.03,119.67,121.26,122.80,124.12,125.62,127.21,128.85,130.66,132.44,134.41,136.57,138.64,140.82,143.18,145.51,147.71,149.69,151.54,153.49,155.50,157.44,159.40,161.73,164.06,166.08,168.00,169.78,171.72,173.74,176.02,178.44,181.03,183.81,186.54,189.15,191.49,193.64,195.70,197.80,199.91,202.46,205.06,207.47,209.53,211.46,213.50,215.91,218.15,219.83,221.78,224.43,227.28,230.07,232.57,234.75,236.79,238.84,240.88,243.62,246.53,249.32,251.76,253.68,255.07,256.23,257.36,258.69,261.50,264.30,266.42,268.50,269.69,269.74,271.65,275.14,278.02,280.07,281.63,284.01,286.32,287.98,288.39,287.38,287.00,289.14,291.39,293.11,293.68,293.98,295.25,297.21,298.60,299.44,299.34,296.98,296.58,297.55,295.67,299.98,302.25,301.05,300.06,298.40,298.41,302.26,305.13,307.69,310.01,311.32,311.29,310.23,309.88,311.85,315.68,320.68,325.26,328.23,332.06,337.32,340.73,342.83,345.72,348.64,348.45,346.29,348.19,354.15,359.78,365.71,372.94,379.87,385.90,385.88,383.14,381.72,382.11,383.78,386.46,389.78,392.82,395.11,397.22,400.37,404.68,408.31,409.33,409.12,409.41,410.77,409.32,406.99,406.26,405.50,405.48,407.70,410.95,413.46,415.67,417.50,420.79,425.05,428.32,430.79,432.96,434.70,440.56,447.48,450.31,447.71,441.81,440.36,447.13,453.94,457.81,453.63,442.38,433.56,426.57,419.81,414.35,426.61,437.06,447.14,459.30,468.70,465.99,454.88,441.54,429.38,417.79,404.68,391.86,382.76,378.47,376.57,376.07,378.13,382.03,388.30,396.88,406.06,414.19
54.11,55.56,57.01,58.47,59.88,61.00,61.97,62.91,63.88,64.78,65.64,66.50,67.38,68.28,69.19,70.18,71.40,72.69,73.98,75.28,76.49,77.69,78.95,80.16,81.36,82.56,83.75,84.93,85.87,86.68,87.47,88.24,89.09,89.38,88.67,89.16,90.01,90.21,90.52,93.52,97.55,100.64,102.36,104.06,105.80,107.52,109.25,111.36,112.76,113.67,114.60,115.56,116.70,118.13,119.87,121.61,123.24,124.88,126.43,127.95,129.47,131.22,133.12,134.98,136.90,138.81,140.81,142.99,145.10,147.11,149.16,151.27,153.51,155.87,157.95,160.00,162.35,164.73,167.11,169.28,171.14,172.96,174.97,176.96,178.80,181.45,184.24,187.08,189.81,192.10,194.36,196.54,198.74,201.01,203.53,206.43,209.21,210.91,213.43,216.05,218.46,220.73,222.39,223.60,225.32,228.04,231.30,233.95,236.33,238.44,240.68,243.14,245.74,248.49,251.26,253.90,256.23,257.87,259.06,260.22,262.02,264.74,267.26,269.01,271.28,273.48,273.75,274.54,277.74,280.53,282.17,283.83,286.47,289.25,291.48,291.52,289.93,289.56,291.57,293.80,295.64,296.54,296.69,297.22,299.52,301.12,302.17,302.67,299.67,299.59,300.74,299.31,301.66,305.24,304.58,303.64,301.81,301.89,305.30,308.56,310.87,312.79,314.13,314.55,313.97,314.83,316.51,319.09,324.14,329.38,333.29,336.64,341.35,344.60,347.50,351.44,356.03,357.61,354.30,351.66,356.39,362.86,368.56,373.29,379.59,388.55,392.61,391.69,389.74,388.41,388.91,390.79,393.30,396.07,398.59,401.13,404.57,408.77,412.21,413.62,413.59,414.06,415.24,413.60,412.67,412.59,411.64,411.35,413.46,415.75,417.94,420.46,422.15,424.13,427.45,431.20,433.97,436.41,438.31,441.76,449.20,456.01,456.57,451.26,446.71,449.78,457.46,462.26,459.44,449.14,439.75,431.38,423.97,419.27,431.02,442.58,452.45,464.82,473.39,468.35,456.01,443.46,430.89,420.00,409.27,397.44,387.37,381.59,380.84,380.29,382.36,386.72,393.75,402.52,411.13,419.54
53.73,55.19,56.64,58.06,59.52,60.73,61.60,62.51,63.41,64.27,65.16,66.06,66.98,67.91,68.83,69.86,71.17,72.44,73.73,75.03,76.39,77.73,79.06,80.36,81.53,82.71,83.89,85.07,86.24,87.36,88.30,89.19,90.29,91.39,91.36,91.59,91.46,91.22,92.18,95.01,97.97,100.53,102.30,104.07,105.83,107.58,109.33,111.19,113.15,114.90,116.09,117.05,118.00,118.86,120.13,121.78,123.49,125.21,126.88,128.47,130.06,131.83,133.59,135.49,137.54,139.36,141.34,143.54,145.67,147.55,149.46,151.79,154.19,156.61,158.85,160.80,162.98,165.35,167.78,170.17,172.45,174.37,176.49,178.67,180.58,182.80,185.37,187.94,190.45,192.84,195.37,197.93,199.88,202.13,204.50,207.18,209.88,211.72,214.17,217.38,220.46,222.67,224.49,226.04,227.49,229.12,231.05,234.51,237.44,239.89,242.64,245.30,247.91,250.59,253.21,255.87,258.53,260.66,262.50,264.17,266.46,269.06,270.88,272.36,274.63,277.08,277.95,278.20,279.95,282.06,283.75,285.86,287.84,290.75,293.49,293.91,292.44,292.07,294.02,296.23,298.25,299.41,299.56,299.34,301.25,303.33,304.63,305.21,301.90,302.11,304.64,303.69,304.98,308.47,307.86,307.02,305.32,306.14,309.11,311.57,313.62,315.51,317.14,317.93,317.67,319.50,321.93,324.21,328.75,334.26,338.79,341.07,344.34,347.78,351.73,356.75,360.89,363.13,360.54,356.11,358.74,365.43,373.44,379.74,383.28,389.24,395.34,399.11,399.19,396.84,394.98,395.05,396.92,399.76,402.79,405.67,408.82,412.53,415.63,417.72,418.18,418.88,419.91,419.28,420.54,422.21,421.44,420.60,422.05,422.89,423.67,425.17,426.71,428.97,431.26,433.94,436.93,439.52,442.49,444.92,448.87,458.24,463.08,460.96,456.77,455.24,461.54,466.40,463.66,455.83,446.44,436.12,426.02,427.24,437.74,449.58,459.61,471.12,478.47,470.84,458.17,446.86,433.82,422.49,412.77,401.98,391.45,385.63,385.89,385.27,386.80,391.19,398.79,407.31,416.84,425.23
53.71,55.04,56.44,57.87,59.32,60.45,61.27,62.11,62.94,63.81,64.66,65.53,66.44,67.35,68.28,69.31,70.59,71.92,73.23,74.56,75.95,77.33,78.68,80.11,81.45,82.69,83.90,85.13,86.31,87.47,88.65,89.70,91.31,92.79,93.56,93.73,93.45,92.91,93.10,95.56,98.25,100.82,102.72,104.46,106.20,107.96,109.69,111.48,113.37,115.23,116.97,118.36,119.47,120.53,121.48,122.64,123.94,125.50,127.19,128.90,130.55,132.24,134.00,135.99,138.15,140.20,142.20,144.31,146.40,148.40,150.26,152.73,155.13,157.48,159.78,161.65,163.62,165.96,168.16,170.26,173.04,175.69,178.00,180.25,182.43,184.60,186.95,189.30,191.48,193.77,196.48,199.40,201.72,203.88,206.03,208.16,210.45,212.47,214.76,217.47,220.34,223.67,226.28,228.14,229.81,231.84,233.02,235.39,238.17,240.85,243.66,246.75,249.84,252.84,255.51,258.11,260.63,263.36,265.71,268.07,270.24,272.14,273.71,275.40,277.77,280.35,281.43,281.64,282.22,283.58,285.76,288.19,289.71,292.16,295.01,296.36,295.13,294.57,296.45,298.62,300.88,302.56,304.01,303.41,303.22,305.04,306.97,307.99,305.34,305.12,308.44,308.57,308.81,311.60,310.95,310.36,308.80,309.79,312.38,314.68,316.65,318.45,320.49,321.61,321.60,323.10,326.39,329.58,333.94,339.07,342.56,344.73,347.40,351.43,356.23,361.04,364.29,367.20,366.02,361.13,361.46,367.55,375.00,382.19,389.28,392.95,397.70,405.90,408.66,405.83,402.06,399.92,401.08,403.81,407.29,410.46,413.27,416.61,419.62,421.82,422.89,423.48,424.37,424.12,426.78,430.14,431.16,431.02,432.69,435.13,434.42,432.42,431.79,433.55,435.69,437.48,440.10,442.42,445.33,448.95,451.52,458.75,467.08,469.04,467.02,463.57,467.01,471.73,468.67,460.96,451.63,439.62,430.74,437.06,446.17,455.85,465.69,475.93,482.46,474.11,461.56,450.72,437.82,426.16,416.43,405.43,394.87,390.37,391.28,390.43,391.65,396.61,403.61,411.95,421.58,430.05
54.42,55.56,56.69,57.93,59.35,60.51,61.33,62.15,62.97,63.83,64.76,65.50,66.20,66.94,67.75,68.92,70.26,71.62,72.94,74.30,75.71,77.16,78.56,79.98,81.19,82.38,83.59,84.83,86.06,87.30,88.64,90.44,92.15,93.49,94.80,95.72,95.63,95.23,94.64,95.44,98.05,100.75,102.38,103.65,105.80,108.01,109.96,111.79,113.58,115.34,117.27,118.96,120.53,121.85,123.00,124.08,125.17,126.30,127.65,129.26,130.97,132.66,134.42,136.47,138.58,140.69,142.81,144.95,147.06,149.14,151.35,153.77,156.15,158.58,160.72,162.47,164.39,166.38,168.36,170.59,173.50,176.38,179.14,181.65,183.96,186.23,188.48,190.70,192.76,194.86,197.25,199.98,202.99,205.64,207.77,209.94,212.73,214.91,216.47,217.82,219.75,223.33,227.42,229.86,231.87,233.79,235.48,236.77,239.47,242.43,245.36,247.79,251.03,254.85,257.91,260.51,263.01,265.62,268.32,270.90,272.98,274.83,276.39,277.88,280.05,282.31,284.04,284.77,285.37,285.97,287.58,290.27,292.52,294.75,297.26,298.80,297.95,297.00,298.61,300.89,303.46,306.24,308.87,308.57,306.87,306.78,308.97,310.58,308.97,308.65,311.60,312.69,312.69,314.29,314.25,313.21,312.02,313.21,315.45,317.80,319.90,321.88,324.18,325.91,326.06,326.73,330.15,333.89,338.23,342.28,345.41,348.01,350.97,355.40,359.88,363.62,367.08,370.79,372.70,369.83,365.85,367.40,373.71,380.82,389.43,395.07,400.12,408.47,412.85,412.66,410.78,407.69,406.55,407.87,411.24,414.75,417.95,420.92,423.51,425.93,427.56,428.13,428.86,428.93,431.72,437.60,441.23,442.70,443.73,446.37,448.19,444.99,440.15,438.91,440.12,441.36,443.67,445.98,447.97,451.15,454.78,457.82,468.90,476.15,476.97,474.53,475.22,478.26,476.17,468.78,457.37,444.93,436.51,443.95,452.46,460.90,471.18,481.73,486.82,476.77,464.52,452.71,439.56,428.89,419.59,408.82,399.72,397.84,397.08,395.84,397.67,402.27,408.59,416.76,425.23,433.85
55.00,56.45,57.61,58.67,59.69,60.75,61.72,62.61,63.48,64.38,65.44,66.43,67.20,67.81,68.30,68.99,70.22,71.66,73.14,74.67,76.03,77.37,78.95,80.81,82.16,83.17,84.15,85.22,86.30,87.33,88.47,90.28,92.07,93.82,95.37,96.80,97.95,98.38,98.26,96.38,97.12,99.40,100.21,101.66,104.70,107.09,109.64,111.57,113.03,114.44,116.95,119.44,121.14,122.39,123.73,125.12,126.44,127.61,128.77,130.00,131.55,133.21,134.94,136.84,138.66,140.79,143.00,145.23,147.43,149.55,151.88,154.35,156.78,159.15,161.19,163.22,165.55,167.44,169.09,171.40,174.07,176.86,179.74,182.70,185.45,187.85,189.98,192.06,194.19,196.28,198.32,200.58,203.66,206.69,209.34,212.30,215.28,217.90,219.70,221.01,222.56,225.38,228.72,231.49,233.70,235.72,237.59,239.00,241.49,245.39,248.44,250.20,252.94,256.86,260.17,262.56,265.01,267.64,270.41,273.13,275.50,277.46,279.11,280.48,282.11,284.27,286.25,287.70,288.65,289.22,289.59,291.75,294.86,297.47,299.82,301.54,300.81,299.59,300.92,303.45,306.15,308.88,311.60,312.01,310.59,309.22,310.73,312.97,310.87,311.14,315.38,316.63,317.17,317.75,317.36,316.01,315.31,316.68,318.81,321.02,323.40,325.72,328.13,330.18,330.84,330.77,333.23,337.03,341.09,344.87,348.32,351.76,355.59,359.70,363.31,366.69,370.20,374.46,377.92,378.47,375.90,372.22,373.20,380.30,388.78,395.63,403.40,410.89,415.04,417.58,418.36,416.72,413.64,413.00,415.24,418.55,421.69,424.62,427.21,429.84,432.03,432.78,433.39,434.14,436.34,442.75,449.21,452.46,453.91,456.42,459.98,458.53,453.45,448.60,446.09,445.14,447.36,449.83,451.63,454.10,457.65,460.55,469.49,480.80,484.87,485.65,484.86,485.30,483.92,476.74,465.98,452.24,442.11,450.08,458.11,466.36,476.99,486.43,490.36,479.07,466.46,453.78,440.74,430.27,421.75,412.98,405.14,402.66,401.81,401.76,405.64,409.36,414.62,422.33,429.66,438.55
55.53,57.05,58.47,59.63,60.63,61.25,62.08,63.04,63.96,64.94,66.02,67.09,68.14,68.92,69.27,69.39,70.34,71.97,73.78,75.56,77.00,78.25,79.36,80.95,82.71,84.30,85.44,86.46,87.53,88.73,89.62,90.15,91.70,93.42,95.17,96.89,98.56,100.06,100.69,98.69,97.11,98.34,99.72,101.16,103.81,105.92,108.79,110.87,112.15,113.49,115.34,118.75,120.62,121.28,122.65,124.39,126.54,128.54,129.94,131.62,133.03,134.54,136.09,137.68,139.45,141.23,143.37,145.53,147.70,149.90,152.30,154.78,157.25,159.62,162.06,164.49,166.87,168.95,170.66,172.80,175.13,177.57,180.28,183.39,186.45,189.31,191.39,193.37,195.53,197.69,199.90,202.34,204.92,207.54,210.53,214.18,217.63,220.70,223.02,224.65,226.22,228.51,231.07,233.30,235.59,237.63,239.64,242.09,244.86,248.38,250.83,252.32,255.42,259.12,262.04,264.41,266.81,269.47,272.57,275.50,277.99,280.00,281.79,283.21,284.64,286.56,288.35,290.03,291.51,292.05,292.25,293.99,296.67,299.28,301.53,303.55,303.82,303.19,304.34,306.26,308.84,311.22,313.34,314.85,313.85,312.76,313.47,315.31,313.33,314.52,319.45,320.60,320.82,320.84,320.39,319.12,318.67,319.74,322.02,324.24,326.74,329.26,331.59,334.19,335.81,336.03,336.77,339.76,343.32,347.16,351.53,356.10,360.00,363.39,366.76,370.41,374.34,378.54,381.45,383.40,383.70,383.33,380.65,380.58,386.54,394.06,405.22,413.80,418.36,421.12,424.22,424.10,421.39,419.40,420.11,422.59,425.24,428.04,431.07,434.01,436.39,437.53,438.18,438.77,440.43,445.62,452.89,460.09,465.36,468.33,471.07,470.78,465.21,458.66,452.93,448.67,450.79,453.54,455.64,457.52,460.75,464.41,469.52,480.55,489.41,492.67,492.47,492.24,491.65,484.39,473.12,460.63,449.15,456.00,464.26,472.57,482.44,490.95,493.40,481.92,468.85,455.26,443.56,434.49,428.15,419.49,409.67,406.53,407.22,408.51,414.94,420.35,423.84,430.05,437.55,444.28
55.98,57.60,59.17,60.75,61.60,62.19,62.66,63.52,64.48,65.48,66.45,67.49,68.60,69.72,70.45,70.48,71.34,72.92,74.76,76.56,77.92,79.47,80.84,82.14,83.78,85.34,86.57,87.64,88.71,90.25,92.17,91.90,92.37,93.70,95.44,97.25,98.74,100.57,101.78,100.28,99.75,99.28,100.28,102.38,105.43,106.50,107.96,109.95,111.29,112.90,114.79,116.83,119.05,119.85,121.33,123.21,125.55,128.42,130.61,132.18,133.77,135.44,137.22,138.73,140.30,141.74,143.73,145.84,147.98,150.16,152.59,155.09,157.63,160.12,162.80,165.50,168.09,170.43,172.39,174.51,176.81,179.05,181.34,184.25,187.36,190.26,192.52,194.65,196.82,199.03,201.61,204.35,207.00,209.58,212.54,216.09,219.63,223.09,226.09,228.17,229.66,231.31,233.22,235.33,237.52,239.77,242.31,245.36,248.48,250.83,252.47,254.20,257.14,260.32,263.72,266.31,268.61,271.32,274.55,277.82,280.51,282.56,284.40,285.95,287.33,288.91,290.62,292.53,294.22,295.08,295.11,295.95,298.31,300.85,303.17,305.33,306.81,307.31,308.34,309.79,311.19,313.30,315.41,317.40,317.55,316.76,317.02,318.22,316.74,318.34,322.62,323.56,324.07,324.25,323.89,322.91,322.10,322.67,324.93,327.28,329.83,332.36,334.65,337.38,340.09,341.05,341.66,343.23,346.04,349.60,355.02,360.07,363.46,366.58,370.00,374.19,378.30,381.88,384.20,386.48,388.45,389.82,389.89,387.56,388.00,394.40,403.93,414.72,422.60,426.81,429.94,430.75,429.48,427.09,426.38,427.58,429.49,431.94,435.05,438.32,440.77,442.19,443.11,443.63,444.01,447.33,453.81,463.91,473.10,477.34,479.96,480.26,475.67,469.18,462.75,455.75,454.90,457.44,459.65,461.84,464.60,467.82,471.49,479.98,490.44,497.78,499.53,499.30,498.30,491.60,480.46,467.72,456.41,460.46,468.86,478.01,488.10,497.41,497.83,486.77,473.11,460.38,451.53,444.28,435.19,424.68,414.57,410.79,413.67,416.78,423.56,430.95,435.09,439.63,445.24,449.11
56.51,58.07,59.77,61.73,62.80,63.24,63.61,64.08,65.04,66.13,67.17,67.99,68.82,69.91,71.59,72.61,73.19,74.36,75.80,77.57,78.87,80.38,82.11,83.56,85.10,86.40,87.57,88.58,89.83,92.12,94.63,94.97,94.83,94.72,95.84,98.06,100.05,102.20,103.29,102.35,102.19,101.07,100.56,103.50,107.70,109.37,109.13,110.40,111.83,114.04,116.66,119.47,121.00,120.55,120.81,122.56,124.76,126.92,129.38,130.62,132.19,134.61,136.91,139.07,140.87,142.31,144.09,146.23,148.27,150.32,152.75,155.21,157.66,160.19,162.93,165.72,168.51,171.11,173.52,175.96,178.36,180.67,182.75,185.35,188.12,190.42,192.85,195.33,197.58,199.93,203.02,206.02,208.89,212.21,215.69,218.84,221.64,225.00,228.51,231.03,232.38,233.79,235.53,237.44,239.64,242.25,245.10,248.02,250.79,252.64,254.29,255.89,257.57,260.19,264.34,268.13,270.88,273.57,276.61,279.66,282.39,284.85,286.94,288.69,290.06,291.58,293.32,295.23,296.99,298.05,298.27,298.19,300.28,303.13,305.64,307.67,308.83,310.24,311.69,312.72,313.75,315.40,317.66,319.65,320.81,320.60,320.51,320.98,320.38,320.70,324.85,326.72,327.36,327.66,327.58,327.02,325.93,325.61,327.75,330.30,333.21,335.86,338.05,339.93,342.64,344.95,346.57,348.44,350.98,354.63,359.12,363.64,367.05,370.17,373.91,377.96,382.04,385.09,387.13,389.24,392.48,395.85,399.49,401.62,398.38,398.45,404.60,412.93,424.43,431.63,435.69,438.02,436.99,434.82,433.63,433.60,434.26,436.41,439.32,442.23,444.86,446.71,448.08,448.91,448.69,450.14,456.12,464.71,475.95,484.41,488.48,488.86,484.69,478.31,472.39,464.82,459.99,461.48,463.79,466.61,469.77,472.19,474.80,480.79,489.88,500.28,506.98,507.82,504.95,496.76,486.72,475.56,463.84,465.54,474.44,484.07,494.21,503.15,502.57,492.31,479.54,469.06,462.36,453.33,439.32,427.18,418.29,418.57,421.14,424.29,430.24,439.02,446.04,449.08,453.56,453.46
57.42,59.10,60.72,62.55,63.94,64.56,64.80,65.06,65.56,66.64,67.81,68.90,69.76,70.65,72.04,73.66,75.01,76.17,77.37,78.68,79.97,81.46,83.16,84.85,86.23,87.42,88.62,89.72,91.76,94.57,97.16,98.01,97.95,97.36,96.82,98.43,100.98,103.09,104.75,104.56,104.22,103.36,102.39,103.79,108.42,111.17,111.48,112.03,113.37,115.68,118.30,120.66,122.38,122.56,122.49,123.88,126.70,129.20,130.16,130.86,132.27,134.59,136.88,139.24,141.22,142.82,144.52,146.36,148.22,150.29,152.70,155.10,157.50,160.00,162.64,165.42,168.15,170.68,173.17,175.84,178.66,181.31,183.64,186.12,188.38,190.69,193.18,195.67,198.04,200.38,204.10,207.48,210.60,214.31,218.18,221.21,223.43,226.53,229.69,232.01,234.05,235.92,237.77,239.63,242.19,244.91,247.58,250.29,252.53,254.54,256.27,257.75,259.49,261.85,264.88,269.06,272.83,276.04,278.83,281.28,283.75,286.45,289.06,291.17,292.68,294.38,296.02,297.90,299.84,301.09,301.48,301.60,302.72,305.77,308.21,309.92,311.20,313.04,314.81,315.84,316.60,317.74,319.85,321.94,323.65,324.00,323.83,323.62,322.91,324.05,328.35,329.93,330.98,331.66,331.43,330.88,329.75,328.66,330.84,333.78,336.78,339.46,341.45,342.96,344.84,347.50,351.08,356.07,359.74,361.97,364.27,367.64,371.65,375.09,378.70,382.49,386.20,389.07,390.96,392.90,396.24,400.50,404.57,409.48,410.13,406.52,405.87,410.31,419.81,429.77,437.05,442.40,443.50,442.38,441.17,440.15,439.28,440.51,443.46,446.10,448.87,451.35,453.24,454.82,454.53,454.49,459.84,466.54,476.74,487.69,495.38,497.35,494.13,487.38,480.87,474.10,467.51,465.90,467.85,470.74,474.80,477.63,478.56,481.13,488.52,500.22,512.39,516.85,512.75,502.86,492.70,483.26,473.30,473.78,481.16,490.48,499.80,509.09,510.64,499.31,488.60,479.15,470.88,458.20,442.56,429.97,422.96,424.50,426.91,430.54,436.92,448.94,458.75,461.83,463.09,456.71
58.24,60.08,61.76,63.16,64.56,65.76,66.08,66.25,66.51,67.00,68.09,69.33,70.61,71.82,72.88,74.33,75.86,77.25,78.69,80.04,81.39,82.78,84.46,86.09,87.56,88.73,90.14,92.23,94.70,97.38,100.13,101.75,102.06,100.97,99.20,98.99,100.94,102.97,104.95,106.35,106.33,105.73,104.68,104.13,107.59,111.19,113.23,114.57,115.47,116.98,119.49,121.42,123.11,124.44,124.72,125.65,128.31,130.91,132.40,133.00,134.04,136.24,138.43,140.45,142.18,143.87,145.56,146.95,148.31,150.21,152.56,154.95,157.51,160.23,162.78,165.31,167.81,170.31,172.85,175.59,178.39,180.87,183.52,186.24,188.50,190.84,193.47,196.06,198.56,201.57,205.41,209.18,212.36,215.71,219.00,221.90,224.66,227.62,230.18,232.34,234.47,236.55,238.58,241.02,244.14,247.16,249.36,251.67,254.13,256.27,258.19,259.81,262.69,266.18,267.99,269.50,273.24,277.52,280.69,282.85,285.04,287.59,290.21,292.78,295.07,297.03,298.80,300.56,302.55,304.33,305.16,305.50,305.78,308.58,311.04,312.89,314.51,316.28,317.94,319.10,319.58,320.32,321.92,324.02,326.13,327.51,327.33,326.85,325.99,327.02,331.83,334.07,335.55,336.56,335.61,335.10,335.40,335.40,336.14,337.45,340.26,342.58,344.55,346.22,347.57,349.80,354.65,360.95,364.74,367.05,369.80,373.57,377.84,381.23,384.39,387.86,391.37,394.06,395.73,397.95,400.35,404.55,408.60,413.89,417.77,416.22,413.83,412.09,415.40,422.15,430.97,441.98,448.24,449.59,448.85,447.50,445.94,445.31,447.31,450.30,453.66,456.73,458.55,460.44,460.55,459.51,464.04,469.75,477.87,488.00,499.30,503.03,501.88,496.75,490.56,484.47,476.98,471.35,471.93,474.98,479.25,482.54,483.62,484.23,489.46,500.16,514.30,523.64,521.13,510.66,501.97,491.52,481.28,482.07,490.07,498.02,506.47,515.50,518.22,509.93,499.46,487.10,473.73,460.88,446.35,432.80,428.07,430.70,433.65,438.63,445.58,458.06,468.94,471.68,469.54,459.03
58.97,60.42,61.37,62.94,64.47,65.78,66.92,67.45,67.70,67.94,68.44,69.61,70.97,72.31,73.69,75.00,76.43,77.78,79.20,80.84,82.55,84.13,85.74,87.25,88.80,90.84,93.56,96.05,98.16,101.38,105.62,107.50,107.70,106.49,103.31,100.98,101.87,102.87,104.80,106.79,108.09,107.91,107.14,106.24,106.50,109.21,111.32,113.42,116.57,118.59,120.10,121.97,123.71,125.32,126.67,127.53,129.13,131.35,133.31,134.87,135.81,137.72,139.85,141.87,143.64,145.34,147.08,148.63,150.08,151.74,153.61,155.68,157.71,160.18,162.75,165.31,167.84,170.41,173.01,175.96,179.29,181.83,183.87,186.25,188.29,190.50,193.37,196.22,199.04,202.48,206.29,209.98,212.96,215.50,217.79,220.25,223.73,227.53,230.59,232.73,234.84,236.92,238.90,241.31,244.29,247.29,249.65,252.37,255.25,257.89,260.31,263.01,266.24,270.06,272.16,273.03,275.34,278.87,281.72,284.08,286.38,288.57,290.91,293.53,296.26,298.92,301.34,303.23,305.26,307.35,308.81,309.44,309.19,310.80,313.50,315.70,317.64,319.55,321.03,322.26,323.07,323.70,324.41,326.26,328.43,330.95,331.08,330.51,329.33,328.67,333.89,338.29,339.88,340.87,339.37,339.60,341.45,342.83,342.10,341.38,343.35,345.57,347.61,349.61,351.53,354.16,357.89,363.13,368.41,372.14,376.07,380.73,385.37,388.84,391.28,394.50,397.77,400.11,401.15,403.14,406.16,409.87,413.14,418.59,426.12,430.42,428.33,424.65,421.72,421.44,426.77,438.33,449.00,454.79,455.74,455.45,454.23,452.03,452.06,455.40,458.74,461.73,463.57,465.11,466.04,465.36,467.96,473.87,480.13,488.83,499.39,507.38,509.16,505.89,501.25,494.90,487.49,481.33,477.03,479.18,482.67,486.48,488.81,488.94,491.69,500.98,514.95,527.78,528.86,519.22,509.83,499.67,487.97,490.40,498.00,508.86,516.77,523.51,527.33,519.24,507.76,492.09,477.38,464.04,451.12,437.72,434.91,438.88,442.72,448.50,456.60,468.09,479.96,482.31,474.98,462.36
58.43,59.19,59.90,61.66,63.41,64.36,65.10,66.58,68.65,69.14,69.67,70.79,71.89,72.99,74.14,75.36,76.74,78.13,79.56,81.28,83.05,84.89,86.69,88.36,90.63,94.79,97.83,100.42,103.41,107.53,110.24,111.04,111.26,110.80,108.86,105.81,104.49,103.93,104.73,106.67,108.81,109.90,110.11,109.69,108.44,108.55,109.46,110.95,114.84,119.00,121.23,122.79,124.45,126.02,127.61,128.93,130.21,131.94,133.85,135.74,137.36,138.86,140.95,143.03,145.04,146.81,148.54,150.27,152.02,153.76,155.75,157.95,159.78,161.10,162.78,165.13,167.75,170.46,173.24,176.17,179.26,181.59,183.60,185.61,187.82,190.27,193.13,195.91,198.62,201.85,205.38,208.86,211.51,213.50,216.31,219.76,223.14,227.05,230.63,232.81,234.90,237.20,239.26,241.94,245.00,247.90,249.88,252.81,256.29,259.20,262.43,265.79,269.01,271.78,274.19,276.56,278.99,281.23,283.34,285.53,287.59,289.94,292.42,295.10,297.82,300.06,302.96,305.75,308.02,310.12,311.84,312.74,312.85,312.94,315.30,318.26,320.35,322.25,323.80,325.13,326.50,327.53,327.50,328.66,330.99,333.99,335.45,334.80,333.14,331.34,336.63,341.42,342.95,343.93,342.94,343.15,345.88,347.71,347.90,346.30,346.49,348.65,351.06,353.94,356.81,359.42,362.07,365.77,371.38,376.94,381.92,387.05,391.91,395.47,399.02,402.91,406.50,408.34,409.02,409.23,411.36,414.54,417.22,422.75,431.21,438.39,441.67,438.40,432.80,430.93,430.98,435.55,445.31,457.25,462.01,463.05,462.99,461.17,459.13,461.17,463.72,466.25,468.42,469.80,471.43,471.49,472.41,477.94,483.98,491.31,500.50,509.74,515.86,516.05,512.72,505.84,498.91,490.59,482.60,482.76,485.65,489.48,493.37,494.35,494.64,502.16,515.42,528.65,533.96,525.86,515.79,505.52,496.09,499.84,508.39,519.72,526.61,532.05,535.22,526.01,512.04,496.24,481.47,467.86,456.37,442.67,442.27,447.17,451.91,457.70,467.47,478.79,489.48,491.24,480.10,467.05
56.53,57.69,58.95,60.40,62.19,61.92,61.72,63.07,67.20,70.19,71.23,72.31,73.30,74.21,75.15,76.15,77.27,78.47,79.88,81.68,83.49,85.33,87.19,89.11,94.34,99.65,102.66,105.34,108.65,111.11,112.09,112.72,113.30,112.99,111.73,110.18,107.89,106.53,105.90,106.64,108.93,111.11,112.29,111.72,111.13,111.35,111.58,111.44,113.73,118.43,121.55,123.34,125.06,126.86,128.41,129.82,131.17,132.57,134.35,136.18,138.03,139.86,141.97,144.15,146.26,148.22,149.93,151.52,153.25,155.03,157.18,159.66,161.59,162.78,164.01,165.62,167.71,170.21,172.94,175.59,178.23,180.56,182.61,184.82,187.29,189.71,192.17,194.59,197.12,200.03,203.21,206.36,209.31,212.50,216.45,220.15,222.94,226.17,229.01,231.34,233.95,236.73,239.59,242.72,245.82,248.57,251.09,254.25,257.67,260.81,264.21,267.83,270.86,273.19,275.58,278.02,280.65,283.06,285.29,287.44,289.48,291.64,294.23,297.34,300.39,302.54,304.80,307.42,310.40,312.86,314.73,315.77,316.31,316.46,317.02,320.61,323.02,324.86,326.50,327.84,329.52,331.24,331.18,331.70,334.15,337.02,339.47,339.20,337.28,334.92,338.83,343.18,345.87,347.07,346.85,346.61,349.76,352.10,352.58,351.68,350.69,352.33,355.10,358.14,361.23,363.59,365.91,368.62,373.40,380.12,386.80,392.10,396.74,401.63,407.41,411.46,414.08,415.43,416.03,416.06,417.34,420.31,423.24,428.32,434.50,440.63,447.69,449.79,446.84,443.66,441.45,439.56,442.58,456.73,466.16,469.62,470.03,469.55,468.27,468.19,469.33,471.44,473.64,475.09,476.53,477.38,478.13,483.96,488.96,494.57,502.25,510.95,520.56,525.66,523.82,516.06,507.67,501.38,492.30,487.89,489.00,492.58,497.25,499.63,499.67,503.17,515.70,529.13,539.52,533.52,522.47,511.82,504.96,509.82,518.94,528.61,535.52,541.01,540.24,527.29,513.42,498.91,485.15,472.14,460.40,448.70,448.63,454.24,459.49,468.07,479.37,489.84,498.61,498.96,485.64,471.84
56.89,58.35,59.52,60.63,60.97,60.19,59.65,60.48,64.78,69.01,70.86,72.83,74.16,75.18,76.17,77.20,78.23,79.41,81.48,83.54,84.95,86.00,87.63,90.08,98.91,104.31,107.43,109.78,111.55,113.14,114.44,114.95,115.36,115.28,114.39,113.18,111.34,109.48,108.50,107.55,109.17,111.52,113.54,114.04,113.82,114.14,114.32,113.77,113.71,117.16,120.14,122.06,124.48,127.35,129.27,130.69,132.06,133.40,134.91,136.57,138.37,140.41,142.77,145.10,147.37,149.50,151.11,152.54,154.26,156.19,158.27,160.53,162.63,164.34,165.59,166.89,168.65,170.69,172.67,174.91,177.33,179.78,182.11,184.57,186.88,189.06,191.73,195.00,198.47,201.62,204.67,207.70,210.33,212.65,216.43,220.19,222.94,226.43,229.92,232.40,234.63,237.02,239.60,242.48,245.85,249.52,252.84,256.12,259.37,262.37,265.58,268.92,272.00,274.57,276.97,279.35,281.81,284.25,286.63,288.80,291.35,293.91,296.39,299.06,302.00,304.90,307.41,309.80,312.75,315.58,317.62,318.70,319.62,320.40,319.78,320.85,324.72,327.46,329.22,330.83,332.77,334.82,335.53,335.36,337.45,339.77,341.96,342.32,341.21,338.99,340.00,345.68,348.85,350.20,350.87,349.84,352.49,356.01,357.93,358.77,356.83,356.54,358.99,361.92,364.83,367.45,369.77,371.83,375.24,381.45,390.30,396.38,401.52,407.97,413.00,416.71,420.02,422.34,423.35,423.12,423.64,427.49,430.66,434.73,438.83,444.37,451.91,457.58,459.11,458.46,455.34,450.36,446.83,455.75,467.89,473.85,475.27,475.53,475.24,475.28,476.78,477.92,478.79,480.59,482.30,483.58,483.83,490.41,495.05,497.06,503.47,512.85,524.76,532.42,532.75,526.60,518.76,512.24,504.36,496.75,493.92,496.44,500.69,504.30,505.26,506.47,516.34,530.61,541.80,540.69,530.87,518.38,513.98,520.56,529.81,537.26,544.36,547.78,541.25,527.37,513.21,499.89,487.61,475.55,463.23,453.95,455.19,461.38,468.18,478.90,489.42,498.90,509.21,507.08,491.38,477.06
57.56,58.93,59.49,59.47,59.20,59.04,59.18,59.94,62.94,67.00,70.14,72.17,73.41,74.69,76.30,77.75,78.97,80.73,84.05,86.59,87.98,88.28,88.84,93.94,103.32,108.27,110.65,112.20,113.75,115.25,116.68,117.45,117.82,117.72,117.27,116.22,114.86,113.19,111.36,109.72,109.48,111.34,113.58,115.74,116.57,116.92,117.05,116.21,115.06,116.33,118.77,121.11,124.17,127.32,129.93,131.53,132.91,134.31,135.86,137.33,138.69,140.74,143.19,145.63,148.09,150.31,152.03,153.59,155.32,157.27,159.14,161.13,163.33,165.56,167.11,168.38,169.82,171.81,173.84,175.56,177.55,180.00,182.80,185.59,188.31,190.81,193.28,196.67,200.23,203.75,207.64,210.51,212.40,214.02,216.17,219.30,222.77,226.38,230.52,233.59,236.36,238.92,241.76,244.41,246.59,249.18,252.69,256.62,260.15,263.08,266.13,269.26,272.46,275.66,278.33,280.79,283.17,285.51,287.88,289.93,292.49,295.46,298.35,301.32,303.85,306.20,309.21,312.03,315.27,318.44,320.56,321.54,322.49,323.38,323.31,323.63,326.07,329.57,332.36,334.42,336.38,338.58,339.63,339.25,340.35,341.97,343.80,345.09,344.42,341.69,343.39,349.97,351.92,353.43,354.61,353.77,355.92,359.82,361.80,363.30,362.31,361.40,362.50,365.35,368.32,371.15,373.71,375.73,377.35,382.15,392.15,399.82,406.00,411.85,416.60,420.90,425.20,428.90,430.69,430.06,429.45,433.04,436.50,440.72,445.87,451.16,458.39,465.23,468.21,468.81,467.37,462.04,455.59,457.85,470.53,477.70,480.26,481.00,481.38,482.06,484.16,485.37,485.22,486.06,488.49,489.94,489.30,495.69,501.44,501.43,504.55,513.88,526.17,536.44,540.34,536.25,529.77,524.30,515.71,506.49,499.80,499.53,503.18,507.80,510.30,511.21,519.59,533.30,544.15,547.90,539.45,528.29,526.05,532.08,539.13,545.96,552.33,549.86,539.54,526.57,513.84,500.93,488.51,476.04,465.50,458.39,461.48,468.78,477.58,488.10,497.77,509.65,518.02,513.32,497.41,483.20
57.45,57.91,57.70,57.52,57.90,58.59,59.27,60.09,63.13,67.55,70.16,70.72,71.82,73.66,75.61,77.22,78.82,81.99,86.67,90.59,93.91,94.83,96.02,101.97,108.40,111.04,112.39,114.01,115.81,117.41,118.93,119.98,120.35,120.09,119.92,119.55,118.62,116.89,115.18,113.63,112.06,111.73,113.40,115.78,118.33,119.47,119.62,118.64,117.68,117.00,117.96,120.60,124.09,127.64,130.55,132.28,133.80,135.24,136.87,138.52,139.93,141.61,143.79,146.18,148.62,150.76,152.53,154.38,156.18,157.82,159.61,161.84,164.24,166.61,168.41,169.78,171.26,173.22,175.18,177.08,178.67,180.54,183.33,186.22,189.17,192.25,194.97,197.63,200.74,204.29,208.60,212.07,214.42,216.22,217.84,219.62,222.88,227.19,230.83,233.64,236.48,239.35,242.71,246.12,249.34,251.69,253.66,256.61,260.34,263.57,266.74,269.98,273.47,276.62,279.39,282.08,284.60,287.01,289.30,291.56,294.00,296.66,299.54,303.32,306.86,308.82,310.45,313.22,316.72,320.36,323.10,324.30,325.44,326.28,326.97,327.63,328.78,331.81,335.37,337.97,339.74,341.36,342.42,342.49,343.07,344.35,345.70,347.47,347.40,344.92,346.95,352.60,355.01,356.60,358.08,358.50,359.30,362.92,365.21,366.83,367.43,367.16,366.36,368.51,371.75,374.80,377.57,379.87,381.53,384.22,390.98,399.42,408.12,414.70,420.21,425.39,429.79,433.44,436.04,436.74,436.75,438.17,442.37,447.23,453.08,459.51,468.13,473.50,476.18,477.05,476.15,472.49,465.09,462.50,474.03,482.25,485.11,486.24,487.42,489.57,492.08,493.56,493.24,493.36,495.10,496.37,495.13,499.38,506.20,508.94,509.50,514.29,526.59,537.73,546.16,546.23,542.38,538.35,530.93,521.11,510.37,504.98,506.48,510.27,513.79,515.62,522.71,534.60,546.69,554.65,549.47,539.60,538.77,542.80,548.91,556.20,557.48,547.68,536.26,525.46,514.47,501.39,489.90,481.93,473.58,466.10,470.42,479.70,488.01,495.90,505.98,518.24,525.76,517.50,504.21,493.33
56.45,56.27,56.13,56.82,58.29,59.47,60.25,61.32,62.92,65.60,67.94,69.22,71.13,73.15,75.14,77.02,78.90,83.65,91.14,98.70,102.39,103.97,105.66,109.09,111.35,112.71,114.06,115.75,117.60,119.48,121.39,122.87,123.53,123.56,123.39,123.06,121.89,120.16,119.38,118.21,116.86,115.62,114.52,115.55,118.85,121.12,121.91,121.29,121.28,120.72,119.65,119.87,123.11,127.59,130.87,132.62,134.33,136.15,137.84,139.51,141.34,143.10,144.87,146.96,149.26,151.30,153.22,155.19,157.12,158.71,160.36,162.71,165.20,167.63,169.64,171.16,172.63,174.55,176.49,178.44,180.53,182.82,185.31,187.86,190.24,193.11,196.30,199.21,202.54,206.03,209.06,212.20,215.60,218.18,220.26,222.77,225.37,229.09,232.50,235.36,238.10,240.73,243.63,246.77,250.02,253.17,256.05,258.43,260.86,263.43,266.50,269.81,273.61,277.73,280.67,283.25,285.86,288.43,290.88,293.15,295.66,298.49,302.02,306.17,309.64,311.50,312.92,314.87,317.62,321.12,324.93,327.18,328.38,329.38,330.04,330.89,332.15,334.63,338.33,340.93,342.42,343.70,344.88,345.56,346.37,347.42,347.90,349.56,350.71,349.31,348.38,353.62,357.93,359.50,361.12,362.43,362.71,365.85,368.61,370.54,372.09,372.59,370.90,371.83,375.36,378.46,381.28,383.51,385.94,388.56,394.25,402.73,411.41,416.83,422.62,428.86,433.81,437.92,441.16,443.40,444.51,445.03,449.10,455.03,461.94,469.87,476.01,480.72,484.02,485.82,485.04,482.43,476.23,468.33,478.10,488.05,490.88,492.61,495.66,499.47,501.26,502.22,502.60,502.47,502.27,502.55,501.85,502.75,509.93,515.18,517.21,518.47,526.89,537.86,550.60,555.88,554.24,550.25,543.13,531.69,520.67,512.43,510.32,513.71,517.06,519.03,524.95,535.56,548.39,560.08,559.09,552.05,549.68,553.59,560.03,565.11,558.83,545.81,535.02,526.22,517.02,507.84,501.94,494.04,482.82,475.25,482.79,490.98,497.63,504.57,514.34,527.11,532.42,523.22,513.58,505.81
55.05,54.97,55.72,57.18,58.97,60.60,61.98,63.14,64.51,65.91,67.41,69.49,71.64,73.78,75.81,77.69,80.15,87.95,99.25,105.69,108.57,109.73,110.54,111.67,112.97,114.31,115.66,117.20,119.03,121.43,123.93,125.71,126.70,127.19,127.17,126.52,124.69,123.06,123.75,123.85,122.85,121.19,118.94,117.05,118.90,121.58,123.72,124.41,124.71,124.77,123.95,121.86,122.25,126.15,129.67,131.74,133.86,136.52,138.52,140.24,142.26,144.28,146.22,148.11,150.07,152.05,154.04,156.03,157.97,159.87,161.74,163.81,166.21,168.62,170.74,172.41,173.97,175.85,177.75,179.65,182.02,184.63,187.53,190.29,192.67,194.96,197.53,200.93,205.46,209.00,211.45,213.69,216.60,219.61,222.50,225.50,228.30,230.87,233.82,236.94,239.94,242.95,245.96,249.15,251.72,254.01,257.02,260.06,262.72,265.18,267.50,270.38,273.79,277.98,281.42,283.95,286.60,289.34,292.15,294.65,297.26,300.32,305.05,309.53,312.15,313.85,315.52,317.60,319.80,322.42,326.43,329.79,331.67,333.42,334.40,335.04,335.75,337.21,340.61,343.16,344.89,346.21,347.28,348.27,349.44,350.66,351.27,352.29,353.81,352.73,351.74,356.43,360.87,362.56,364.30,365.65,365.96,369.30,372.63,375.02,376.78,377.77,376.94,376.39,379.25,382.83,385.46,387.18,389.32,392.65,398.86,410.03,416.93,422.67,427.21,430.35,435.88,441.43,446.10,449.66,452.31,453.54,456.99,464.01,471.26,477.64,482.67,487.49,491.82,494.25,493.64,490.94,486.76,476.65,483.20,494.37,499.29,501.10,504.35,508.23,510.55,511.37,512.07,511.45,509.50,508.48,509.13,508.46,513.99,520.41,524.50,527.12,530.91,538.21,550.85,561.79,562.41,558.04,550.63,539.61,531.67,524.05,516.44,517.38,520.69,522.65,526.85,536.13,549.00,562.75,568.00,564.79,562.80,566.15,571.81,571.52,561.13,547.05,538.57,533.37,526.39,521.46,516.46,504.33,489.81,483.60,492.43,500.87,508.87,515.40,524.17,535.53,539.30,533.50,525.90,517.94
53.79,54.64,56.07,57.52,58.81,60.31,61.93,63.66,65.32,67.01,68.63,70.46,72.53,74.63,76.64,78.53,82.85,94.28,105.75,110.25,111.22,111.71,112.25,113.31,114.50,115.87,117.23,118.66,120.70,123.96,126.48,128.45,129.57,130.21,130.53,129.59,127.50,126.21,127.91,129.39,129.56,128.60,126.17,121.23,118.82,120.81,123.51,126.26,127.85,128.57,127.97,125.59,124.51,125.10,127.86,130.91,133.58,136.45,139.03,141.02,143.08,145.15,147.17,149.17,150.91,152.71,154.70,156.72,158.74,160.78,162.85,164.91,167.12,169.26,171.20,173.08,174.97,176.81,178.62,180.65,183.21,185.97,189.03,191.94,194.72,197.30,200.02,203.84,208.25,211.07,213.15,215.53,218.02,221.06,224.28,227.49,230.36,232.52,235.11,238.11,241.24,244.55,247.72,250.67,253.28,255.61,257.89,260.94,264.13,267.06,270.08,274.07,277.98,281.23,283.29,284.89,286.68,288.86,291.62,294.51,297.45,301.40,306.70,311.22,314.24,316.55,318.45,319.94,321.97,324.52,328.03,331.66,334.84,337.54,338.95,339.26,339.50,339.98,342.20,344.99,347.30,348.70,349.67,351.12,352.72,354.21,355.07,355.98,357.20,356.84,356.10,359.12,363.45,365.85,367.74,369.09,369.40,372.53,376.79,379.50,381.22,382.72,383.25,382.50,384.06,387.75,390.37,391.68,394.04,396.40,400.77,411.22,420.49,430.03,434.63,436.72,439.77,444.85,450.54,456.08,460.08,462.76,465.01,471.10,478.33,484.60,489.69,495.06,499.90,502.25,502.06,499.35,494.10,484.20,489.93,500.89,507.69,509.37,512.88,517.64,522.64,525.39,525.23,523.99,520.32,516.98,518.11,517.53,524.48,529.07,532.45,537.39,542.91,548.04,555.09,566.44,569.48,564.99,559.18,553.22,545.29,536.59,525.88,521.90,524.21,526.44,528.78,537.01,549.65,565.42,574.94,575.62,575.45,579.13,582.90,577.10,565.34,554.52,548.66,544.86,538.68,533.42,524.04,508.81,493.25,491.92,501.54,511.44,520.64,527.74,538.18,546.48,551.71,546.39,538.87,529.71
53.29,54.72,56.13,57.01,57.56,58.85,60.36,62.05,63.94,66.04,67.98,69.88,72.03,74.64,77.37,79.80,87.16,99.74,109.23,111.46,112.59,113.25,113.90,114.96,116.10,117.38,118.78,120.58,123.51,126.96,129.66,130.59,131.18,131.71,132.21,131.44,129.79,128.92,130.51,132.22,132.94,132.35,131.42,128.09,122.68,121.26,123.60,126.85,129.42,130.95,130.75,129.36,128.90,128.14,127.36,130.29,133.31,136.22,139.34,141.83,143.92,146.00,148.10,150.06,151.72,153.39,155.36,157.37,159.31,161.33,163.41,165.49,167.61,169.73,171.64,173.49,175.41,177.33,179.23,181.62,184.44,187.16,190.04,193.34,196.24,199.02,202.60,206.72,210.44,212.53,214.60,216.99,219.37,222.44,225.83,229.05,231.66,234.00,236.35,238.78,242.06,245.73,249.15,251.98,254.57,257.13,259.46,262.31,265.69,268.90,272.64,277.08,281.24,284.57,287.06,288.62,289.81,291.43,293.56,296.57,298.75,302.03,306.99,311.51,315.48,318.85,321.22,322.33,323.72,326.34,329.69,332.65,335.90,339.52,341.84,342.54,342.87,343.57,344.54,346.72,349.75,351.72,352.96,354.52,356.20,357.76,358.81,359.66,360.24,360.52,360.24,361.38,366.13,369.25,371.22,372.88,374.00,375.54,380.25,383.08,384.87,386.87,389.10,389.90,390.60,393.99,396.50,396.93,400.07,403.52,404.78,411.70,422.00,434.36,440.82,445.43,449.17,452.27,457.23,462.50,466.30,470.06,473.23,476.48,483.50,490.87,496.40,502.34,507.47,510.95,512.25,508.28,499.74,492.35,499.39,510.21,519.43,521.36,523.13,526.05,532.18,537.83,537.83,535.85,531.79,526.02,526.03,526.66,536.07,540.35,542.69,546.81,553.53,559.75,566.57,575.96,578.77,575.00,570.81,566.42,558.76,548.56,538.55,530.57,527.89,530.60,532.66,537.95,549.82,564.82,578.94,584.96,587.11,592.06,592.85,583.04,572.33,564.80,560.18,557.33,550.43,538.97,525.50,510.40,500.05,500.44,510.37,520.28,530.88,541.29,552.18,558.53,564.75,562.56,551.87,538.88
53.18,54.51,55.13,55.45,55.96,57.16,58.55,60.46,62.64,64.70,66.77,68.68,70.91,74.05,77.36,81.57,91.29,104.39,110.54,111.91,113.23,114.47,115.47,116.59,117.72,118.87,120.55,123.09,126.05,129.43,131.23,131.98,132.46,133.00,133.47,132.81,131.52,131.40,132.76,134.42,135.69,135.40,134.42,132.43,128.47,124.39,124.38,127.84,130.59,132.38,132.92,132.26,132.37,131.36,128.76,129.64,132.58,135.79,139.26,142.08,144.48,146.84,149.13,151.10,152.64,154.20,155.98,157.88,159.79,161.87,163.94,166.01,168.11,170.20,172.09,174.06,175.95,177.75,179.80,183.03,186.11,188.71,191.37,194.75,198.03,200.94,204.29,208.10,211.20,213.63,215.96,218.11,220.79,224.02,227.40,230.58,233.24,235.68,238.07,240.22,243.11,246.69,250.19,253.06,255.84,258.46,261.21,264.37,267.59,271.64,276.40,280.21,283.82,287.56,290.26,291.57,292.94,294.90,297.39,300.59,303.20,305.61,308.84,312.24,315.95,319.72,322.59,324.69,326.06,327.46,330.32,334.22,337.23,339.81,342.66,345.14,346.26,347.16,348.02,349.01,352.29,355.59,356.83,357.89,359.56,361.48,362.81,363.58,363.33,363.19,363.24,364.24,369.08,372.55,374.67,376.55,378.34,379.32,382.76,386.28,388.18,390.36,393.81,396.32,398.20,401.31,403.36,403.91,408.98,412.00,411.92,414.25,423.14,436.23,445.04,452.16,457.59,461.47,465.84,470.03,474.00,478.27,481.92,484.96,488.35,495.47,502.25,508.88,514.09,518.66,521.19,515.63,503.77,501.19,509.31,520.88,532.48,534.25,534.52,536.13,541.76,548.18,550.65,549.38,545.08,536.34,534.01,533.49,545.73,552.27,552.35,556.16,563.72,571.95,580.86,586.25,587.26,585.63,582.54,578.12,571.43,561.48,548.15,540.34,536.01,534.38,537.35,540.46,548.54,560.81,577.28,589.95,599.07,604.00,600.23,589.52,581.75,576.02,572.55,569.76,560.16,542.65,526.38,520.05,516.90,510.55,517.91,529.12,540.77,553.16,564.27,570.17,573.39,571.21,561.51,547.60
52.90,53.27,53.43,53.65,54.05,55.01,56.38,58.92,61.17,62.95,65.56,67.65,70.67,74.92,78.59,84.78,96.56,108.08,111.09,112.37,113.64,114.97,116.31,117.58,118.76,120.18,122.51,125.11,128.03,130.49,131.89,133.11,133.71,134.26,134.73,134.29,133.81,133.90,135.05,136.74,138.36,138.63,137.70,135.53,132.41,128.11,125.46,129.21,131.87,133.40,134.76,135.09,135.43,135.11,133.24,131.93,132.03,134.03,137.59,140.86,142.99,145.95,149.28,152.20,154.14,155.63,157.03,158.38,160.37,162.60,164.66,166.70,168.72,170.84,173.03,175.32,177.38,178.93,181.02,184.63,188.08,190.73,193.51,196.65,199.95,203.13,206.25,209.46,212.42,215.12,217.67,219.42,221.94,225.05,228.41,231.57,234.47,237.28,239.81,242.34,244.89,247.90,251.02,253.81,256.77,259.76,262.97,266.17,269.44,274.02,279.06,282.74,286.06,289.63,292.38,294.15,295.91,297.95,300.57,303.80,306.57,309.50,311.76,314.01,317.91,320.91,323.50,326.19,328.13,329.76,331.84,335.23,339.32,341.79,344.02,346.63,348.65,350.42,351.62,352.67,354.92,359.02,360.58,361.36,363.07,365.27,366.97,367.64,367.15,366.24,367.10,367.40,370.32,375.09,377.95,380.24,382.68,384.38,385.61,389.32,391.73,394.03,397.62,401.20,403.93,407.17,409.89,411.80,415.37,417.70,418.43,418.36,425.64,436.55,446.74,457.34,465.82,470.92,475.39,479.77,483.87,487.36,490.63,494.21,496.60,500.79,508.18,515.40,521.02,525.84,527.17,521.52,509.31,510.31,521.31,532.79,543.28,546.86,548.46,549.66,552.78,557.79,563.16,563.02,556.67,547.66,542.72,540.53,551.01,561.32,561.23,563.44,571.73,582.83,591.73,597.28,597.68,596.79,593.27,588.30,581.94,572.78,559.75,552.67,548.20,541.07,541.16,544.71,547.54,556.75,572.70,588.76,602.92,610.95,608.51,598.96,591.88,586.85,582.90,578.04,566.85,548.08,534.79,536.75,533.78,522.21,527.74,539.93,551.82,563.23,573.57,579.18,580.01,577.01,568.04,558.95
51.49,51.53,51.67,51.78,51.80,52.35,53.82,56.37,58.78,61.00,64.08,66.88,71.21,77.70,83.66,92.21,104.83,110.72,111.96,113.12,114.28,115.44,116.70,118.04,119.38,121.54,124.31,126.91,129.47,131.14,132.50,133.84,134.96,135.51,136.00,136.36,136.41,136.46,137.31,138.99,140.75,141.66,141.15,139.44,135.94,131.14,127.14,129.52,132.07,134.12,135.82,137.17,138.01,138.78,138.82,137.25,135.53,134.62,135.52,138.50,140.68,143.69,147.45,151.26,154.36,157.14,158.73,160.07,161.64,163.61,165.64,167.63,169.57,171.81,174.33,176.70,178.96,180.74,182.86,186.06,189.73,192.86,195.77,198.75,201.68,204.75,207.96,211.00,213.94,216.76,219.41,221.35,223.66,226.32,229.26,232.60,235.66,238.65,241.62,244.30,246.82,249.47,252.14,254.77,257.44,260.67,264.50,267.98,271.19,275.47,279.96,283.48,286.73,289.94,293.13,296.21,298.70,300.88,303.68,307.32,310.19,311.86,313.92,316.17,318.92,322.41,325.24,327.47,329.59,332.38,334.89,337.25,340.01,342.78,345.43,347.75,350.08,352.89,355.20,356.67,358.20,361.14,363.58,364.75,366.48,368.82,370.69,371.31,370.68,368.90,370.61,371.34,372.62,377.62,381.52,384.34,387.05,389.20,390.17,392.06,395.04,397.69,400.98,404.64,407.90,411.37,414.91,417.91,421.14,423.59,425.19,425.27,428.32,436.51,447.28,460.44,472.15,478.33,484.15,489.44,493.80,497.39,500.19,502.87,505.05,507.40,514.42,524.07,530.71,534.37,534.72,529.02,518.31,519.80,532.94,543.55,552.90,557.72,560.95,563.49,566.52,571.50,577.52,579.25,568.84,557.10,550.91,548.14,553.85,566.32,569.65,569.68,578.16,588.50,600.38,607.57,609.32,609.03,604.58,598.37,591.51,583.56,574.50,566.66,559.56,552.67,548.80,550.03,551.24,556.13,570.41,587.53,603.16,614.69,617.54,610.01,603.40,597.45,591.60,584.36,571.13,555.62,549.01,553.53,548.42,535.82,537.43,549.87,561.61,572.82,581.56,585.82,585.67,581.92,573.47,570.99
49.59,49.68,49.88,49.91,49.59,49.61,50.83,53.09,55.73,59.22,64.23,68.87,75.28,83.84,92.92,103.17,110.54,112.08,112.97,114.12,115.26,116.22,117.25,118.45,119.89,122.83,126.01,128.73,130.56,131.92,133.25,134.59,135.89,136.75,137.26,137.82,138.52,138.92,139.58,141.08,143.13,144.36,144.14,142.75,139.76,135.65,131.05,129.36,131.10,133.68,136.49,138.26,139.65,140.96,141.63,140.52,138.74,137.45,136.76,137.30,138.90,141.09,145.13,149.49,153.19,157.29,160.18,161.78,163.32,164.84,166.67,168.44,170.13,172.29,174.85,177.52,180.25,182.53,184.73,187.58,190.51,193.81,197.06,200.24,203.25,206.21,209.27,211.84,214.81,217.95,220.79,222.88,225.45,228.11,231.08,234.63,237.84,240.41,243.27,246.34,248.96,251.44,254.18,256.89,259.38,262.39,266.58,270.28,273.34,276.63,280.35,283.97,287.41,290.57,293.60,296.94,300.18,303.22,306.29,309.56,312.43,314.65,316.43,318.39,321.38,324.49,327.15,328.93,331.41,334.85,338.02,340.39,341.88,343.68,346.53,348.91,351.83,355.35,358.27,360.30,361.98,363.09,365.66,367.81,369.50,371.62,373.55,374.49,374.00,372.45,374.37,375.58,376.48,380.68,384.53,388.15,390.86,393.29,395.06,395.49,397.62,401.03,404.88,408.51,411.75,415.35,419.03,422.41,425.78,429.00,431.53,432.61,432.71,438.09,447.60,460.64,475.60,484.86,491.67,498.15,503.71,508.72,512.00,514.05,515.64,518.68,524.39,532.86,538.86,543.99,545.10,539.28,529.89,527.13,538.41,551.22,562.32,568.03,572.00,577.47,580.78,584.90,590.96,591.01,579.92,567.25,560.13,558.07,558.72,571.73,580.04,580.12,585.55,594.07,604.35,614.00,618.80,620.05,616.03,610.09,603.65,596.30,587.50,580.45,573.76,565.26,557.35,557.29,559.89,557.88,570.13,587.68,604.13,618.09,626.63,622.19,614.94,608.42,600.06,590.08,578.13,565.34,567.24,572.35,564.13,548.12,544.79,557.25,570.55,583.01,590.96,593.11,591.37,583.97,579.84,582.33
47.62,47.67,47.73,47.69,47.59,47.55,48.83,51.40,56.51,61.83,68.62,75.83,84.91,94.10,104.35,110.30,111.88,113.10,114.12,115.14,116.16,117.08,118.03,119.12,121.05,124.45,127.78,130.23,131.47,132.71,134.05,135.37,136.66,137.81,138.50,139.06,139.77,140.52,141.17,142.68,144.53,145.45,145.54,145.12,144.03,142.33,139.90,135.40,131.58,133.59,136.84,139.22,140.75,142.30,143.42,142.50,141.02,139.79,139.72,139.75,139.56,140.50,143.40,147.46,151.53,155.75,158.92,160.67,162.23,163.86,166.13,168.81,170.63,172.72,175.14,177.73,180.54,183.19,185.92,188.50,191.26,194.42,197.62,200.77,203.80,207.06,210.12,212.57,215.33,218.24,221.37,224.14,226.89,229.80,233.20,236.80,240.07,242.16,244.76,247.95,250.96,253.49,256.22,259.08,262.38,266.05,269.84,273.24,276.42,279.31,282.00,285.36,288.51,291.48,294.24,297.30,300.54,303.89,307.57,310.65,313.47,316.52,319.06,321.18,324.43,327.47,329.48,331.36,333.92,337.10,340.24,342.39,344.31,345.52,347.58,350.27,353.95,357.80,360.87,363.31,365.33,366.68,367.76,369.99,372.18,374.52,376.45,377.67,378.21,376.82,378.22,379.88,379.99,382.90,386.40,390.38,393.60,396.57,399.47,400.62,400.87,404.22,408.65,412.33,415.75,419.29,422.54,425.92,429.65,433.25,436.40,438.59,439.61,440.66,448.02,460.10,475.25,489.15,497.95,504.88,512.34,521.05,525.58,528.73,528.72,531.41,534.49,540.37,548.63,555.35,555.76,550.42,542.12,536.12,539.55,554.45,568.78,578.44,582.62,587.36,592.63,598.16,603.90,602.39,591.49,578.53,569.20,568.40,566.18,577.54,589.31,594.28,597.03,603.91,610.45,619.47,628.54,631.69,628.28,623.00,616.39,607.95,600.35,593.18,586.22,576.72,565.16,564.86,568.84,562.35,571.16,589.12,605.91,622.70,635.43,635.67,627.88,620.10,609.93,596.51,584.89,578.75,584.57,587.08,579.17,564.97,555.98,561.70,578.03,589.61,598.63,601.09,597.43,589.41,590.01,595.75
45.65,45.53,45.47,45.41,45.38,46.29,48.54,52.76,60.15,68.70,77.52,86.40,93.67,100.11,105.88,109.28,110.88,112.44,114.05,115.67,116.96,117.95,118.88,120.13,122.82,126.25,129.51,131.17,132.33,133.55,134.84,136.14,137.40,138.66,139.65,140.31,140.94,141.67,142.41,143.63,145.07,145.93,146.30,146.05,145.72,145.36,144.29,141.15,135.19,134.01,137.36,140.10,141.77,143.38,144.96,145.01,144.11,143.87,145.64,145.99,144.62,144.40,144.61,145.77,149.90,153.74,156.27,157.99,159.57,161.35,164.08,168.24,170.99,173.06,176.31,178.31,180.36,183.07,185.90,188.72,191.91,195.28,198.40,201.31,204.07,207.16,210.25,213.47,216.92,219.08,222.08,225.12,227.91,230.97,234.65,238.39,241.26,243.62,246.01,248.55,251.53,254.70,257.72,260.70,264.49,268.40,271.49,275.07,278.88,282.20,285.15,288.36,291.03,293.42,296.02,298.37,301.25,305.08,308.87,311.79,314.51,317.86,321.30,324.31,327.74,330.57,332.46,334.34,336.61,339.46,341.97,344.27,346.40,348.22,349.32,351.40,355.35,359.88,362.89,365.78,368.35,370.37,371.54,372.82,374.95,377.64,379.69,380.74,382.02,381.04,381.99,383.59,383.80,386.16,389.18,392.25,396.12,399.36,402.98,406.10,407.38,407.94,411.28,415.21,418.82,422.21,425.32,428.78,433.01,436.93,440.65,444.16,446.24,446.08,448.63,459.76,472.68,489.45,501.55,510.63,520.70,531.02,537.81,541.27,541.18,541.67,544.40,550.87,559.00,567.85,566.59,559.08,554.17,549.37,544.88,554.76,569.42,582.17,590.18,595.13,603.46,611.33,616.50,614.71,603.44,590.65,580.27,578.42,576.40,586.29,599.14,607.86,609.56,614.87,623.21,631.52,639.92,644.10,641.85,636.69,629.18,620.35,612.70,605.71,597.79,588.17,577.35,572.17,572.93,568.44,573.87,591.55,608.53,628.07,642.49,647.63,640.64,630.43,618.92,606.16,594.38,593.99,602.29,602.48,592.95,583.43,573.61,571.23,582.38,594.01,605.70,609.94,606.23,598.00,599.30,605.47
43.74,43.39,43.26,43.17,43.67,46.18,49.00,55.99,66.91,77.37,87.22,92.62,96.84,101.24,104.48,107.55,110.26,112.05,113.85,115.68,117.20,118.52,119.70,121.69,124.50,127.56,130.32,131.72,133.02,134.31,135.59,136.84,138.12,139.38,140.51,141.46,142.21,142.98,143.80,144.53,145.47,146.24,146.92,146.84,146.52,146.29,145.76,143.68,138.25,135.13,138.75,141.27,142.93,144.51,146.13,147.49,147.92,148.28,150.56,151.36,150.32,150.00,149.17,147.04,148.65,151.51,153.32,155.03,156.63,158.71,161.30,166.34,170.62,173.88,177.90,180.41,182.19,184.48,186.85,189.37,192.54,196.06,199.49,202.26,204.91,207.59,210.82,215.27,219.04,221.45,223.52,226.18,228.97,231.95,235.51,239.21,242.52,245.33,247.75,249.65,252.08,255.19,258.46,261.75,265.34,269.00,272.15,275.40,278.71,282.25,286.08,289.83,293.12,295.76,298.20,300.71,303.67,307.03,310.17,313.06,315.92,318.60,322.39,326.53,329.93,332.79,335.10,337.24,339.30,341.49,343.66,345.97,348.37,350.93,353.31,354.97,356.57,360.03,363.85,367.52,370.68,373.06,375.44,376.83,377.98,380.14,382.63,384.18,385.53,385.67,385.83,387.24,387.81,389.98,392.30,395.76,399.22,402.50,406.34,410.14,412.76,413.16,413.71,417.34,421.35,424.71,427.83,431.94,436.85,440.55,444.26,448.52,451.75,452.26,451.16,459.17,470.76,486.73,501.39,512.42,526.21,537.34,546.82,554.38,555.55,554.73,556.49,561.73,570.99,581.03,579.57,571.54,566.41,563.33,556.60,556.95,569.19,581.20,592.21,601.52,613.12,621.04,626.50,625.18,614.46,600.40,591.35,588.04,587.30,597.04,608.51,618.82,625.83,630.86,638.90,646.14,652.35,658.06,655.97,650.27,643.41,635.07,628.50,619.88,610.72,600.05,590.79,584.37,580.31,573.25,580.70,596.17,612.16,631.72,647.81,657.18,651.50,639.78,628.41,616.79,608.13,610.50,618.06,618.50,609.22,598.66,590.64,585.46,587.56,599.81,612.21,618.25,613.99,607.94,609.89,615.10
41.85,41.40,41.16,41.03,43.56,48.06,54.36,64.67,74.58,85.37,91.94,94.97,98.47,101.79,104.94,107.96,110.65,112.48,114.05,115.71,117.27,118.72,120.52,122.99,125.55,128.29,130.55,131.89,133.23,134.57,135.90,137.21,138.52,139.79,140.89,141.99,143.15,144.16,144.97,145.43,145.94,146.62,147.35,147.66,147.38,147.06,145.90,143.46,138.93,136.49,139.87,142.20,144.06,145.71,147.33,148.86,150.04,151.19,152.58,153.82,153.82,154.72,154.87,153.05,151.08,150.65,152.91,155.51,158.35,160.74,160.81,164.12,169.56,174.56,179.39,182.25,184.22,186.36,188.62,191.03,193.78,197.11,200.10,203.01,205.81,208.56,212.33,217.14,220.55,222.67,225.08,227.45,230.20,233.22,236.35,239.78,243.44,246.85,249.73,252.09,254.36,256.63,259.56,263.22,266.90,270.28,273.49,276.66,279.56,282.78,286.25,289.70,293.59,297.16,300.24,303.00,305.89,308.86,311.86,314.77,317.73,320.52,324.04,327.88,331.25,334.45,337.23,339.52,341.67,343.51,345.52,347.66,350.21,353.43,356.60,359.54,361.09,361.48,364.13,367.74,371.80,375.39,378.46,380.63,381.51,382.43,384.94,387.39,388.86,390.02,389.77,390.61,391.52,393.69,395.64,398.62,402.32,405.69,409.47,413.45,416.76,418.25,418.48,419.38,423.77,427.48,431.11,436.36,441.08,444.11,447.48,451.81,456.03,457.63,457.19,459.37,469.25,483.11,498.20,510.84,528.99,539.71,549.89,560.95,566.78,568.17,570.35,575.49,584.09,590.62,590.48,585.19,581.08,576.80,570.15,564.58,569.70,579.76,591.71,603.58,617.25,626.98,635.08,635.28,625.42,612.15,602.25,596.61,596.90,607.53,617.04,629.19,640.06,646.43,653.37,659.72,665.86,670.91,670.30,664.83,656.38,649.48,643.59,634.06,623.49,610.72,598.72,597.10,590.68,579.05,587.26,600.99,618.34,635.38,651.96,663.98,660.86,649.01,637.64,627.32,621.22,625.81,634.69,634.40,625.48,615.12,606.20,600.77,598.91,607.45,619.63,625.95,621.75,619.63,622.22,626.89
39.86,39.34,39.06,39.67,44.66,54.36,64.14,73.20,83.74,92.13,95.00,97.40,99.96,102.67,105.45,107.98,110.31,111.85,113.15,115.28,117.48,119.03,120.92,123.44,126.01,128.56,130.50,131.84,133.17,134.55,135.94,137.29,138.63,139.95,141.14,142.39,143.63,144.77,145.63,146.13,146.50,147.12,147.78,148.37,148.25,147.73,146.00,143.17,139.58,137.98,139.03,141.52,144.38,146.89,148.60,150.40,152.30,153.68,154.96,156.16,157.25,158.75,160.53,160.70,160.22,159.27,158.19,158.91,161.64,164.46,164.06,163.56,167.47,172.55,178.78,181.96,184.17,187.11,189.58,192.18,194.89,197.60,200.42,203.51,206.52,209.53,213.96,218.77,221.41,223.36,225.88,228.36,230.87,233.82,236.91,240.18,244.16,248.18,251.75,254.64,257.13,259.15,261.59,265.14,268.97,272.08,275.17,278.53,282.14,285.31,288.21,290.87,294.12,297.60,301.20,304.85,307.94,310.70,313.70,316.65,319.61,322.88,326.64,330.03,332.65,335.93,339.13,341.38,343.50,345.66,347.58,349.75,353.15,356.54,359.22,362.09,364.62,366.75,368.87,370.68,372.59,376.48,380.25,383.21,384.92,385.68,387.31,390.41,391.91,393.16,392.77,392.80,394.62,397.11,399.48,401.31,404.72,408.43,412.40,416.60,420.07,421.84,422.85,422.80,425.72,430.62,435.09,440.02,444.14,447.48,450.78,455.25,460.03,462.95,463.81,462.87,467.91,480.53,493.88,508.05,527.32,539.35,553.65,565.71,575.09,580.75,583.73,588.55,593.74,599.49,601.04,597.75,594.48,588.49,582.81,578.43,580.18,586.47,593.89,601.87,616.23,627.80,639.85,644.90,636.10,623.10,612.71,604.76,608.91,616.86,626.81,639.45,650.14,659.24,667.18,674.35,680.31,683.48,684.17,678.57,670.56,663.72,657.61,645.06,632.33,619.78,609.30,608.90,599.75,585.45,591.12,607.33,626.10,642.14,657.71,670.40,670.48,660.20,647.61,639.48,635.66,639.61,647.82,649.22,640.54,630.31,623.09,617.15,612.10,618.14,627.57,635.01,633.34,633.65,636.75,640.88
37.55,37.05,37.81,41.04,51.13,63.09,71.42,81.53,90.43,93.22,94.40,97.27,100.18,102.61,104.67,106.65,108.58,109.84,111.92,114.88,117.36,119.38,121.31,123.63,126.11,128.29,130.06,131.50,132.90,134.35,135.82,137.26,138.74,140.15,141.47,142.73,143.99,145.21,146.10,146.83,147.19,147.60,148.23,148.89,149.07,148.78,147.12,144.83,142.84,141.74,140.13,141.20,144.53,147.69,149.94,152.51,154.68,156.20,157.44,158.32,159.18,160.76,162.74,163.32,163.43,164.33,164.23,164.80,166.84,168.54,168.28,166.19,165.88,168.60,172.74,179.44,182.24,186.19,190.10,192.86,195.64,198.28,201.21,204.81,208.19,211.62,215.82,220.01,222.13,224.11,226.42,228.57,230.94,233.72,236.72,239.87,244.38,249.21,253.20,256.68,259.56,261.84,264.12,267.07,270.51,273.42,276.38,279.58,283.91,288.09,290.63,292.79,295.62,298.75,302.53,306.67,310.07,312.67,315.66,318.66,321.93,325.41,328.79,331.74,334.34,337.09,340.26,342.88,345.14,347.46,349.91,353.06,356.86,360.17,362.35,364.71,367.30,369.75,372.11,374.21,375.29,377.23,380.96,384.57,387.65,389.61,390.18,392.47,394.84,396.02,395.77,394.86,396.46,399.18,402.56,404.69,406.89,410.43,414.53,418.78,422.22,424.31,426.14,427.82,428.49,432.32,437.74,442.67,446.90,450.64,454.20,458.20,463.20,467.38,469.64,469.89,469.82,479.75,490.85,505.49,523.27,536.41,553.78,568.25,579.72,588.02,593.28,599.55,604.85,608.25,609.68,608.87,606.65,600.43,594.65,592.76,595.70,600.85,606.07,610.26,615.75,625.66,639.27,650.00,646.29,634.42,623.31,616.51,620.07,627.21,638.28,649.22,660.71,670.07,678.63,688.70,695.04,697.72,696.94,692.53,686.91,680.12,669.78,653.43,638.59,629.88,622.95,620.48,609.94,590.98,594.99,612.81,630.95,645.39,659.30,672.09,677.19,671.04,660.18,652.44,649.17,651.42,659.97,664.06,654.56,644.33,638.10,633.09,626.16,630.40,638.63,644.38,645.42,647.67,651.80,653.82
35.27,36.01,38.40,45.27,58.74,68.78,77.96,85.94,90.91,89.21,90.36,93.68,97.66,100.86,102.62,104.25,106.15,108.95,111.68,114.54,117.07,119.70,121.90,123.86,125.86,127.72,129.53,131.08,132.66,134.34,136.03,137.55,139.04,140.51,141.84,143.16,144.41,145.54,146.59,147.43,147.96,148.23,148.74,149.36,149.89,150.03,149.38,148.30,147.42,146.34,144.40,143.28,144.97,148.33,151.56,154.54,157.13,158.80,159.75,160.29,161.11,162.25,164.12,165.58,166.38,168.00,169.26,170.33,171.10,171.98,172.33,170.30,168.84,168.54,169.49,173.47,179.54,184.16,189.25,192.41,194.92,198.14,201.89,206.00,210.04,213.76,217.59,221.01,223.13,225.15,226.88,228.74,231.32,234.28,236.97,239.91,245.47,250.94,254.94,258.62,261.28,263.52,265.90,268.60,271.60,274.49,277.40,280.58,285.09,289.67,292.63,294.88,297.48,300.42,304.35,308.20,311.68,314.69,317.50,320.92,325.09,328.64,331.17,333.77,336.65,339.01,341.06,344.10,346.60,349.06,352.60,356.52,360.05,362.72,365.20,367.57,369.83,372.15,374.82,377.28,378.98,379.64,382.23,385.75,389.30,392.49,394.28,396.06,397.67,398.82,398.68,397.16,398.09,401.20,405.61,408.37,409.60,411.95,415.44,419.22,422.93,426.63,429.63,432.45,434.33,435.72,438.73,444.20,449.40,453.35,457.06,461.24,466.34,471.05,474.32,476.38,475.84,481.02,490.68,503.88,519.90,533.43,551.25,567.57,580.57,592.72,601.16,609.12,614.51,617.57,618.83,618.53,616.54,610.90,606.52,608.04,611.98,616.07,620.16,623.14,624.89,627.50,637.18,648.62,654.20,646.29,634.50,626.52,629.83,638.71,648.82,659.95,671.36,681.59,692.74,702.69,709.05,713.63,711.65,705.82,700.63,692.54,677.64,661.55,651.94,645.15,637.33,631.48,617.71,596.63,601.55,615.40,631.25,645.66,658.51,671.01,681.88,680.18,672.15,665.57,663.52,664.42,669.79,676.05,669.45,660.55,652.84,643.63,639.73,645.29,651.25,655.06,657.20,661.59,666.68,664.54
34.06,36.77,39.88,49.76,64.41,73.79,81.61,87.61,87.74,84.19,85.89,89.47,93.72,97.44,100.22,102.20,106.08,110.27,112.64,114.86,117.24,119.83,121.86,123.73,125.61,127.46,129.30,131.06,132.78,134.51,136.26,137.90,139.34,140.85,142.33,143.74,145.02,146.09,147.16,148.07,148.70,148.95,149.27,150.10,151.55,152.06,151.83,151.96,151.92,151.06,149.63,148.05,146.98,148.78,152.84,156.48,159.40,160.90,161.54,162.06,162.95,163.91,165.45,167.23,168.53,170.31,171.91,173.09,173.94,175.06,176.13,176.18,176.25,175.85,177.00,178.79,181.52,184.20,186.74,189.62,192.02,195.60,199.77,205.53,211.09,214.53,217.97,221.29,224.15,226.74,228.75,230.13,232.76,235.96,238.72,242.07,247.66,252.53,256.56,260.14,262.46,264.62,266.85,269.34,272.65,276.23,278.68,281.48,285.10,288.87,292.07,295.39,298.39,302.25,307.22,310.56,313.82,317.20,319.77,323.22,327.80,331.19,333.52,335.85,338.61,341.25,343.16,345.74,347.83,350.57,354.99,359.15,362.06,364.65,367.31,370.04,372.43,374.69,377.26,380.09,382.30,382.95,384.46,387.37,390.10,393.27,396.50,399.02,400.39,401.85,401.40,399.26,400.60,404.64,409.22,411.74,413.11,414.24,416.79,419.79,423.46,427.45,431.59,435.84,439.49,441.98,442.87,445.47,450.77,455.22,459.25,463.91,468.91,473.62,477.55,481.11,482.74,484.49,492.32,503.58,517.54,531.44,548.10,565.06,579.02,592.77,604.20,614.44,622.10,627.84,630.57,630.37,627.35,621.23,617.72,619.91,626.29,631.46,636.14,638.10,639.03,637.66,639.26,646.37,656.59,658.63,647.52,638.28,639.91,648.31,659.98,670.04,681.64,693.67,705.01,715.72,726.76,730.90,726.94,720.84,713.20,702.44,685.97,675.82,668.70,660.47,651.63,640.33,618.37,603.19,608.89,616.69,631.75,646.39,660.04,672.91,687.25,689.87,683.36,678.35,676.27,676.79,679.30,686.55,684.11,675.23,666.56,655.86,655.17,661.38,665.31,669.17,671.46,674.81,678.12,669.89
34.44,37.56,42.44,54.52,68.85,76.75,82.15,82.32,80.40,78.27,80.20,83.99,89.03,93.29,97.07,101.38,106.45,110.66,113.20,115.68,118.23,120.61,122.40,124.19,126.04,127.79,129.55,131.28,133.04,134.74,136.45,138.19,139.73,141.25,142.72,144.25,145.66,146.90,147.96,148.89,149.45,149.89,150.41,151.77,153.41,154.31,154.47,155.74,156.30,155.57,154.19,152.85,151.72,150.55,152.53,157.46,160.94,162.43,163.25,163.80,164.64,165.59,166.70,168.41,170.18,171.83,173.47,175.10,176.60,177.98,179.44,180.80,181.49,181.60,181.97,182.57,185.56,189.22,191.32,191.69,192.67,194.09,196.78,204.25,211.03,214.12,217.45,220.76,223.33,226.53,230.24,232.75,235.33,238.01,241.13,245.13,249.77,253.75,257.65,260.97,263.32,265.60,267.84,270.39,274.41,278.50,281.34,284.05,287.14,289.82,293.35,297.19,300.49,305.42,310.41,313.60,316.66,319.92,322.84,326.30,329.88,332.49,335.26,337.76,340.25,342.67,345.04,347.17,349.26,353.09,357.71,361.25,363.88,366.42,369.08,372.25,375.09,377.19,379.57,382.33,385.00,386.56,387.19,390.09,392.01,393.76,396.97,400.38,402.99,404.65,404.70,402.91,404.06,408.30,411.98,414.77,416.52,417.53,418.93,421.32,424.10,427.68,431.86,437.36,441.96,446.14,449.19,449.74,451.59,456.13,461.01,465.98,471.04,476.21,480.70,484.72,488.21,490.14,494.86,504.51,516.66,530.47,544.62,561.60,576.19,589.66,602.05,614.67,626.66,636.30,641.85,643.65,640.21,633.48,629.27,632.24,641.98,650.22,654.07,654.95,654.39,652.51,651.65,652.68,657.79,666.45,659.78,649.71,647.55,658.82,669.71,680.81,691.92,703.40,715.89,730.58,741.37,738.83,734.34,731.63,723.90,710.51,698.97,693.33,685.33,675.16,663.80,647.54,623.97,612.20,621.09,620.11,632.54,648.53,664.81,677.85,692.19,699.74,696.01,691.20,689.14,688.45,689.86,696.00,698.37,689.24,678.88,671.50,673.74,679.04,681.84,684.80,686.60,688.11,686.10,672.57
34.79,38.26,44.50,58.36,71.27,77.68,77.76,74.02,70.24,70.98,74.46,77.93,83.09,88.91,94.25,100.46,105.73,110.31,112.90,115.33,117.86,120.38,122.41,124.43,126.28,127.85,129.50,131.29,133.10,134.90,136.70,138.49,140.18,141.86,143.37,144.77,146.23,147.62,148.82,149.83,150.92,152.01,152.95,154.25,155.77,156.51,156.82,159.09,160.44,159.90,158.80,157.96,157.03,155.16,153.54,157.38,160.99,162.65,164.15,165.34,166.28,167.20,168.15,169.58,171.36,173.28,175.04,176.70,178.32,179.89,181.38,182.76,183.88,184.34,184.73,185.19,187.76,191.25,193.94,195.61,197.31,198.53,197.47,202.51,209.93,212.98,215.85,219.29,222.10,224.94,228.69,231.82,235.38,239.54,243.00,246.79,250.56,254.33,258.08,261.24,263.62,266.01,268.44,271.62,275.74,279.83,283.23,286.53,289.74,292.23,295.63,299.75,303.84,308.02,311.44,314.69,318.18,321.32,324.31,327.96,330.85,333.23,336.09,339.03,341.73,344.05,346.43,348.77,352.61,357.89,360.84,363.12,365.66,368.25,371.39,375.12,378.20,379.86,382.09,385.05,387.70,389.88,390.98,392.91,395.64,396.38,397.58,400.52,403.95,406.90,408.38,408.36,407.84,411.03,414.23,417.27,419.83,421.07,421.95,423.85,425.82,427.85,431.89,438.21,443.22,447.73,451.90,454.40,455.88,458.14,462.53,467.97,472.92,478.43,483.50,488.14,492.46,495.81,499.06,506.17,516.42,528.71,541.04,556.66,571.41,585.09,597.49,610.82,624.08,637.94,649.30,654.32,652.69,647.19,643.08,646.15,654.68,662.97,668.30,669.69,668.95,668.04,667.22,665.97,664.83,671.63,673.76,662.88,656.65,667.81,679.41,690.50,700.84,713.00,727.77,743.08,746.28,740.23,735.49,731.41,726.27,718.93,714.30,708.24,700.80,690.25,674.35,655.68,631.98,623.48,636.21,629.86,633.66,650.61,668.30,680.92,695.09,707.02,708.54,704.67,703.00,702.20,702.70,707.64,710.96,704.47,691.86,689.37,693.06,696.36,698.85,703.26,704.86,702.19,692.46,676.76
35.45,39.45,48.17,61.28,71.85,76.66,73.50,64.33,58.58,60.40,66.34,70.85,75.72,81.89,89.18,96.27,102.58,108.03,111.47,114.75,118.41,120.85,122.66,124.67,126.49,128.03,129.49,131.19,133.05,134.90,136.78,138.67,140.70,142.87,144.58,145.64,146.88,148.30,149.79,151.50,153.08,154.51,155.67,156.91,158.16,158.76,158.89,160.96,163.44,163.93,164.09,164.12,163.79,161.12,157.29,156.69,160.38,162.10,163.75,165.52,167.19,168.47,169.55,171.05,172.74,174.51,176.43,178.24,179.89,181.37,182.84,184.26,185.81,187.10,187.81,188.11,188.78,191.50,194.26,197.15,199.91,202.19,200.61,200.69,205.97,209.98,213.00,216.58,219.72,222.55,225.80,229.04,232.91,237.81,241.76,245.63,249.62,253.54,257.46,261.00,263.69,266.16,268.88,271.79,275.63,279.41,282.85,286.72,290.46,293.62,297.01,300.40,304.29,308.16,311.56,314.45,317.12,319.28,322.91,327.82,331.30,333.97,336.77,339.34,342.00,344.88,347.56,350.71,356.99,361.21,363.22,365.30,367.58,370.54,374.63,378.47,381.06,382.69,384.65,387.80,390.41,392.46,394.84,397.12,399.36,400.05,399.38,401.57,404.87,408.12,410.94,412.10,411.38,412.97,416.21,419.48,422.71,424.50,425.33,427.09,429.00,430.42,432.70,437.40,442.90,448.95,453.21,457.13,460.24,462.70,465.46,470.30,475.18,480.20,485.48,490.31,495.41,500.00,503.29,508.41,516.70,526.39,537.17,550.93,564.98,577.92,592.22,605.36,618.48,632.23,645.98,657.38,662.28,659.77,657.82,660.31,665.99,674.14,680.85,683.69,683.19,682.21,682.00,681.56,678.33,678.27,682.50,676.78,668.09,675.91,687.61,698.47,710.21,723.98,738.36,750.62,747.54,740.00,734.50,732.46,728.76,725.19,728.23,724.26,715.45,702.51,684.91,666.70,643.88,632.53,648.31,643.15,637.58,651.48,667.77,683.33,700.11,712.70,717.72,717.12,717.20,716.78,716.38,719.53,721.39,716.29,706.25,706.56,712.12,713.63,715.32,720.91,721.72,715.21,700.58,682.88
36.21,41.13,51.49,63.37,72.52,74.16,67.13,55.50,54.16,57.02,60.60,64.76,69.93,75.82,81.54,89.92,97.23,103.02,108.58,115.90,120.54,121.96,123.39,124.98,126.66,128.07,129.37,131.03,132.99,134.90,136.82,138.78,141.12,143.85,145.65,146.67,147.78,148.99,150.70,153.01,155.04,156.69,158.18,159.50,160.40,160.94,161.14,162.31,164.83,167.44,169.22,170.01,170.67,169.47,164.73,159.33,159.48,161.66,163.45,165.30,167.10,168.77,170.58,172.59,174.31,176.01,177.74,179.56,181.24,182.77,184.30,185.85,187.56,189.19,190.56,190.98,190.62,192.40,194.93,197.63,200.29,203.71,205.31,206.23,208.49,211.44,216.10,218.94,220.61,223.17,226.54,230.19,234.73,238.74,241.08,245.12,249.23,253.25,257.21,260.48,263.08,266.28,269.14,271.85,275.00,278.23,281.61,285.69,289.73,292.89,296.81,300.62,304.34,307.97,311.06,313.41,315.90,318.54,322.96,328.53,332.21,335.10,338.30,341.00,343.07,345.40,348.06,352.52,359.33,362.42,365.04,367.42,369.82,374.12,378.55,381.65,383.91,385.67,387.31,390.03,392.75,395.00,397.22,400.19,402.74,403.87,402.24,403.49,407.40,409.73,412.81,414.90,414.88,415.06,417.76,421.25,425.39,428.13,428.94,430.33,432.53,434.30,435.99,437.47,441.02,448.74,453.75,458.06,461.98,465.59,469.13,473.70,478.15,482.15,486.21,491.09,496.80,501.98,506.41,510.95,517.48,525.18,534.05,545.41,558.03,571.24,585.10,598.58,613.28,627.18,640.57,653.25,665.22,671.09,671.20,673.15,678.44,684.50,691.54,695.79,696.33,695.75,694.13,692.39,690.11,688.31,689.06,688.73,682.18,683.88,695.56,707.74,721.09,733.70,748.47,755.32,747.70,740.32,737.91,740.30,737.02,730.29,732.89,738.40,726.95,712.15,693.57,676.98,659.14,642.29,657.17,656.30,646.54,653.74,669.66,688.88,705.50,719.25,727.86,730.67,731.97,732.60,731.31,732.60,733.90,729.51,723.05,725.45,731.15,731.83,732.30,738.62,737.15,726.67,709.74,692.22
37.27,43.49,56.05,68.28,72.51,63.86,51.24,49.05,51.58,54.60,57.21,60.17,65.95,71.84,76.24,82.39,91.71,97.92,105.90,116.57,120.81,122.18,123.39,124.72,126.20,127.66,129.18,130.99,132.92,134.86,136.82,138.87,141.35,144.25,146.19,147.65,148.84,150.07,151.83,154.11,156.44,158.58,160.26,161.39,162.24,163.00,163.40,163.93,165.84,168.50,171.53,173.51,173.99,174.37,172.27,165.52,160.13,162.13,163.78,165.17,166.95,168.74,170.94,173.63,175.85,177.52,179.15,180.95,182.73,184.39,185.94,187.37,189.09,191.08,192.94,193.13,191.92,193.63,196.38,199.43,201.85,203.68,207.11,211.00,213.80,216.82,220.52,221.96,223.13,224.99,227.41,231.33,236.71,241.13,244.32,247.86,250.81,253.91,256.95,259.15,261.89,265.94,269.66,272.07,274.82,277.96,281.13,284.91,288.50,291.92,295.98,299.95,303.62,307.20,310.15,313.05,316.54,319.91,324.04,328.93,332.44,335.58,338.65,341.74,344.55,346.92,349.18,353.86,359.84,363.10,366.31,369.20,372.91,377.89,381.82,384.53,386.86,388.74,390.56,392.54,395.11,397.68,399.89,402.73,406.05,407.89,407.28,406.75,411.20,413.41,415.28,417.18,418.40,418.06,419.48,422.97,427.89,431.51,432.75,433.93,436.05,438.13,440.04,441.22,441.89,447.99,453.33,457.72,462.08,466.47,471.23,476.67,480.98,484.28,487.93,492.15,497.07,502.31,507.38,512.60,518.19,524.65,531.73,540.98,552.95,566.33,579.56,591.56,606.26,620.65,634.74,647.55,662.93,675.53,682.63,686.48,689.79,694.16,701.60,708.80,711.50,710.60,709.05,706.05,702.19,698.96,698.18,699.82,695.55,693.29,704.33,716.54,728.68,741.94,757.27,758.50,749.37,742.36,740.56,742.81,740.16,733.86,738.30,744.14,733.33,717.76,703.42,688.66,671.68,651.97,666.90,672.76,659.86,659.21,672.47,692.03,709.61,725.20,739.29,744.06,745.96,746.70,746.51,747.02,746.63,742.58,739.38,743.85,749.56,749.29,750.53,756.42,752.40,737.75,720.57,703.14
38.72,48.11,63.37,71.22,64.14,49.48,43.12,44.11,48.04,51.88,54.59,57.42,61.10,66.73,72.06,76.91,84.48,94.16,107.89,114.70,118.03,120.69,122.17,123.63,125.10,126.80,128.72,130.70,132.64,134.65,136.86,138.99,141.61,144.60,146.78,148.64,149.96,151.57,153.30,155.26,157.56,159.86,161.83,163.30,164.17,164.93,165.62,165.95,167.08,169.19,172.23,175.47,177.48,178.46,177.68,173.45,167.66,167.68,167.07,166.63,167.56,169.31,171.52,174.45,177.33,179.30,180.77,182.44,184.24,185.98,187.60,189.02,190.66,192.96,195.17,195.37,193.65,195.05,197.60,200.72,205.37,206.00,206.79,209.68,213.29,217.73,221.15,223.11,224.95,226.83,228.71,231.56,235.73,239.74,243.86,248.10,251.34,253.49,255.44,258.00,261.67,266.24,270.71,273.64,275.52,277.68,280.97,284.46,287.82,291.43,295.64,299.71,303.18,306.60,309.71,313.27,316.93,320.74,324.89,329.28,333.13,337.24,340.70,342.46,344.95,347.89,351.66,356.95,360.90,364.03,367.38,371.10,375.78,380.45,384.03,387.23,389.84,391.69,393.89,396.04,398.03,400.39,403.24,406.31,409.55,411.47,411.57,409.90,414.38,418.00,419.65,420.26,422.35,422.56,422.78,424.83,427.81,432.03,435.97,437.75,439.66,441.73,443.50,444.78,445.06,448.05,452.92,457.37,462.19,467.69,473.06,478.62,483.39,487.30,490.25,494.71,499.43,503.50,507.78,513.05,518.71,524.37,530.32,538.24,549.05,561.79,573.40,585.30,598.53,613.40,627.82,640.46,656.81,670.86,684.49,694.31,699.97,704.79,711.15,718.76,724.22,725.86,724.93,721.84,717.50,712.29,709.56,711.78,710.37,705.41,712.27,723.54,736.32,750.26,762.91,761.53,752.14,745.91,743.87,744.89,741.18,737.23,744.20,749.29,740.96,726.66,715.09,701.75,684.14,665.45,677.84,686.53,677.38,670.21,675.59,692.23,711.32,726.92,743.75,753.13,757.25,759.53,760.37,761.16,760.43,757.95,756.81,761.63,766.09,766.33,768.51,773.23,766.66,751.19,733.87,716.96
40.70,54.08,67.85,69.90,56.33,42.53,39.68,40.37,42.69,48.11,52.11,54.91,57.59,61.13,67.40,72.69,77.31,86.58,100.47,110.09,114.34,118.55,120.94,122.25,123.45,125.09,127.19,129.83,132.02,134.13,136.42,138.90,141.95,145.24,147.87,149.87,151.67,153.36,155.07,156.76,158.58,160.86,163.07,164.95,166.18,166.98,167.72,168.18,168.78,170.40,172.99,176.25,179.25,180.50,180.61,179.60,176.49,174.43,171.23,168.72,169.20,171.01,173.16,175.58,178.49,180.75,182.43,184.02,185.76,187.50,189.27,191.17,193.15,195.38,197.63,198.31,195.78,196.19,200.13,204.87,209.44,210.13,210.22,210.25,212.03,215.59,219.93,222.30,224.37,226.41,228.51,231.66,235.41,239.13,243.03,246.74,249.48,251.53,254.30,257.70,261.47,266.59,271.14,276.32,278.68,279.68,280.70,284.00,287.50,291.38,295.33,299.11,302.86,306.94,309.94,313.17,316.83,320.87,325.21,330.13,334.13,338.09,341.73,344.41,346.61,348.78,353.17,359.53,363.40,365.50,368.19,372.03,376.66,381.09,385.21,388.99,392.00,394.39,396.71,399.21,401.31,403.71,406.21,409.24,412.14,414.33,415.62,414.07,415.93,420.44,423.92,425.88,428.02,428.17,427.57,429.10,429.82,432.69,437.74,440.85,443.22,445.30,447.02,448.34,448.99,449.69,453.83,458.73,463.92,469.44,474.56,479.83,485.27,490.44,494.67,498.36,502.59,507.05,511.22,514.97,519.48,524.42,530.32,537.01,545.56,556.04,567.11,579.81,591.94,606.27,619.84,633.91,649.06,664.17,680.28,696.86,707.92,714.90,719.96,727.17,733.26,735.74,736.56,735.34,731.16,725.93,721.85,721.36,722.27,717.12,721.96,732.04,744.85,757.67,768.75,766.45,756.24,749.49,747.80,746.95,741.88,740.99,748.67,752.40,747.43,735.78,723.70,710.73,694.34,672.94,684.72,698.99,694.29,687.17,684.39,693.40,711.93,726.92,742.42,756.61,766.23,771.34,774.72,775.62,773.99,773.38,774.51,779.27,782.69,782.97,785.02,786.93,779.82,763.40,744.80,727.84
43.84,58.86,66.74,65.23,50.73,39.97,38.94,39.06,39.49,43.76,49.20,52.31,55.07,57.97,62.78,68.55,74.30,83.32,100.16,107.60,110.80,114.82,118.00,120.37,121.64,122.89,125.20,128.29,131.26,133.34,135.53,138.73,142.88,146.71,149.51,151.64,153.63,155.37,156.97,158.61,160.18,162.13,164.24,166.32,168.03,169.03,169.82,170.55,170.97,171.78,173.38,176.52,179.59,180.92,181.48,181.06,180.53,180.08,177.66,171.70,170.36,172.08,174.48,176.86,179.30,181.34,183.11,184.88,186.79,188.72,190.92,193.55,195.82,198.01,200.17,201.09,198.10,197.01,204.01,210.07,212.20,213.02,214.46,215.39,216.48,217.47,218.93,221.40,223.58,225.91,228.16,231.08,234.64,238.19,241.51,244.61,247.42,250.78,254.43,257.84,263.74,271.07,275.09,281.07,288.29,288.86,285.77,285.30,287.86,291.13,294.73,298.47,303.13,307.99,310.85,312.85,315.85,318.86,322.11,328.60,333.36,337.44,341.08,344.22,347.39,350.61,355.23,360.46,365.11,368.07,370.31,373.16,376.87,381.41,386.35,390.37,393.26,396.03,398.50,401.57,404.36,407.31,409.61,412.06,414.78,417.32,419.50,420.48,420.89,421.03,424.59,429.13,431.99,432.44,432.05,433.01,433.80,435.53,440.18,443.92,446.63,448.87,450.68,452.11,452.90,453.00,456.24,460.91,466.05,471.31,476.32,481.25,486.32,491.87,497.71,502.40,506.37,510.45,514.63,518.67,522.85,526.80,530.89,536.31,543.50,552.04,562.34,574.96,586.88,599.58,613.44,628.93,642.74,658.49,674.85,692.84,708.20,721.56,729.82,735.59,741.36,745.02,748.29,748.00,744.15,738.47,734.87,732.88,732.69,729.55,732.53,742.53,753.61,765.28,774.40,772.44,762.90,755.36,752.86,750.17,745.27,746.88,752.02,755.08,752.29,742.85,730.21,715.74,700.42,681.06,693.60,710.12,709.36,703.03,700.38,702.92,711.86,727.76,743.28,756.64,769.94,780.30,786.04,788.10,787.64,789.14,790.76,794.96,799.06,799.26,800.43,800.01,790.57,774.07,755.68,738.71
46.13,60.73,60.34,55.96,45.09,39.17,38.30,38.32,38.97,41.10,45.11,49.40,52.82,56.62,61.21,67.97,77.31,95.73,103.37,104.83,107.11,110.17,112.73,114.70,117.82,120.32,122.25,124.91,128.78,130.45,133.29,140.22,146.55,150.07,152.14,153.70,155.58,157.44,159.05,160.70,162.45,164.24,166.01,167.83,169.70,171.21,172.26,173.15,173.60,173.83,174.52,176.82,179.76,181.08,182.07,182.27,181.97,181.65,180.91,178.06,174.09,173.13,175.31,177.58,179.77,181.64,183.41,185.21,187.15,189.14,192.11,195.65,198.42,200.56,202.55,203.11,200.12,197.54,204.07,211.44,214.13,216.04,218.06,219.89,220.91,221.69,221.67,222.73,225.46,228.31,230.85,232.78,235.23,238.11,240.83,243.65,246.76,250.25,255.57,261.54,270.14,275.50,280.26,288.14,294.26,294.87,292.61,290.27,291.34,292.64,294.76,298.09,302.85,308.70,312.61,314.71,316.22,317.79,320.62,327.42,333.06,337.16,340.97,343.90,346.97,350.36,355.10,360.55,366.27,371.09,375.17,378.12,378.83,382.28,387.55,391.71,394.58,397.31,399.81,402.87,406.57,410.09,412.69,415.05,417.70,420.39,423.10,425.04,425.93,424.79,425.04,430.03,433.44,435.91,436.47,437.16,437.76,438.48,442.51,446.93,450.05,452.35,454.33,455.95,456.97,456.77,458.71,463.02,468.02,473.18,478.22,483.18,488.02,493.40,499.30,505.11,510.04,514.21,518.21,522.39,526.96,531.48,535.60,538.79,543.35,549.62,558.45,570.08,581.98,594.23,608.06,623.12,637.97,653.62,670.18,686.19,702.35,719.55,734.95,744.56,750.31,754.48,758.98,759.95,757.59,752.54,749.03,746.49,745.24,742.68,743.02,751.32,762.20,772.86,780.09,778.01,770.44,762.54,758.26,754.22,750.30,752.59,756.02,758.12,757.42,748.01,732.54,717.52,701.56,689.26,705.83,721.53,724.05,721.53,722.72,723.66,721.17,728.86,744.10,758.12,771.71,784.33,794.09,798.46,799.82,804.36,806.90,811.86,817.02,817.08,817.74,814.69,800.75,784.43,767.37,753.56
48.15,60.91,57.22,53.79,45.55,39.02,37.86,38.27,39.39,40.02,40.91,46.30,52.23,58.19,64.52,72.77,86.91,99.61,99.04,99.26,100.19,101.17,102.78,102.53,105.63,110.31,113.42,115.86,118.29,121.28,129.21,139.23,148.90,152.77,155.00,156.24,157.73,159.60,161.43,163.20,164.91,166.60,168.29,169.87,171.45,173.21,174.63,175.60,176.22,176.47,176.96,178.51,180.34,181.35,182.30,183.13,183.24,182.56,181.46,180.35,177.59,175.12,175.77,177.80,180.00,181.89,183.69,185.52,187.37,189.24,192.55,196.95,200.22,202.25,204.33,205.46,203.50,200.27,200.25,207.98,212.85,217.18,220.43,222.24,223.34,224.63,225.52,226.51,228.56,231.36,234.58,237.03,239.12,241.36,243.31,245.77,248.37,251.58,257.09,264.92,273.02,279.16,285.44,292.96,298.76,300.06,299.26,296.82,296.30,296.93,297.42,299.37,304.07,310.46,314.69,317.30,319.25,322.74,323.78,329.29,335.00,339.96,343.44,346.52,348.60,350.71,356.61,362.75,368.27,374.33,379.49,382.77,383.89,385.77,389.07,392.13,395.07,398.19,401.51,404.60,407.75,411.35,415.13,417.91,420.67,423.72,426.60,429.07,430.55,429.71,427.22,429.37,433.69,437.80,440.23,440.92,441.51,441.99,444.58,449.08,453.25,455.89,458.08,459.73,460.88,460.62,460.97,464.25,468.73,473.89,479.22,484.08,488.88,494.23,499.78,506.13,512.23,517.50,521.79,525.86,530.60,535.86,540.49,544.38,548.69,552.79,556.68,564.97,576.25,589.51,604.18,618.75,632.66,649.57,665.94,681.48,695.81,712.31,731.21,747.16,757.14,763.79,768.72,770.57,770.05,765.39,761.43,759.25,758.00,757.99,756.53,760.75,770.92,779.83,782.71,778.42,772.42,766.60,761.76,757.01,754.00,755.96,759.50,760.24,759.86,748.96,732.37,716.40,699.79,702.60,720.99,735.59,739.99,737.74,738.99,740.12,738.88,736.23,748.71,762.98,774.86,786.30,799.27,808.09,814.02,820.81,825.98,830.40,833.51,832.67,834.19,825.97,809.69,793.87,780.89,767.00
51.91,59.58,51.82,51.72,42.83,38.70,37.47,37.77,38.86,40.01,42.90,48.55,54.51,60.91,69.05,79.87,90.45,90.66,89.20,90.00,91.74,93.33,93.73,93.31,95.78,99.72,101.99,104.25,108.49,116.47,126.43,135.52,144.05,151.08,156.98,159.32,160.68,162.44,164.28,165.85,167.40,169.08,170.47,171.66,173.24,175.01,176.59,177.72,178.57,179.18,179.64,180.32,181.11,181.98,182.88,183.80,184.22,183.42,182.25,181.07,179.53,177.49,177.57,178.66,180.26,182.17,184.00,185.94,187.78,189.65,193.44,198.05,200.91,202.70,204.95,207.31,208.90,207.69,202.31,201.59,209.33,215.91,221.41,224.18,226.03,227.88,229.12,230.44,232.12,234.55,237.75,240.87,243.16,245.44,247.25,249.07,251.68,254.78,259.27,266.12,273.21,280.05,288.71,297.78,303.31,305.34,305.60,303.96,302.89,302.68,302.64,305.80,312.02,316.94,318.54,320.70,327.48,334.87,334.57,334.95,336.28,341.97,347.59,351.27,355.14,358.63,362.25,367.29,371.95,376.72,382.30,386.50,389.30,393.24,397.80,399.98,400.17,399.65,402.93,406.93,410.27,413.46,417.09,420.25,423.59,426.90,429.88,432.35,434.39,434.22,432.93,430.64,432.63,439.12,442.49,444.24,445.04,445.75,447.43,450.25,455.41,459.57,461.93,463.48,464.56,464.33,464.36,466.08,469.56,474.47,479.74,484.28,488.66,494.42,500.50,506.34,512.53,518.85,523.97,528.38,533.58,539.28,543.85,548.25,552.88,557.35,561.37,563.92,572.62,585.04,599.81,614.66,627.55,644.12,660.72,676.17,689.79,706.09,724.60,740.53,755.26,767.86,776.95,780.20,781.38,778.60,774.45,772.19,771.00,770.98,770.52,772.23,779.34,784.82,783.91,778.39,772.16,766.69,761.63,757.86,756.25,757.43,759.16,759.47,759.39,748.08,732.42,714.50,705.91,718.84,735.74,748.06,752.07,750.47,751.37,752.68,752.62,748.91,759.13,770.04,781.53,790.26,802.27,814.60,825.52,834.38,842.40,846.97,847.84,844.84,845.11,834.97,821.72,806.89,792.94,778.16
55.40,57.42,47.61,45.14,39.57,37.97,36.86,37.25,38.20,39.13,42.61,51.51,57.56,64.71,74.54,82.49,81.88,80.49,81.88,84.13,85.94,87.02,88.84,90.69,92.72,95.24,97.63,100.97,110.47,119.05,127.00,133.87,139.80,147.25,156.14,163.12,165.84,166.26,167.37,168.63,169.83,171.05,172.22,173.28,174.62,176.65,178.45,179.65,180.34,180.81,181.09,181.52,182.17,182.87,183.67,184.57,185.13,184.29,183.07,181.79,180.37,179.10,180.06,180.82,180.98,182.53,184.37,186.43,188.55,191.14,195.07,199.20,201.44,203.17,205.24,207.59,209.97,211.80,210.01,205.92,204.97,210.68,219.31,224.39,228.78,231.42,232.83,234.49,235.85,237.63,240.55,243.60,246.62,249.25,251.03,252.62,255.28,258.27,261.35,266.24,272.14,278.62,290.26,300.72,307.48,309.95,310.51,310.33,310.32,311.12,311.57,316.11,322.53,324.77,324.63,327.22,337.09,342.22,342.37,341.94,340.02,342.76,350.81,355.82,360.40,363.85,366.75,371.10,375.58,379.51,384.26,389.62,394.38,399.48,405.44,409.87,409.99,405.84,404.28,408.47,412.26,415.52,418.81,422.32,425.80,429.33,432.56,435.33,437.81,439.38,439.35,435.99,434.83,440.71,444.40,447.16,448.38,449.46,451.17,453.13,457.23,462.24,465.62,467.50,468.39,468.13,468.32,469.41,471.70,476.28,481.46,486.25,491.37,498.57,504.32,509.21,513.54,519.08,524.58,529.98,536.03,541.66,546.22,550.97,556.15,561.13,565.76,568.33,571.42,581.11,594.24,609.14,622.58,637.31,654.88,670.35,684.20,699.54,716.94,734.22,748.75,763.91,779.24,787.79,792.53,792.02,786.93,784.69,783.65,783.08,782.31,783.93,788.63,789.53,785.57,779.36,773.07,767.43,762.66,758.83,757.25,756.43,755.94,755.17,753.71,745.47,732.78,716.52,718.67,732.80,746.55,759.22,765.14,763.40,765.34,766.56,766.11,762.21,768.53,777.36,785.20,795.43,806.73,819.83,833.25,844.11,853.52,860.90,861.71,857.08,855.50,846.80,834.67,819.90,804.90,792.38
50.72,50.09,41.97,38.83,37.45,36.37,36.28,37.67,38.81,40.57,48.37,54.96,60.50,67.47,74.61,75.76,74.21,75.71,78.31,81.12,83.43,86.61,89.59,92.27,94.70,96.76,99.29,105.33,114.42,122.35,129.21,133.87,138.71,144.59,151.96,162.64,170.59,170.48,170.38,170.88,171.49,172.66,173.89,174.98,176.25,178.24,180.11,180.91,181.43,181.92,182.27,182.70,183.35,183.99,184.66,185.38,186.00,185.08,183.80,182.56,181.39,181.09,182.28,182.63,181.87,183.11,184.76,186.81,188.81,192.39,197.21,200.46,202.43,204.34,206.05,207.39,209.38,212.58,213.97,212.24,209.28,207.12,212.37,222.43,229.03,233.18,236.19,238.51,239.64,240.81,242.94,245.80,249.00,252.14,254.30,255.94,258.36,261.87,264.80,268.48,274.04,281.00,291.71,301.88,310.23,312.39,313.19,313.35,314.21,315.80,318.96,324.89,330.48,332.45,331.56,332.01,339.64,344.20,346.63,347.64,347.06,347.64,353.33,358.93,363.25,367.09,370.78,374.90,379.35,382.70,386.29,391.95,398.68,404.23,410.70,417.18,418.93,413.95,408.41,409.94,413.50,417.14,420.42,424.65,428.16,431.15,434.33,437.61,440.60,442.69,443.85,441.07,437.58,442.13,446.49,449.84,451.54,452.76,454.50,456.67,459.12,463.91,468.70,471.41,472.38,472.42,472.92,474.03,476.34,479.89,484.71,489.66,496.46,503.79,509.82,515.51,519.49,522.66,526.87,531.84,537.46,543.01,548.10,553.79,559.33,564.60,569.77,574.24,577.21,579.44,590.17,602.67,617.57,631.34,647.71,664.35,677.90,693.06,708.43,726.83,742.63,756.69,773.77,788.55,800.52,803.30,799.88,797.02,795.63,794.36,793.80,795.80,796.89,794.69,789.30,782.42,775.83,769.69,765.49,762.08,759.76,757.51,754.50,751.70,745.47,738.03,729.73,721.10,729.94,743.02,757.01,770.76,778.30,778.69,779.66,779.58,779.05,776.35,777.89,786.21,792.50,801.11,813.23,826.68,841.62,854.17,863.92,871.00,872.18,867.72,867.39,860.84,848.59,832.51,818.53,805.94
41.41,40.89,38.01,36.30,35.05,35.28,37.09,38.50,40.32,46.38,53.30,58.16,61.25,64.30,67.90,69.35,71.08,74.25,77.56,80.80,83.69,86.64,89.46,92.52,95.74,98.16,102.14,110.94,120.89,127.51,132.10,135.39,138.98,144.33,151.06,162.77,173.78,173.81,172.66,172.70,173.12,174.09,175.16,176.38,177.75,179.56,181.01,181.91,182.47,182.96,183.40,183.87,184.51,185.17,185.81,186.44,186.98,186.60,185.69,184.75,183.95,184.10,184.84,184.08,182.82,184.03,185.28,186.99,188.89,193.28,199.39,201.95,203.89,205.85,207.75,209.08,209.93,212.12,215.22,217.10,216.69,212.05,209.19,215.79,224.57,231.14,234.95,239.85,242.03,243.79,245.56,248.00,251.00,254.58,257.48,259.73,261.94,265.56,268.58,272.12,277.66,285.50,294.11,302.73,310.45,313.21,315.31,316.49,317.52,319.80,325.25,332.87,339.70,339.68,338.93,336.21,340.34,345.69,349.52,351.70,353.39,356.36,358.93,362.54,366.44,370.15,374.62,378.77,382.43,385.76,388.94,394.22,402.32,409.10,415.60,420.75,422.39,420.47,414.90,411.87,415.46,419.47,423.20,427.52,430.86,433.22,435.97,439.09,442.54,445.59,447.65,447.60,442.39,443.16,448.36,452.43,454.90,456.14,457.56,459.75,462.34,466.99,472.22,475.31,476.52,477.18,478.24,479.16,482.27,487.86,492.69,496.01,500.71,508.12,515.06,521.01,526.02,530.53,532.69,536.61,542.14,546.89,550.26,556.37,562.56,567.99,573.42,578.79,583.36,583.17,588.01,598.53,610.70,626.00,640.31,656.95,669.83,684.89,701.25,718.24,735.07,750.25,765.42,783.74,799.09,809.32,811.70,809.47,807.89,806.19,805.44,805.72,804.70,800.75,794.77,788.42,781.50,775.15,770.40,767.42,764.60,760.57,756.87,753.45,746.35,739.70,735.21,728.60,735.69,751.15,765.94,779.96,789.83,792.41,794.25,795.14,794.52,791.05,788.38,795.75,803.25,810.97,820.92,834.57,848.75,861.58,871.91,879.96,880.89,877.34,877.85,872.58,860.33,843.47,829.51,816.02
34.95,36.66,34.94,33.61,34.27,36.46,38.63,40.63,45.03,51.21,56.59,60.34,62.23,63.98,65.87,68.72,72.18,75.73,79.38,81.96,85.19,88.07,91.01,93.72,96.49,99.00,105.32,115.63,125.04,131.33,135.03,138.36,141.55,145.66,152.66,165.95,174.98,175.27,174.54,174.47,174.76,175.22,175.87,177.05,178.67,180.33,181.56,182.59,183.47,184.05,184.51,185.02,185.63,186.22,186.83,187.43,187.92,188.21,188.12,187.35,186.90,187.30,187.34,185.57,183.85,184.98,186.22,187.42,189.27,195.41,200.88,203.07,205.18,207.26,209.29,211.07,211.58,212.46,214.52,217.48,220.32,219.77,216.00,215.01,216.45,221.81,227.65,232.94,239.03,242.66,245.75,249.13,253.30,257.54,260.95,265.11,268.38,271.71,274.31,276.63,282.44,290.90,298.82,304.74,310.51,313.33,315.93,318.34,320.75,325.50,332.24,340.05,345.65,346.10,344.44,340.44,340.13,345.48,351.00,354.50,357.78,361.28,363.89,366.69,370.91,375.39,378.83,382.01,385.04,388.55,392.67,396.97,405.40,414.40,419.91,422.45,424.58,423.80,421.08,417.24,417.57,421.69,425.88,429.88,432.77,435.25,437.79,440.88,444.42,447.77,450.81,452.70,450.94,446.52,449.32,454.67,457.95,459.60,460.92,462.45,464.30,467.80,474.78,479.51,480.67,481.92,483.28,485.40,490.52,497.04,501.38,503.46,505.12,510.90,519.52,526.06,530.92,536.51,539.49,542.91,550.18,556.69,559.45,560.33,565.51,571.18,576.83,582.33,587.21,591.27,590.83,595.17,604.39,617.94,632.80,646.56,659.93,676.19,692.38,710.87,726.39,743.34,758.54,774.79,793.07,807.81,818.04,820.08,818.41,817.84,818.07,817.10,813.83,808.45,802.25,795.81,789.30,783.60,779.00,774.90,772.00,768.18,762.69,757.66,751.37,748.20,744.40,737.53,739.67,756.33,770.90,786.86,801.80,810.86,813.30,814.17,811.84,806.63,800.84,806.84,816.62,827.29,832.03,842.63,855.92,869.66,882.08,889.54,890.59,885.83,887.23,882.04,869.13,852.61,837.80,828.07
33.00,33.13,32.16,33.28,35.50,37.71,39.65,42.68,46.38,51.62,59.26,61.65,63.46,65.30,67.21,69.77,73.64,77.23,80.31,83.25,86.12,89.05,92.13,95.04,97.65,101.44,110.08,119.28,127.63,133.48,137.76,141.38,144.82,148.33,155.08,168.44,175.28,175.92,175.70,175.67,175.87,176.09,176.60,177.57,179.02,180.41,181.85,183.11,184.18,185.05,185.59,186.07,186.58,187.17,187.75,188.32,188.79,189.06,189.39,189.56,189.75,189.97,189.19,187.15,184.85,186.05,187.35,188.44,190.03,197.44,201.39,203.49,205.75,208.02,210.25,212.33,213.31,213.73,214.96,216.71,219.38,223.06,223.62,223.44,221.92,222.09,222.69,227.32,233.05,239.22,243.73,249.96,257.13,262.90,267.65,272.38,276.64,279.87,281.28,282.67,288.53,296.09,302.09,306.42,310.52,313.36,316.11,318.94,325.04,331.83,338.98,345.51,350.10,350.84,348.63,344.62,343.23,344.80,349.56,353.91,358.62,362.17,365.91,370.15,376.61,381.07,384.06,386.65,388.20,391.70,397.15,401.16,408.76,418.28,422.20,424.13,426.29,427.62,426.53,424.09,420.82,423.09,427.27,431.09,434.04,436.88,439.71,443.46,447.02,450.25,453.48,456.42,457.54,453.76,451.01,456.82,461.13,462.91,464.72,466.21,467.29,468.27,476.80,483.24,484.98,486.60,488.06,491.10,498.28,505.19,509.25,510.84,513.11,517.20,522.04,529.77,537.19,543.50,546.77,549.28,556.40,564.63,569.98,571.71,573.40,575.95,579.97,585.83,591.00,596.12,599.74,598.74,602.00,612.13,624.66,636.71,651.30,668.63,685.03,702.69,717.81,734.66,751.33,766.51,783.86,801.55,816.49,826.81,830.37,830.93,831.13,829.22,825.54,818.50,810.79,804.09,797.96,791.86,786.63,782.93,779.96,776.48,771.91,765.58,758.67,754.28,751.28,746.24,744.41,758.72,774.29,791.83,809.32,826.41,832.06,831.37,827.10,820.83,814.13,819.05,827.80,839.72,846.81,852.55,864.80,880.79,892.77,899.61,903.49,898.13,895.83,889.76,875.97,862.77,850.08,838.94
30.63,30.58,32.28,34.15,35.70,36.86,38.38,41.39,46.08,52.31,60.60,62.84,64.79,66.71,68.38,71.03,76.36,80.18,81.85,84.00,86.40,89.10,92.48,96.42,99.81,107.37,115.96,123.28,130.25,135.61,140.33,144.43,148.17,151.83,158.11,170.52,175.43,176.35,176.65,176.64,176.72,176.95,177.42,178.02,179.02,180.37,181.81,183.28,184.64,185.76,186.63,187.15,187.62,188.11,188.68,189.24,189.64,189.97,190.36,190.91,191.33,191.53,190.62,188.56,185.96,187.13,188.67,189.76,192.94,198.63,201.71,203.73,205.94,208.14,210.35,212.61,214.61,215.31,216.13,217.63,219.30,222.28,225.99,228.63,229.96,230.99,230.49,232.23,237.02,240.70,245.21,252.44,260.72,268.03,274.45,280.12,283.09,285.77,287.30,288.82,293.16,298.68,302.09,305.69,309.01,311.45,315.16,319.15,327.47,337.38,343.54,349.16,352.09,352.82,350.96,348.43,347.65,348.07,349.48,352.56,357.49,362.54,367.14,372.78,380.21,384.63,388.34,391.29,392.76,396.17,401.53,405.81,411.28,419.64,423.79,426.29,428.13,430.36,431.56,431.06,428.69,427.31,428.72,431.92,434.88,438.10,441.91,446.25,450.14,453.07,456.38,459.45,461.70,462.07,458.88,458.74,463.03,466.18,468.35,469.92,470.78,471.75,477.99,485.81,489.01,490.66,492.40,496.84,504.61,512.57,517.99,520.82,524.23,529.31,532.87,534.30,540.98,551.20,555.95,557.74,562.44,572.00,581.08,584.79,585.24,585.84,587.49,590.83,595.18,600.35,605.53,607.97,607.67,610.44,619.94,631.02,643.47,661.72,678.27,694.37,710.33,726.05,743.19,759.50,775.09,792.13,808.67,825.04,836.29,842.59,846.17,845.85,838.28,830.12,821.36,814.44,807.74,800.65,794.37,790.16,787.73,785.21,781.39,776.68,768.59,761.73,759.76,754.84,751.28,761.83,777.23,794.76,811.26,831.77,847.14,848.84,844.65,836.20,828.44,828.45,837.00,849.51,863.69,868.51,875.48,890.78,901.89,910.39,917.40,915.07,907.09,896.51,885.22,873.77,861.71,849.33
29.25,30.54,31.20,32.45,33.70,35.46,38.45,42.82,48.19,55.27,60.96,63.18,65.39,67.63,69.95,73.48,78.25,81.46,83.49,85.51,87.66,90.22,94.09,97.99,105.46,115.13,122.16,127.72,133.49,138.80,143.10,147.07,151.27,155.77,162.53,172.33,175.50,176.27,176.99,177.50,177.65,177.81,178.20,178.80,179.41,180.65,182.15,183.64,185.12,186.32,187.37,188.19,188.73,189.21,189.67,190.21,190.74,191.20,191.65,192.25,192.72,192.67,191.37,189.90,187.25,188.46,191.32,194.23,198.23,200.84,203.17,205.20,206.56,208.25,210.63,212.95,215.26,216.88,217.52,218.63,220.35,222.13,224.68,228.20,230.79,233.08,235.80,238.89,243.40,248.72,253.39,256.24,261.64,269.65,276.34,281.87,286.27,289.99,291.60,293.03,296.45,300.34,302.74,305.18,307.51,309.81,314.14,319.57,329.08,340.68,346.11,350.72,354.01,354.57,352.72,351.51,352.00,352.95,354.68,355.87,357.42,361.48,368.42,374.78,381.30,387.50,391.25,394.08,396.84,400.12,404.97,410.00,416.24,421.79,425.56,428.64,431.04,433.38,435.21,436.24,436.06,433.89,433.86,435.79,436.96,439.50,443.95,448.52,452.24,455.50,458.86,462.00,464.43,466.09,465.87,464.47,463.81,468.14,471.82,473.47,474.20,475.64,481.49,489.35,492.42,494.07,495.73,499.78,508.25,517.40,524.50,528.78,532.38,537.61,543.38,546.29,546.87,552.23,564.32,568.41,570.00,578.92,590.90,595.68,598.46,598.36,599.90,601.21,602.87,606.36,610.86,614.50,616.91,615.24,619.94,628.68,639.19,656.01,670.99,687.55,703.26,718.72,735.81,752.70,767.91,783.65,800.73,818.16,833.37,847.24,856.79,860.33,852.39,841.92,833.65,825.61,818.57,810.73,803.34,798.71,796.66,794.34,791.84,788.81,780.89,772.77,769.63,764.64,758.58,764.04,779.34,797.20,812.82,832.41,852.19,864.19,863.20,853.72,843.87,840.47,846.46,859.51,873.63,883.64,886.29,898.59,910.60,920.67,927.64,930.08,921.74,909.51,897.18,885.20,873.53,860.71
28.93,29.77,29.73,30.61,32.52,35.38,38.51,43.08,49.80,57.73,61.98,63.79,65.88,68.17,70.87,75.23,79.27,81.83,83.86,85.98,88.01,90.49,95.11,100.94,111.64,120.03,126.43,131.63,136.85,141.57,145.56,149.80,154.38,159.19,167.97,174.19,175.62,176.32,177.03,177.73,178.32,178.66,178.91,179.49,180.22,181.29,182.72,184.21,185.63,186.84,187.99,189.01,189.82,190.40,190.95,191.46,192.01,192.51,193.03,193.57,194.09,193.16,191.51,190.07,188.07,190.41,194.97,199.12,202.09,204.16,206.47,208.43,209.37,209.77,211.33,213.65,215.96,218.01,218.99,220.01,222.13,224.39,226.04,227.11,228.93,231.79,237.14,245.22,252.73,258.73,262.32,263.08,264.78,267.96,272.96,279.21,285.60,290.99,293.94,296.29,298.98,301.73,304.35,306.84,309.04,311.58,315.63,321.38,331.26,342.53,348.67,353.30,356.70,356.18,354.59,354.82,356.32,357.75,359.75,361.32,361.97,362.32,368.79,375.29,382.99,391.51,395.00,397.20,399.25,403.39,408.50,414.92,421.39,425.33,428.42,431.57,434.81,437.29,438.82,440.48,442.22,440.44,439.83,441.74,441.89,442.37,445.40,450.03,453.77,457.27,460.74,464.21,467.23,469.59,471.61,471.83,470.67,469.05,471.77,476.80,478.50,478.30,483.83,491.94,495.78,497.56,498.62,502.94,511.56,520.13,528.65,533.92,538.13,545.81,553.58,558.23,559.39,559.77,566.86,577.93,580.07,583.88,594.35,603.22,609.90,613.42,614.06,613.99,614.08,614.39,616.57,619.63,623.61,625.56,624.13,628.29,637.22,651.52,665.77,681.89,697.29,710.96,729.46,745.14,760.83,777.02,793.26,810.04,826.46,840.48,854.87,866.79,865.20,854.41,844.23,836.02,827.97,820.65,813.65,808.77,806.31,804.52,802.63,799.98,793.98,786.52,780.94,773.96,768.61,768.48,779.93,798.93,814.43,832.33,849.98,867.81,875.74,871.58,862.51,855.85,857.41,868.21,881.49,895.98,902.10,908.07,920.79,929.46,938.09,943.48,936.57,924.51,912.54,898.48,887.16,874.75
28.57,29.02,29.26,29.94,32.32,35.64,39.24,43.69,49.40,56.82,62.86,65.85,66.99,69.12,72.17,75.45,78.66,81.17,83.32,85.61,87.87,90.41,96.13,105.03,115.44,123.13,129.78,134.75,139.39,143.20,146.77,151.34,157.56,164.17,171.81,175.21,175.88,176.53,177.21,177.90,178.52,179.04,179.51,180.15,181.16,182.15,183.32,184.77,186.08,187.31,188.51,189.66,190.97,191.78,192.33,192.81,193.32,193.82,194.36,194.94,195.29,193.67,191.54,189.70,189.30,193.09,197.89,201.33,203.94,206.70,209.45,211.11,211.91,212.35,213.08,214.53,216.69,218.92,220.76,222.80,224.97,227.30,229.51,231.15,231.96,234.40,241.44,252.78,262.83,269.28,271.21,269.29,271.48,274.52,273.66,276.26,283.60,290.22,293.72,297.22,300.33,303.09,305.81,308.48,311.42,314.84,318.67,325.20,336.34,345.54,352.87,358.06,359.23,358.04,356.78,358.13,360.06,361.79,363.58,365.34,366.22,365.50,368.79,374.84,382.63,394.38,399.49,400.80,402.05,405.71,411.38,418.95,426.07,429.98,432.22,435.15,438.53,441.45,443.30,445.41,447.56,447.80,447.85,447.36,446.79,447.68,448.82,451.32,454.99,458.75,462.60,466.31,469.82,473.12,476.34,478.04,478.83,476.48,471.81,477.82,482.64,482.42,485.26,493.85,499.58,500.86,502.81,508.09,515.67,523.70,531.89,537.96,543.20,552.02,561.76,568.17,570.50,570.34,572.38,580.16,587.93,590.01,595.92,607.07,617.65,626.37,628.91,628.35,625.18,624.12,624.22,626.11,629.24,633.83,633.79,631.08,637.09,648.08,662.09,677.39,692.81,705.62,723.59,738.19,753.77,770.29,786.80,802.89,818.22,833.06,847.57,863.40,873.50,868.28,857.37,847.05,838.81,831.27,824.94,820.56,817.93,816.49,815.06,811.57,806.02,799.26,791.65,782.00,778.81,777.54,779.85,799.30,816.40,833.58,849.68,868.07,881.96,886.11,879.61,872.81,871.93,878.50,892.26,908.60,920.44,924.04,930.35,940.03,948.70,955.09,950.82,939.35,927.25,915.13,903.43,889.62
28.40,28.96,29.30,29.74,30.80,34.40,38.71,43.61,49.63,57.88,64.15,68.38,70.12,70.50,72.31,74.90,77.72,80.48,82.71,85.10,87.52,90.60,97.26,107.99,117.87,125.76,132.27,137.44,141.61,144.93,148.30,153.62,160.87,168.53,173.84,175.74,176.35,176.85,177.43,178.11,178.69,179.18,179.69,180.60,181.82,182.96,184.08,185.33,186.55,187.75,188.96,190.19,191.63,192.94,193.69,194.19,194.67,195.19,195.73,196.28,196.34,194.23,191.82,189.79,191.18,196.03,200.33,202.80,205.37,208.20,210.83,212.84,214.02,214.92,215.82,216.65,217.77,220.25,223.11,225.62,227.99,231.92,236.62,238.47,239.18,239.44,245.67,257.81,269.98,276.95,278.51,274.79,277.29,282.61,282.52,279.72,281.16,286.67,290.38,293.53,299.54,303.46,306.89,309.98,313.24,316.96,321.86,330.94,342.35,348.71,355.83,360.25,360.49,359.74,359.50,360.96,362.81,364.80,366.89,369.07,370.51,369.55,370.00,375.11,381.68,395.37,402.06,403.70,404.97,406.79,411.09,418.95,428.15,433.36,436.26,438.87,442.33,445.59,447.90,450.70,453.75,455.83,456.24,454.10,452.60,453.92,454.85,455.63,456.93,459.76,463.62,467.80,471.76,475.60,479.46,482.56,483.80,482.00,476.08,479.22,485.83,488.30,488.00,494.35,502.01,504.50,506.84,512.57,520.24,527.26,535.14,542.82,548.20,556.03,566.75,575.65,581.55,582.88,583.15,585.59,591.89,597.50,601.95,609.71,620.71,631.53,638.80,642.16,640.16,637.28,635.16,634.91,637.11,641.29,643.66,638.93,639.01,646.50,658.56,673.37,687.30,701.05,717.13,732.90,746.89,763.72,779.26,795.78,811.01,828.09,841.18,858.34,874.11,879.37,872.03,861.34,851.55,844.25,838.38,834.34,830.86,829.02,826.81,823.21,819.08,811.61,799.51,794.69,792.59,787.52,784.20,799.05,819.66,836.07,851.96,869.67,885.74,896.86,893.41,886.83,885.81,890.64,902.08,918.14,934.10,942.11,944.95,950.42,959.85,968.23,966.15,953.90,943.73,934.08,919.71,901.08
28.97,29.62,30.15,30.80,32.38,34.75,38.28,42.89,49.93,59.15,65.70,70.82,75.33,72.84,71.82,74.42,77.06,79.69,82.38,85.06,87.71,91.28,98.07,109.13,119.12,127.89,134.77,140.43,144.47,147.43,150.85,156.70,163.96,171.24,175.11,176.19,176.76,177.24,177.72,178.24,178.81,179.29,179.76,180.72,181.95,183.18,184.43,185.66,186.86,188.09,189.27,190.60,192.06,193.54,194.90,195.58,196.09,196.56,197.05,197.63,197.70,195.47,192.96,191.88,193.47,197.70,201.47,203.80,206.21,208.66,211.03,213.21,215.39,217.00,218.23,219.50,219.98,222.01,225.11,228.04,233.01,240.13,242.83,242.92,242.68,243.73,249.74,262.34,274.25,281.82,283.16,278.87,280.93,287.79,290.07,286.85,284.21,285.23,286.42,288.86,294.92,301.61,306.03,310.31,314.37,318.36,323.97,333.38,343.33,349.45,355.79,359.90,360.41,360.50,360.99,363.00,365.10,367.30,369.63,372.26,374.28,374.95,376.31,380.11,384.61,396.49,402.54,405.34,407.50,409.22,412.88,419.48,429.73,435.13,439.13,442.98,446.88,450.09,452.89,456.56,461.10,465.71,468.16,464.40,461.51,461.77,461.79,461.94,462.18,463.44,464.94,468.43,472.84,476.95,480.94,485.16,487.82,484.07,479.66,484.85,488.98,492.44,492.20,494.61,501.94,507.56,510.48,517.65,525.61,532.28,539.59,547.80,554.85,560.27,569.02,579.14,588.34,593.18,593.08,594.25,596.85,603.73,611.62,617.40,625.53,636.03,643.75,650.01,651.98,650.41,648.17,647.72,649.87,653.21,655.25,651.47,645.79,647.42,656.21,669.12,682.07,695.65,711.20,726.50,741.31,757.26,770.92,788.26,804.96,823.36,837.34,853.20,869.21,882.08,883.34,873.90,864.34,856.70,851.86,849.62,844.90,843.26,842.12,839.11,832.86,822.64,810.00,811.32,806.62,799.32,793.64,800.11,822.08,839.05,855.83,872.10,889.87,904.42,909.77,904.09,901.15,904.96,913.74,926.96,944.14,955.42,959.91,964.30,972.16,981.43,980.85,968.98,956.11,941.39,923.63,905.37
29.83,30.26,31.84,32.41,33.28,35.36,37.79,41.84,49.99,59.77,66.43,72.09,75.47,73.79,71.32,73.80,76.22,79.38,82.44,85.35,88.22,92.25,98.38,108.95,119.91,129.76,136.89,143.58,148.23,150.94,154.58,159.78,166.63,173.15,175.55,176.01,176.25,176.69,177.12,177.80,178.64,179.33,179.89,180.90,182.14,183.38,184.61,185.84,187.06,188.25,189.46,190.86,192.34,193.93,195.63,196.91,197.49,197.97,198.33,198.97,199.12,197.53,196.44,196.65,197.88,199.68,201.95,204.04,205.77,208.19,211.23,213.57,215.88,218.09,219.92,222.04,223.44,224.90,227.44,231.22,238.59,245.17,247.23,246.80,245.76,247.52,255.69,267.05,278.78,285.63,287.76,284.59,284.26,289.52,293.06,291.85,292.67,292.27,289.87,290.27,293.49,299.61,304.67,309.30,314.38,319.18,324.79,331.98,341.84,349.29,354.36,357.68,359.62,360.51,361.92,363.90,366.78,369.41,372.18,375.31,377.97,380.53,383.14,385.88,388.60,396.90,402.38,405.23,408.22,411.53,415.92,422.04,432.21,438.13,442.76,447.39,451.40,454.86,458.35,465.33,471.91,478.22,480.48,476.15,473.66,471.87,469.86,469.03,469.72,470.23,469.33,469.83,473.69,478.99,482.78,487.01,490.92,487.92,488.31,490.88,492.09,494.75,496.48,496.50,501.44,510.58,515.10,521.92,530.37,537.24,544.28,552.30,560.74,567.13,573.68,582.24,591.94,599.36,602.89,603.82,605.25,610.84,621.07,627.39,631.86,641.24,650.68,657.89,661.77,661.88,660.24,661.67,664.90,667.75,667.70,663.95,657.49,653.25,656.49,665.19,677.39,691.30,706.51,720.56,736.61,751.90,764.33,781.59,798.90,817.24,833.05,847.03,862.81,877.46,889.34,887.68,877.37,869.66,866.60,864.18,860.14,858.01,856.30,852.49,844.25,832.93,825.00,827.04,819.81,810.65,805.16,802.92,823.79,842.55,859.73,875.52,893.55,911.82,926.02,925.95,923.19,923.41,926.80,936.47,951.71,965.19,974.03,980.54,986.18,994.53,992.85,978.92,962.16,943.08,925.47,908.48
31.60,31.69,33.18,34.21,34.74,35.76,37.87,40.69,48.78,57.50,63.65,68.73,70.09,70.48,70.55,72.60,76.12,80.00,83.09,85.98,88.90,93.12,98.29,107.74,119.93,131.25,139.61,147.63,151.93,154.35,157.59,162.81,169.34,174.41,175.26,175.19,175.38,175.82,176.41,177.28,178.13,178.99,179.84,180.97,182.20,183.44,184.69,185.97,187.20,188.44,189.68,191.18,192.83,194.53,196.36,198.00,198.83,199.42,199.74,200.63,201.75,201.39,201.79,203.17,205.47,207.11,208.17,208.93,208.98,208.96,211.24,213.69,216.18,218.67,221.43,224.05,226.39,228.34,230.68,234.81,241.81,249.38,251.03,250.04,248.56,252.20,264.49,274.68,284.88,289.96,291.43,290.21,289.13,292.37,295.72,294.43,297.07,299.96,299.69,300.52,303.64,303.25,304.73,310.05,314.58,318.98,324.26,330.41,339.39,346.54,351.05,353.41,356.31,359.56,362.24,364.59,367.47,370.70,374.49,378.03,381.03,384.13,387.61,390.88,393.82,398.96,402.06,404.55,407.22,410.16,416.12,423.69,432.25,441.04,447.18,451.69,455.18,459.31,467.25,477.24,483.88,491.94,493.51,489.81,486.15,481.82,477.41,476.97,478.08,478.53,478.47,477.93,477.31,480.83,484.76,488.39,492.88,495.06,494.94,494.41,495.30,497.12,499.64,501.13,501.73,511.07,517.82,524.15,532.78,540.79,547.71,555.68,565.49,574.54,581.11,588.71,595.64,604.03,611.86,614.28,615.65,618.53,628.21,636.38,640.59,647.49,658.31,665.40,670.06,671.21,670.55,672.15,675.98,680.07,680.25,677.00,671.03,664.45,661.02,665.28,674.42,687.88,701.92,716.68,732.18,747.94,759.74,777.69,793.63,809.33,826.91,840.71,855.27,870.85,884.65,893.12,889.63,883.39,880.79,878.30,874.81,873.49,872.56,866.56,856.31,845.63,842.53,844.50,834.79,822.62,816.21,809.46,826.74,846.11,862.44,878.24,896.05,917.41,934.78,942.13,942.50,940.42,941.05,947.66,959.49,973.75,985.38,993.49,999.22,1006.25,1001.93,984.38,967.50,947.62,929.88,913.30
33.20,34.00,34.98,35.94,36.50,37.05,38.06,40.09,46.73,55.48,61.77,64.42,66.15,67.59,69.07,71.80,75.98,80.15,83.40,86.57,89.86,93.94,98.38,106.61,119.74,133.62,143.66,150.90,154.75,157.45,160.95,166.75,171.63,174.16,174.04,173.88,174.20,174.97,175.89,176.76,177.68,178.64,179.63,180.79,181.97,183.16,184.54,185.95,187.33,188.61,189.91,191.70,193.44,195.16,197.08,198.91,200.10,200.96,201.57,202.49,204.79,206.96,208.90,211.45,213.29,213.72,213.44,213.07,212.29,211.10,211.35,213.42,215.95,218.56,221.69,225.53,228.70,231.09,233.78,237.60,244.60,251.05,253.45,253.71,253.98,261.60,273.37,283.43,289.80,291.89,293.34,292.81,292.96,297.10,298.74,296.92,299.31,302.79,304.97,307.56,310.71,310.50,308.65,310.99,315.56,319.82,324.41,329.95,336.85,342.32,346.44,349.51,354.10,359.00,362.49,366.03,368.83,371.22,374.77,379.49,383.16,386.67,390.29,393.69,397.04,400.56,402.98,405.50,407.84,410.32,415.47,422.15,428.83,439.61,449.64,455.96,459.36,464.94,478.93,491.50,499.61,504.38,506.93,505.58,501.25,494.67,488.87,486.10,486.18,486.27,486.13,485.42,484.18,483.94,486.82,490.56,494.52,498.81,499.96,497.75,498.82,499.96,502.27,505.17,505.91,511.72,520.95,526.33,533.80,542.70,549.83,557.49,567.79,579.91,589.05,595.91,602.11,609.97,617.50,621.93,625.04,629.14,635.74,644.13,649.37,655.94,664.54,671.75,677.09,679.68,681.02,682.34,686.00,690.93,692.18,690.52,685.56,678.70,673.39,670.79,674.97,685.64,697.45,711.82,727.26,742.99,754.88,770.81,787.69,801.41,818.90,834.02,848.25,864.02,878.87,890.89,897.74,896.22,895.22,893.00,890.57,888.62,886.24,880.33,870.54,860.55,860.62,860.78,849.37,835.86,826.99,818.38,829.13,848.85,865.25,881.39,899.34,920.86,938.50,952.75,959.34,957.54,956.27,961.61,971.12,984.35,996.90,1006.83,1014.70,1017.70,1008.57,988.96,971.15,951.44,933.06,916.43
33.30,35.56,36.87,37.62,38.24,38.81,39.63,42.88,51.15,61.87,67.92,70.89,72.30,72.86,74.06,76.85,80.32,82.58,84.31,86.76,90.00,94.49,99.45,108.04,121.64,136.98,147.68,153.38,157.47,161.12,166.03,170.50,172.61,172.06,171.84,172.17,173.01,174.27,175.40,176.36,177.25,178.21,179.28,180.38,181.57,182.95,184.40,185.81,187.20,188.61,190.12,192.03,193.98,195.87,197.83,199.90,201.58,202.51,203.29,204.02,205.75,209.11,214.06,218.15,219.15,218.78,217.59,216.38,215.02,213.59,212.68,213.94,215.87,218.21,221.40,225.82,230.09,233.25,236.18,239.42,245.89,251.41,254.45,257.26,260.19,268.95,281.22,289.13,291.58,293.17,294.75,295.49,295.62,299.43,300.89,299.33,301.67,304.92,307.81,310.39,313.15,314.15,312.98,312.53,316.60,321.46,326.22,330.58,335.73,340.71,345.27,349.88,354.34,358.91,363.13,367.35,371.45,374.32,376.72,378.92,382.31,386.81,391.42,395.69,398.99,401.67,404.26,406.84,409.49,413.52,418.36,422.76,427.12,435.03,447.21,458.73,464.18,470.90,486.22,499.92,506.50,510.87,513.11,514.70,512.94,508.23,504.11,499.19,495.38,493.80,493.31,492.10,490.96,489.79,489.98,493.03,497.39,501.04,502.94,501.36,502.58,502.52,504.93,508.15,510.54,512.80,521.85,527.19,533.82,542.69,550.73,558.15,567.68,580.44,592.88,602.33,610.10,615.78,622.83,628.40,633.42,639.29,644.92,652.19,657.81,662.79,670.58,678.51,684.87,688.73,690.97,692.77,696.82,702.40,705.50,705.22,701.31,694.46,688.67,683.70,680.93,684.81,694.51,707.20,721.30,735.54,749.19,764.20,779.71,794.87,810.72,827.42,843.01,858.66,873.82,887.12,900.36,909.34,912.02,909.62,907.56,905.36,900.20,891.72,883.53,876.86,879.49,877.24,864.17,848.28,837.33,828.06,833.44,851.67,867.93,884.38,902.01,921.00,939.50,957.50,971.74,975.65,975.34,978.07,984.63,996.68,1008.36,1019.64,1029.33,1025.76,1012.29,991.43,972.41,954.92,935.48,916.05
33.90,36.21,38.18,39.41,42.08,44.99,48.17,54.63,63.65,72.09,77.86,80.67,83.12,83.15,83.98,85.97,88.20,88.95,88.93,89.21,91.11,95.58,101.35,110.88,125.13,142.11,151.02,155.85,160.64,165.60,169.86,171.54,170.79,169.66,169.88,170.83,172.08,173.46,174.72,175.70,176.70,177.78,178.88,179.90,181.27,182.74,184.22,185.71,187.22,188.77,190.45,192.48,194.56,196.57,198.46,200.35,202.17,203.78,204.85,205.58,206.65,208.76,214.23,219.94,221.44,221.53,220.65,219.12,217.49,216.08,214.69,215.05,216.93,218.49,221.06,225.38,229.55,233.06,236.50,240.22,246.41,251.82,255.22,258.38,263.97,275.42,287.15,291.13,292.64,294.23,295.90,297.50,298.13,300.22,302.66,302.38,304.47,307.26,309.97,312.35,315.07,317.42,317.31,315.62,316.60,321.86,326.75,330.99,334.52,338.74,343.32,348.46,352.39,357.16,362.36,367.26,371.79,375.90,379.65,382.72,384.32,386.67,390.57,396.14,400.98,403.06,405.37,407.94,411.03,415.39,419.83,423.86,427.84,433.78,444.08,458.28,466.77,475.14,487.30,499.83,508.04,512.79,516.17,519.40,520.73,519.88,520.02,515.51,506.93,502.20,501.29,498.78,496.00,494.37,495.38,496.63,499.36,503.22,506.29,506.80,507.00,505.74,507.18,510.64,513.68,515.50,522.10,529.19,534.47,541.57,551.32,558.77,567.82,579.24,593.05,606.34,616.40,623.18,630.54,636.59,642.84,649.18,654.05,659.37,663.83,668.04,675.53,684.22,691.91,697.38,700.88,704.72,709.77,715.23,719.62,720.59,717.81,710.97,704.72,698.02,693.23,690.63,694.07,703.95,716.10,729.26,743.27,758.73,772.72,788.35,804.47,821.61,837.51,854.95,869.44,885.56,899.41,914.62,926.48,928.55,925.50,922.00,915.56,906.49,896.22,893.32,896.65,891.80,878.03,862.33,849.54,838.06,840.03,855.21,870.28,886.55,903.78,922.08,940.76,958.73,976.66,989.92,993.83,995.50,1000.37,1009.13,1019.77,1032.90,1041.72,1030.58,1013.58,994.73,975.45,960.12,941.05,920.49
34.96,36.89,39.19,44.80,52.29,57.06,60.95,66.23,72.10,78.71,84.93,87.39,90.69,92.27,93.45,95.60,98.99,100.49,100.83,100.45,99.82,101.25,106.86,116.30,132.78,147.65,153.52,157.73,163.00,168.66,170.63,170.09,168.83,167.83,168.53,169.79,171.11,172.45,173.76,175.09,176.26,177.38,178.44,179.50,180.86,182.41,184.00,185.81,187.57,189.25,191.10,193.14,195.21,197.26,199.23,201.00,202.69,204.39,206.02,207.14,207.96,209.76,213.86,219.07,221.52,223.08,222.88,221.54,220.06,218.48,216.87,216.30,218.15,220.23,222.05,225.10,229.08,233.77,238.42,243.37,249.09,253.87,257.49,260.71,268.43,281.23,290.14,292.34,293.72,295.30,297.11,298.87,300.17,301.57,303.94,305.89,307.64,309.63,311.93,314.28,317.08,319.81,321.06,320.15,318.13,319.85,323.31,326.70,329.10,331.73,338.14,344.14,349.62,357.06,362.74,367.34,371.82,376.08,380.49,385.45,389.43,391.21,391.72,396.94,401.99,405.19,406.75,408.97,412.17,416.12,420.28,425.07,429.98,436.85,445.65,457.42,467.50,476.90,486.14,496.30,505.63,511.81,515.84,519.84,522.89,524.67,525.64,525.42,521.10,515.09,510.38,505.86,501.78,498.96,500.50,502.17,502.25,506.08,509.40,510.75,512.52,509.85,508.62,512.45,516.07,519.06,524.03,531.24,534.94,539.04,549.01,559.50,568.21,578.64,591.34,604.66,618.21,628.05,636.15,642.57,649.34,655.95,661.86,665.95,668.59,672.44,678.71,687.00,695.96,703.79,710.68,717.19,723.05,729.42,735.49,736.68,733.08,725.97,719.94,713.77,707.37,702.79,704.38,705.50,712.73,727.05,742.09,755.77,770.20,784.42,800.83,818.03,834.49,852.38,867.71,885.01,899.35,916.77,931.96,942.15,943.34,939.15,931.14,921.87,912.55,911.85,914.83,905.57,890.11,874.06,861.61,851.24,847.40,858.26,872.44,887.58,904.99,923.76,942.31,959.72,978.44,995.66,1008.60,1013.86,1017.05,1023.56,1033.84,1047.23,1053.23,1037.07,1019.06,1000.97,983.60,967.22,949.05,929.71
36.84,37.73,41.59,51.31,58.20,62.50,66.11,70.81,76.14,82.83,89.75,92.28,94.36,97.22,99.30,101.62,104.59,107.67,110.38,112.50,113.21,113.99,117.77,126.98,140.88,151.08,155.75,160.08,164.87,168.78,169.13,168.32,167.14,166.36,167.44,168.74,170.13,171.53,173.04,174.72,175.91,177.00,178.19,179.36,180.68,182.20,183.88,185.76,187.66,189.52,191.56,193.72,195.80,197.88,199.89,201.54,203.19,204.88,206.56,208.19,209.52,211.02,213.98,217.60,220.46,222.66,224.68,224.53,223.33,221.46,219.31,217.94,219.28,221.89,224.42,225.99,229.58,235.52,241.56,247.58,253.75,259.06,263.95,268.81,276.29,285.63,291.18,293.58,295.35,296.49,298.05,300.00,301.76,303.18,304.85,306.70,308.37,310.47,313.00,315.55,318.17,320.84,323.42,323.94,323.57,323.27,325.92,328.88,331.34,337.18,340.73,343.59,348.64,356.84,363.24,367.80,372.27,376.67,381.33,386.70,391.84,395.09,397.04,400.81,404.20,407.58,409.14,410.87,414.03,417.20,420.86,425.74,431.84,440.36,448.74,458.89,468.11,477.26,485.01,492.82,502.34,510.42,515.41,519.71,523.03,526.39,528.85,530.97,531.04,529.49,526.33,519.45,513.92,508.67,506.52,507.68,507.57,509.74,512.47,515.09,518.71,519.06,512.77,513.42,518.22,521.32,525.24,530.33,537.21,540.60,546.56,558.91,569.17,578.77,589.32,600.85,616.24,627.72,635.18,641.46,648.61,657.10,666.76,671.93,674.02,676.90,681.87,688.55,697.58,706.90,716.59,725.83,734.11,742.41,749.19,751.23,748.59,740.67,734.74,729.50,721.68,716.70,722.11,719.60,717.41,725.47,741.05,756.22,774.08,787.02,801.71,817.30,833.66,850.93,867.58,884.95,900.19,917.78,933.91,950.25,960.49,957.20,948.70,937.63,928.88,929.43,930.55,918.07,901.56,886.33,872.10,863.81,862.47,861.91,873.82,888.87,906.46,924.96,942.84,959.67,978.72,994.65,1013.18,1028.14,1034.63,1040.13,1048.80,1061.53,1064.51,1046.27,1029.18,1011.86,994.84,977.48,958.25,946.01
38.86,38.67,44.39,55.29,61.25,64.68,68.41,73.40,79.24,86.59,92.13,95.37,97.89,100.55,102.63,104.88,107.98,112.10,116.31,120.09,122.91,125.70,130.28,136.44,145.06,152.31,156.92,161.19,163.91,165.71,166.15,166.02,165.36,165.09,166.39,167.80,169.23,170.72,172.38,174.06,175.43,176.66,177.91,179.14,180.44,182.02,183.86,185.72,187.58,189.50,191.66,193.92,196.16,198.38,200.40,202.05,203.69,205.34,207.04,208.74,210.70,212.53,213.89,215.97,218.83,221.48,224.20,226.37,226.97,226.30,224.32,221.26,220.28,223.39,226.85,228.57,230.79,237.85,244.50,250.85,257.85,266.03,274.39,281.27,287.05,290.82,292.40,294.64,296.99,298.28,299.06,300.38,301.97,303.58,305.24,306.89,308.56,310.49,312.87,315.39,317.92,320.52,323.73,326.86,329.07,331.00,333.94,336.27,339.63,343.19,344.94,345.35,347.64,354.83,362.44,368.01,373.22,377.96,382.81,388.06,393.57,398.23,400.48,403.48,406.93,410.05,412.03,413.95,416.71,419.55,422.07,425.72,431.56,442.15,450.61,458.96,466.99,475.72,483.27,490.23,498.76,508.11,515.02,520.43,523.72,526.87,530.17,533.31,535.24,535.87,536.86,534.04,527.65,520.78,515.31,513.96,512.96,512.82,515.53,518.85,521.42,524.24,522.39,517.24,519.31,523.17,525.69,528.39,536.36,542.56,546.92,556.44,569.38,578.72,587.45,597.01,611.09,623.06,630.76,638.00,645.96,657.16,669.37,676.31,679.18,681.49,684.83,690.07,699.62,709.67,720.80,731.55,741.29,752.35,762.11,767.50,765.67,758.94,751.44,742.61,733.53,730.50,736.42,735.90,731.82,731.88,738.72,753.13,771.35,787.22,801.35,816.80,833.16,849.63,866.34,883.70,899.38,917.77,934.46,952.56,968.46,974.83,966.71,955.31,945.49,946.74,943.00,929.24,913.39,897.81,884.43,875.77,876.61,877.23,876.87,892.53,908.75,925.63,942.33,960.13,979.01,994.94,1012.66,1030.89,1047.18,1057.64,1065.12,1076.70,1075.92,1058.15,1040.78,1022.19,1004.15,987.34,968.87,966.04
42.39,40.26,45.38,56.15,62.16,65.95,69.64,75.02,81.08,87.15,92.44,96.72,100.38,102.97,105.27,107.91,110.60,115.17,120.13,124.70,128.67,131.59,135.40,140.73,146.59,151.68,155.47,158.87,160.79,162.32,162.92,162.93,163.17,164.00,165.45,166.90,168.35,169.86,171.45,173.02,174.45,175.82,177.21,178.61,180.04,181.81,183.65,185.51,187.41,189.33,191.64,194.08,196.52,198.88,200.97,202.67,204.33,205.97,207.56,209.21,211.22,213.39,215.35,216.73,218.29,220.73,223.19,225.62,227.88,229.77,230.49,227.88,224.39,225.99,230.38,236.45,239.73,241.86,247.10,253.60,261.44,272.27,281.46,288.02,292.26,294.74,295.48,295.97,298.35,300.21,300.88,301.61,302.78,304.08,305.54,307.11,308.69,310.53,312.79,315.30,318.00,321.11,324.34,327.56,330.60,333.72,337.42,341.02,343.48,346.18,348.99,351.46,349.96,352.37,359.30,365.88,372.78,378.65,384.40,389.97,395.88,401.09,404.07,406.67,409.45,412.27,414.61,416.60,419.34,422.27,424.61,427.16,431.69,442.31,449.11,456.18,464.25,472.37,479.83,486.75,495.04,504.34,511.87,518.75,522.93,526.93,530.39,534.00,537.27,539.61,541.66,541.39,537.50,531.43,526.28,521.56,517.86,516.59,518.26,521.69,524.06,526.70,529.42,526.29,520.64,524.07,527.80,530.36,533.57,538.18,543.24,552.72,566.15,576.88,584.89,593.07,603.78,615.51,625.61,634.41,644.31,657.42,671.75,679.88,683.53,685.75,688.64,693.74,701.99,712.45,724.90,735.85,746.28,758.50,772.14,781.17,780.28,775.06,766.45,755.38,745.53,743.82,749.36,750.61,747.10,747.81,748.35,752.75,767.28,784.41,798.77,815.34,831.31,848.17,865.21,881.81,898.05,915.80,934.07,952.38,969.04,984.83,983.62,973.60,966.87,964.21,953.18,938.15,926.46,910.27,897.16,886.51,890.41,892.35,887.80,894.57,912.50,928.29,944.30,962.15,980.86,997.37,1013.92,1030.99,1050.88,1069.02,1079.97,1091.63,1087.58,1067.70,1049.21,1031.27,1013.42,997.55,983.32,984.74
47.20,45.27,46.55,54.86,61.55,66.25,71.08,76.72,82.45,88.08,93.23,98.18,102.17,105.41,108.05,110.89,114.50,117.44,121.93,126.55,131.00,134.54,137.98,141.43,145.83,149.46,152.80,156.25,158.19,159.34,160.29,161.01,161.68,162.84,164.30,165.77,167.24,168.81,170.36,171.78,173.15,174.54,176.00,177.63,179.34,181.19,183.09,185.01,186.97,189.02,191.35,193.89,196.41,198.97,201.30,203.32,205.19,206.95,208.57,210.07,212.12,214.27,216.42,218.18,219.66,221.34,223.21,225.28,227.40,229.75,233.02,233.11,230.85,232.41,240.27,247.22,249.35,247.74,248.84,255.18,263.25,274.86,283.68,290.14,294.49,297.98,299.33,298.35,299.58,301.51,302.64,303.31,304.42,305.54,306.68,307.91,309.38,311.26,313.37,315.24,317.57,320.05,324.60,328.73,332.77,336.96,339.13,342.20,345.98,349.06,353.80,359.71,360.08,355.42,356.21,361.39,370.30,377.50,384.18,390.74,396.99,402.43,406.77,409.61,412.13,414.76,417.03,419.15,422.03,425.41,427.90,429.83,434.99,442.02,447.44,455.72,465.35,472.01,476.83,481.88,489.41,500.64,507.94,514.91,522.46,529.02,533.76,536.37,538.81,541.40,543.93,545.80,545.43,541.98,536.53,530.52,523.94,521.10,520.82,523.19,526.34,528.86,532.86,535.74,532.38,527.13,529.84,533.89,537.26,540.00,541.96,547.19,558.18,572.45,580.64,588.18,597.58,609.62,621.76,631.85,643.89,657.85,673.02,681.68,686.98,690.24,694.07,699.78,706.67,717.74,730.92,741.93,752.25,766.30,781.13,792.30,793.98,789.37,779.20,767.27,760.47,758.87,763.50,765.29,761.85,764.50,764.33,762.12,771.84,788.02,802.07,818.23,834.38,851.08,867.57,883.30,898.62,914.75,933.88,951.69,969.12,985.54,996.88,992.16,985.31,978.34,965.53,951.22,936.81,924.60,908.86,897.26,906.08,910.78,906.73,899.34,914.91,932.17,947.89,966.67,984.68,1001.89,1018.89,1035.81,1053.90,1072.98,1089.76,1104.42,1098.59,1077.79,1058.30,1040.33,1024.55,1010.03,1001.58,1002.31
50.85,50.86,49.91,54.05,60.46,66.97,73.75,79.21,84.22,89.58,94.51,99.30,103.48,107.28,110.95,114.80,119.20,121.31,124.54,128.38,132.22,135.97,139.29,142.41,145.38,148.17,151.20,154.28,156.13,157.42,158.72,159.70,160.50,161.65,163.11,164.58,166.09,167.61,169.09,170.47,171.87,173.41,175.10,176.84,178.63,180.55,182.59,184.54,186.54,188.66,190.95,193.52,196.11,198.75,201.14,203.56,205.99,207.69,209.53,211.11,213.16,215.23,217.33,219.31,220.84,222.38,224.11,226.17,228.27,230.70,233.94,236.86,238.22,241.63,247.20,251.12,252.33,251.18,250.19,254.89,262.69,274.09,283.44,290.22,294.88,299.08,300.92,300.63,301.04,302.48,303.90,305.00,306.09,307.17,308.27,309.74,311.94,314.25,316.39,317.13,318.20,321.07,326.72,332.62,338.10,341.09,343.11,345.11,347.84,351.55,357.13,362.09,365.22,364.45,361.71,360.13,366.08,373.69,381.39,389.25,396.31,402.59,408.25,411.93,414.66,417.50,419.94,422.33,425.40,428.86,432.08,434.87,437.96,443.17,449.60,459.58,468.34,476.17,481.01,485.50,492.35,499.56,504.94,510.40,519.90,528.22,535.93,540.69,542.18,543.87,546.06,548.38,551.09,550.70,545.87,537.20,530.66,526.85,525.18,525.42,528.07,531.40,535.52,540.16,542.77,540.11,535.12,536.31,540.56,542.12,544.48,546.36,551.50,566.05,577.30,585.03,593.50,606.27,619.57,632.11,645.10,658.85,673.34,683.37,690.61,695.79,700.60,707.83,714.96,725.69,738.42,749.04,760.87,775.09,789.83,801.14,807.83,802.36,789.70,779.00,776.16,778.24,782.01,783.02,777.39,779.17,779.57,774.45,778.62,792.28,807.25,821.54,837.89,854.07,870.39,885.40,900.86,915.89,934.34,950.65,968.08,985.97,1002.31,1007.88,1003.32,993.55,979.44,964.26,949.29,935.57,920.18,910.08,921.28,930.29,927.19,916.20,918.68,937.32,952.48,969.25,986.12,1002.74,1021.99,1040.69,1058.29,1076.20,1095.22,1113.17,1110.16,1089.42,1071.17,1049.84,1035.82,1025.03,1022.32,1018.53
53.56,53.56,52.38,53.88,58.62,66.94,76.59,82.28,86.29,90.83,95.17,99.48,104.03,108.44,113.06,117.78,121.96,125.54,128.57,131.63,135.64,139.37,141.61,143.87,146.44,148.58,150.94,152.91,154.38,155.79,157.01,158.13,159.39,160.49,161.89,163.37,164.84,166.28,167.70,169.19,170.85,172.57,174.29,176.11,177.95,179.90,181.97,184.22,186.56,188.62,190.70,193.32,195.98,198.65,201.54,204.68,207.71,209.47,210.52,212.02,214.05,216.30,218.44,220.35,221.90,223.51,225.17,226.98,229.10,231.98,235.15,238.28,241.64,245.84,250.01,252.37,253.89,253.16,252.53,254.50,260.83,272.00,282.57,289.75,294.39,298.14,300.75,302.23,303.19,304.44,305.50,306.47,307.47,308.56,309.84,313.12,317.17,318.86,319.87,320.31,321.17,324.16,329.83,337.39,342.13,344.75,347.34,351.06,355.72,357.63,358.93,362.82,367.29,371.15,370.79,366.39,365.17,369.59,377.14,385.71,393.71,401.23,407.37,411.98,415.63,419.41,422.66,425.58,428.64,432.38,436.39,439.80,441.72,445.18,451.78,462.54,472.49,481.51,486.34,493.34,500.70,502.81,505.62,509.76,516.71,524.30,533.49,541.51,545.24,547.12,548.67,550.48,553.71,555.64,553.33,546.26,537.92,532.39,530.26,529.25,530.28,533.83,537.91,541.93,545.78,548.68,548.44,542.24,542.23,544.42,546.46,549.11,552.58,561.68,576.41,584.34,591.94,604.79,618.61,632.94,646.60,659.20,672.27,683.19,692.52,700.23,707.30,714.80,722.98,732.89,743.42,754.38,765.71,778.25,792.94,806.22,815.83,815.11,805.58,796.59,793.31,794.88,799.08,798.98,793.61,794.14,794.01,789.23,785.12,795.49,810.98,825.36,841.38,857.17,871.28,887.71,903.02,918.53,936.57,951.64,968.99,986.83,1004.15,1019.87,1021.53,1009.40,991.86,977.67,962.79,946.64,933.46,923.04,935.21,943.83,943.59,935.99,926.92,943.93,961.68,976.84,991.81,1006.45,1024.33,1042.84,1060.73,1078.86,1098.25,1115.27,1119.80,1101.62,1081.95,1063.32,1049.83,1041.48,1041.57,1033.49
56.38,55.95,54.85,56.38,58.10,66.00,76.91,84.13,88.69,91.86,95.69,99.55,103.92,108.55,113.59,118.94,123.53,127.76,131.19,133.99,137.70,140.96,143.20,144.87,146.56,148.20,149.68,151.18,152.72,154.34,155.88,157.36,158.47,159.44,160.63,162.05,163.46,164.87,166.43,168.19,169.94,171.68,173.45,175.27,177.18,179.19,181.24,184.54,188.33,190.38,192.08,194.35,196.84,199.38,202.34,205.89,209.28,211.50,212.09,212.98,214.92,217.19,219.47,221.44,223.30,225.01,226.72,228.09,229.96,233.51,236.79,239.69,242.63,246.84,250.50,252.79,255.04,255.80,255.44,255.60,259.12,270.25,281.85,289.17,293.18,296.26,298.84,300.31,302.02,303.65,305.34,307.20,308.58,309.85,312.32,316.71,321.51,323.20,324.14,324.87,325.27,326.54,331.45,339.50,343.54,347.30,352.84,361.06,364.74,366.34,366.92,367.39,368.78,372.97,375.75,374.10,370.56,370.50,374.83,381.72,388.58,396.75,403.94,409.33,414.30,419.27,423.46,427.38,430.99,434.87,439.17,442.39,444.40,447.36,452.85,462.76,475.16,484.23,490.15,497.86,502.71,505.84,508.33,510.93,515.10,520.65,527.62,536.03,544.63,550.44,552.01,553.24,556.03,559.24,559.15,554.51,547.29,538.92,535.63,534.03,533.42,536.28,539.89,543.64,547.32,551.37,554.31,551.18,546.15,548.02,548.02,550.52,554.65,559.62,573.22,586.70,593.64,604.72,618.28,631.41,644.74,657.86,669.48,680.99,691.42,700.50,709.32,717.11,725.10,733.43,742.59,754.27,764.56,776.21,791.45,805.89,818.46,824.63,822.63,817.60,814.70,815.03,817.70,816.95,812.60,811.54,807.10,801.35,797.85,799.78,811.09,826.98,842.75,859.06,872.60,888.02,904.12,920.90,937.48,952.14,968.83,986.86,1005.15,1023.44,1032.57,1023.70,1007.57,990.32,974.21,960.35,950.75,940.07,950.87,957.68,957.67,954.50,945.84,947.66,969.68,986.00,1001.75,1016.88,1032.72,1048.95,1065.53,1082.12,1100.26,1115.50,1125.10,1111.82,1092.46,1076.29,1068.49,1060.78,1060.23,1047.73
59.09,58.30,57.27,59.51,59.84,64.67,75.48,85.00,90.55,93.28,96.27,99.65,103.61,107.87,112.78,118.75,123.77,128.36,131.94,134.99,137.98,140.63,142.34,143.96,145.49,146.94,148.35,150.05,151.88,153.60,155.25,156.63,157.58,158.56,159.52,160.65,162.06,163.65,165.37,167.12,168.90,170.64,172.40,174.34,176.43,178.53,180.60,184.71,189.28,191.77,193.67,195.48,197.87,200.16,203.00,206.44,209.89,212.48,213.90,214.53,215.70,217.93,220.22,222.17,224.33,226.43,228.28,230.09,232.41,235.98,239.38,241.74,244.17,247.00,250.27,252.83,255.26,257.54,258.29,258.34,260.61,271.04,281.05,287.26,291.05,293.52,295.74,297.48,299.09,300.46,302.41,305.36,308.16,311.01,314.39,318.25,322.50,326.46,328.41,329.99,330.54,331.16,336.17,341.19,345.01,348.96,356.48,363.91,369.45,372.59,374.14,373.90,371.77,374.47,378.70,381.23,380.78,379.70,378.83,379.71,384.46,394.05,402.36,408.33,413.43,417.97,422.27,426.62,430.79,434.58,439.18,442.60,445.50,448.54,453.04,461.30,474.54,484.23,491.91,499.42,504.24,507.95,510.71,513.02,515.79,519.72,524.82,530.72,540.20,551.60,555.61,556.60,557.97,561.01,562.93,559.47,553.10,544.82,541.04,539.52,537.79,539.01,542.70,546.36,549.64,553.47,557.63,557.96,552.93,552.08,551.97,550.50,554.29,559.87,570.14,587.98,596.68,606.15,617.03,627.90,639.88,653.34,663.77,674.91,686.90,696.20,706.56,714.90,721.91,729.27,738.17,750.81,760.52,772.56,786.77,800.93,814.89,827.86,835.88,836.67,836.16,836.54,836.50,833.88,830.50,826.41,820.31,815.29,812.04,809.41,813.08,827.39,842.33,857.78,873.71,887.88,903.57,918.98,935.12,950.44,966.36,985.82,1004.26,1022.85,1037.61,1036.03,1021.63,1003.59,987.17,977.37,968.65,959.97,969.50,978.65,979.55,974.00,965.97,957.53,974.44,992.47,1009.13,1027.24,1044.92,1061.69,1076.06,1089.59,1104.99,1120.87,1131.81,1121.12,1105.04,1093.55,1086.38,1079.70,1079.92,1065.78
61.62,60.63,59.45,61.31,63.58,66.58,73.85,85.80,93.10,96.30,97.78,100.99,104.93,107.97,112.82,118.59,123.09,127.42,131.49,134.41,137.74,140.40,142.07,143.66,145.21,146.78,148.30,149.88,151.59,153.26,154.63,155.76,156.72,157.66,158.38,159.34,160.84,162.58,164.31,166.06,167.76,169.43,171.53,173.73,175.93,177.87,179.78,183.81,188.35,191.28,192.30,193.30,196.30,200.25,204.82,207.53,209.82,212.33,214.60,216.28,217.01,218.15,220.61,222.79,224.91,227.17,229.58,232.18,234.89,238.06,241.30,243.72,246.15,248.66,250.90,253.20,255.62,258.18,260.80,263.83,267.67,272.85,279.87,284.75,288.22,291.11,293.25,295.11,296.71,298.35,300.50,306.03,310.63,313.60,316.40,319.15,323.73,328.56,332.99,336.74,340.06,342.44,344.11,345.67,347.76,351.55,358.43,364.71,370.72,376.78,379.19,378.70,375.49,375.88,379.92,383.44,385.52,385.97,385.81,385.75,386.55,392.80,400.98,406.72,411.51,415.57,419.35,422.68,426.62,430.63,435.80,440.46,444.03,448.51,453.42,460.14,472.95,483.80,492.39,500.17,505.80,510.08,513.12,515.65,517.93,520.57,524.78,529.56,536.68,548.62,558.96,560.26,560.82,563.53,566.26,564.92,559.38,551.13,547.59,545.77,543.44,542.16,545.29,549.66,553.93,557.52,560.88,563.24,559.41,556.74,555.10,553.26,555.91,560.66,568.73,583.91,597.31,607.61,615.82,624.68,634.81,646.32,655.77,665.56,677.49,689.08,699.10,708.25,715.64,723.91,733.09,745.66,756.75,769.06,782.98,796.77,811.23,826.12,840.44,850.03,855.55,858.08,857.86,853.64,849.27,843.48,837.02,830.56,826.81,821.92,819.89,827.49,838.89,852.52,868.05,884.85,900.22,915.95,930.79,948.30,964.73,985.71,1003.97,1022.96,1040.02,1046.95,1032.69,1017.82,1006.14,994.45,986.58,977.98,989.69,997.96,998.44,992.67,983.73,972.59,981.28,997.77,1012.88,1030.28,1050.51,1070.57,1087.31,1101.03,1114.93,1129.39,1140.57,1131.99,1119.17,1112.48,1102.86,1101.75,1097.10,1081.73
63.83,63.55,62.06,61.57,63.94,66.92,71.77,84.79,96.00,100.33,102.65,106.46,109.71,112.09,114.42,115.22,118.09,122.50,128.36,132.73,136.95,140.52,142.20,143.75,145.36,146.89,148.36,149.89,151.53,152.71,153.60,154.75,155.76,156.42,157.07,158.30,159.91,161.67,163.41,165.28,167.19,169.13,171.29,173.36,175.41,177.27,179.25,182.65,186.47,189.24,189.67,191.42,197.44,202.23,208.21,210.46,212.10,213.88,215.38,217.11,218.69,219.75,221.53,223.86,225.74,227.87,230.59,234.02,237.05,239.75,242.23,244.88,247.41,250.01,252.15,254.15,256.29,258.59,262.84,268.70,275.16,279.50,281.42,285.31,287.65,290.38,293.02,295.54,297.52,298.65,301.84,309.24,313.51,316.87,320.12,323.62,328.52,333.65,338.44,342.98,346.90,350.68,354.06,354.92,354.72,354.60,359.53,365.43,371.28,378.73,381.85,381.35,379.02,377.56,380.26,384.05,387.76,390.62,392.23,392.81,393.31,394.06,399.52,404.72,409.06,412.94,416.03,418.31,422.31,426.69,431.31,436.54,441.13,447.07,453.41,459.68,471.65,484.97,493.38,500.69,507.06,512.01,515.32,518.15,520.84,523.36,526.66,530.88,536.70,546.81,561.06,564.30,564.10,566.70,569.56,570.84,568.77,560.94,555.38,552.20,549.97,548.13,547.48,551.59,557.39,563.71,568.05,568.06,566.64,560.68,558.58,557.21,561.19,567.50,569.09,581.64,598.91,609.46,616.62,624.04,632.45,641.83,650.40,658.91,669.34,680.93,690.59,701.82,710.89,719.87,730.02,741.87,754.32,766.10,780.54,794.29,809.02,823.63,839.88,853.47,865.46,875.69,878.79,875.48,867.52,859.74,852.04,846.71,843.27,838.22,833.53,834.97,840.54,850.64,864.05,880.52,897.78,913.49,929.28,946.44,964.33,984.33,1002.16,1020.55,1039.01,1053.35,1048.43,1036.71,1024.73,1014.46,1004.65,994.66,1004.21,1014.81,1017.49,1012.15,1002.79,989.58,989.21,1009.91,1019.98,1033.25,1051.55,1070.87,1089.19,1106.50,1122.86,1139.86,1151.63,1145.04,1134.76,1130.90,1122.62,1122.50,1112.21,1095.66
65.79,66.66,65.19,63.52,63.50,66.29,69.92,81.98,95.82,96.79,96.09,99.41,102.64,106.62,106.56,104.57,105.17,113.58,124.81,131.81,136.12,139.84,141.74,143.42,145.10,146.64,148.15,149.59,150.79,151.50,152.59,153.75,154.27,154.97,155.94,157.44,159.34,161.48,163.48,165.44,167.24,168.86,170.65,172.69,174.63,176.17,178.45,180.98,183.50,185.71,188.86,195.57,200.31,200.51,201.35,202.51,207.60,212.56,215.67,218.55,220.51,222.79,224.77,226.69,228.06,229.43,231.38,235.10,238.78,241.26,243.23,245.65,248.00,250.28,252.51,254.72,256.93,259.12,263.02,268.54,275.73,281.70,285.58,289.50,290.86,292.25,295.22,297.80,300.09,301.31,304.81,310.72,315.30,319.36,323.42,327.91,334.01,340.34,344.90,350.78,357.88,363.29,365.51,365.13,363.01,359.50,359.98,366.12,372.93,379.77,383.09,383.46,381.86,381.01,381.71,384.39,388.55,393.17,397.15,399.63,400.69,401.06,400.58,403.74,407.46,411.13,414.43,416.34,419.69,423.59,428.18,433.33,437.73,444.27,451.93,459.73,469.75,485.78,494.65,501.29,507.47,513.51,517.80,520.67,524.05,527.14,529.58,533.65,538.76,548.12,561.68,568.21,567.40,569.32,572.36,574.82,575.60,569.21,562.78,558.84,556.64,554.21,554.55,559.66,562.70,570.01,575.70,576.68,573.91,567.93,563.86,562.33,567.53,571.55,572.87,578.11,592.51,608.08,618.43,628.91,641.08,650.90,659.44,667.67,676.90,686.48,695.57,707.74,717.37,725.88,732.53,742.35,753.92,764.48,778.85,792.93,807.81,822.09,837.78,853.19,866.84,882.87,892.42,893.88,886.33,876.52,866.74,864.07,859.59,852.63,847.79,848.86,849.23,854.91,866.79,881.01,896.47,910.77,927.87,945.25,963.08,981.47,996.43,1014.25,1035.69,1054.66,1063.61,1053.72,1041.73,1032.90,1022.39,1011.45,1018.24,1031.72,1037.50,1030.78,1021.34,1008.22,999.19,1021.55,1034.87,1043.93,1056.51,1073.64,1090.94,1107.13,1124.59,1143.74,1160.22,1159.94,1152.97,1146.83,1141.83,1139.15,1122.40,1103.18
67.80,69.38,68.18,66.04,64.13,65.81,68.92,77.51,81.45,81.19,83.67,87.28,89.94,93.22,95.86,96.69,99.79,110.15,123.67,131.72,136.41,140.06,141.59,143.14,144.81,146.39,147.88,148.87,149.25,150.38,151.94,152.27,152.58,153.65,155.27,157.24,159.30,161.56,163.09,164.81,166.54,168.12,169.79,171.75,172.27,172.81,175.74,179.22,182.08,185.07,187.81,189.26,188.38,187.46,188.38,189.97,193.30,200.64,208.55,215.68,221.41,225.01,227.72,229.60,231.03,232.47,233.70,236.00,239.48,241.82,243.85,245.86,248.09,250.32,252.44,254.96,257.43,259.76,264.33,269.31,274.74,280.03,284.81,289.50,292.30,294.37,296.65,298.88,301.43,303.85,307.07,311.04,316.01,320.87,325.41,330.90,338.38,344.04,350.23,361.53,368.42,371.98,372.60,371.30,369.44,365.69,363.69,366.04,371.93,380.20,384.07,385.83,385.10,384.86,386.13,387.47,389.78,393.72,398.91,403.03,405.59,407.17,407.21,407.34,409.02,414.19,418.94,419.93,421.05,423.64,427.59,431.62,435.38,441.80,450.54,458.20,466.50,482.95,493.87,500.45,506.30,513.85,520.57,523.22,526.62,530.27,533.87,538.14,543.28,551.99,563.31,571.73,571.54,572.28,575.26,577.97,580.60,580.00,573.84,568.41,564.22,560.45,560.77,569.16,573.50,577.68,582.53,585.18,580.63,575.87,571.00,569.17,572.40,574.06,576.04,578.07,585.57,596.88,614.11,630.85,645.00,658.76,669.40,679.07,688.87,697.93,707.02,717.76,729.21,737.10,742.88,749.21,757.03,766.39,779.87,793.32,807.98,821.84,836.60,853.49,867.44,883.61,897.47,907.74,903.25,893.94,883.88,880.42,876.03,868.05,865.68,866.88,864.99,864.60,870.17,881.20,893.97,909.24,926.08,943.35,960.35,978.48,993.37,1012.67,1034.32,1054.88,1071.76,1073.74,1061.25,1050.39,1037.69,1027.72,1032.75,1047.31,1056.25,1050.38,1039.41,1024.22,1013.52,1031.38,1049.11,1061.36,1071.32,1083.51,1098.75,1113.95,1131.89,1149.07,1166.40,1173.58,1171.39,1165.48,1160.10,1153.40,1127.77,1092.27
69.25,70.94,70.23,68.04,65.63,65.47,67.94,72.32,71.28,72.99,76.92,81.76,84.61,87.05,89.75,93.77,99.45,110.10,123.39,131.89,136.81,140.35,141.75,143.09,144.57,146.16,147.25,147.73,147.87,149.36,150.67,150.36,151.43,153.20,155.11,157.06,158.67,160.19,161.91,163.84,165.66,167.29,168.85,170.11,169.58,169.75,173.38,177.18,179.33,178.56,177.93,178.01,178.11,179.09,180.06,182.20,186.15,191.63,197.71,205.91,214.44,221.97,229.00,232.33,234.22,235.71,236.97,237.93,239.93,241.78,243.69,245.59,247.64,249.78,252.20,255.34,258.32,261.99,267.64,271.41,274.92,278.72,282.91,287.59,291.16,293.51,295.72,297.82,299.53,301.42,305.77,311.09,315.92,320.96,326.82,335.66,342.22,347.20,356.32,368.82,378.01,379.26,376.82,375.61,375.85,372.92,370.98,371.10,372.65,380.72,385.33,388.20,388.45,388.85,390.75,393.04,395.74,397.82,399.45,402.99,407.68,411.33,412.68,413.34,415.68,420.93,426.15,429.85,431.66,434.42,437.50,439.57,439.16,440.64,448.93,455.57,462.29,475.24,488.76,495.29,502.06,510.64,520.53,523.88,527.36,531.08,535.48,540.73,547.37,556.34,564.97,573.02,577.63,576.48,578.26,580.67,582.96,586.04,585.46,579.85,573.70,567.35,566.85,572.74,579.15,584.05,588.48,592.53,590.48,585.19,580.00,574.83,575.14,577.57,578.58,580.92,584.35,590.81,603.17,620.25,633.61,650.30,663.82,676.09,687.37,697.50,709.73,721.75,733.61,744.28,752.68,760.16,766.40,773.85,785.05,796.07,809.54,823.10,837.47,854.41,869.23,883.82,899.43,912.28,917.13,909.49,901.22,897.59,893.07,887.18,886.79,885.49,882.62,880.52,880.11,885.69,897.03,910.11,925.38,941.99,958.27,977.06,992.85,1011.93,1032.82,1053.66,1070.35,1086.40,1080.27,1067.48,1055.83,1046.34,1048.18,1064.00,1073.91,1069.39,1056.50,1043.94,1033.43,1043.10,1063.19,1078.54,1090.64,1098.66,1110.64,1126.87,1142.27,1159.21,1175.90,1190.18,1190.84,1186.56,1180.21,1163.84,1128.05,1082.45
70.06,72.06,71.69,69.53,67.22,66.58,68.09,69.20,69.19,70.69,75.55,80.46,83.58,87.33,90.98,94.95,100.60,110.87,123.09,131.78,136.77,140.37,141.78,143.15,144.49,145.58,146.14,146.38,146.82,148.50,148.73,148.82,151.05,153.03,154.85,156.22,157.53,159.19,161.04,162.88,164.76,166.42,167.69,168.43,167.42,167.67,171.16,171.97,170.38,168.90,169.47,170.78,172.56,174.66,176.48,178.86,182.88,188.75,194.54,200.18,206.46,214.17,224.56,231.49,235.76,238.96,240.21,241.20,242.57,243.65,244.58,245.67,247.46,249.73,252.72,255.89,259.11,264.31,269.92,272.81,275.56,278.52,282.36,286.74,290.33,292.44,294.51,296.44,298.16,300.00,305.95,311.56,315.71,320.25,328.05,339.67,345.04,350.81,362.40,374.20,381.88,380.61,377.51,379.45,381.39,379.91,379.00,379.47,378.06,381.39,387.81,391.69,394.19,396.55,397.70,398.77,401.89,403.73,404.28,406.07,408.47,412.10,416.13,418.92,421.27,424.44,429.13,433.43,437.04,441.00,444.51,447.69,448.82,447.41,448.99,453.54,457.96,465.31,475.36,484.45,494.26,502.68,512.91,519.63,524.48,530.36,535.15,540.40,548.36,557.22,564.51,573.63,581.76,581.34,581.50,583.45,585.66,588.06,593.27,592.12,585.33,578.02,574.02,577.30,584.02,590.04,594.92,599.59,599.13,592.76,587.08,581.21,578.48,581.34,582.14,584.51,589.07,593.34,596.69,605.73,616.16,629.75,644.53,656.65,670.42,681.68,694.88,709.41,723.55,737.15,748.57,761.59,774.02,783.42,792.78,802.00,814.35,827.01,841.60,857.06,872.48,887.08,901.66,914.27,925.94,925.47,919.75,917.20,910.97,904.98,906.70,904.27,900.23,898.60,897.96,898.87,907.84,916.67,929.32,943.00,960.19,978.53,993.78,1012.36,1031.41,1051.83,1069.23,1089.85,1096.20,1086.10,1075.46,1065.99,1065.45,1078.19,1089.66,1087.29,1072.56,1062.16,1052.94,1058.11,1070.06,1087.74,1104.85,1116.05,1126.64,1139.49,1155.35,1171.35,1185.80,1202.38,1209.03,1201.17,1182.88,1160.68,1118.22,1075.80
70.84,73.18,73.66,71.52,69.24,68.66,70.98,72.95,74.11,78.19,82.00,84.15,85.76,87.91,91.95,97.04,102.33,111.38,122.88,131.68,136.59,140.22,141.63,142.93,143.95,144.52,144.92,145.04,145.92,146.94,146.11,147.81,150.87,152.37,153.51,155.03,156.81,158.66,160.50,162.27,163.98,165.32,166.12,166.69,165.44,164.42,166.34,166.54,164.19,162.57,164.25,166.63,170.12,172.90,175.51,178.13,182.18,188.77,196.44,201.51,204.86,209.28,217.62,226.25,233.43,240.22,242.88,244.44,245.97,247.13,247.65,247.76,248.31,250.41,253.38,256.58,259.75,265.84,271.08,274.01,276.82,279.71,283.51,287.30,290.50,293.02,295.48,297.44,299.45,302.14,307.70,312.11,315.65,319.33,329.22,341.38,347.02,356.73,366.27,374.51,378.84,378.06,379.52,382.92,385.15,385.02,384.92,384.75,383.83,385.46,393.53,399.64,403.33,404.71,404.49,404.75,407.31,409.01,409.60,410.94,412.75,413.78,416.39,420.94,424.87,428.10,431.35,435.03,438.60,443.57,448.85,452.61,455.18,455.53,455.75,459.40,462.76,465.07,468.16,474.22,483.19,492.77,503.22,511.30,519.27,527.86,534.03,539.48,546.88,555.04,563.06,572.51,582.95,585.98,585.09,586.66,589.08,590.94,596.76,602.48,597.04,589.41,582.89,583.31,590.27,600.99,607.63,609.94,609.36,600.82,594.48,588.46,582.93,583.89,586.01,587.32,596.29,606.24,606.25,602.88,607.55,614.72,623.54,633.24,649.76,666.16,679.47,694.22,707.52,722.61,737.17,750.52,765.73,779.11,792.63,805.01,817.70,831.21,844.78,860.22,877.44,893.02,906.48,918.69,934.32,939.53,939.23,935.99,930.92,925.16,926.64,925.49,920.32,918.00,916.86,914.31,921.36,931.78,943.58,953.87,967.91,982.91,998.23,1015.53,1033.80,1052.95,1071.63,1091.23,1105.56,1102.90,1092.36,1085.63,1082.25,1091.40,1104.24,1101.63,1086.96,1081.93,1072.51,1073.49,1087.15,1093.90,1112.30,1130.62,1144.80,1155.74,1168.99,1184.98,1199.19,1210.99,1210.58,1199.08,1181.80,1159.31,1112.19,1072.57
71.61,74.37,75.21,74.07,72.26,71.66,74.25,77.85,81.40,86.43,88.75,90.27,90.98,94.02,97.99,101.08,106.02,111.67,120.36,131.35,136.31,139.94,141.30,142.33,142.88,143.33,143.63,143.76,144.76,144.42,143.86,146.58,149.34,150.79,152.50,154.35,156.22,158.15,159.99,161.64,162.96,163.77,164.45,165.05,163.66,161.50,161.20,161.65,160.18,159.17,161.02,164.85,169.45,172.77,176.04,178.70,183.58,190.76,198.89,203.88,207.32,211.49,219.15,226.47,232.02,238.33,242.56,246.24,249.00,250.47,250.94,250.01,249.41,250.51,253.19,256.59,260.45,266.54,271.57,274.86,277.99,281.40,285.96,290.14,292.47,294.89,297.42,299.70,301.71,304.32,307.98,311.92,315.60,319.37,331.04,342.94,350.82,361.77,368.39,374.32,378.51,381.23,384.45,387.28,388.98,389.72,389.96,389.28,388.71,389.87,398.09,405.50,409.92,411.09,410.60,410.82,411.88,412.73,413.48,414.89,417.15,419.09,419.30,420.34,425.41,430.68,434.77,438.60,442.98,447.83,453.38,457.42,460.06,461.24,462.93,467.99,474.23,478.34,479.09,478.03,481.13,488.48,497.20,505.27,512.32,524.24,532.67,537.96,544.13,551.51,560.23,569.72,581.00,589.63,588.98,589.58,592.15,594.43,598.20,606.65,607.71,599.97,592.73,591.79,600.97,614.64,619.94,620.64,620.40,611.13,602.55,595.19,587.31,586.79,589.29,590.88,599.24,612.50,617.02,616.08,612.25,614.77,618.53,623.19,631.45,650.17,667.04,680.09,694.04,707.91,722.69,738.18,752.62,766.37,780.99,795.61,809.20,824.11,838.55,853.58,869.16,886.13,900.93,914.55,930.87,939.69,947.95,950.58,948.11,944.45,945.56,944.04,939.54,936.81,935.80,933.01,938.45,949.77,957.93,969.43,980.63,992.79,1006.30,1021.94,1039.06,1057.95,1076.58,1092.39,1106.99,1115.89,1111.34,1103.76,1099.55,1107.09,1119.08,1117.85,1107.40,1099.80,1090.16,1086.39,1100.83,1111.53,1121.38,1139.44,1159.16,1173.14,1182.46,1196.57,1212.25,1215.69,1204.50,1189.73,1175.11,1157.43,1107.27,1069.07
72.28,74.89,75.88,75.68,75.19,74.96,77.36,82.76,90.45,96.64,100.18,103.27,104.88,106.61,109.66,111.71,113.76,119.03,124.11,131.13,135.53,139.24,140.70,141.22,141.66,142.12,142.29,142.58,143.27,141.59,142.10,144.84,147.60,150.06,151.88,153.73,155.60,157.37,158.75,160.55,161.52,162.16,162.79,163.38,162.47,160.01,157.82,157.64,157.38,157.50,159.22,162.99,168.72,173.02,176.48,180.17,186.90,194.28,200.49,205.74,210.36,216.49,225.91,233.47,236.47,237.07,240.25,244.82,249.47,252.13,254.03,253.50,253.07,254.20,255.71,257.04,260.55,266.35,271.43,274.99,278.51,282.47,287.17,291.10,293.67,296.01,298.59,301.25,304.07,306.70,309.63,312.91,316.13,320.28,332.44,345.00,354.21,362.77,369.15,375.89,381.45,385.09,388.78,391.38,392.35,393.36,394.05,394.33,394.91,396.26,401.94,410.66,415.41,416.39,415.78,416.05,416.28,416.05,417.13,418.77,422.28,425.18,425.54,424.68,426.11,431.38,437.46,442.81,448.31,453.93,459.33,462.37,464.96,465.98,468.56,474.67,481.67,486.35,489.54,491.98,497.37,503.52,505.76,507.54,511.22,523.48,532.39,538.08,543.43,548.86,556.52,567.16,577.92,589.07,593.69,593.86,595.50,597.65,600.50,607.66,613.34,611.39,604.72,603.15,612.49,623.11,628.07,628.68,627.36,621.83,611.84,602.56,591.59,590.23,592.50,594.51,598.35,612.00,623.05,627.68,628.79,628.92,629.64,629.90,632.21,636.94,652.34,666.15,680.23,694.49,709.58,724.83,739.95,754.83,768.87,782.61,796.22,811.13,826.42,840.94,854.99,871.68,886.09,900.13,915.84,925.99,933.64,945.03,956.92,961.65,965.46,963.11,958.05,954.82,951.74,948.95,954.26,964.44,973.93,983.75,993.06,1005.00,1017.87,1031.42,1044.94,1058.40,1071.09,1083.32,1094.79,1107.27,1118.57,1120.01,1117.26,1122.89,1133.19,1137.44,1130.02,1119.97,1109.67,1105.95,1112.74,1130.50,1136.86,1148.67,1170.71,1188.36,1200.16,1212.05,1220.92,1212.26,1196.78,1181.97,1166.41,1148.72,1107.77,1075.19
72.50,74.74,76.08,76.79,76.63,76.81,78.87,85.84,96.82,102.25,105.47,109.15,110.80,111.85,113.16,115.21,118.69,122.56,126.51,130.59,134.47,137.63,139.10,139.89,140.48,140.82,140.96,141.44,141.45,139.84,141.45,144.33,147.26,149.53,151.34,153.17,154.80,155.52,156.15,157.31,159.32,160.50,161.12,161.55,160.96,158.33,155.28,154.75,155.69,157.58,158.89,161.67,167.06,172.37,177.57,182.59,189.93,197.61,203.29,208.14,214.01,221.42,232.08,239.09,242.03,242.46,241.78,243.09,246.26,250.23,253.80,257.12,258.10,259.46,260.94,261.72,262.49,265.80,270.49,273.94,277.23,280.78,286.28,290.84,293.08,295.49,298.19,301.11,304.43,307.89,312.46,317.39,320.70,326.25,334.01,343.64,351.25,359.33,367.21,374.64,380.46,384.21,388.32,392.02,395.27,396.74,397.94,399.32,401.53,404.43,410.85,418.69,423.04,423.58,422.33,422.52,421.13,419.78,421.66,426.05,430.75,432.18,432.46,433.28,432.16,433.16,439.46,447.89,454.21,460.14,464.38,466.98,470.10,471.91,473.03,477.88,484.19,490.06,495.11,500.45,506.54,512.78,516.80,517.42,516.50,524.12,532.34,538.63,544.08,548.77,555.62,566.14,577.50,587.23,596.66,599.92,600.56,602.20,605.88,610.39,615.68,617.31,614.50,613.33,620.34,628.91,633.17,634.26,633.12,629.92,621.39,610.31,597.39,594.00,596.38,598.57,600.69,607.03,619.15,633.78,642.02,645.08,646.57,645.64,643.58,640.74,642.30,651.59,663.11,676.54,693.95,713.20,727.51,741.87,755.83,770.45,784.28,798.87,813.62,827.61,842.41,857.10,872.47,887.18,900.21,909.10,917.40,932.79,948.54,960.64,966.53,968.53,969.79,969.53,968.73,967.16,970.47,979.57,988.43,997.87,1006.68,1017.03,1026.87,1032.31,1037.25,1046.65,1058.47,1068.84,1079.76,1091.39,1104.49,1115.74,1126.18,1135.41,1145.65,1151.98,1148.44,1139.14,1132.36,1130.04,1131.60,1145.43,1155.78,1162.19,1178.85,1203.03,1217.24,1225.94,1218.82,1206.15,1190.64,1174.66,1157.97,1138.95,1112.58,1087.65
72.63,74.63,76.00,77.16,77.77,78.43,79.65,86.50,98.31,103.30,106.92,110.20,112.29,113.95,115.45,116.98,119.87,123.38,126.80,130.13,133.35,135.59,137.11,138.12,138.77,138.99,139.15,138.97,138.25,139.39,141.90,144.22,146.93,148.98,150.76,152.23,152.85,152.94,151.92,152.00,154.09,156.66,158.14,158.53,157.55,154.99,152.63,153.48,157.05,160.25,163.48,167.61,170.05,174.28,180.16,185.90,192.71,200.15,205.66,211.16,218.62,227.81,237.10,242.59,245.86,247.72,248.46,248.12,246.81,247.72,251.56,257.92,261.79,264.14,267.15,269.33,270.06,270.31,271.02,273.18,275.78,278.41,283.95,290.03,292.54,295.02,297.41,299.85,304.88,310.03,315.83,322.10,327.63,334.80,342.21,347.66,354.76,361.34,366.75,372.64,377.76,382.31,386.84,390.88,396.59,399.91,402.61,404.57,407.66,412.10,419.67,429.54,434.35,435.67,435.24,433.25,428.86,427.07,430.08,433.60,437.41,439.39,440.14,441.32,442.20,442.27,443.35,451.98,459.93,465.31,469.43,471.57,474.88,478.72,479.93,481.66,486.80,491.62,496.36,501.66,508.31,515.20,521.62,524.81,524.15,525.35,532.67,539.55,547.47,552.09,557.96,568.23,578.68,586.97,598.18,607.38,608.59,608.71,610.98,612.89,617.24,621.57,620.70,619.37,625.77,633.74,638.14,639.17,638.21,636.88,631.13,619.12,602.31,597.81,600.32,602.83,605.29,608.66,616.22,632.66,648.15,654.67,659.76,662.10,662.29,659.37,654.20,650.28,653.90,665.00,680.41,700.42,715.72,729.79,743.96,759.00,772.47,787.21,802.71,816.04,830.13,844.32,857.42,871.78,883.62,895.22,906.06,919.55,933.22,943.77,952.40,954.86,956.46,958.13,961.98,968.53,974.84,981.71,989.74,997.11,1004.91,1012.81,1016.02,1015.91,1020.61,1031.41,1044.57,1056.58,1065.53,1076.85,1089.61,1102.24,1113.70,1125.67,1136.85,1150.89,1160.16,1157.85,1152.97,1153.00,1155.16,1163.49,1175.36,1182.76,1193.34,1215.61,1229.57,1228.15,1214.14,1200.17,1184.91,1168.61,1149.89,1131.14,1106.17,1083.41
72.80,74.67,75.81,76.50,76.97,77.98,79.33,85.41,95.22,101.94,106.31,110.08,112.26,114.31,116.31,118.08,120.12,123.20,126.38,129.58,132.20,133.81,135.21,136.17,136.53,136.54,136.41,135.99,136.90,140.36,142.55,144.28,145.95,147.46,149.02,150.03,150.38,149.85,148.35,147.57,149.19,151.66,153.51,154.15,153.27,151.13,150.83,154.47,158.72,164.02,169.47,172.90,175.32,179.13,184.05,189.50,196.71,203.54,209.20,215.58,224.21,233.39,240.78,245.20,248.98,251.57,252.81,252.57,251.48,250.35,250.46,256.62,262.15,266.65,270.51,272.51,274.02,274.99,275.80,276.94,278.90,280.24,283.95,289.69,293.14,296.21,299.55,302.17,306.99,313.87,320.49,327.27,336.02,342.76,349.50,357.80,366.20,371.13,375.71,378.64,380.23,383.38,387.14,392.04,398.15,404.26,408.59,411.42,417.93,423.10,430.99,440.83,445.72,447.29,447.53,446.68,441.09,435.67,436.46,439.87,443.21,445.62,447.43,449.48,451.71,453.99,455.48,456.38,462.32,468.53,474.30,477.14,478.48,483.41,486.28,487.48,489.43,494.29,499.13,503.47,508.53,515.70,523.31,529.48,531.43,529.83,532.04,539.80,549.42,555.98,563.31,575.49,583.90,588.98,596.76,608.25,615.60,614.82,614.60,615.90,618.15,623.47,625.80,625.33,631.01,637.84,641.30,642.68,642.94,643.65,641.19,629.32,610.74,601.82,604.88,607.28,609.56,612.82,617.90,631.05,649.81,658.62,664.59,669.93,675.65,677.72,671.48,663.97,659.20,660.42,674.36,690.76,703.92,718.48,732.46,747.05,761.07,774.47,790.53,804.99,819.34,832.13,844.55,856.74,867.38,879.95,892.54,905.33,917.06,925.80,931.91,934.64,937.63,941.15,945.55,953.36,962.89,967.71,972.17,981.57,991.57,997.09,999.06,998.83,1005.34,1016.16,1026.70,1039.13,1051.29,1062.51,1074.54,1085.59,1097.95,1110.29,1122.71,1136.87,1152.88,1165.95,1172.38,1175.01,1177.44,1182.86,1193.25,1202.85,1212.70,1226.94,1235.58,1225.14,1209.57,1194.59,1177.07,1160.13,1143.20,1124.98,1100.19,1081.01
72.81,74.06,74.65,75.23,75.59,76.56,78.88,84.27,91.12,100.99,106.85,110.55,112.43,114.45,116.46,118.18,119.79,121.98,124.75,127.98,130.64,132.19,133.52,133.93,134.19,134.09,133.79,133.93,136.35,139.10,141.00,142.03,143.01,144.11,145.48,146.56,146.72,145.53,144.08,143.79,145.84,147.49,148.64,149.11,148.66,149.30,152.82,157.36,161.17,166.24,171.28,174.89,178.33,183.19,188.34,193.11,200.07,208.24,214.66,220.76,229.38,237.30,243.01,247.31,251.74,254.79,256.19,256.14,255.33,253.95,253.27,256.87,259.72,263.33,269.11,271.93,275.13,278.39,280.67,281.70,283.26,285.58,288.30,290.95,294.77,298.45,301.62,306.33,309.86,315.93,323.59,334.25,343.85,349.96,357.62,365.18,371.95,376.95,382.19,386.00,389.13,391.71,393.73,396.71,402.23,410.96,417.15,422.94,429.01,434.38,440.31,448.07,451.23,451.64,451.79,452.44,451.85,447.19,444.97,446.95,449.20,451.33,453.45,455.94,458.76,461.60,463.89,464.78,466.28,469.73,476.70,481.58,483.09,487.72,491.88,494.22,495.61,499.65,504.89,509.29,513.47,517.36,523.29,530.74,535.40,537.64,540.24,542.38,548.71,558.18,568.44,580.70,589.68,593.37,598.28,607.43,619.28,619.83,618.46,619.38,621.45,625.99,630.37,630.51,634.79,641.02,644.62,646.13,647.50,649.30,648.45,640.01,621.51,607.34,609.06,611.66,613.95,617.07,620.80,632.21,651.82,664.57,670.23,675.12,680.60,686.75,688.49,683.21,674.20,665.53,671.36,685.62,696.87,707.83,721.78,735.70,749.01,762.63,777.13,792.30,805.47,819.98,831.18,842.47,853.17,864.59,877.28,890.64,900.85,907.79,911.10,913.03,916.40,922.75,929.89,937.94,946.13,949.91,954.64,964.62,974.28,978.35,978.89,980.30,990.11,1001.49,1010.31,1022.96,1035.66,1046.98,1061.13,1070.63,1081.44,1096.34,1109.82,1124.19,1140.58,1155.93,1168.25,1183.89,1194.27,1201.12,1211.59,1223.59,1232.62,1240.45,1236.25,1220.45,1205.22,1190.82,1172.61,1153.94,1137.08,1124.04,1112.46,1099.21
72.30,72.53,72.94,73.60,74.31,75.65,79.02,84.74,93.63,104.26,109.93,111.49,113.09,114.76,116.56,117.91,118.92,120.18,122.86,126.20,129.20,130.76,131.69,131.74,131.88,131.73,131.65,132.02,134.03,136.54,138.16,139.03,139.68,140.55,141.71,142.91,142.92,141.19,139.62,140.18,142.33,143.13,143.78,146.17,150.09,154.20,158.88,164.52,167.77,169.43,172.26,175.84,179.91,186.37,192.06,196.76,205.00,213.78,220.61,226.85,233.42,239.80,244.63,249.27,255.13,258.29,259.37,259.43,258.86,257.47,256.27,257.23,258.31,259.57,264.39,269.48,273.69,278.23,282.76,286.28,288.00,290.32,293.58,295.53,297.88,302.69,306.87,311.62,317.85,321.62,325.95,338.56,346.80,354.15,361.38,368.05,373.42,378.59,384.03,389.40,393.87,397.69,401.22,404.34,410.26,418.02,424.54,430.57,435.67,440.67,444.88,450.16,452.67,453.72,454.17,455.28,456.22,457.33,458.14,458.02,457.68,457.83,459.21,461.83,464.35,466.60,469.32,472.40,474.32,474.63,477.95,482.24,486.67,491.14,496.15,499.92,502.88,506.37,510.82,515.83,521.04,524.91,528.13,532.49,538.22,544.05,549.33,551.75,553.13,558.95,568.48,580.67,590.60,594.65,599.61,607.82,619.00,622.34,621.63,624.01,626.91,630.13,634.07,636.17,638.64,643.84,648.71,650.62,651.80,654.28,654.61,649.90,634.40,614.40,611.99,615.64,618.52,621.54,625.43,635.11,654.35,673.68,680.94,683.91,687.27,692.36,698.66,699.06,687.72,679.20,672.94,681.22,692.27,701.23,711.41,725.17,737.63,750.98,764.57,778.36,792.41,805.32,817.68,829.48,841.48,852.29,863.28,873.78,881.43,887.90,892.19,894.70,899.37,905.17,914.42,924.50,928.64,931.18,937.93,949.08,956.71,960.40,960.25,965.25,977.59,987.05,997.15,1009.52,1020.76,1031.85,1045.74,1056.74,1068.09,1082.71,1098.81,1113.20,1129.33,1144.80,1159.05,1176.44,1194.69,1210.13,1226.01,1240.21,1247.47,1245.56,1230.23,1215.29,1201.97,1188.24,1172.21,1156.07,1143.47,1133.96,1123.50,1119.04
70.86,70.72,71.22,72.18,73.94,76.29,79.21,85.93,96.91,106.16,110.37,112.22,113.68,114.78,115.74,116.64,117.51,118.76,121.46,124.81,127.60,128.88,129.57,129.45,129.38,129.59,129.89,130.43,131.60,133.05,133.94,134.77,135.38,135.93,136.94,138.55,138.72,136.85,136.04,136.94,138.47,139.67,143.43,151.00,156.25,160.78,166.22,170.65,172.26,172.90,173.88,176.74,181.41,188.81,195.86,201.28,210.05,217.54,224.18,230.47,235.85,241.08,245.98,251.85,259.56,261.59,260.50,260.12,260.20,259.91,258.72,258.22,257.98,259.16,264.06,269.63,273.11,277.13,281.86,288.62,293.51,296.14,298.60,301.36,304.73,309.21,312.44,318.40,325.13,329.86,332.64,337.94,345.37,353.66,362.63,370.24,374.92,379.50,384.95,390.27,395.19,399.82,403.61,407.54,413.60,421.72,428.36,433.63,438.43,442.97,447.20,450.83,453.15,455.25,456.66,457.87,459.13,461.77,464.38,466.22,468.10,468.70,469.37,470.16,471.59,473.38,476.15,480.02,482.25,482.74,484.28,486.07,488.59,492.57,498.65,503.81,508.62,512.39,516.11,521.23,526.23,531.29,535.06,537.97,543.07,551.11,558.96,561.49,560.48,561.03,566.34,575.55,583.67,589.21,595.41,605.14,615.30,620.57,623.40,627.64,631.76,635.71,639.14,641.20,643.99,648.79,653.51,655.97,656.84,658.72,660.16,657.14,647.55,626.01,615.49,618.14,622.26,625.61,629.29,637.57,656.06,679.72,693.68,698.21,698.91,702.20,708.77,711.81,703.77,695.53,688.33,681.23,687.83,695.91,703.53,713.07,725.08,738.39,753.11,765.61,778.01,790.37,803.14,815.37,827.55,839.89,849.90,857.91,862.55,867.94,872.18,874.78,879.98,887.14,897.21,906.16,911.44,916.17,924.25,932.00,937.51,940.47,943.12,952.02,961.95,972.33,983.58,995.05,1006.86,1020.07,1029.17,1042.84,1057.83,1071.20,1086.24,1102.02,1118.24,1134.30,1151.19,1168.78,1187.69,1207.63,1228.20,1244.28,1250.84,1240.84,1224.70,1211.45,1198.84,1186.09,1174.41,1161.76,1148.86,1138.51,1135.18,1130.48
68.91,68.48,69.79,70.94,72.35,75.60,79.22,86.56,97.33,104.32,108.57,111.55,112.56,113.33,114.22,115.20,116.66,118.66,121.15,123.91,125.44,126.56,127.18,126.55,126.19,126.43,126.83,127.70,128.30,128.53,129.25,130.04,130.56,130.65,131.16,132.01,132.66,132.26,132.38,133.09,133.13,137.07,146.55,154.77,160.57,165.23,170.30,173.22,175.13,176.10,176.66,178.20,182.62,190.79,199.44,206.75,213.75,220.98,227.20,232.82,238.19,242.67,247.22,254.22,262.04,263.04,261.38,260.73,261.39,260.74,259.00,257.05,258.44,262.67,269.92,273.14,275.80,278.85,283.22,290.38,297.69,302.01,304.16,307.19,310.28,313.81,316.76,320.75,328.18,334.44,339.63,341.83,344.81,349.76,360.72,370.80,375.35,379.92,386.29,391.48,395.53,399.14,402.56,406.99,413.16,421.16,428.01,433.58,438.57,443.30,447.91,451.16,453.31,455.71,457.97,459.41,460.96,463.62,466.66,469.94,474.73,479.40,481.97,483.99,485.45,485.83,487.11,487.99,488.45,490.10,491.33,492.56,493.80,495.75,499.89,505.86,511.82,516.98,520.90,527.12,532.43,537.40,541.33,544.69,549.49,558.34,567.08,572.14,571.91,568.23,567.97,571.36,576.88,582.83,590.13,598.41,607.96,616.06,623.50,630.18,635.29,639.92,643.45,645.86,649.19,654.77,659.19,661.75,662.75,663.66,664.56,663.12,656.68,638.52,622.18,619.84,624.97,629.21,633.12,640.13,658.28,680.42,699.82,712.84,716.89,717.65,722.85,726.01,721.87,715.11,709.59,699.34,695.39,697.47,700.01,705.50,715.26,727.48,741.69,753.06,764.67,776.31,788.18,801.81,812.49,822.82,832.89,840.04,844.46,848.87,852.89,858.53,864.59,871.52,880.43,887.81,892.94,899.80,907.31,913.97,918.43,922.35,928.73,938.18,947.81,958.69,970.18,982.59,994.74,1006.99,1018.16,1028.77,1044.24,1059.62,1073.95,1091.81,1109.87,1126.75,1143.80,1161.45,1178.25,1199.58,1224.66,1240.69,1247.63,1235.82,1220.54,1208.03,1195.68,1184.10,1172.66,1161.13,1151.93,1148.64,1144.63,1137.69
66.18,66.65,68.29,69.41,70.15,72.90,77.33,85.03,94.73,101.33,106.03,109.83,110.98,111.78,112.89,114.60,116.49,118.32,120.38,121.96,122.71,123.96,124.50,123.50,122.94,123.06,123.21,123.44,123.64,123.41,123.43,123.36,123.91,124.65,125.31,125.71,126.09,126.89,128.29,128.69,129.55,139.16,149.77,156.91,162.39,167.12,171.50,175.00,177.66,179.28,180.08,181.62,185.62,192.78,201.94,209.81,216.57,223.60,229.98,234.82,239.86,243.66,247.30,252.89,260.06,261.61,261.11,261.03,261.49,259.57,257.48,257.19,259.92,266.10,271.86,275.64,278.96,282.96,288.03,293.34,299.82,305.39,309.02,311.42,314.13,317.26,320.49,323.10,327.21,334.18,341.37,345.06,347.32,351.46,360.18,368.62,374.41,380.28,386.35,390.82,393.65,396.87,400.81,406.82,414.22,422.04,429.00,434.35,439.17,443.52,448.06,451.07,453.48,456.07,458.64,460.79,462.84,465.18,467.77,470.77,476.05,481.35,486.17,491.15,495.90,499.22,500.88,500.83,498.63,498.82,499.12,499.36,499.65,500.83,502.58,507.90,514.70,521.96,528.18,533.62,539.47,544.34,548.02,551.42,555.00,561.75,571.32,579.13,582.37,579.89,575.88,576.24,581.60,590.46,598.08,603.43,607.07,612.78,622.88,632.42,637.91,643.09,647.08,650.50,655.60,661.39,665.36,667.87,669.23,669.26,669.00,669.75,666.12,652.62,632.83,624.22,626.29,631.70,636.01,642.36,659.38,680.74,699.15,715.09,726.36,733.84,739.60,744.78,742.20,736.24,732.36,721.95,714.15,713.39,716.22,716.13,713.41,720.52,731.14,742.52,753.27,765.53,776.19,788.93,799.78,808.30,815.47,821.33,826.51,831.03,836.80,842.90,849.51,856.64,858.17,860.23,870.76,880.67,889.54,896.54,902.82,908.79,915.47,924.66,933.75,944.53,956.38,968.65,981.11,992.28,1005.35,1015.94,1029.15,1049.15,1066.85,1085.01,1102.95,1120.45,1134.92,1151.35,1168.03,1190.64,1216.23,1233.64,1240.66,1229.42,1216.94,1205.01,1194.52,1183.67,1171.90,1164.09,1161.50,1157.17,1150.89,1144.22
63.67,64.95,66.54,67.52,68.59,70.16,74.34,82.39,90.70,98.06,103.13,106.44,108.57,110.49,112.14,113.61,115.22,116.91,118.52,119.46,120.14,121.72,121.91,120.54,119.71,119.62,119.17,117.73,117.32,117.69,116.47,116.11,117.20,118.84,119.95,120.21,120.22,120.80,122.20,123.23,128.10,139.47,149.94,157.58,163.24,167.94,172.55,176.57,179.88,182.32,184.18,186.24,190.33,195.73,203.21,210.93,217.34,224.00,230.07,233.70,237.90,241.81,245.13,248.47,252.98,254.88,255.21,256.34,256.43,253.69,255.37,259.12,262.92,267.92,272.63,276.75,281.14,286.20,291.07,295.26,300.19,306.84,311.49,314.05,317.00,320.13,322.75,325.50,329.06,334.84,341.43,346.56,350.64,358.13,366.60,371.71,374.88,379.18,383.41,388.19,391.49,395.29,399.37,405.81,413.94,422.21,429.18,434.54,439.45,443.65,447.59,450.95,453.64,456.37,459.07,461.38,463.54,465.72,467.96,470.91,476.08,481.50,487.00,493.08,499.80,505.43,510.86,513.63,512.69,510.27,507.54,506.13,506.21,507.39,506.90,509.77,517.67,526.97,534.12,539.41,545.56,550.83,554.91,558.58,561.04,566.28,576.53,584.80,590.04,591.24,587.04,584.43,588.19,600.26,610.45,614.39,617.08,619.88,623.94,632.38,640.14,646.08,651.48,657.04,663.02,668.53,671.89,674.03,675.51,675.39,674.81,676.81,677.38,667.06,647.05,633.39,629.44,632.16,637.77,643.16,652.91,674.04,694.41,711.27,727.23,742.27,752.94,762.91,765.24,761.03,753.20,742.43,732.94,732.42,735.02,735.56,729.31,723.02,725.72,735.38,744.93,755.50,765.90,774.48,785.52,794.14,800.20,804.59,809.70,816.00,821.43,828.13,833.07,834.86,837.94,844.53,853.93,863.99,873.35,881.68,889.23,898.35,906.11,912.54,922.68,934.25,944.08,956.38,967.63,978.52,991.29,1005.16,1024.36,1044.27,1060.64,1072.39,1083.10,1102.22,1119.18,1139.93,1159.73,1181.22,1207.85,1227.59,1234.06,1224.02,1212.69,1203.16,1193.85,1184.00,1174.52,1171.39,1169.48,1164.55,1158.30,1151.25
61.91,63.35,64.87,66.33,67.66,68.64,70.00,78.71,87.63,94.53,99.94,102.77,105.73,108.65,110.40,111.55,113.21,115.10,116.70,117.37,118.30,119.49,119.38,118.19,116.70,116.16,114.44,110.88,109.37,111.24,109.91,110.04,111.72,114.37,116.27,116.43,116.50,116.81,117.24,119.41,125.38,136.59,148.64,157.34,163.61,168.69,173.69,178.47,181.67,184.20,186.85,189.65,193.93,198.72,204.06,210.24,216.03,221.58,226.53,229.79,234.01,238.48,241.76,244.73,247.33,248.30,248.91,250.86,251.09,250.37,256.66,261.48,264.89,269.08,273.09,276.97,281.29,286.57,291.33,295.31,299.66,305.97,311.18,315.07,318.66,321.53,324.35,327.28,331.01,337.60,342.93,347.84,353.98,361.00,368.35,375.38,379.43,382.89,385.53,390.15,392.71,395.21,398.39,404.18,412.42,421.22,427.91,433.78,439.22,443.45,447.35,450.80,453.65,456.51,459.29,461.61,463.76,465.92,468.08,470.81,475.67,480.87,487.19,494.72,501.73,507.25,513.49,519.80,522.66,522.57,520.13,516.43,515.49,515.93,513.53,512.42,520.26,530.77,538.66,544.78,550.59,555.69,560.06,563.90,566.88,571.99,580.56,589.52,595.29,599.74,598.83,596.39,597.75,603.26,611.23,617.94,623.24,626.95,627.34,630.70,640.88,648.55,655.78,663.50,670.82,676.47,678.78,680.64,682.01,682.70,682.13,683.82,686.28,679.01,662.05,646.77,637.66,634.50,638.25,643.70,649.59,664.91,684.77,704.76,721.57,741.36,756.14,771.28,782.65,785.00,775.40,761.71,751.56,753.90,754.16,754.19,751.61,744.57,738.13,735.54,739.73,746.18,756.13,764.79,772.45,779.89,786.06,792.82,799.15,805.32,811.39,816.74,821.19,828.12,836.34,843.64,849.77,857.27,864.39,872.50,881.35,890.80,900.92,912.73,924.44,933.07,941.29,952.22,963.17,975.16,990.72,1005.91,1023.05,1037.97,1048.46,1060.08,1079.40,1099.72,1121.12,1142.48,1158.92,1177.38,1205.23,1227.33,1230.68,1220.48,1210.35,1202.48,1194.99,1187.27,1179.97,1180.80,1177.93,1172.09,1165.48,1159.66
60.69,62.32,64.05,65.55,66.63,67.66,68.72,73.60,83.97,90.89,95.97,100.25,103.53,106.25,108.29,109.48,111.08,113.11,114.76,115.38,116.20,116.98,117.28,116.06,114.38,112.84,110.69,107.89,106.27,106.91,106.60,106.93,108.60,111.31,113.00,113.16,113.21,113.17,113.18,115.09,119.96,130.78,145.63,156.60,163.70,169.75,174.69,179.44,182.68,185.45,188.12,191.57,196.13,200.57,204.75,209.02,213.73,218.54,222.91,226.55,230.37,234.54,237.92,240.68,242.78,243.38,244.09,246.10,246.10,250.60,258.79,262.85,265.90,268.96,272.26,276.04,280.02,284.69,288.70,292.11,298.03,304.77,310.56,314.83,318.96,322.30,325.35,328.48,332.90,339.42,344.52,349.33,356.23,363.69,371.07,378.32,382.46,385.81,388.79,391.08,394.00,396.72,399.08,403.33,410.55,419.91,427.18,433.37,438.68,442.10,446.65,450.83,453.75,456.68,459.48,461.70,463.78,465.82,467.87,470.32,474.84,480.13,487.41,496.54,503.79,509.40,515.34,521.24,525.66,528.39,529.75,528.60,526.14,525.05,523.44,521.73,525.77,533.62,543.16,549.82,555.11,560.19,564.26,568.22,571.84,576.37,583.54,592.43,598.53,603.43,605.82,608.38,610.79,611.12,612.53,616.58,622.77,629.89,632.20,631.53,639.09,649.33,657.40,667.80,677.32,683.24,686.09,687.99,689.25,690.99,690.83,692.08,695.96,693.21,679.52,665.28,652.40,643.08,639.33,644.47,651.54,660.46,674.21,694.19,712.54,733.08,751.25,765.61,784.15,795.32,792.83,778.70,771.76,774.41,773.62,771.81,771.25,766.28,756.43,750.05,749.74,752.27,755.29,761.57,767.92,773.37,778.43,785.10,791.90,797.55,805.11,812.20,822.08,830.10,838.48,847.34,855.81,862.41,868.35,876.40,888.69,895.35,902.41,915.35,926.69,936.66,946.94,958.40,971.52,980.67,989.07,1000.39,1011.01,1027.88,1045.44,1064.88,1084.73,1104.41,1124.30,1148.15,1167.03,1188.48,1211.73,1230.02,1228.59,1218.96,1210.90,1203.57,1196.72,1190.00,1187.15,1188.16,1185.35,1180.13,1172.80,1167.39
60.23,61.99,63.37,64.55,65.72,66.76,67.85,70.44,79.59,87.46,93.11,97.92,101.61,104.16,106.16,107.49,109.25,111.67,112.75,113.47,114.07,114.71,115.16,113.93,112.27,110.40,108.12,105.77,103.55,103.08,103.48,104.28,106.17,108.28,109.75,110.07,110.14,110.06,109.88,110.47,115.75,126.69,143.84,155.72,163.56,170.56,175.29,179.65,182.92,185.98,189.05,192.86,197.18,201.32,205.11,208.91,213.16,217.64,221.75,225.18,228.18,231.15,234.13,236.38,237.96,238.10,239.20,241.01,244.56,252.23,259.93,263.25,266.26,268.76,270.61,273.89,277.51,281.11,284.18,288.58,296.39,304.42,310.93,314.97,318.88,322.45,325.88,329.36,334.43,339.98,345.06,350.65,358.08,365.28,372.99,379.90,383.45,386.85,390.49,392.88,395.42,397.91,400.24,403.66,409.47,420.04,426.11,431.02,435.62,439.40,444.92,450.94,453.83,456.72,459.43,461.69,463.72,465.66,467.66,469.99,474.64,480.29,488.20,498.08,506.01,512.06,517.32,522.52,527.40,531.28,533.88,535.26,535.46,536.15,536.71,535.80,539.20,540.77,546.92,554.46,559.60,564.08,568.47,572.74,576.75,580.54,586.18,594.24,601.39,606.26,610.15,613.84,617.28,620.07,621.02,621.57,624.37,630.86,636.26,638.33,639.74,648.97,656.93,666.08,677.62,685.92,691.02,693.30,695.73,698.16,699.49,700.95,705.09,707.57,698.73,686.13,674.14,660.93,648.95,647.21,653.23,658.60,667.98,682.00,701.77,720.36,739.42,755.32,772.78,792.31,805.12,800.59,794.12,793.86,792.66,791.72,789.85,785.46,779.78,771.85,766.75,765.76,767.47,771.38,774.07,776.76,782.29,786.85,794.19,802.61,810.28,819.01,826.48,832.99,840.27,849.81,858.67,866.64,873.25,881.23,898.93,912.92,912.67,914.50,923.84,935.17,945.73,959.69,972.67,986.68,998.98,1009.91,1023.36,1039.09,1058.15,1075.61,1091.60,1108.79,1128.69,1149.51,1175.02,1198.50,1219.32,1231.87,1226.59,1218.93,1212.58,1206.40,1199.03,1193.15,1193.78,1194.62,1192.50,1188.66,1183.45,1177.86
60.00,61.22,62.23,63.46,64.69,65.88,67.03,68.94,74.54,82.88,89.58,95.25,100.30,102.64,104.16,105.83,108.14,109.81,110.77,111.69,112.41,112.91,113.16,112.14,110.31,108.34,106.12,103.75,101.36,100.21,100.82,101.48,102.79,104.61,106.44,107.39,107.90,107.87,108.17,109.33,116.14,128.52,144.01,154.91,162.88,170.49,175.63,180.08,183.28,186.34,189.46,193.24,197.20,201.10,204.95,208.81,212.91,217.05,220.75,223.66,226.08,227.86,230.03,231.76,232.29,232.15,233.72,239.37,247.69,256.49,261.58,264.14,266.38,267.88,269.04,270.99,274.43,277.76,280.42,286.55,295.06,303.62,310.88,314.84,318.63,322.29,325.81,329.45,334.04,338.88,345.22,352.32,360.26,366.74,373.91,380.39,383.46,386.73,389.60,391.94,394.96,398.50,402.75,407.31,409.38,417.06,422.10,431.30,439.80,443.01,445.05,450.28,453.25,456.66,459.89,462.48,464.91,466.90,468.73,471.12,475.47,480.73,489.50,499.73,507.97,514.50,519.68,524.27,528.94,533.09,536.48,539.29,542.72,545.87,548.97,550.77,551.36,550.23,550.07,556.58,562.77,567.20,572.04,576.94,580.74,584.46,589.54,598.29,605.09,609.92,613.83,617.76,622.05,626.61,629.76,629.67,629.92,633.51,638.95,643.42,645.37,649.20,656.05,663.50,674.11,684.33,690.37,696.06,700.47,702.74,705.05,707.18,711.49,718.37,716.24,706.05,694.37,683.13,669.31,656.90,654.65,658.56,665.30,674.41,690.14,705.47,723.23,741.72,756.20,775.88,800.12,812.79,819.47,818.82,815.54,811.42,807.01,802.80,799.20,795.02,787.25,781.15,780.63,786.14,791.90,793.36,795.43,798.07,804.63,812.08,819.34,824.45,832.11,840.53,847.97,854.63,861.78,869.35,877.40,886.68,905.44,922.60,930.91,930.25,932.45,940.52,954.42,973.41,989.32,994.06,1003.03,1017.52,1032.34,1046.36,1062.34,1077.18,1094.61,1113.48,1131.69,1151.70,1176.13,1199.85,1219.78,1231.78,1226.91,1220.11,1214.78,1209.53,1202.38,1198.65,1201.15,1200.80,1198.94,1195.33,1190.77,1186.90
59.42,60.07,61.14,62.38,63.65,64.90,66.14,67.64,69.82,76.66,84.61,90.78,96.91,100.71,102.17,103.46,105.31,106.39,107.95,109.60,110.57,110.91,110.98,110.38,108.36,106.24,104.07,101.82,99.67,98.35,98.71,99.18,99.79,101.31,103.54,104.80,105.54,106.36,107.90,110.34,118.70,130.04,144.33,154.56,163.24,170.87,175.98,180.41,183.52,186.48,189.49,193.06,196.71,200.41,204.24,208.01,211.79,215.56,218.98,221.43,223.11,223.64,224.72,226.16,227.09,228.75,233.52,242.93,252.49,260.12,262.76,264.19,264.74,265.86,267.06,268.87,271.84,275.05,278.10,284.50,293.69,302.22,309.94,314.18,318.06,321.97,325.81,329.68,334.18,339.03,346.80,356.24,362.48,367.56,374.12,380.46,383.37,385.78,387.76,389.73,393.03,397.32,403.19,410.35,415.30,419.06,426.70,436.52,443.18,447.27,449.13,450.10,452.46,455.89,459.84,463.39,466.71,469.05,470.81,473.25,476.16,480.54,490.69,500.98,509.59,516.54,522.13,526.63,530.95,534.99,539.04,543.02,547.31,551.86,556.27,559.42,560.43,559.37,557.07,556.66,561.95,567.79,573.73,579.42,583.22,586.96,592.61,601.02,608.86,613.42,617.47,621.87,626.70,631.85,636.63,639.31,638.81,638.68,642.01,647.26,650.90,652.91,656.00,661.38,668.54,678.07,686.21,694.90,702.22,706.00,709.09,712.13,715.62,723.55,728.11,721.76,711.21,701.52,691.81,679.19,664.68,659.87,665.42,672.31,680.99,694.66,709.11,727.95,743.41,760.05,783.36,802.06,818.79,830.84,834.34,833.97,830.80,823.65,817.95,811.94,806.10,800.87,797.85,805.48,813.12,812.06,813.42,815.16,816.90,821.32,829.39,836.29,840.02,848.33,855.76,862.93,867.53,873.31,880.81,890.74,905.97,921.85,936.61,943.50,947.18,953.05,961.50,979.28,999.86,1011.81,1014.42,1019.26,1033.87,1048.22,1065.05,1082.55,1100.59,1115.91,1131.36,1150.54,1172.33,1197.18,1217.24,1231.51,1229.44,1221.76,1216.34,1211.32,1205.96,1204.12,1207.16,1206.51,1204.45,1201.38,1198.07,1195.08
58.88,59.57,60.64,61.84,63.06,64.28,65.50,66.94,68.20,70.01,77.05,84.33,90.48,95.85,99.24,100.77,101.89,102.66,104.36,106.12,107.15,107.67,107.84,107.34,105.72,104.00,101.96,99.79,98.22,96.86,96.95,97.88,99.14,100.49,101.98,103.39,104.58,106.01,107.84,109.82,117.68,129.98,143.10,154.06,164.60,172.00,176.48,180.42,183.42,186.35,189.31,192.62,196.07,199.44,202.84,206.25,210.11,213.77,216.40,218.33,218.93,219.72,222.08,225.84,228.41,232.11,237.24,244.84,255.97,261.23,261.86,261.77,262.36,263.58,265.08,267.40,270.04,273.04,276.63,281.85,291.71,300.59,308.51,313.47,317.76,322.14,326.67,331.11,335.86,341.27,350.41,360.49,363.91,368.13,373.53,379.44,381.94,383.66,385.79,387.76,390.52,395.36,401.60,410.38,420.41,429.23,438.89,446.40,448.72,450.97,453.38,454.16,455.52,457.88,459.42,461.99,467.62,471.73,474.26,476.97,479.23,482.94,492.00,501.87,510.61,518.01,523.69,528.53,532.65,536.39,540.54,545.77,551.42,557.35,561.23,564.17,566.21,567.18,565.38,561.97,561.73,566.53,572.91,579.80,584.97,588.95,593.72,600.07,608.81,615.47,620.83,625.89,631.13,636.78,641.44,644.28,645.79,646.75,647.65,651.17,655.04,657.82,659.89,662.35,666.23,674.62,686.00,694.13,700.84,707.13,711.88,715.54,719.67,728.13,734.77,733.13,726.00,716.60,709.02,698.87,685.65,669.59,665.95,671.72,677.42,686.32,698.55,712.01,731.06,747.43,767.13,787.39,803.97,820.34,835.68,849.24,852.71,848.62,841.17,832.48,826.20,819.45,815.91,824.65,831.28,829.44,832.47,833.27,833.80,832.24,839.33,849.13,857.39,867.59,867.82,877.97,877.57,879.24,885.42,893.18,903.77,918.55,933.83,946.55,958.53,967.38,970.74,980.66,1001.26,1019.47,1035.58,1036.88,1036.89,1051.81,1071.22,1093.71,1109.47,1123.87,1137.91,1155.63,1173.60,1195.50,1215.72,1232.69,1231.55,1225.15,1219.41,1214.42,1210.36,1209.57,1212.57,1211.66,1209.74,1207.54,1205.66,1201.54
59.12,59.90,60.70,61.84,63.02,64.19,65.54,67.56,69.48,70.29,70.43,75.52,82.37,86.99,91.58,94.43,95.93,97.85,100.44,101.91,102.80,103.42,103.65,103.58,102.47,101.31,99.54,97.20,95.97,95.26,96.63,98.45,100.28,101.95,103.50,104.97,106.01,106.51,107.70,110.09,118.38,129.85,139.90,152.57,165.56,172.46,176.45,180.18,183.04,185.90,188.83,191.84,194.53,197.43,200.39,203.63,207.99,211.49,213.37,215.11,217.22,222.35,228.77,232.81,234.85,237.78,241.33,247.07,256.06,259.97,259.43,259.09,260.05,261.42,263.44,265.92,268.44,271.25,274.92,279.44,289.43,298.81,306.77,312.59,317.34,322.40,327.54,332.52,337.44,343.78,353.29,361.49,364.81,367.98,372.05,376.59,379.56,381.24,383.46,385.50,387.56,391.83,398.52,408.71,418.89,431.26,444.71,451.97,453.77,455.24,457.28,458.39,459.80,462.05,463.88,464.88,467.34,473.06,477.56,480.77,484.12,488.19,494.51,503.02,511.20,518.54,524.51,529.85,534.09,538.02,542.51,547.96,554.37,561.03,564.70,567.85,570.85,573.25,573.33,570.56,567.90,567.78,571.00,580.12,586.83,593.08,599.24,605.22,610.67,616.12,622.84,629.49,635.10,640.72,645.19,648.37,650.99,653.44,654.93,656.32,659.19,662.47,665.38,667.45,669.04,679.13,688.78,696.81,701.16,706.93,712.25,716.68,722.16,729.48,737.67,741.75,740.94,735.06,726.29,716.25,705.59,691.37,674.97,671.83,676.59,682.93,688.49,698.47,715.94,736.74,754.15,772.17,789.67,806.33,824.62,844.31,859.18,867.83,865.69,854.85,845.59,839.17,836.75,842.83,847.43,847.55,850.58,851.63,852.38,848.98,848.80,859.58,873.56,883.61,883.10,889.94,892.54,891.37,893.44,900.45,906.18,914.01,932.19,950.71,965.50,976.83,984.39,989.72,998.61,1017.05,1040.89,1054.06,1056.41,1062.68,1072.61,1092.10,1113.39,1130.42,1148.09,1165.24,1182.35,1199.45,1221.82,1238.94,1235.15,1229.65,1224.31,1219.65,1216.49,1215.49,1217.92,1217.14,1214.97,1213.74,1212.71,1207.93
59.84,60.51,61.06,61.94,63.09,64.19,65.58,67.47,69.15,70.59,71.38,72.03,76.00,77.90,81.26,84.32,87.38,90.60,93.62,95.62,96.78,97.49,98.30,98.30,95.97,93.77,93.07,93.69,93.04,94.16,97.16,99.43,101.64,103.68,105.32,106.86,107.83,108.10,108.60,113.18,123.71,132.26,137.68,151.25,165.84,172.34,175.96,178.91,181.23,184.02,186.96,189.55,191.67,194.68,197.52,200.60,205.49,209.67,212.07,215.71,219.85,226.75,233.16,238.40,240.68,242.07,244.44,248.63,254.17,257.05,256.88,257.16,258.34,259.54,261.82,264.32,266.83,269.39,273.20,278.48,288.19,297.96,305.42,311.41,316.61,322.03,327.63,332.73,337.47,344.10,353.69,361.14,364.53,367.62,370.89,374.52,376.72,378.59,381.07,381.97,382.44,386.54,394.30,405.12,416.17,430.16,445.59,454.20,457.65,459.48,460.92,461.85,463.27,465.05,467.37,470.35,470.99,472.18,479.46,483.70,487.60,492.54,498.19,505.42,512.74,519.71,525.60,530.93,535.32,539.52,544.43,549.75,555.89,562.07,567.46,571.11,574.49,577.81,579.95,579.74,577.17,575.08,574.20,581.56,590.40,598.47,604.90,610.82,615.75,619.98,625.72,633.16,638.79,644.53,649.16,652.47,655.48,658.43,660.49,661.78,663.38,666.64,670.51,673.71,676.12,682.78,690.62,699.99,705.42,707.10,710.63,715.40,721.37,727.44,735.93,743.28,747.96,748.99,745.49,737.54,725.61,711.94,697.41,682.79,679.10,682.82,686.72,693.57,703.93,724.56,742.60,760.06,777.60,795.65,814.05,833.45,847.14,860.01,871.16,874.66,868.10,859.79,857.13,860.70,864.27,864.62,867.78,871.13,870.53,866.89,864.46,869.75,885.52,897.44,898.30,901.74,912.01,913.10,911.48,912.40,914.62,918.00,926.93,940.33,955.04,969.28,984.76,1001.05,1012.55,1025.49,1042.87,1057.68,1071.00,1084.58,1089.96,1095.38,1111.64,1131.55,1152.92,1172.16,1191.50,1209.24,1234.68,1246.82,1241.03,1235.49,1231.30,1227.76,1223.52,1222.46,1225.23,1225.01,1220.91,1220.42,1219.35,1213.71
60.41,61.08,61.65,62.24,63.11,64.17,65.46,67.02,68.37,69.66,71.27,72.53,73.33,73.96,75.20,78.09,80.05,82.28,84.76,86.60,86.43,87.30,89.71,90.03,88.58,88.03,89.19,90.07,91.08,94.63,98.25,100.83,103.04,105.41,107.24,108.86,109.72,109.83,109.65,115.52,127.93,136.38,137.73,149.89,164.81,171.76,174.06,176.08,178.67,181.54,183.79,186.41,189.90,193.24,196.66,200.33,204.47,208.74,212.50,216.78,222.71,230.75,236.37,240.77,242.69,244.43,246.67,249.10,252.14,253.95,254.60,255.74,256.57,258.11,260.32,262.83,265.26,267.22,271.20,277.72,287.47,297.07,304.00,309.65,315.03,320.73,326.50,331.99,337.47,344.56,354.01,361.22,364.01,366.72,369.56,371.99,373.86,375.42,376.48,374.98,376.45,381.88,391.13,404.44,416.83,430.15,446.95,457.06,460.45,461.93,463.59,465.08,466.58,468.16,470.31,473.47,475.71,474.71,481.12,485.79,490.13,495.85,502.36,509.74,515.77,521.64,526.93,532.05,536.62,541.02,545.50,550.46,556.18,562.14,568.28,573.14,577.32,580.89,583.65,585.83,586.72,585.24,580.80,582.94,592.47,601.95,608.95,614.46,619.66,624.16,629.42,637.10,643.45,649.06,652.90,656.04,659.18,661.74,663.69,665.29,667.05,670.13,674.64,679.20,682.63,685.65,691.75,700.78,709.09,711.56,713.99,717.61,720.05,724.67,732.26,740.61,747.63,752.95,755.44,754.17,745.63,734.26,719.52,703.92,692.14,690.14,690.83,693.64,700.84,711.47,729.89,748.42,765.55,785.50,801.54,820.18,834.74,845.20,857.60,869.25,878.54,878.87,876.35,878.03,880.06,879.56,883.05,887.27,886.51,883.98,882.18,882.68,894.43,908.95,915.82,915.01,930.23,934.13,931.07,930.23,929.84,929.82,936.77,944.71,950.25,958.55,970.01,992.73,1012.32,1035.71,1052.14,1067.07,1079.63,1094.56,1106.77,1113.94,1123.74,1139.53,1155.15,1172.16,1192.71,1217.14,1246.14,1257.45,1251.36,1243.81,1238.59,1234.95,1231.09,1231.04,1233.28,1234.22,1229.63,1229.34,1227.39,1220.49
60.73,61.55,62.24,62.87,63.45,64.13,65.24,66.46,67.75,68.99,70.07,71.14,72.14,73.27,74.64,76.45,77.77,78.65,79.36,79.70,79.51,80.39,82.75,84.79,85.06,85.86,87.20,88.94,92.63,96.68,99.99,102.25,104.50,107.17,109.31,111.06,112.33,112.86,112.81,116.80,128.13,139.07,137.78,146.43,159.96,168.39,171.29,173.25,175.96,178.53,181.75,185.99,190.08,193.62,197.16,200.64,204.31,207.73,211.40,216.06,222.87,230.88,236.25,240.00,241.72,243.20,245.25,247.75,250.21,251.70,253.09,253.96,254.69,256.50,258.66,261.06,262.87,263.83,267.53,274.89,284.59,294.12,301.31,306.70,312.11,318.30,324.42,330.73,338.40,345.33,352.89,359.93,362.53,365.00,367.24,369.12,370.75,370.74,369.48,368.51,372.74,380.30,390.23,404.21,418.95,432.09,448.53,460.22,462.48,463.97,465.64,467.44,469.43,471.18,473.34,476.57,479.96,480.24,481.57,487.39,492.91,498.94,506.00,512.88,518.71,523.54,528.20,533.00,537.72,542.23,546.59,551.16,556.43,561.81,567.39,572.86,578.65,582.88,586.33,589.58,592.49,592.97,590.03,586.54,591.88,600.79,608.81,615.67,621.62,626.75,632.47,639.57,646.10,651.64,655.75,659.23,661.87,664.21,666.41,668.37,670.69,673.77,677.62,682.20,686.38,689.81,693.20,700.22,707.96,713.09,717.79,721.67,725.05,727.70,730.56,736.76,743.48,750.58,757.36,764.31,763.88,754.35,741.84,727.03,711.21,701.06,696.89,698.55,701.89,707.92,718.33,734.93,753.09,771.60,788.36,805.82,820.03,831.25,841.35,855.01,865.58,874.75,880.68,883.48,884.20,885.28,887.97,889.21,891.10,893.39,894.67,897.25,905.17,914.73,928.94,934.54,943.13,953.50,952.96,950.42,951.44,949.15,946.97,960.16,970.05,975.90,977.19,986.39,1005.89,1023.62,1038.54,1057.09,1075.67,1094.27,1109.43,1125.83,1140.77,1154.79,1168.63,1183.71,1202.58,1229.09,1257.37,1266.11,1259.32,1251.54,1246.34,1243.01,1240.90,1241.98,1243.19,1243.07,1238.46,1240.81,1238.70,1229.07
61.04,61.73,62.61,63.40,64.11,64.72,65.28,66.16,67.39,68.49,69.50,70.48,71.47,72.74,73.97,75.19,76.40,77.19,77.87,78.11,78.84,80.21,81.63,82.98,84.35,85.80,87.39,89.55,94.25,99.20,102.70,104.85,106.53,108.57,110.84,112.31,113.81,115.21,116.46,118.44,123.98,134.91,135.58,142.94,153.55,161.50,168.37,172.08,175.12,178.32,182.66,187.71,191.40,194.25,197.31,200.12,203.16,206.13,209.09,213.88,221.92,229.80,234.28,237.75,239.43,240.89,243.27,245.81,248.23,250.31,251.51,252.01,252.51,253.79,255.72,256.54,257.55,258.56,265.30,274.33,281.71,288.62,294.28,300.17,305.97,312.94,320.72,328.10,337.19,344.11,349.79,356.54,360.67,362.73,364.00,364.31,363.61,362.92,364.45,367.41,372.77,380.88,390.84,403.68,419.51,432.90,448.37,460.24,462.75,464.82,466.83,468.77,471.18,473.58,476.00,478.71,481.86,484.02,483.74,488.75,495.67,501.81,508.41,514.37,519.94,524.50,529.04,533.58,538.21,542.72,547.15,551.88,557.01,562.07,567.19,573.48,580.16,584.86,588.99,592.24,595.74,598.17,598.34,595.44,594.23,600.08,609.97,616.52,622.36,627.90,633.71,639.79,646.39,652.45,657.65,661.47,664.15,666.60,669.00,671.86,674.97,678.06,681.07,684.82,689.18,693.38,697.40,701.47,706.38,711.35,717.79,723.22,728.23,733.13,735.78,736.95,740.61,747.82,755.38,765.01,774.11,773.75,762.63,747.26,732.36,716.75,706.75,704.89,704.68,707.97,713.90,722.26,739.88,757.71,777.07,793.20,805.00,816.65,826.96,838.67,849.96,857.84,865.35,869.98,870.40,869.75,870.55,871.60,876.09,881.41,887.47,897.55,913.18,926.66,939.77,953.04,958.77,970.43,975.03,974.00,977.38,978.73,970.88,966.75,985.22,998.56,1000.38,998.86,1002.52,1015.20,1029.01,1048.07,1068.95,1085.91,1101.90,1121.09,1143.25,1160.15,1180.91,1195.47,1216.48,1240.61,1265.34,1270.47,1264.14,1259.40,1255.78,1254.49,1254.14,1254.93,1255.53,1253.28,1249.43,1253.41,1252.09,1240.05
62.10,62.06,62.77,63.59,64.41,65.49,66.23,66.48,67.05,67.97,68.97,69.77,70.73,71.40,72.84,74.16,75.26,76.00,76.79,77.84,79.09,80.85,82.54,83.91,85.27,86.73,88.17,90.07,95.02,100.50,104.83,108.06,109.63,110.15,111.03,112.11,113.39,114.92,116.31,117.77,119.55,124.62,129.39,140.03,149.19,160.22,170.00,173.23,176.02,178.94,183.25,188.60,192.00,194.48,196.80,199.03,201.47,204.18,206.94,210.70,219.78,228.75,232.44,235.43,237.28,239.15,241.43,243.95,246.52,248.65,249.64,249.96,250.37,250.94,251.19,249.63,249.20,255.74,268.29,278.03,284.55,287.19,287.57,291.09,298.33,307.03,317.69,325.69,333.34,340.93,346.34,351.91,356.73,358.87,359.23,358.39,357.40,359.49,364.91,369.24,375.76,383.73,393.35,404.79,419.11,432.79,447.83,460.07,462.60,464.70,466.75,468.75,471.02,473.83,476.84,479.63,482.62,485.73,488.37,489.83,495.25,503.30,509.57,514.58,519.34,522.91,527.83,532.93,537.97,543.02,547.60,552.47,557.56,562.64,567.70,574.51,581.51,586.44,591.07,595.19,598.75,601.88,604.29,604.91,605.71,608.17,611.72,617.48,623.08,628.35,634.04,640.00,646.45,652.74,658.56,662.72,665.96,668.76,672.08,675.91,679.19,681.96,684.54,687.75,691.60,695.53,700.02,705.59,710.75,715.69,720.89,725.73,730.80,736.70,741.37,742.81,744.02,747.94,754.19,762.61,774.40,783.29,782.23,767.83,749.98,735.03,722.56,714.62,709.29,711.01,715.39,719.61,729.11,742.62,761.52,776.82,789.05,800.34,811.63,822.15,830.37,836.84,844.68,846.82,844.67,841.40,845.16,853.78,858.89,864.47,871.95,885.59,901.51,920.19,937.18,954.59,967.37,976.05,985.10,991.29,997.99,1004.59,998.89,988.53,989.13,1006.81,1021.55,1026.80,1025.53,1027.86,1040.26,1049.88,1065.94,1080.41,1096.59,1114.77,1133.71,1154.71,1181.65,1205.72,1231.11,1250.50,1270.44,1274.24,1269.88,1267.40,1266.34,1268.59,1270.84,1269.54,1267.98,1264.95,1260.83,1265.27,1264.30,1249.25
62.97,63.01,63.08,63.78,64.61,65.90,67.31,67.77,67.95,68.13,68.53,69.28,69.98,70.43,71.80,73.18,74.61,75.71,76.72,77.88,78.97,80.31,81.97,83.77,85.64,87.29,88.70,90.70,95.41,100.61,105.64,109.78,111.16,111.69,112.25,112.97,113.68,114.62,115.75,117.00,118.38,119.65,125.30,137.26,146.91,158.22,168.17,171.59,175.27,179.16,183.45,187.96,190.95,192.63,194.76,197.13,199.55,201.82,204.58,208.00,215.80,226.65,231.67,234.01,236.05,238.02,240.09,242.56,245.06,246.69,247.58,247.00,246.61,246.44,245.35,244.01,247.72,255.94,268.60,278.00,286.46,289.56,284.04,284.61,292.94,303.65,316.43,324.18,330.17,337.15,342.61,347.17,350.68,351.82,351.33,352.14,355.94,361.86,368.89,375.61,382.48,389.99,398.33,407.38,420.83,433.68,448.54,460.22,462.57,464.52,466.48,468.39,470.60,473.61,476.78,479.96,483.02,486.21,489.82,494.18,495.64,500.64,506.48,510.69,514.42,518.60,522.48,528.43,534.49,541.58,546.64,552.30,557.50,562.67,567.99,574.96,581.88,587.12,592.41,597.43,601.32,604.86,608.20,610.58,611.92,613.05,615.44,619.43,623.98,628.69,634.12,639.89,646.53,653.10,659.12,663.63,667.45,670.89,674.80,679.18,682.63,685.45,688.00,690.89,694.32,697.82,702.58,708.90,714.79,719.59,724.26,729.31,734.66,739.87,744.49,748.49,751.24,753.65,756.94,762.52,771.99,784.15,792.25,789.41,773.02,753.76,737.82,727.69,720.00,715.69,717.27,721.76,726.04,732.29,745.95,759.19,770.38,783.68,794.12,803.49,809.56,817.09,823.91,822.17,816.60,819.71,826.83,836.31,842.37,849.68,858.77,872.94,892.74,910.85,931.27,948.08,951.59,960.28,970.46,980.36,993.57,1011.05,1022.11,1017.99,1012.83,1012.32,1027.92,1050.18,1049.47,1038.32,1050.22,1065.08,1074.97,1083.51,1097.73,1116.96,1138.91,1157.52,1184.54,1210.12,1239.95,1261.12,1278.86,1279.59,1278.21,1277.91,1278.62,1282.35,1284.99,1282.43,1280.71,1275.86,1272.92,1278.20,1274.78,1259.17
64.09,64.16,63.94,64.38,65.32,66.97,68.50,69.11,69.37,69.18,69.07,69.64,70.69,71.45,72.48,73.54,74.93,76.24,77.38,78.63,79.74,80.47,81.77,83.66,85.56,87.40,89.09,91.55,95.71,99.74,104.31,109.12,111.06,112.50,113.60,114.35,114.97,115.71,116.51,117.30,118.28,119.97,125.14,135.00,145.33,154.53,162.93,169.12,174.22,178.99,182.61,185.79,188.49,190.13,192.58,195.00,197.25,199.34,202.12,205.90,212.10,222.63,230.60,233.00,235.12,237.13,239.18,241.45,243.43,244.66,245.01,243.61,242.40,241.33,240.25,241.73,248.38,255.34,265.39,274.22,280.88,284.41,280.22,279.30,287.19,299.55,313.10,321.86,327.70,333.59,337.68,340.44,340.77,343.07,347.46,353.17,359.07,367.25,376.83,384.56,390.93,398.19,405.48,414.80,425.17,436.45,450.69,459.71,462.00,463.70,465.64,467.71,470.08,473.38,476.91,480.30,483.28,486.37,489.58,495.92,501.01,503.22,508.13,511.30,517.12,523.11,527.83,530.05,531.36,536.70,543.81,551.43,557.62,562.85,567.72,573.85,580.37,586.04,592.45,599.03,603.29,606.95,610.24,612.28,614.11,616.01,618.55,621.33,625.01,629.01,633.72,638.61,645.29,652.73,659.44,664.08,668.37,672.45,676.62,680.87,684.77,688.33,691.53,694.69,697.87,701.25,706.15,712.88,719.32,723.42,727.43,732.58,737.96,742.90,747.56,752.38,756.65,760.33,763.57,767.09,772.01,783.05,793.82,801.37,794.37,776.62,758.08,744.66,734.68,728.13,725.18,724.89,727.25,731.29,736.59,744.64,754.66,765.00,776.07,784.43,787.90,793.92,800.18,797.67,797.04,803.21,811.66,820.20,827.84,837.30,850.25,871.57,897.84,916.63,930.07,938.53,933.67,943.87,951.40,965.56,987.18,1008.07,1031.65,1043.42,1045.85,1039.63,1032.37,1050.40,1064.90,1062.12,1060.67,1072.46,1091.10,1101.74,1112.26,1123.55,1145.16,1165.62,1188.34,1214.24,1242.48,1262.89,1281.08,1286.92,1287.82,1288.81,1289.95,1293.11,1295.41,1292.71,1291.29,1286.92,1286.48,1290.20,1284.87,1268.63
65.13,65.11,64.91,65.47,66.50,68.42,69.75,70.22,70.45,70.09,70.04,70.47,71.45,72.41,73.33,74.26,75.46,76.87,78.14,79.42,81.03,82.13,82.86,83.94,85.53,87.37,89.30,91.52,95.01,97.98,100.96,105.88,109.65,111.38,113.14,114.87,116.13,116.98,117.74,118.48,119.24,121.39,125.88,133.19,144.27,152.57,159.70,166.42,172.63,178.10,181.50,183.92,185.92,187.81,190.37,192.68,194.98,197.15,199.40,202.62,208.94,218.56,228.87,232.08,233.80,235.76,237.93,240.02,241.50,242.73,242.69,240.71,238.99,237.99,238.81,243.37,250.00,255.51,262.06,269.79,274.93,276.99,275.36,275.23,280.69,292.33,305.74,316.31,323.71,328.20,330.08,329.11,330.88,340.13,349.42,357.88,365.16,375.55,385.12,392.55,399.95,406.75,413.51,421.13,428.65,439.01,449.70,457.45,460.92,462.63,464.14,466.53,469.38,472.94,476.69,480.25,483.35,486.52,489.95,496.68,502.85,508.09,512.31,515.90,520.39,525.55,530.32,533.40,534.90,535.87,539.42,548.67,555.84,560.87,565.61,570.97,577.25,583.95,591.17,598.83,603.95,608.15,611.23,613.28,615.32,617.33,619.56,622.38,625.55,628.90,632.85,637.25,643.01,650.80,658.81,663.85,668.16,672.57,676.94,681.33,685.73,689.96,694.13,697.95,701.15,704.54,709.00,716.08,722.16,726.43,731.21,737.42,742.01,746.18,751.03,756.06,760.73,765.07,769.43,774.06,777.55,784.18,794.11,803.63,806.46,796.58,781.48,767.58,756.91,747.89,741.90,737.34,734.08,735.44,738.46,741.24,746.29,752.66,759.14,765.09,768.12,772.29,778.25,781.40,786.45,792.72,800.00,806.87,813.60,825.43,842.14,860.96,883.12,903.02,917.22,924.35,915.25,914.07,924.98,943.89,974.03,1001.44,1021.42,1040.21,1056.15,1061.66,1056.50,1059.29,1075.84,1088.63,1083.72,1087.38,1100.85,1117.13,1132.77,1142.26,1151.37,1167.47,1190.83,1216.18,1243.27,1262.58,1283.51,1295.28,1297.94,1300.72,1302.39,1304.15,1304.26,1301.08,1300.10,1296.93,1298.03,1299.78,1294.90,1280.27
65.99,66.20,66.00,66.39,67.48,69.05,70.37,71.18,71.34,71.10,71.14,71.61,72.51,73.29,74.03,74.89,76.09,77.45,78.81,80.20,81.88,83.52,84.51,85.36,86.35,87.61,89.42,91.88,94.66,96.86,99.67,102.89,106.75,109.62,111.71,113.84,116.28,117.92,118.81,119.68,120.93,123.42,127.04,131.93,142.32,150.60,156.66,162.80,169.72,175.55,179.95,182.17,183.09,184.55,187.13,190.61,192.96,195.09,197.25,199.29,204.87,214.07,224.56,230.31,231.88,233.69,235.79,237.52,239.16,240.77,240.45,237.91,235.95,236.54,239.13,243.68,249.01,253.72,259.03,264.53,268.72,270.61,270.22,271.47,276.50,284.41,295.99,306.01,313.78,317.30,318.09,318.86,327.13,338.38,351.04,364.06,373.04,384.09,392.83,399.76,406.15,412.35,417.94,423.83,429.99,438.70,446.92,453.36,458.06,460.21,461.46,464.19,468.18,472.22,475.93,479.77,483.23,486.52,490.16,496.35,502.38,507.57,512.06,516.59,521.06,525.27,529.29,533.36,537.49,540.33,540.88,544.38,552.30,557.16,562.18,567.05,573.23,580.43,588.15,596.71,602.81,607.43,611.17,612.60,613.86,615.83,619.01,622.00,624.74,628.07,631.83,636.17,641.41,648.53,656.58,662.64,666.99,671.65,676.28,681.08,685.60,690.37,694.88,699.30,703.08,706.80,711.20,718.18,723.87,728.62,734.66,741.37,746.05,750.53,756.04,760.66,765.31,769.51,774.39,780.16,785.96,792.74,799.65,806.99,813.90,812.72,803.87,791.18,781.36,773.07,765.35,759.10,753.49,747.63,748.00,748.85,750.03,751.85,757.83,762.10,767.49,772.83,777.43,783.32,788.38,792.88,798.51,803.29,808.65,816.52,828.38,842.26,858.34,877.46,897.20,910.13,900.34,894.14,897.56,910.64,937.15,976.83,1009.27,1028.76,1044.60,1061.82,1077.76,1079.80,1095.03,1109.19,1102.08,1103.92,1113.54,1131.54,1149.67,1163.35,1172.58,1184.88,1196.40,1213.67,1243.15,1264.36,1292.45,1305.86,1307.53,1310.84,1313.31,1314.02,1312.78,1310.55,1309.34,1307.72,1308.07,1310.98,1307.12,1293.19
66.73,67.27,67.17,67.27,68.29,69.45,70.58,71.61,72.23,72.17,72.28,72.65,73.39,74.13,74.81,75.65,76.77,78.02,79.39,81.10,82.86,84.53,86.05,86.95,87.86,89.00,90.65,94.61,97.82,98.91,101.69,104.49,105.99,108.06,110.89,113.46,116.05,118.36,119.56,121.18,123.18,125.03,127.14,130.26,138.31,146.21,152.38,158.52,166.09,172.75,176.97,179.16,179.50,180.53,183.36,187.79,190.85,193.09,195.19,196.76,199.09,206.09,216.59,225.06,229.00,231.43,233.25,234.37,235.87,237.11,235.69,233.40,233.63,237.19,240.48,243.83,247.30,250.94,255.34,259.14,262.49,265.30,266.75,269.00,273.40,279.61,286.54,294.44,301.41,305.89,308.24,313.36,324.42,337.63,353.34,370.16,382.66,389.38,394.47,400.61,407.69,413.91,419.48,424.46,429.50,436.52,443.44,449.01,453.35,456.15,458.39,461.77,466.32,470.76,474.73,479.00,482.88,486.36,490.14,496.04,501.68,506.17,510.63,515.56,520.43,524.74,528.90,533.30,537.91,542.29,545.56,547.54,552.53,560.35,566.46,569.84,571.88,576.09,582.54,590.40,597.30,602.48,607.00,609.38,610.52,612.36,616.07,619.38,622.43,625.84,629.74,634.26,640.10,645.65,652.05,659.03,664.02,668.84,673.38,678.13,682.07,686.94,691.08,695.41,700.46,705.74,711.68,717.87,724.06,729.95,736.03,742.99,749.59,756.15,762.23,766.70,771.02,775.67,779.78,785.50,791.79,798.43,808.50,815.25,820.07,825.02,825.13,815.61,803.77,795.18,789.24,783.81,777.76,771.08,765.84,763.96,766.08,767.62,769.80,772.19,777.07,782.29,788.04,792.64,796.96,800.58,804.83,808.19,813.83,816.41,821.17,828.06,837.40,852.22,872.12,892.01,889.87,886.28,890.12,899.03,911.97,936.46,975.40,1016.30,1035.20,1052.40,1073.73,1091.88,1101.92,1108.36,1100.23,1103.39,1120.03,1137.72,1156.61,1174.82,1191.47,1206.23,1216.43,1226.63,1245.79,1269.36,1297.13,1313.98,1317.01,1321.94,1326.01,1325.29,1324.09,1323.06,1320.48,1320.16,1320.47,1322.31,1319.71,1307.82
67.70,68.22,68.31,68.23,69.01,70.14,71.04,72.00,72.93,73.25,73.36,73.66,74.36,74.99,75.63,76.40,77.30,78.35,79.67,81.77,83.86,85.61,87.32,88.46,89.70,93.05,96.52,100.00,102.33,103.55,106.22,108.68,109.42,109.34,111.34,113.62,116.01,118.44,120.19,121.88,123.58,124.83,126.04,128.45,132.57,139.19,146.11,153.23,161.72,169.39,173.41,173.91,172.49,175.31,180.20,184.80,188.60,191.27,192.43,192.28,193.37,197.63,205.65,215.95,222.83,227.41,229.80,230.37,231.52,231.32,229.44,229.24,233.28,238.34,244.45,248.38,250.20,251.67,253.41,255.86,259.41,262.79,265.45,267.82,270.93,276.19,281.88,287.25,293.11,298.56,304.18,311.19,324.10,339.50,357.15,374.47,385.67,392.77,398.57,403.08,407.92,413.70,419.70,424.33,428.62,434.50,440.94,445.64,449.76,453.02,456.28,459.67,464.11,468.51,472.38,477.55,482.21,485.78,489.54,495.08,500.80,505.52,510.09,515.10,520.12,524.74,529.30,534.09,538.64,543.56,548.36,552.98,558.80,564.80,570.48,574.34,577.57,580.16,581.25,585.48,590.32,595.32,599.73,603.25,606.00,610.07,614.08,617.86,621.42,625.05,628.75,632.86,637.10,641.23,646.88,653.80,659.33,663.45,667.57,671.26,675.87,681.18,685.47,691.31,697.61,703.15,707.91,713.17,720.88,727.01,732.65,740.71,749.31,757.83,765.71,771.93,777.07,782.20,786.74,791.73,797.35,804.89,814.40,821.65,826.53,830.73,837.63,839.15,830.86,820.58,812.30,805.30,798.23,791.79,786.81,783.48,784.58,786.44,785.72,788.17,794.16,798.59,803.05,808.73,813.80,815.57,815.03,819.65,824.45,824.57,826.43,831.33,835.74,842.74,858.04,872.51,876.16,881.35,887.86,897.45,906.01,919.62,941.60,978.08,1022.78,1043.23,1064.53,1083.52,1086.52,1083.66,1083.82,1092.06,1108.87,1128.80,1146.90,1168.12,1190.78,1213.26,1232.35,1243.88,1257.88,1276.07,1295.26,1313.35,1319.89,1329.32,1335.85,1336.88,1336.83,1337.45,1333.37,1332.63,1334.57,1334.79,1334.35,1320.91
68.55,69.02,69.38,69.31,69.74,70.66,71.52,72.49,73.43,74.13,74.40,74.69,75.30,75.79,76.39,77.19,77.98,78.87,80.09,82.58,84.95,86.92,88.55,90.44,95.11,100.80,103.97,105.87,107.57,109.14,110.60,111.70,112.40,111.92,112.77,114.48,116.83,119.19,120.57,121.97,123.50,124.48,125.27,127.05,128.23,133.09,139.82,146.74,155.90,164.05,167.25,165.34,166.85,173.02,178.70,182.94,186.37,188.37,188.89,188.51,188.77,191.09,196.82,205.20,214.92,220.26,221.03,219.10,219.81,220.85,225.02,230.26,234.87,241.30,249.19,251.72,252.70,253.94,255.49,257.18,258.85,261.71,264.55,266.95,269.67,273.88,278.73,284.04,289.63,295.78,302.51,310.49,324.53,341.36,357.94,375.19,385.80,393.36,400.00,405.66,410.52,414.51,419.37,424.03,428.54,433.82,439.50,443.91,447.94,451.60,454.92,458.12,461.77,465.79,469.67,475.74,481.71,485.47,489.28,494.22,499.65,505.00,510.54,515.96,521.00,525.57,530.40,535.98,540.78,545.35,550.24,555.20,560.38,565.35,570.27,575.26,580.59,587.78,590.79,591.65,594.97,598.80,600.25,601.92,604.60,608.92,614.17,619.39,623.30,627.58,634.74,642.13,645.74,647.31,648.07,650.30,655.22,660.78,666.67,672.48,679.66,685.79,689.37,691.88,699.15,704.97,710.18,714.69,720.50,726.04,732.06,738.88,745.36,753.49,763.36,771.48,778.93,785.86,792.03,797.89,804.66,811.54,818.16,825.57,832.23,835.94,841.59,849.83,853.57,847.86,838.14,828.96,819.37,809.16,805.21,802.64,801.57,805.28,806.17,806.19,810.82,814.17,818.87,829.38,838.47,837.18,832.25,835.74,841.93,838.42,835.07,845.91,851.91,855.28,861.63,867.66,872.51,880.38,894.39,905.50,908.82,915.06,928.57,950.78,985.36,1032.61,1057.90,1064.91,1058.55,1060.78,1067.03,1073.66,1094.61,1119.77,1144.17,1169.90,1192.80,1213.77,1232.39,1243.68,1254.50,1267.18,1280.58,1296.39,1310.27,1327.29,1342.17,1348.63,1349.97,1351.23,1347.32,1346.61,1349.09,1347.07,1348.66,1334.02
69.35,69.77,70.32,70.46,70.73,71.41,72.18,72.95,73.90,74.77,75.24,75.54,75.89,76.55,77.16,77.96,78.72,79.53,81.56,84.57,86.89,88.73,90.90,95.00,101.27,107.28,110.07,110.86,111.39,112.19,113.08,113.94,114.75,115.22,115.68,116.31,117.67,119.83,121.03,122.05,123.23,124.12,124.91,125.76,126.02,129.63,135.69,140.98,148.13,155.09,155.93,157.16,163.66,169.47,176.18,181.39,183.55,183.87,184.72,185.24,186.39,188.39,191.87,197.42,203.35,208.57,208.43,208.86,212.93,219.59,229.20,234.07,238.31,247.18,252.17,253.91,255.14,256.27,257.81,259.88,261.25,262.05,263.95,266.41,269.23,272.87,277.63,281.76,287.19,293.44,300.38,309.51,324.90,341.23,354.76,372.85,384.78,392.57,400.12,407.00,412.68,417.32,421.14,425.20,429.62,434.28,439.19,443.32,447.24,450.77,453.89,457.06,460.21,463.93,467.67,473.68,481.30,485.57,489.66,494.16,498.81,504.56,510.87,516.62,521.97,526.73,531.81,537.87,542.87,547.24,551.69,556.16,560.85,565.71,570.66,576.13,581.87,588.84,593.29,596.56,600.55,606.35,608.93,609.56,609.98,612.34,617.22,621.53,624.97,629.00,636.41,645.36,652.43,655.64,657.95,659.14,661.87,666.45,671.34,676.47,681.97,687.93,693.97,697.15,699.56,704.69,710.19,715.01,720.27,725.50,731.07,740.19,746.51,752.16,758.87,767.11,775.97,784.22,792.49,800.74,809.70,816.15,823.41,831.15,837.80,842.31,846.81,853.62,862.13,866.70,862.39,852.77,840.94,828.74,823.52,820.89,820.21,825.20,826.11,825.84,827.99,830.25,834.57,845.73,859.32,859.41,853.19,852.67,857.42,852.23,845.02,851.15,867.22,883.75,888.19,887.97,887.11,888.26,903.61,921.95,923.22,920.35,926.27,942.04,964.63,998.78,1045.60,1039.79,1035.60,1043.72,1050.71,1065.51,1089.33,1112.58,1137.93,1168.21,1193.61,1212.45,1221.14,1226.72,1237.48,1249.96,1263.95,1281.61,1304.49,1323.63,1342.71,1358.31,1362.33,1363.88,1360.78,1362.81,1362.64,1361.10,1360.35,1344.25
70.26,70.66,71.20,71.57,71.78,72.59,73.48,73.84,74.39,75.30,76.00,76.32,76.54,77.05,77.80,78.54,79.21,80.32,83.81,87.64,90.06,90.92,93.88,99.19,105.22,110.21,111.89,113.20,113.98,114.62,115.45,116.17,116.68,117.76,118.63,119.18,119.67,120.60,121.78,122.46,123.07,123.86,124.69,125.36,126.46,128.98,133.17,136.95,140.37,144.73,148.14,154.44,161.49,167.25,173.29,178.30,179.66,180.31,182.10,183.96,185.93,188.23,191.00,194.80,197.64,200.18,205.18,211.67,216.64,224.88,232.78,237.31,241.95,248.75,253.26,255.97,257.48,258.69,260.37,263.09,265.35,266.06,266.39,266.99,269.07,273.89,280.14,285.27,288.17,292.45,298.57,307.48,323.81,340.05,351.91,367.61,382.50,391.30,399.76,406.91,412.89,418.26,422.71,427.03,431.62,436.12,440.50,444.96,449.32,451.95,454.28,456.77,459.62,463.23,467.12,472.95,481.37,486.47,490.63,494.37,498.36,504.14,510.94,516.85,522.30,527.34,532.77,538.67,544.06,548.88,553.19,557.44,562.05,567.08,572.51,578.45,583.79,589.12,593.57,597.74,603.28,609.89,612.43,613.58,614.70,617.20,620.83,623.97,626.98,630.41,636.02,643.38,652.01,659.15,662.16,664.08,666.63,670.24,673.74,677.65,681.60,687.41,694.52,701.21,703.62,706.60,711.02,716.88,722.66,728.51,732.95,739.26,747.54,754.82,761.30,767.64,774.35,781.73,789.93,800.11,810.78,820.06,829.63,837.75,845.20,850.74,855.48,860.58,864.88,870.55,876.70,875.53,864.93,850.39,841.98,839.85,836.61,843.84,846.23,846.29,846.50,847.81,852.64,862.29,877.46,880.00,871.83,871.05,870.74,863.05,860.31,857.74,866.85,890.83,909.69,913.68,911.89,909.15,914.79,934.36,943.82,932.27,934.00,942.17,958.49,977.46,1010.74,1018.53,1020.90,1027.84,1039.48,1060.45,1085.45,1107.70,1130.56,1160.35,1184.26,1198.37,1201.11,1208.55,1221.66,1237.94,1255.08,1279.50,1305.81,1325.30,1344.94,1366.38,1374.05,1377.34,1375.47,1376.55,1375.95,1374.67,1368.96,1356.08
71.05,71.57,72.11,72.61,72.89,73.91,74.86,75.10,75.39,75.96,76.62,77.11,77.32,77.57,78.23,79.00,79.71,81.92,85.72,89.83,92.96,93.73,95.44,99.92,103.58,108.41,110.54,112.25,115.18,116.83,117.43,117.87,118.20,119.38,120.52,121.07,121.42,121.99,123.00,123.59,123.79,124.28,125.33,126.86,128.33,130.06,132.03,134.60,136.89,139.23,143.89,150.81,158.78,165.38,170.84,174.70,177.33,180.63,182.84,184.63,186.19,187.97,190.27,195.14,200.22,205.30,210.63,215.79,222.23,230.39,235.24,240.26,244.92,249.63,254.06,257.81,259.73,261.85,264.56,267.35,269.12,269.88,270.00,269.76,271.70,276.57,283.02,289.89,292.79,294.31,298.59,306.78,321.28,337.05,349.52,363.56,379.78,390.10,398.66,405.26,410.95,416.51,421.63,426.38,431.21,436.36,441.52,446.17,450.52,453.25,455.93,458.36,460.83,464.07,467.70,473.81,481.94,487.76,491.98,495.28,498.74,504.27,510.93,517.00,522.58,527.71,533.05,538.59,544.41,550.15,554.72,559.02,564.00,569.35,575.55,581.02,585.20,589.73,594.10,598.50,605.14,610.87,613.45,615.92,618.22,620.68,623.58,626.48,629.55,632.83,636.66,642.42,650.46,659.04,662.61,665.16,668.00,671.02,675.06,678.76,682.75,687.72,694.29,701.04,705.98,710.35,715.59,721.95,728.05,735.08,740.56,742.83,746.48,754.44,762.96,769.86,775.61,781.63,789.02,798.05,809.13,822.41,831.83,839.85,848.09,856.96,863.64,869.13,873.45,877.07,882.32,888.84,887.10,877.30,869.00,862.93,856.91,865.32,868.51,867.09,866.49,869.66,871.94,877.33,892.34,895.47,889.22,888.86,883.69,883.86,882.70,875.85,877.01,884.21,907.54,935.93,940.76,934.71,940.11,945.42,956.34,948.66,949.75,958.14,964.29,972.20,989.38,1001.56,1011.27,1021.88,1035.21,1053.32,1079.62,1099.76,1118.11,1144.77,1162.82,1173.02,1180.37,1191.92,1208.20,1229.06,1247.21,1287.67,1312.96,1335.77,1354.63,1375.94,1385.41,1390.23,1387.74,1388.24,1389.75,1388.99,1381.37,1371.04
71.66,72.29,72.84,73.46,73.92,74.53,75.56,76.13,76.36,76.88,77.44,77.92,78.22,78.39,78.64,79.44,80.66,83.08,86.77,90.05,93.57,96.95,97.72,99.38,102.41,105.99,108.31,111.24,115.43,118.32,118.91,119.23,119.54,120.37,121.48,122.32,122.87,123.48,124.45,125.27,125.40,125.48,126.84,128.55,130.12,131.63,133.04,134.67,136.69,138.82,142.85,148.80,158.16,166.82,172.70,177.22,180.50,182.94,185.44,187.20,188.41,189.81,192.14,196.28,204.28,210.99,214.34,218.90,225.58,231.53,235.59,240.54,247.33,251.78,255.88,259.83,262.74,265.73,268.61,270.94,272.00,272.44,272.67,273.08,276.09,281.67,287.80,293.03,296.50,298.82,301.08,307.66,318.96,333.13,346.58,361.05,377.85,389.88,396.83,402.58,408.00,413.43,418.73,423.32,428.19,433.90,439.67,445.23,450.30,453.18,456.37,459.56,462.64,465.68,469.07,475.50,482.52,488.11,492.13,495.52,499.32,504.73,510.60,516.44,521.88,527.08,532.42,537.92,544.14,550.46,555.72,560.73,566.05,571.73,577.97,582.64,586.51,590.60,594.89,599.38,606.39,611.38,613.94,616.56,619.17,622.27,625.54,628.70,631.85,635.07,638.58,643.27,649.54,657.85,662.04,664.68,667.66,671.21,675.78,680.41,685.06,689.72,694.97,700.96,706.45,712.28,718.80,725.47,732.32,739.91,744.99,748.77,750.74,753.39,762.94,771.58,778.82,785.04,791.82,799.19,808.78,821.41,830.61,838.45,846.40,855.88,864.47,873.35,881.42,886.50,890.67,895.07,901.39,899.23,893.25,887.68,881.11,884.53,887.17,885.90,885.08,886.24,888.52,893.19,904.90,912.67,911.25,910.03,900.39,905.74,908.33,895.79,899.92,898.18,897.44,931.20,955.72,956.40,963.25,968.04,972.60,965.09,966.82,977.49,986.44,981.09,984.27,997.55,1010.97,1022.70,1036.05,1050.22,1067.10,1082.76,1102.64,1128.19,1141.00,1154.09,1166.62,1182.69,1202.49,1223.57,1244.25,1290.90,1316.35,1340.35,1364.72,1384.32,1396.08,1401.73,1400.51,1400.99,1402.28,1403.17,1397.56,1389.99
72.11,72.78,73.48,74.17,74.83,75.22,75.85,76.77,77.30,77.79,78.25,78.67,79.09,79.29,79.31,79.87,81.68,83.94,86.59,88.88,92.89,98.95,102.43,105.16,109.09,110.91,111.41,113.28,116.62,119.54,119.74,119.69,120.16,121.04,122.18,123.28,124.15,125.05,126.61,128.39,129.26,128.55,128.53,130.20,131.72,133.41,134.91,136.22,137.48,139.65,144.88,151.07,159.78,168.70,173.74,178.66,183.61,186.54,188.40,190.59,193.50,196.73,198.70,199.74,206.30,212.46,216.09,220.28,225.15,229.24,234.13,240.66,248.37,253.27,257.30,261.25,265.12,268.72,271.22,273.16,274.55,274.99,275.37,276.18,279.98,287.35,292.38,296.13,299.90,303.40,305.13,309.19,317.77,330.13,343.78,359.89,377.51,390.02,395.52,400.11,405.14,409.49,413.92,418.70,422.91,429.07,435.49,442.10,448.60,452.64,455.86,459.27,462.70,466.18,469.88,476.10,482.25,486.84,490.85,494.94,499.29,504.37,509.46,514.80,520.18,525.56,531.07,537.09,543.60,550.31,555.84,561.23,566.76,572.42,578.26,582.86,586.87,590.94,595.01,599.18,605.82,611.08,613.59,616.40,619.24,622.61,626.22,629.81,633.29,636.68,640.25,644.64,649.68,656.37,661.32,664.18,667.16,670.69,675.41,680.47,686.00,691.51,696.88,701.93,707.33,713.83,721.03,727.80,734.49,741.22,747.53,752.62,756.68,758.83,762.92,771.95,780.36,788.33,796.17,804.13,812.22,821.83,830.49,838.02,845.71,854.21,862.79,872.07,883.57,892.08,898.85,901.71,909.46,921.16,919.19,910.24,905.44,908.83,910.21,906.14,903.12,903.09,905.43,909.85,919.73,930.80,933.49,929.67,918.22,925.13,926.98,914.65,923.27,926.92,917.93,919.63,947.22,966.88,985.13,994.84,993.92,985.61,984.55,996.40,1000.13,998.00,997.49,1003.08,1012.89,1024.60,1038.95,1054.22,1069.96,1083.22,1100.58,1118.61,1133.74,1151.06,1166.10,1183.00,1200.38,1219.93,1242.43,1288.58,1311.56,1331.32,1356.72,1376.61,1393.17,1407.11,1412.59,1415.63,1419.59,1420.91,1415.42,1406.56
72.67,73.23,73.86,74.62,75.50,76.02,76.31,77.10,77.94,78.57,79.01,79.42,79.95,80.58,80.38,80.82,83.16,85.54,88.00,90.84,95.36,100.55,104.86,108.63,111.76,113.68,114.84,116.61,119.05,121.09,121.07,120.63,121.44,122.03,122.81,124.04,125.36,126.84,128.67,130.88,132.24,131.20,130.58,131.73,133.29,135.03,136.77,138.23,139.80,144.98,150.89,155.22,161.76,169.44,174.69,180.04,186.77,190.59,193.26,196.72,199.90,201.37,202.02,203.71,208.08,212.48,216.06,219.90,223.94,228.14,234.02,241.53,248.87,253.41,257.20,261.03,265.85,270.31,272.85,275.06,277.11,278.12,278.66,279.06,286.96,294.13,297.80,300.99,304.85,308.50,309.95,311.62,317.76,328.77,341.90,359.06,377.60,389.77,394.77,399.02,403.26,407.28,410.26,414.49,418.16,423.65,430.58,437.67,444.90,450.75,454.32,458.25,462.08,465.69,469.49,475.62,481.49,485.48,489.19,493.58,498.47,503.24,507.87,512.78,517.97,523.19,528.84,535.26,542.38,549.51,554.80,559.77,565.17,570.76,576.44,581.55,585.94,590.24,594.05,597.68,603.06,609.92,612.96,615.70,618.49,621.87,625.65,629.48,633.25,637.00,641.05,645.48,649.99,655.33,660.26,663.27,666.30,669.92,674.62,679.94,685.93,691.96,697.80,702.96,707.83,714.14,721.28,728.39,734.99,741.57,748.38,755.03,760.25,763.55,765.73,771.00,778.88,787.99,797.45,807.73,817.42,826.58,834.15,840.72,846.60,854.04,862.44,872.04,883.80,893.94,904.36,911.23,918.12,934.41,946.73,940.15,931.25,933.36,934.50,928.78,925.34,925.83,929.78,936.84,943.28,948.56,953.43,946.32,939.26,945.44,942.06,932.79,942.19,953.27,947.27,929.57,935.38,956.24,978.89,996.13,1006.47,1003.96,1003.13,1014.63,1019.53,1020.97,1015.17,1015.34,1020.19,1030.24,1043.07,1058.94,1073.67,1088.31,1105.28,1123.87,1140.32,1155.82,1172.10,1187.42,1205.48,1224.43,1244.36,1274.23,1296.74,1317.32,1339.04,1358.96,1380.26,1405.17,1422.73,1430.60,1436.64,1439.47,1433.46,1423.76
73.26,73.79,74.33,75.00,75.89,76.76,77.06,77.45,78.28,79.09,79.74,80.29,80.90,81.72,81.65,81.65,84.06,86.95,89.84,93.83,98.77,102.38,105.99,109.28,112.11,114.89,117.35,119.28,121.00,122.61,123.19,123.20,123.65,123.73,123.60,124.69,126.26,127.87,129.57,131.81,133.87,133.45,133.42,133.94,134.91,136.58,138.35,141.36,147.55,153.09,157.55,161.38,165.09,170.28,175.96,182.77,190.32,193.98,197.64,200.48,202.07,203.35,204.36,206.78,209.39,212.39,216.02,219.47,223.78,228.36,234.38,241.45,248.80,253.19,256.75,260.72,266.26,271.09,274.34,277.08,279.39,281.49,282.60,285.16,293.36,299.30,302.72,305.72,309.78,312.76,314.57,315.78,320.14,329.01,341.18,356.57,375.07,388.76,394.69,399.32,402.88,406.19,408.76,412.03,415.94,420.23,426.42,433.25,440.41,447.09,452.08,456.45,460.98,464.69,468.60,474.53,480.61,484.47,488.19,492.49,497.08,501.58,505.98,510.35,515.29,520.45,526.18,532.67,539.87,546.76,552.24,557.04,562.43,568.14,573.80,579.60,584.26,588.52,592.26,595.72,599.55,606.87,611.70,614.28,616.82,619.99,623.60,627.24,631.30,635.59,640.59,644.88,649.16,653.64,657.88,661.06,664.09,667.89,672.44,678.55,684.54,690.38,695.85,701.33,706.70,712.63,719.09,725.97,732.60,740.00,747.83,756.21,762.88,766.94,770.24,773.95,779.15,785.89,794.78,807.44,821.10,830.37,837.41,844.00,849.94,856.97,865.35,875.54,885.51,894.95,905.85,918.54,928.47,942.38,957.84,963.15,959.17,956.54,957.19,953.71,952.78,954.97,960.75,966.94,972.42,979.07,981.57,971.60,964.31,966.86,958.98,953.65,962.42,974.55,968.87,948.63,945.12,955.50,966.58,980.45,994.69,1013.65,1022.40,1032.20,1041.10,1040.94,1034.68,1035.83,1038.67,1045.35,1052.57,1063.26,1077.34,1092.36,1109.67,1127.20,1143.90,1160.04,1175.58,1192.15,1213.10,1230.88,1247.43,1266.73,1290.50,1309.84,1333.56,1356.33,1376.79,1404.39,1425.48,1441.83,1451.19,1456.79,1451.30,1441.25
73.82,74.36,74.94,75.66,76.50,77.35,77.96,78.07,78.69,79.58,80.74,81.38,81.90,82.61,82.81,82.61,84.65,87.43,90.34,94.35,98.88,102.67,106.44,109.81,112.62,115.42,118.06,120.57,122.59,124.24,124.93,125.18,125.34,125.38,124.87,125.42,126.79,128.15,129.64,132.08,134.91,136.00,136.25,136.48,136.90,138.07,140.29,146.06,152.24,156.30,160.48,164.44,169.00,173.17,177.16,183.05,189.29,193.30,198.00,201.09,202.75,204.40,206.02,207.85,209.52,212.92,217.18,220.17,224.20,229.02,234.91,241.55,248.65,252.84,256.22,259.93,266.24,271.85,275.62,278.91,282.28,285.42,287.19,288.98,296.62,303.05,306.66,309.50,312.73,315.94,318.74,320.86,325.40,332.36,341.85,353.21,371.02,386.00,394.35,399.72,402.80,405.35,407.70,410.28,414.12,418.03,423.09,429.39,436.14,442.14,447.99,453.12,458.32,463.00,467.68,473.56,479.66,483.75,487.52,491.54,495.77,499.66,503.72,507.99,512.76,517.94,523.77,530.04,536.60,542.88,548.42,553.28,558.93,564.71,569.98,576.40,582.02,585.92,589.63,592.84,596.03,600.75,607.47,611.43,613.55,616.50,619.81,622.90,626.77,631.50,636.78,641.72,645.22,649.35,654.28,659.68,662.77,665.69,668.79,673.98,681.50,687.00,692.30,700.07,706.17,711.33,717.38,725.10,733.88,741.15,748.89,757.33,764.85,770.45,775.48,780.53,785.73,791.69,797.63,809.23,821.83,830.89,837.11,844.52,853.22,861.64,870.86,881.35,890.48,899.96,909.99,921.40,934.71,948.59,958.91,972.23,980.90,984.44,983.83,982.78,985.01,989.72,995.77,1000.48,1004.44,1009.86,1009.70,999.58,993.58,991.60,978.90,972.96,979.61,990.81,982.40,964.68,966.98,970.11,978.52,988.19,993.22,1015.72,1035.85,1050.46,1060.87,1061.87,1056.66,1059.85,1060.33,1066.30,1074.75,1080.13,1084.28,1097.39,1114.00,1129.48,1145.22,1162.09,1178.07,1195.49,1215.69,1234.37,1251.06,1269.78,1291.34,1308.97,1330.50,1352.63,1373.39,1399.56,1422.22,1442.91,1460.74,1473.34,1469.30,1458.25
74.41,75.00,75.71,76.41,77.20,78.04,78.75,79.01,79.11,79.95,81.34,82.46,83.01,83.55,83.88,83.61,84.64,86.94,89.14,90.67,95.08,100.48,105.99,110.84,114.20,117.24,119.47,121.49,123.57,125.08,125.55,125.83,126.16,126.52,126.78,126.89,127.93,129.02,130.07,132.76,135.97,138.10,138.52,138.76,139.34,141.12,146.32,150.72,155.58,159.67,163.01,166.03,169.39,175.98,180.44,183.59,187.38,191.14,196.16,200.11,202.01,203.75,205.50,207.39,209.50,213.84,218.83,221.90,224.60,228.14,233.89,242.15,248.69,252.69,255.89,259.21,265.39,271.81,276.36,280.72,284.97,288.76,291.44,293.20,298.91,305.48,310.20,312.81,315.43,318.64,322.58,326.74,332.49,338.15,343.25,350.57,365.25,380.18,391.82,398.74,402.15,404.35,406.58,409.40,414.21,419.13,422.97,427.95,432.63,437.66,442.77,448.54,454.45,460.75,466.35,472.42,478.48,482.86,486.61,490.43,494.13,497.53,501.10,505.18,509.78,515.12,520.91,526.75,532.44,538.19,543.33,548.25,554.39,560.74,565.97,571.80,578.06,582.07,584.84,588.15,591.71,595.36,599.44,604.17,607.73,610.36,612.58,614.99,619.09,623.39,628.84,634.90,640.44,646.85,653.03,658.53,662.66,666.48,670.80,676.91,683.07,688.76,694.43,701.54,708.30,714.60,721.25,729.49,737.94,745.62,754.13,762.06,768.48,774.06,779.50,786.45,795.04,802.08,809.77,820.74,829.56,835.44,839.46,845.04,853.12,862.51,873.57,885.60,897.91,909.51,918.68,929.35,942.92,954.11,962.63,972.99,983.16,996.32,1007.95,1010.87,1016.19,1022.40,1025.61,1028.24,1033.04,1036.79,1034.69,1022.27,1019.18,1014.43,1001.22,999.28,1002.30,1006.69,993.17,983.72,990.79,990.52,995.43,1009.66,1006.59,1018.58,1037.57,1056.80,1076.12,1088.38,1084.07,1085.76,1086.22,1088.43,1099.30,1102.24,1101.99,1108.30,1121.56,1135.80,1149.06,1164.51,1179.92,1198.16,1218.80,1238.03,1256.59,1274.29,1294.62,1309.51,1326.66,1347.43,1371.34,1393.51,1412.63,1438.53,1459.03,1481.47,1485.52,1475.92
75.23,75.83,76.60,77.28,77.95,78.74,79.44,80.02,80.47,80.41,81.55,83.05,84.00,84.59,84.95,84.76,84.93,86.84,88.53,89.31,92.69,98.66,105.80,111.74,115.71,119.25,121.33,122.99,124.63,125.29,125.55,125.60,125.58,125.33,126.30,127.77,128.91,129.61,130.90,134.19,137.68,139.78,140.73,141.44,142.82,146.21,150.90,154.28,159.06,163.65,166.97,169.87,173.46,180.61,185.16,188.34,190.34,192.17,195.14,198.73,201.38,203.33,205.36,207.11,209.64,214.46,219.42,223.17,226.10,228.69,235.43,243.40,249.22,252.67,255.71,258.76,264.63,271.74,276.96,281.91,286.52,290.69,293.64,296.50,300.37,307.60,312.71,315.91,318.49,321.72,326.00,331.34,338.44,342.03,345.24,349.27,358.00,372.91,385.88,395.72,400.47,402.50,405.28,409.75,415.96,421.22,424.28,427.52,430.90,435.16,438.88,444.11,450.31,457.38,463.96,470.26,476.45,481.53,485.26,488.94,492.36,495.58,498.42,501.50,506.09,511.17,516.87,521.93,527.17,532.62,537.20,542.47,548.65,554.89,561.14,566.15,570.94,575.08,578.14,581.61,585.92,590.02,593.70,596.59,598.55,600.85,603.15,608.13,614.76,621.03,626.79,632.65,638.63,644.49,649.53,654.46,658.95,663.76,670.17,676.57,682.05,687.21,693.56,701.66,709.02,715.45,722.54,731.25,739.94,748.31,757.82,765.86,772.44,777.96,783.22,790.09,802.14,814.37,826.41,835.92,841.04,843.77,846.01,849.30,854.18,861.75,871.68,883.61,899.90,916.59,931.01,939.81,951.26,962.44,974.31,982.88,987.93,996.66,1009.34,1017.60,1024.55,1031.35,1037.40,1043.14,1050.48,1059.18,1059.19,1046.26,1046.90,1040.29,1025.57,1024.13,1027.72,1027.04,1012.64,1006.18,1016.12,1016.80,1014.71,1024.65,1022.85,1022.40,1032.63,1049.87,1074.01,1099.24,1110.86,1111.92,1110.70,1111.93,1118.66,1120.09,1122.03,1124.18,1137.30,1151.79,1159.77,1169.51,1180.95,1198.41,1224.11,1248.68,1265.40,1281.56,1300.24,1314.47,1332.93,1351.45,1370.07,1388.18,1409.78,1434.25,1456.35,1483.48,1498.44,1492.65
76.38,76.90,77.50,78.21,78.82,79.50,80.28,80.99,81.79,81.47,82.17,83.46,84.76,85.50,86.02,85.91,85.73,86.76,87.96,89.22,92.03,97.49,105.29,111.81,116.10,120.02,121.96,123.72,124.91,125.07,124.97,124.94,124.88,124.64,125.14,127.02,128.78,130.26,132.54,135.48,138.94,141.59,143.31,144.61,146.49,149.29,153.31,156.96,161.49,168.28,170.56,173.43,177.49,183.15,188.50,191.32,192.96,194.74,197.06,199.88,202.63,204.88,207.58,209.58,210.63,213.88,217.91,221.32,226.26,231.48,238.94,244.73,249.54,252.49,255.33,258.18,263.16,270.52,276.10,281.37,285.89,290.09,293.24,296.72,301.58,309.90,314.59,318.51,321.65,325.00,329.21,335.29,340.89,343.71,346.49,348.89,353.96,364.95,376.80,388.44,395.19,398.92,401.64,406.68,413.59,419.47,422.32,425.06,429.18,432.89,436.04,439.99,445.55,452.18,458.59,465.56,472.88,478.90,483.04,486.55,490.66,493.31,495.22,497.38,501.08,505.49,510.52,514.72,519.62,523.43,527.56,533.73,540.39,546.20,552.19,556.96,561.02,566.31,571.37,575.55,579.95,584.40,588.37,590.62,590.82,594.01,601.68,608.51,614.73,620.68,626.11,630.44,635.66,640.96,645.95,651.24,655.70,660.95,667.06,672.63,678.22,683.65,690.04,699.81,708.31,715.27,722.98,732.37,741.03,750.01,759.56,767.80,775.60,782.27,787.81,795.56,809.79,825.83,838.03,846.07,850.66,854.10,856.28,857.42,859.07,864.13,871.91,882.13,896.45,914.14,935.38,951.94,963.79,972.72,981.54,986.74,992.18,998.30,1004.85,1011.28,1018.81,1027.20,1035.22,1044.96,1055.97,1067.45,1075.51,1070.96,1070.88,1063.23,1047.98,1048.92,1052.73,1051.13,1037.06,1031.64,1044.37,1045.66,1041.81,1042.14,1047.20,1045.82,1046.62,1054.40,1069.21,1096.32,1122.75,1139.47,1136.16,1134.51,1141.05,1140.21,1142.66,1144.43,1151.17,1163.41,1172.78,1181.51,1189.60,1207.13,1236.31,1265.36,1283.02,1293.49,1307.63,1322.92,1342.82,1360.39,1376.05,1393.05,1415.58,1442.44,1465.31,1491.42,1508.86,1509.48
77.61,78.16,78.47,79.14,79.80,80.42,81.33,81.98,82.78,82.63,82.94,84.22,85.47,86.43,86.96,87.00,86.79,87.41,88.50,89.58,92.08,96.73,104.21,110.70,115.43,119.87,121.65,123.05,123.83,124.09,123.89,123.78,123.95,124.30,125.04,127.05,129.18,131.87,135.06,138.09,140.14,141.80,143.72,145.88,148.13,150.94,155.57,160.83,168.17,171.51,172.72,175.47,179.68,185.10,190.08,192.45,194.43,196.39,198.37,200.61,203.46,206.55,209.48,212.02,212.98,214.25,216.47,219.20,225.46,233.81,240.47,244.79,248.91,251.94,255.00,258.04,262.11,268.21,274.31,280.05,284.41,288.56,292.00,296.00,303.07,312.32,316.40,320.39,323.82,327.19,331.34,336.97,340.84,343.34,346.16,348.61,352.39,358.46,366.38,376.58,385.29,389.77,392.44,396.00,403.06,409.73,415.94,420.94,425.47,429.90,432.33,434.19,438.96,445.09,451.37,456.97,463.88,469.61,475.77,481.15,486.10,489.54,490.83,491.75,493.13,495.72,500.10,504.55,509.05,512.40,516.69,523.25,530.92,537.36,543.91,548.96,554.12,559.34,565.19,570.24,575.00,579.68,583.33,584.28,585.23,593.35,601.01,606.44,611.57,617.74,623.58,627.53,632.38,637.75,643.16,648.09,652.42,657.58,662.96,667.41,672.27,679.62,687.36,697.19,706.79,715.07,723.65,733.02,741.74,750.78,759.75,768.54,777.74,785.92,792.97,801.18,814.22,828.98,839.52,848.40,855.55,861.43,866.12,868.15,869.52,872.38,878.26,884.49,894.24,908.81,926.68,948.73,964.02,970.28,970.77,976.24,983.41,986.97,990.15,995.90,1004.25,1014.61,1025.99,1038.37,1051.52,1062.19,1073.83,1082.19,1086.84,1084.58,1076.57,1071.25,1071.34,1070.23,1060.85,1055.71,1068.36,1071.13,1064.85,1064.83,1075.47,1073.68,1066.67,1072.82,1077.45,1098.56,1120.57,1146.52,1160.97,1160.85,1166.42,1171.24,1175.50,1177.38,1178.80,1177.84,1187.93,1196.34,1205.37,1218.17,1237.61,1262.38,1284.72,1300.83,1318.34,1335.46,1358.11,1373.14,1386.13,1403.45,1421.18,1447.16,1474.94,1499.74,1521.12,1525.81
78.93,79.48,79.62,80.10,80.90,81.48,82.20,83.02,83.77,83.91,83.81,84.93,86.15,87.27,87.93,88.08,87.91,88.58,89.52,90.31,92.39,96.32,103.13,108.49,113.94,119.00,121.01,121.73,122.24,122.71,122.66,122.91,123.77,124.62,125.83,128.01,130.39,133.80,137.40,140.29,142.09,143.22,144.50,145.92,147.67,150.24,156.23,163.87,170.55,173.03,174.72,176.41,180.13,186.92,190.98,192.76,194.43,196.28,198.02,199.90,202.60,206.47,210.14,212.90,215.30,216.80,218.05,220.76,228.63,235.35,240.39,243.59,246.94,250.90,254.70,258.47,262.90,269.03,274.91,280.22,283.71,287.22,291.05,297.42,305.59,312.72,316.85,320.90,324.46,327.95,331.48,335.67,339.53,342.73,345.61,347.60,349.49,353.01,358.05,365.76,371.75,376.49,380.74,384.66,389.69,396.07,403.46,410.28,415.63,419.83,422.33,424.38,428.88,435.50,441.40,445.91,449.99,454.28,459.50,466.57,474.23,479.67,480.78,480.27,480.72,483.01,487.54,493.75,500.00,504.65,509.73,516.60,524.58,532.61,539.93,545.26,550.25,555.54,561.09,566.22,570.90,575.39,577.23,577.35,583.13,591.93,597.96,602.76,607.22,612.47,619.09,624.06,629.28,634.86,639.72,643.89,647.80,652.26,657.37,661.83,666.60,674.43,685.00,695.85,706.48,715.96,724.72,733.39,741.75,750.43,758.81,768.22,778.16,788.05,796.65,805.52,816.52,828.77,838.70,847.96,857.37,864.98,872.36,878.44,880.95,883.45,887.31,890.71,895.55,904.91,918.23,937.63,951.44,956.58,955.42,960.74,966.42,968.60,970.57,977.54,987.18,997.60,1009.44,1021.22,1033.86,1046.48,1058.31,1069.04,1081.75,1092.08,1095.97,1098.87,1097.79,1095.00,1087.62,1084.00,1096.63,1099.11,1089.88,1089.80,1102.61,1099.74,1088.63,1091.28,1094.01,1101.23,1118.37,1142.61,1172.27,1191.55,1198.08,1204.99,1210.85,1213.69,1212.64,1206.82,1205.90,1212.56,1223.86,1237.01,1243.34,1255.85,1277.93,1297.80,1323.59,1350.32,1379.28,1391.36,1399.88,1414.24,1429.34,1460.13,1483.76,1505.31,1530.92,1541.76
80.36,80.84,80.92,81.22,81.98,82.69,83.19,83.97,84.75,85.10,84.75,85.69,86.83,88.02,88.84,89.19,89.11,89.82,90.50,91.13,92.65,95.13,101.56,106.89,111.98,116.31,118.97,120.30,120.88,121.37,121.97,123.07,124.24,125.62,127.43,129.57,132.47,135.75,139.20,141.29,143.01,144.69,146.24,147.66,149.06,152.92,159.38,165.52,170.67,173.50,176.13,177.96,180.04,185.38,189.39,191.40,193.28,195.21,197.01,198.83,201.47,205.75,210.10,213.10,216.30,218.86,221.36,225.84,231.66,235.53,238.27,240.24,244.11,250.20,254.77,259.15,264.24,269.96,274.92,279.68,283.86,287.97,291.89,297.94,304.90,310.91,315.66,320.56,324.05,327.29,330.27,334.00,339.42,342.56,344.29,345.87,347.49,349.15,353.58,359.63,363.03,367.70,374.22,378.58,383.02,388.08,393.63,399.13,402.20,405.36,409.92,415.59,423.05,429.62,435.27,435.77,438.29,443.58,448.05,453.25,459.98,464.98,467.68,469.88,473.08,478.01,482.40,488.54,495.25,500.99,506.89,513.78,521.50,529.79,537.49,543.19,547.51,552.22,557.79,562.60,566.54,569.77,569.64,574.87,583.71,589.51,594.52,599.24,603.89,608.32,613.94,619.92,625.66,631.27,635.08,638.73,642.63,646.48,650.13,654.81,662.21,672.55,684.72,697.29,709.49,718.51,725.95,733.31,740.57,748.74,757.70,768.44,778.29,787.79,798.95,809.35,819.26,830.34,840.17,850.36,859.37,866.06,874.25,883.90,889.36,892.92,897.12,899.36,897.95,900.94,910.57,924.61,935.00,935.51,938.75,944.96,947.71,946.23,949.22,957.85,967.34,978.60,991.13,1001.65,1011.79,1026.63,1041.01,1051.32,1064.57,1079.40,1093.06,1106.27,1119.59,1124.01,1119.14,1115.15,1118.29,1121.82,1116.13,1112.51,1120.73,1118.69,1108.35,1111.51,1119.24,1121.95,1127.38,1143.20,1174.23,1206.39,1222.40,1229.22,1239.83,1248.74,1244.99,1236.45,1233.14,1232.29,1238.96,1254.75,1267.57,1274.89,1291.15,1305.57,1330.99,1360.13,1384.62,1402.37,1415.60,1426.95,1442.77,1474.52,1502.03,1520.59,1544.24,1554.57
81.20,82.15,82.31,82.42,82.98,83.84,84.34,84.95,85.73,86.26,85.88,86.62,87.77,88.80,89.77,90.32,90.45,90.88,91.46,92.10,92.82,94.05,98.83,104.39,108.96,112.50,115.30,118.26,120.16,120.88,121.87,123.02,124.23,125.75,128.32,131.16,134.45,137.75,140.44,142.00,143.63,145.38,147.19,148.94,152.23,157.82,162.39,166.62,170.88,174.25,176.94,179.30,181.75,184.36,187.47,190.37,192.40,194.36,196.27,198.17,200.15,204.46,209.76,213.47,216.95,220.22,223.67,227.39,230.99,233.31,235.25,237.70,243.06,251.16,255.67,260.11,264.62,269.12,273.65,278.54,283.95,289.16,293.63,298.27,303.45,307.99,312.83,319.17,322.89,325.50,327.61,330.92,337.49,340.77,342.46,344.03,345.39,346.84,350.26,355.08,359.45,365.23,371.31,375.36,379.03,383.98,388.23,392.08,395.03,397.86,402.71,409.77,419.73,428.55,432.29,429.30,430.86,437.24,442.11,446.28,451.58,458.06,464.26,470.25,476.54,482.38,486.57,492.37,498.95,503.85,509.13,514.73,520.85,528.39,535.29,540.87,544.68,547.87,551.81,555.49,560.07,562.43,566.73,574.81,581.22,586.42,591.51,596.53,601.49,605.87,609.98,615.33,620.29,624.92,628.66,632.19,636.77,641.25,645.26,653.18,665.07,677.14,689.13,701.78,711.15,719.25,725.68,731.87,738.62,746.58,755.95,767.89,778.38,788.72,801.93,813.15,823.40,835.36,846.38,855.15,862.38,869.54,875.98,882.85,888.84,892.53,896.15,895.46,894.19,894.86,898.88,905.54,911.93,914.37,917.99,924.48,927.64,925.64,927.20,939.28,950.27,959.98,972.48,984.83,994.68,1005.62,1020.99,1036.08,1048.52,1063.58,1079.56,1094.39,1112.76,1130.16,1140.37,1143.53,1143.01,1143.31,1140.75,1136.22,1143.23,1139.44,1129.67,1132.32,1141.60,1148.95,1153.52,1156.82,1176.81,1207.89,1232.46,1247.77,1262.28,1277.57,1272.77,1264.30,1263.15,1257.03,1254.57,1264.91,1281.88,1299.63,1315.25,1325.35,1337.11,1362.09,1391.30,1408.77,1424.62,1442.48,1461.43,1490.61,1520.55,1541.97,1561.63,1567.88
81.64,82.97,83.62,83.77,84.06,84.93,85.59,86.03,86.72,87.33,87.13,87.38,88.85,89.86,90.60,91.20,91.61,91.93,92.39,93.11,93.83,94.55,97.26,101.48,105.62,109.28,113.05,116.85,119.53,120.77,121.76,122.88,123.94,125.20,128.28,131.93,135.73,139.19,141.18,142.74,144.31,145.96,147.69,149.47,153.69,159.12,163.68,168.14,171.88,175.17,177.68,180.18,182.98,185.78,188.47,190.94,192.91,194.84,196.68,198.14,198.96,200.90,207.27,212.57,216.56,220.34,223.23,226.55,228.97,230.94,234.03,238.18,245.00,251.89,256.27,261.10,266.63,271.14,276.03,280.35,284.68,289.69,293.54,297.48,301.18,305.38,309.88,316.50,320.79,322.60,324.54,327.67,332.30,337.33,340.50,342.01,342.82,345.36,349.75,355.60,361.22,365.86,370.62,374.63,378.61,382.41,385.37,388.32,391.76,395.61,399.84,406.17,414.54,421.18,425.64,424.90,426.60,431.18,437.43,444.47,451.35,457.73,464.69,471.71,477.91,483.36,489.09,495.62,501.33,505.59,510.21,514.91,520.69,527.09,532.94,537.27,540.45,541.72,545.59,549.74,555.56,559.60,566.90,573.76,578.64,583.75,588.93,594.13,599.40,603.59,607.12,611.12,615.34,618.33,621.96,626.36,630.71,636.46,645.07,657.99,669.46,679.42,691.05,700.90,707.74,714.50,721.42,727.57,735.71,745.13,754.76,764.77,775.78,789.11,804.59,816.99,830.30,842.31,852.78,860.45,864.46,868.79,871.26,872.55,874.78,877.00,878.38,879.10,881.65,883.74,885.60,886.68,888.65,891.86,895.90,901.43,906.47,906.75,907.95,919.25,933.85,943.16,953.04,966.15,979.03,991.12,1004.04,1018.80,1034.66,1049.64,1066.97,1083.41,1099.75,1122.09,1141.66,1157.86,1166.34,1170.15,1167.02,1160.38,1167.49,1165.29,1154.15,1155.81,1168.56,1178.35,1183.41,1186.58,1190.88,1208.07,1229.01,1248.11,1267.43,1285.62,1292.04,1286.41,1286.60,1280.44,1275.64,1281.84,1292.09,1308.57,1331.57,1348.14,1352.15,1364.98,1392.85,1413.34,1430.73,1451.45,1471.46,1495.54,1526.53,1549.08,1569.12,1579.67
82.12,83.47,84.69,85.09,85.26,85.95,86.79,87.26,87.73,88.35,88.37,88.17,89.69,90.73,91.44,92.06,92.61,92.95,93.33,94.05,94.94,96.03,97.44,99.59,103.37,108.50,112.48,115.78,118.84,120.66,121.67,122.70,123.69,124.77,127.78,131.93,136.29,140.03,141.86,143.66,145.53,147.00,148.23,150.06,154.32,159.32,163.74,168.16,172.15,175.99,179.12,181.39,184.00,186.72,189.24,191.57,193.67,195.30,196.16,196.67,197.41,199.04,204.29,210.71,215.48,219.99,222.52,225.24,227.82,230.64,233.93,238.15,244.60,251.32,255.96,261.72,268.32,273.19,277.64,281.94,285.86,289.50,292.87,296.46,300.19,306.11,310.78,315.42,317.98,319.17,321.26,324.36,327.97,332.81,336.68,338.75,339.70,343.54,349.85,356.54,362.03,366.09,369.92,373.50,377.46,381.22,384.69,388.27,391.47,394.65,397.92,402.84,408.72,412.00,416.61,419.37,420.99,426.44,435.59,444.19,451.27,456.91,463.10,470.59,476.74,482.83,489.22,495.71,500.89,504.36,508.58,512.84,518.26,523.33,527.97,531.37,536.68,542.33,548.54,553.30,559.59,563.10,567.68,572.32,577.22,582.17,586.93,591.80,596.82,601.01,604.47,608.02,611.45,614.50,617.91,622.46,627.75,634.97,646.91,660.73,671.28,678.64,687.81,695.65,701.83,706.22,712.39,719.44,731.14,742.92,754.96,764.82,775.11,791.16,806.45,820.69,834.36,843.70,848.45,852.59,853.92,854.36,854.95,855.86,856.34,857.64,859.86,862.72,864.98,865.86,868.05,868.38,868.95,871.06,876.82,882.91,888.71,887.14,889.82,902.88,917.53,928.38,938.89,950.09,963.06,976.32,989.31,1003.85,1018.45,1036.72,1056.07,1072.18,1088.56,1111.13,1132.35,1150.09,1170.11,1188.42,1191.35,1183.47,1185.29,1194.21,1183.36,1183.50,1198.90,1212.61,1217.86,1220.51,1218.40,1227.47,1239.95,1248.32,1262.01,1278.20,1297.21,1306.72,1309.96,1305.81,1297.52,1300.80,1308.48,1318.58,1343.21,1374.75,1378.28,1381.33,1391.89,1411.74,1431.03,1451.76,1474.00,1495.77,1525.38,1549.30,1573.39,1590.37
82.77,84.06,85.38,86.32,86.55,86.95,87.93,88.55,88.86,89.37,89.67,89.41,90.19,91.37,92.27,92.93,93.55,93.93,94.26,94.92,96.21,97.66,99.02,100.47,103.24,107.53,110.90,114.01,118.28,120.61,121.57,122.44,123.44,124.43,126.99,131.69,136.78,140.75,142.99,145.03,146.93,148.60,149.74,150.94,154.13,158.33,161.94,166.04,170.61,176.18,180.54,182.83,185.31,187.87,190.11,191.89,193.63,194.10,194.44,194.81,196.15,198.72,203.03,208.70,214.09,219.16,221.93,224.84,228.26,231.30,234.51,238.14,241.78,247.78,253.81,261.71,268.37,273.10,277.09,281.16,285.71,289.91,293.55,297.31,301.50,307.24,311.64,313.81,314.42,315.53,317.67,319.80,322.44,326.93,331.06,333.24,334.72,339.96,348.67,355.64,361.09,364.78,368.26,371.95,376.70,381.13,384.81,388.39,391.70,394.81,398.20,402.23,405.12,407.39,411.28,414.44,418.03,424.55,433.85,442.97,450.67,454.73,459.20,466.35,473.50,480.65,487.52,493.03,497.93,501.63,506.12,510.88,515.76,521.22,528.46,534.15,540.30,545.78,551.20,555.75,560.17,564.39,568.33,572.26,576.67,581.08,585.70,590.28,594.64,598.39,601.93,605.39,608.32,610.90,615.09,620.01,626.97,636.03,649.54,662.65,671.58,677.06,683.10,688.47,692.42,697.94,705.01,713.60,725.59,739.74,754.11,766.58,778.91,794.78,806.65,817.06,825.07,831.11,832.57,833.10,832.98,832.00,831.53,833.64,835.95,837.68,838.75,842.14,845.38,846.85,849.19,850.32,851.95,856.22,862.56,869.95,875.67,869.57,878.89,890.39,902.76,913.70,923.85,933.91,947.82,962.15,974.61,989.31,1004.96,1021.05,1039.54,1057.17,1075.83,1099.13,1122.30,1140.59,1158.60,1182.16,1199.46,1202.99,1200.61,1211.24,1210.57,1213.43,1228.82,1242.91,1252.38,1253.55,1247.78,1252.44,1262.83,1266.76,1271.89,1280.00,1293.94,1314.87,1330.82,1335.40,1327.99,1322.77,1324.90,1332.09,1371.24,1402.71,1401.84,1402.45,1403.92,1415.74,1433.94,1453.59,1474.16,1495.57,1519.83,1547.90,1582.21,1600.51
83.05,84.57,85.96,87.17,87.83,88.06,88.90,89.78,90.10,90.41,90.91,90.90,90.65,91.34,92.59,93.77,94.51,94.96,95.39,96.20,97.52,99.05,100.53,101.94,103.94,106.47,109.19,112.77,117.22,120.19,121.08,121.77,122.81,123.83,125.78,131.34,137.25,141.24,143.64,145.95,148.16,150.25,151.53,152.50,153.88,156.51,159.60,164.47,170.71,177.03,181.47,184.09,186.66,189.22,190.82,192.03,192.34,192.12,192.41,193.11,195.43,198.11,202.18,209.03,213.58,217.63,221.06,224.30,228.22,231.80,235.61,240.14,244.26,248.93,256.85,263.59,268.24,272.13,275.91,279.95,285.09,290.28,293.85,297.19,300.94,304.89,308.57,310.50,310.84,311.76,313.68,315.47,317.14,319.95,324.29,327.53,329.34,335.49,344.72,352.47,358.89,363.02,366.56,370.47,375.51,380.46,384.28,387.99,391.33,394.08,396.88,399.77,402.19,404.71,407.83,412.25,419.72,426.06,432.78,440.04,446.15,449.47,454.50,460.77,467.87,477.68,485.73,492.92,500.09,504.01,509.27,514.59,520.17,526.17,532.26,536.99,541.78,547.00,552.38,557.50,561.34,565.02,569.05,572.81,576.43,580.27,584.65,589.01,592.81,596.17,599.66,602.96,604.82,608.26,613.60,619.10,627.94,639.23,654.65,664.36,671.26,675.93,680.42,684.60,688.18,693.86,701.28,710.62,721.13,735.14,749.18,764.81,777.05,787.56,794.79,799.75,803.18,805.71,807.26,807.88,807.93,808.21,809.52,812.86,816.08,818.53,820.14,822.23,825.09,827.42,828.84,829.99,832.67,839.04,847.32,856.20,861.13,858.85,879.48,899.04,915.11,926.70,934.59,941.30,949.35,958.53,967.18,977.82,993.35,1010.30,1025.44,1043.98,1066.29,1088.03,1110.60,1134.14,1154.51,1178.10,1198.36,1215.30,1220.87,1229.04,1234.90,1241.10,1251.83,1265.19,1275.84,1280.83,1276.87,1274.25,1287.65,1288.46,1286.14,1290.76,1296.74,1311.67,1332.88,1351.83,1360.15,1358.06,1348.06,1350.62,1404.09,1422.30,1419.01,1418.02,1427.55,1432.25,1446.40,1463.46,1480.60,1501.43,1522.57,1546.39,1583.30,1611.37
83.54,85.10,86.47,87.76,88.88,89.31,89.80,90.58,91.13,91.40,91.83,92.11,91.98,92.25,92.66,94.07,95.56,96.28,96.86,97.72,98.71,100.03,101.22,102.80,104.50,106.50,108.50,111.13,115.28,119.04,120.41,121.03,122.12,123.36,125.45,131.26,137.94,141.75,144.20,146.64,149.01,151.19,153.02,154.32,155.26,156.32,158.48,163.83,171.14,177.30,181.50,183.93,186.12,188.73,190.29,190.67,190.49,190.14,190.32,191.88,194.66,197.51,201.96,209.56,213.69,216.89,219.67,223.82,229.01,232.59,236.24,240.05,246.50,252.91,261.47,267.60,271.81,274.33,276.31,278.92,283.77,289.15,292.43,295.33,298.35,301.64,304.47,306.43,307.86,310.36,312.54,314.97,316.99,318.20,319.93,322.96,326.69,332.12,339.83,348.21,355.72,361.64,365.38,369.04,373.89,379.22,383.16,386.60,389.60,392.10,394.65,397.01,399.35,402.08,405.87,410.77,419.74,426.33,431.88,436.94,441.95,448.12,455.46,463.39,471.17,480.87,488.52,495.60,501.72,506.20,510.94,516.28,522.04,528.35,533.57,538.42,543.15,547.85,552.89,558.10,562.15,565.61,569.28,572.68,575.97,579.20,583.11,587.11,590.72,593.82,596.91,599.42,601.37,607.10,614.30,622.40,633.40,648.04,658.84,665.86,671.40,675.63,679.66,684.15,688.73,693.88,700.31,709.36,718.85,730.70,743.01,757.27,765.62,771.83,776.14,778.83,781.23,783.04,783.87,784.02,784.34,785.04,787.39,792.64,799.41,803.56,804.61,804.50,804.17,804.23,805.70,810.11,814.95,821.88,830.52,838.68,846.46,856.46,877.38,899.54,923.98,944.68,955.51,962.85,971.07,978.17,984.78,989.35,993.62,1002.72,1015.97,1036.86,1058.15,1081.39,1103.66,1131.24,1154.15,1176.86,1198.68,1219.25,1237.00,1248.20,1257.68,1264.37,1273.88,1287.43,1299.66,1306.85,1304.11,1297.92,1308.46,1309.31,1302.87,1304.06,1308.41,1315.06,1326.84,1347.55,1366.10,1383.52,1397.16,1411.15,1426.86,1440.10,1438.12,1435.40,1447.70,1450.32,1457.14,1473.68,1490.16,1509.50,1530.06,1553.97,1587.16,1618.48
84.13,85.63,86.98,88.30,89.56,90.31,90.62,91.13,91.76,92.33,92.78,93.19,93.44,94.14,94.18,94.31,96.05,97.39,98.34,99.19,100.08,100.91,101.76,102.88,104.50,106.28,108.04,110.06,113.69,116.92,118.95,120.15,121.49,123.41,126.00,131.44,138.27,141.96,144.48,147.04,149.52,151.59,153.55,155.53,157.14,158.24,158.98,163.14,170.05,176.35,180.88,183.04,184.95,187.25,188.78,188.67,188.27,187.84,188.82,191.27,194.42,197.64,202.75,210.87,216.40,219.87,221.83,224.52,229.12,233.42,237.69,242.87,250.09,257.10,264.42,271.20,275.36,278.42,280.54,281.44,283.90,287.54,291.13,294.31,297.78,300.87,303.49,306.35,309.39,312.45,315.39,318.16,320.88,321.80,321.62,322.85,325.41,329.42,335.43,343.09,352.08,360.10,363.67,367.22,371.94,377.80,381.85,384.94,388.18,391.19,394.90,397.92,399.33,401.74,405.75,409.87,418.07,425.89,433.02,438.64,443.05,447.80,454.36,463.39,473.49,482.38,490.25,495.56,500.34,505.42,510.71,516.34,522.60,529.15,533.82,538.63,543.26,547.84,552.60,557.28,561.30,564.67,568.40,571.62,574.50,577.50,581.09,584.25,586.38,589.69,592.12,596.76,602.26,607.92,615.89,625.93,640.90,655.60,662.10,667.29,671.97,676.01,680.21,685.71,690.93,696.39,702.42,710.52,717.89,725.21,734.21,743.92,749.54,753.20,757.00,759.84,761.44,762.64,763.25,763.63,763.78,764.30,765.80,769.80,777.16,783.70,786.61,784.44,781.35,782.62,787.18,795.38,804.85,814.59,825.18,837.31,855.08,868.87,882.60,901.11,922.36,943.34,964.10,982.26,992.98,1001.18,1007.50,1011.68,1013.14,1013.89,1016.25,1032.13,1054.66,1079.02,1106.36,1133.24,1152.97,1173.30,1194.17,1214.74,1234.98,1253.45,1270.56,1283.36,1293.56,1306.44,1317.56,1326.56,1323.01,1318.67,1326.78,1332.43,1323.25,1320.84,1324.65,1329.89,1336.35,1345.55,1359.27,1376.75,1398.79,1420.67,1439.38,1457.04,1460.61,1454.46,1463.43,1474.31,1475.52,1486.16,1500.22,1518.66,1536.89,1559.83,1587.36,1620.79
84.57,85.98,87.34,88.69,89.97,90.85,91.35,91.75,92.34,92.94,93.48,94.06,94.56,95.35,95.69,94.98,95.59,97.53,99.39,100.45,101.44,102.09,102.84,103.63,104.62,106.02,107.74,109.59,111.96,114.53,116.69,118.88,121.26,123.56,126.77,132.07,138.19,141.71,144.25,146.93,149.61,151.74,153.78,155.89,158.09,160.05,161.63,164.60,169.76,175.32,179.90,182.10,183.97,185.90,186.94,186.41,185.92,185.82,187.82,190.45,193.72,197.26,203.14,212.36,219.20,222.57,224.93,227.16,230.69,235.91,240.26,245.87,254.21,262.25,268.84,274.85,278.96,281.45,283.69,285.92,287.88,289.77,292.75,296.33,299.81,302.32,305.20,308.42,311.38,314.10,317.17,320.11,322.69,324.84,326.10,327.65,328.90,329.03,332.44,339.01,347.66,355.86,361.29,365.78,370.74,375.94,380.01,383.51,388.45,393.70,398.28,401.95,404.66,407.35,411.03,415.58,420.59,426.41,433.59,440.26,444.93,449.44,454.70,462.00,473.40,482.82,490.27,494.78,498.96,503.94,509.80,515.90,522.06,527.88,532.19,536.46,541.09,545.69,550.83,555.29,559.24,562.71,565.97,569.25,572.24,573.78,576.82,578.85,581.93,588.72,593.77,599.08,604.19,609.25,616.64,626.74,641.99,656.77,662.96,666.83,670.82,675.38,680.99,686.64,691.86,696.98,702.35,705.65,708.59,712.76,719.32,727.48,733.36,735.49,735.32,736.83,740.36,742.45,742.37,742.18,742.92,744.20,745.60,747.01,752.87,761.26,765.02,763.47,766.17,773.64,784.16,797.71,815.93,832.49,843.77,850.04,868.67,890.09,900.05,911.12,928.47,946.39,965.89,992.12,1009.94,1021.15,1028.01,1033.57,1035.87,1034.40,1031.21,1034.52,1051.84,1076.70,1105.91,1131.89,1150.76,1170.26,1188.48,1208.80,1227.24,1246.39,1264.27,1283.54,1299.70,1316.21,1330.39,1344.46,1347.64,1344.64,1346.63,1355.87,1347.12,1341.05,1341.46,1346.64,1353.26,1360.23,1367.42,1377.97,1392.55,1409.75,1432.34,1455.32,1473.27,1473.33,1482.60,1493.46,1493.54,1498.96,1512.95,1529.68,1548.50,1571.52,1589.87,1619.48
84.36,85.81,87.24,88.67,89.99,90.83,91.60,92.32,92.92,93.45,93.96,94.62,95.38,96.10,96.64,96.11,96.04,97.69,100.13,101.44,102.60,103.39,104.08,104.87,105.69,106.44,107.34,108.85,110.73,113.02,115.57,118.26,120.95,123.81,128.01,132.97,137.60,140.75,143.53,146.55,149.62,151.96,154.04,156.20,158.47,160.97,163.86,166.74,169.83,173.97,178.25,181.01,182.94,184.73,184.63,183.98,183.49,184.16,186.43,188.78,191.74,196.13,203.57,214.46,221.24,224.43,227.34,230.22,234.24,239.67,244.44,249.04,258.20,266.20,272.45,278.21,281.55,283.51,285.74,288.57,291.10,292.94,295.52,298.63,301.52,303.84,305.83,308.46,311.74,315.20,318.37,321.02,323.46,325.92,328.32,331.39,333.81,335.44,336.66,337.48,343.85,352.50,359.17,364.55,369.51,373.79,377.97,383.19,390.38,398.53,402.23,405.25,408.85,413.35,417.97,423.14,426.83,431.08,436.57,440.74,445.58,451.18,455.65,461.19,472.40,482.22,488.94,493.29,497.09,502.14,508.48,514.49,519.89,524.42,528.32,532.40,537.27,542.22,547.64,552.30,555.06,558.65,561.64,563.69,566.90,568.86,572.58,579.16,585.43,591.59,595.97,600.48,604.95,609.89,616.41,624.75,636.81,649.94,658.05,662.63,666.55,671.59,676.82,680.94,685.25,687.11,689.20,691.16,694.13,698.61,705.70,711.68,714.83,714.24,712.87,714.36,718.51,722.11,722.07,720.55,719.80,720.03,720.38,721.15,728.79,738.62,746.00,758.25,773.11,784.67,798.88,818.02,839.05,855.57,867.78,875.81,879.48,893.09,912.97,926.88,939.60,958.08,977.87,1000.14,1018.67,1034.62,1049.01,1056.63,1059.46,1059.02,1057.12,1057.82,1067.96,1078.48,1096.85,1121.36,1145.66,1164.67,1183.49,1201.89,1217.52,1236.09,1255.23,1274.31,1292.79,1310.28,1329.05,1347.56,1359.70,1367.17,1369.41,1375.77,1371.61,1365.09,1360.67,1362.81,1368.26,1375.76,1385.09,1398.90,1408.82,1416.74,1429.28,1448.68,1472.75,1490.70,1501.96,1509.21,1511.36,1516.50,1528.71,1549.15,1565.39,1587.56,1607.61,1629.19
84.16,85.66,87.10,88.55,89.91,90.81,91.63,92.45,93.21,93.83,94.39,95.01,95.89,96.76,97.45,97.45,97.62,98.47,99.89,101.07,102.42,103.90,105.09,106.08,106.92,107.78,108.44,109.26,110.67,112.82,115.09,117.57,120.13,123.75,129.06,133.01,136.15,139.34,142.68,146.00,149.25,151.76,154.07,156.48,158.91,161.40,164.07,166.73,168.91,171.69,175.58,179.49,181.88,183.15,182.26,181.29,181.16,182.63,184.19,186.34,189.32,195.02,204.27,216.17,222.19,225.66,228.91,232.30,236.69,242.31,248.64,255.52,264.06,270.11,274.77,279.27,282.35,284.50,286.78,289.30,291.81,294.12,296.59,298.96,301.48,304.26,307.08,309.28,312.13,315.79,319.39,322.22,324.88,327.42,329.66,332.89,337.23,341.01,342.16,341.35,342.52,349.96,358.28,364.65,370.09,374.39,378.74,384.91,393.22,401.16,404.54,407.75,412.40,418.39,422.98,427.79,432.34,437.54,442.53,445.34,446.51,450.67,455.25,460.86,470.99,481.52,486.77,490.73,494.83,500.50,506.87,512.50,516.91,520.74,524.76,528.48,532.99,537.38,541.49,545.86,549.37,553.49,558.06,561.29,565.39,569.67,573.48,577.93,582.30,588.40,592.31,597.60,601.96,607.27,613.28,619.49,628.76,639.88,646.23,650.88,656.08,660.04,663.38,667.94,670.83,671.38,672.71,675.42,678.71,682.51,688.03,692.75,693.13,691.07,690.06,691.48,695.57,700.86,702.29,700.22,699.72,703.81,708.90,718.61,734.99,747.21,755.09,771.01,787.96,800.60,812.43,830.48,853.80,872.71,887.97,896.17,901.62,902.46,912.69,933.46,952.84,971.94,994.10,1016.90,1036.45,1049.02,1060.81,1074.95,1082.99,1085.69,1086.57,1085.48,1095.69,1101.03,1103.06,1112.54,1135.24,1158.38,1175.40,1190.94,1207.77,1226.07,1245.09,1263.91,1283.91,1298.51,1315.04,1335.56,1354.69,1372.79,1388.24,1396.38,1398.47,1393.55,1382.57,1380.79,1385.63,1392.54,1400.39,1412.93,1429.38,1438.37,1444.53,1454.17,1471.63,1488.45,1507.91,1519.88,1527.01,1533.17,1544.36,1564.07,1578.85,1596.43,1619.43,1640.65
84.26,85.88,87.41,88.87,90.14,90.94,91.77,92.58,93.32,94.00,94.65,95.40,96.29,97.19,98.11,98.62,99.16,100.52,100.29,100.47,101.87,103.48,105.05,106.63,107.85,108.80,109.80,111.15,112.47,114.34,116.23,118.45,121.12,124.47,128.69,132.51,136.13,139.52,142.47,145.81,148.81,150.79,153.28,156.02,158.92,161.75,163.86,165.53,167.31,169.29,172.72,177.27,180.69,181.28,179.91,178.06,178.56,180.10,180.78,183.54,187.30,193.28,203.68,215.21,221.75,225.65,229.64,233.29,237.25,243.03,252.31,261.23,269.23,273.01,275.77,278.50,280.85,282.68,285.15,288.15,291.00,293.50,296.17,298.79,301.40,304.42,307.46,310.46,313.71,316.97,320.37,323.47,326.35,329.01,331.85,334.85,338.22,341.98,345.14,345.92,346.04,349.12,356.88,363.50,369.61,374.51,379.66,386.23,394.86,401.86,405.83,409.52,415.77,422.13,426.93,431.31,435.84,440.82,445.98,449.97,450.96,451.08,454.53,460.33,468.15,478.50,483.08,487.09,492.46,498.87,505.07,510.39,514.43,517.77,521.06,523.94,528.88,534.05,539.40,544.16,550.31,555.65,560.74,563.43,565.47,567.38,570.24,574.51,578.50,583.32,587.83,592.82,597.48,602.44,608.31,614.06,621.15,628.79,634.43,638.53,642.14,645.88,650.28,655.15,657.95,658.01,658.00,658.97,660.62,663.45,666.81,670.99,670.30,667.06,667.25,670.14,674.63,678.90,682.55,687.62,697.08,706.88,721.62,740.68,760.12,775.86,784.92,791.47,806.67,818.72,832.67,843.35,863.61,884.86,899.69,913.31,923.16,925.75,927.03,938.94,961.52,989.09,1011.37,1030.76,1049.34,1064.62,1075.91,1085.93,1101.46,1108.20,1109.35,1109.95,1122.62,1128.75,1125.88,1127.41,1131.63,1148.51,1166.30,1182.38,1201.52,1219.42,1235.88,1252.66,1270.51,1287.30,1304.40,1326.96,1348.74,1369.43,1388.28,1407.22,1419.19,1419.66,1411.13,1408.47,1412.78,1415.60,1420.13,1428.01,1438.44,1444.77,1444.04,1451.09,1458.55,1468.25,1486.49,1500.14,1516.21,1535.25,1550.13,1566.58,1583.38,1597.34,1604.87,1623.13
84.41,86.16,87.79,89.29,90.40,91.14,91.91,92.70,93.44,94.12,94.82,95.66,96.64,97.61,98.62,99.44,100.40,101.89,101.76,101.39,102.14,103.40,104.92,106.53,108.07,109.37,110.77,112.55,114.23,115.91,117.69,119.93,123.39,126.69,131.15,135.94,139.63,141.74,143.83,146.05,148.23,149.94,152.41,155.06,157.98,160.61,162.13,163.27,165.00,167.16,169.81,173.93,177.52,177.97,175.73,173.79,174.92,175.91,177.55,180.87,184.20,189.80,199.74,211.13,219.13,224.15,228.63,232.05,235.10,240.58,250.96,261.35,268.90,271.28,272.74,275.42,277.92,280.26,283.30,286.71,290.05,292.83,295.47,298.12,301.17,304.47,307.74,311.13,314.43,317.75,321.10,324.45,327.61,330.73,334.13,337.55,340.41,343.47,346.92,349.51,350.95,351.61,354.83,360.04,367.03,374.10,381.05,387.47,396.62,403.05,407.18,411.74,418.33,424.56,429.94,434.23,438.48,443.05,448.31,452.17,454.22,455.00,457.09,460.23,465.55,472.32,478.36,483.84,490.14,497.01,503.04,507.88,511.48,514.43,518.28,522.81,530.56,536.09,541.25,545.19,550.29,555.24,559.47,560.53,562.58,565.88,569.22,573.40,578.02,582.71,587.84,592.63,597.19,601.64,606.45,611.61,617.25,621.13,623.98,625.10,626.87,629.67,633.84,638.20,640.57,639.68,638.47,638.43,639.47,642.52,645.96,649.31,650.75,655.54,664.63,673.14,679.17,687.07,695.53,703.94,715.34,727.55,737.14,757.26,776.65,797.49,809.40,815.45,824.75,837.75,849.08,864.95,874.86,886.90,909.03,926.39,942.66,949.67,952.35,958.44,977.14,999.99,1019.93,1038.21,1060.45,1081.91,1097.67,1104.79,1114.07,1128.25,1132.94,1133.62,1146.13,1156.53,1152.76,1152.67,1153.09,1156.12,1162.83,1175.89,1194.53,1212.01,1226.31,1241.25,1258.04,1277.47,1295.02,1317.44,1339.74,1361.04,1379.21,1397.85,1419.53,1433.07,1434.21,1434.54,1438.80,1434.20,1426.89,1421.57,1421.91,1417.35,1418.76,1426.40,1432.62,1440.07,1453.32,1473.88,1497.58,1517.95,1535.05,1553.00,1571.68,1577.07,1584.76,1605.13
84.56,86.31,88.12,89.55,90.63,91.41,92.09,92.82,93.56,94.22,94.93,95.92,96.96,97.99,99.02,100.21,101.86,103.33,103.44,103.19,103.33,104.39,105.70,106.68,108.02,109.62,111.43,113.21,115.03,117.02,118.97,122.48,125.99,128.51,132.61,137.61,140.75,142.13,143.16,144.33,146.11,148.28,150.72,152.85,155.36,158.02,160.02,161.03,162.68,164.75,167.21,170.14,172.93,172.97,170.66,169.89,171.08,171.87,174.67,177.55,179.61,184.13,193.18,203.83,213.38,221.02,224.95,227.76,230.80,236.24,244.98,254.96,262.24,265.24,268.07,271.56,273.70,277.06,281.44,285.00,288.65,291.69,294.30,297.07,299.99,303.75,307.94,311.72,314.98,318.25,321.70,325.36,328.79,332.15,335.60,339.10,342.33,345.36,348.40,351.25,353.91,355.66,358.65,362.51,366.98,374.26,382.19,388.21,397.68,404.44,409.50,414.23,419.50,425.46,430.95,435.57,440.09,444.37,448.81,452.02,454.79,457.59,460.52,462.78,466.04,471.44,476.86,482.21,488.17,494.63,500.41,504.54,509.47,515.73,522.15,527.03,532.34,536.71,541.13,544.84,548.41,551.64,554.70,557.65,561.60,565.34,569.12,573.50,578.19,582.98,587.85,592.63,597.32,602.26,607.51,612.31,613.52,611.79,609.54,606.43,605.65,608.05,612.63,618.17,619.92,618.27,620.35,625.74,630.54,635.94,641.80,648.12,657.99,667.86,680.24,697.75,706.01,716.43,726.84,731.03,742.25,753.58,758.35,764.00,784.90,811.78,829.83,840.33,845.10,859.32,866.73,876.05,893.31,902.56,918.43,938.30,955.68,967.84,976.57,987.10,997.45,1016.10,1035.85,1049.60,1067.40,1092.50,1112.34,1122.95,1132.80,1143.98,1155.51,1154.78,1163.21,1175.79,1172.27,1177.00,1177.88,1179.35,1179.87,1184.03,1192.78,1207.38,1223.01,1238.54,1253.61,1269.71,1286.90,1307.33,1330.41,1354.67,1373.92,1391.67,1414.29,1433.87,1450.50,1453.49,1438.19,1420.76,1406.54,1397.49,1393.77,1392.44,1394.41,1399.95,1406.08,1412.43,1425.20,1452.35,1475.21,1492.13,1511.74,1534.30,1551.19,1555.65,1575.70,1601.41
84.48,86.11,87.86,89.25,90.31,91.04,91.68,92.60,93.57,94.32,95.07,96.06,97.08,98.12,99.14,100.37,102.19,104.04,104.83,104.75,104.77,105.95,107.48,108.50,108.89,110.03,111.89,113.73,115.58,117.52,119.66,123.55,126.44,128.86,132.39,136.28,138.63,139.71,140.28,141.36,143.31,145.84,147.89,149.91,152.30,155.05,157.24,158.55,159.88,161.85,163.89,166.55,168.45,168.83,167.59,167.84,168.52,169.32,172.02,174.69,176.77,179.80,188.00,197.56,207.18,215.73,220.37,223.19,226.31,231.33,238.16,245.30,251.49,256.65,260.67,265.42,269.06,273.65,279.81,283.80,287.55,290.83,293.94,297.53,301.12,304.75,308.68,312.57,315.94,319.10,322.34,326.19,329.93,333.24,336.52,339.92,343.27,346.71,349.75,352.75,355.70,358.34,361.99,367.00,371.02,374.85,381.54,387.24,394.67,403.18,410.50,415.24,419.78,424.72,429.50,433.74,437.97,442.15,446.62,451.00,454.72,458.46,462.24,466.16,467.48,471.47,478.42,484.05,488.47,493.84,499.55,506.43,512.79,517.96,523.00,527.99,532.44,536.58,540.26,542.73,545.20,548.43,552.63,557.29,561.49,565.42,569.39,573.89,578.56,583.30,588.06,592.61,597.02,601.92,607.49,609.73,602.99,594.70,589.98,589.23,591.37,595.49,598.18,602.74,611.27,622.79,635.90,646.15,652.97,658.79,665.95,675.71,686.79,693.56,697.75,717.59,735.14,748.12,754.83,760.37,765.38,774.78,782.16,781.45,788.53,815.91,840.07,854.98,862.74,871.54,886.49,893.38,908.43,925.50,935.67,949.18,967.40,980.13,997.28,1011.60,1022.87,1033.01,1047.20,1062.97,1080.03,1101.66,1121.80,1141.73,1154.96,1162.30,1173.61,1178.03,1181.85,1192.46,1191.73,1194.02,1196.68,1199.64,1204.48,1207.68,1210.31,1212.62,1226.55,1245.76,1264.86,1283.63,1298.43,1315.01,1335.79,1355.01,1373.81,1390.40,1409.45,1426.80,1438.93,1441.99,1422.17,1404.38,1389.79,1377.40,1370.70,1370.66,1374.96,1382.43,1390.27,1390.43,1402.02,1426.38,1441.43,1459.72,1483.85,1510.13,1530.11,1542.96,1569.52,1596.55
83.32,84.61,86.23,87.78,89.23,90.25,91.17,92.32,93.38,94.35,95.20,96.19,97.21,98.23,99.21,100.36,102.21,104.14,105.85,106.25,106.32,107.08,109.01,110.73,110.75,111.01,112.63,114.46,116.36,118.08,119.87,122.70,125.62,128.36,131.57,134.33,136.28,137.54,137.98,138.81,140.99,143.58,146.04,148.33,149.87,152.09,154.31,155.88,157.25,158.65,160.40,162.61,163.93,165.75,165.37,166.03,166.88,168.18,169.85,172.53,176.02,180.07,189.31,196.53,204.13,211.56,215.89,218.89,221.94,226.76,232.69,239.07,244.44,249.32,254.95,261.57,266.49,272.18,279.85,284.73,289.22,291.87,294.70,298.40,302.06,305.60,309.27,313.66,317.80,320.99,323.79,326.66,330.43,334.15,337.54,340.87,344.33,347.86,351.38,354.59,357.46,360.67,365.58,370.48,375.21,378.35,381.06,385.67,390.91,400.80,409.58,414.85,419.83,424.88,430.02,434.64,439.10,442.80,447.76,452.69,457.12,461.40,465.34,469.43,472.21,475.34,480.11,484.83,491.30,496.74,502.39,507.60,512.75,517.47,522.51,527.84,532.38,535.64,537.52,539.65,543.56,547.67,552.18,557.20,561.66,565.48,569.36,573.71,578.22,582.82,587.45,592.05,596.59,601.40,605.07,601.27,587.55,579.59,582.56,590.16,598.60,606.07,611.58,616.12,624.91,641.70,658.12,666.65,675.78,685.41,694.59,703.10,712.45,718.09,720.15,734.11,754.53,765.02,774.36,785.72,792.71,797.68,805.26,807.34,809.70,822.12,842.13,862.30,876.18,889.69,904.21,916.84,925.36,940.72,953.30,962.75,977.47,994.26,1010.39,1025.74,1039.13,1052.78,1068.58,1085.21,1099.20,1113.38,1130.58,1153.18,1172.84,1184.02,1190.83,1198.75,1201.14,1210.83,1210.36,1214.29,1216.54,1220.21,1226.29,1228.61,1233.11,1232.05,1232.08,1246.59,1267.78,1290.08,1308.43,1322.69,1332.31,1345.95,1364.07,1381.75,1396.95,1409.68,1420.61,1421.74,1409.68,1395.75,1375.03,1358.84,1349.09,1349.89,1356.95,1369.37,1380.64,1367.93,1375.41,1394.61,1404.69,1433.85,1460.96,1502.59,1533.06,1550.25,1570.87,1588.11
82.00,83.13,84.56,86.09,87.63,89.41,90.84,92.04,93.13,94.29,95.42,96.31,97.32,98.29,99.25,100.50,102.47,104.53,106.63,107.71,107.98,108.20,110.02,112.69,112.48,112.44,113.50,115.36,117.31,119.17,120.47,122.42,124.70,127.48,130.37,132.23,134.00,135.46,136.41,138.01,139.84,142.30,144.73,147.02,148.50,149.79,151.77,153.25,154.31,155.47,157.18,158.60,160.21,163.08,163.51,164.50,165.85,167.50,169.67,174.51,179.22,183.42,190.38,196.18,202.15,208.16,211.99,215.21,218.21,222.42,227.98,233.91,240.27,247.42,255.39,261.83,266.21,271.74,280.54,286.05,290.53,293.49,296.26,298.96,302.63,306.43,310.26,315.52,320.46,324.16,327.35,329.83,331.58,335.16,339.00,343.00,346.53,349.61,353.31,356.75,359.56,363.62,368.65,374.20,379.27,382.39,384.80,389.78,395.78,400.82,408.62,414.47,419.71,424.84,429.77,434.94,440.13,444.24,448.51,453.20,458.16,462.80,467.19,471.60,476.02,480.24,484.20,488.46,493.31,498.36,502.71,507.24,511.83,516.59,521.65,526.92,531.14,532.37,534.66,538.61,542.79,546.96,551.42,556.36,560.71,564.38,568.27,572.58,577.34,582.13,586.81,591.44,595.96,600.18,600.22,588.88,573.70,575.59,585.49,599.96,614.87,625.06,631.69,636.96,644.09,656.00,670.89,681.41,692.45,704.82,714.70,723.55,732.88,739.67,744.74,751.20,766.37,778.29,792.58,806.44,814.78,819.16,822.91,826.84,834.46,844.60,854.41,868.23,885.79,901.86,920.36,937.05,945.26,955.29,968.26,982.64,993.64,1009.43,1025.28,1040.42,1054.73,1073.94,1090.08,1104.22,1116.19,1127.87,1142.41,1161.08,1180.91,1199.45,1210.78,1220.31,1224.13,1231.84,1233.02,1234.65,1234.04,1237.03,1246.62,1247.06,1251.51,1252.47,1250.55,1251.74,1265.64,1281.20,1300.18,1308.69,1310.80,1325.27,1345.85,1363.77,1378.04,1390.31,1402.59,1409.05,1400.22,1383.04,1363.75,1344.30,1329.17,1332.78,1343.99,1358.57,1367.94,1339.81,1341.68,1377.47,1394.05,1424.04,1452.63,1510.23,1536.84,1569.20,1590.59,1592.90
80.70,81.72,83.10,84.70,86.54,88.44,90.11,91.47,92.94,94.68,95.88,96.69,97.50,98.41,99.35,101.00,103.36,105.56,107.67,108.79,109.33,109.98,111.72,114.64,114.21,114.19,114.71,116.14,118.11,119.85,120.70,122.30,124.09,125.89,129.02,131.12,132.60,134.18,135.83,137.51,139.21,141.19,143.41,145.71,147.33,148.47,149.52,150.60,151.28,152.31,153.88,155.65,158.63,161.06,162.11,163.52,165.45,167.61,170.25,176.35,181.80,186.14,190.98,195.62,200.19,205.18,209.84,213.15,216.41,220.04,225.71,232.51,240.04,248.90,257.25,262.96,267.63,273.27,280.91,286.41,291.05,294.67,298.18,301.35,304.25,308.18,312.86,318.41,323.23,327.08,331.83,336.32,337.85,339.31,342.07,346.21,349.84,353.47,356.74,359.68,362.35,366.23,370.94,376.33,381.33,385.09,388.52,395.36,402.00,404.47,408.91,414.21,419.37,424.00,428.11,432.95,438.83,443.70,448.43,453.39,458.56,463.51,468.13,472.56,477.21,481.45,485.33,489.43,493.61,498.46,502.57,506.27,510.39,515.41,520.66,525.32,527.88,529.33,533.20,537.24,541.36,545.78,550.40,554.75,558.61,562.56,566.70,570.85,576.29,581.72,586.40,590.97,595.14,596.27,590.28,574.38,567.97,575.02,590.00,609.09,624.53,634.13,640.92,648.87,657.26,668.13,680.29,693.95,707.27,718.15,729.68,741.55,751.00,757.75,765.56,773.59,781.10,791.50,807.10,821.10,829.42,835.64,841.27,846.89,856.35,864.72,871.08,879.12,894.21,911.66,933.77,952.02,963.82,973.75,985.82,1000.74,1014.20,1026.97,1040.78,1058.69,1073.95,1091.05,1108.52,1123.79,1136.48,1149.10,1159.15,1171.67,1187.61,1208.64,1225.67,1239.89,1247.34,1251.78,1254.51,1255.39,1255.98,1256.85,1264.44,1263.41,1259.36,1259.50,1260.72,1259.51,1260.63,1265.78,1279.94,1284.77,1289.07,1304.74,1328.87,1341.95,1353.62,1365.28,1382.39,1396.46,1384.46,1364.55,1343.88,1322.36,1309.32,1315.64,1334.89,1352.71,1347.57,1315.87,1315.56,1357.36,1381.47,1422.91,1455.48,1492.60,1514.39,1566.98,1595.71,1610.26
79.19,80.26,82.09,83.75,85.52,87.34,88.77,89.86,91.60,94.49,96.91,97.78,98.16,98.86,99.72,102.01,104.65,106.69,108.79,110.84,113.40,114.96,116.38,116.98,115.91,116.05,116.47,117.00,118.49,120.09,120.97,122.15,123.35,124.53,127.32,130.39,132.03,133.63,135.28,137.03,138.88,140.76,142.73,144.62,145.86,146.67,147.57,148.43,149.12,149.78,151.41,154.18,157.26,159.57,161.26,163.03,165.09,167.32,169.74,175.19,180.88,185.83,190.62,194.82,198.96,204.35,210.18,213.48,216.12,218.61,223.32,229.83,240.30,251.19,258.91,263.81,268.54,274.47,280.30,285.07,289.13,293.05,298.14,302.75,306.74,310.49,314.94,320.00,325.23,330.35,337.92,341.44,342.76,344.97,347.51,350.69,354.00,358.02,360.55,362.72,365.51,368.89,373.39,378.46,382.69,386.28,390.20,396.61,402.84,407.82,411.28,414.92,419.16,423.21,427.36,432.22,438.14,443.45,448.49,453.62,458.82,464.11,469.22,473.48,477.58,481.48,484.27,487.02,490.45,495.35,500.06,503.85,508.29,513.23,519.21,523.12,523.86,527.17,531.35,535.37,539.54,544.12,548.72,552.87,557.22,561.54,565.55,569.70,575.61,581.45,586.11,590.64,593.20,589.77,577.82,566.16,565.91,577.52,594.60,613.44,626.18,635.96,645.10,654.73,664.75,676.77,689.52,704.00,716.53,727.36,738.79,752.07,763.77,773.06,781.02,790.29,797.45,803.94,815.65,830.11,842.67,850.56,857.69,865.49,872.99,879.72,886.66,893.91,906.45,924.81,947.22,963.36,979.61,993.09,1003.94,1015.48,1029.30,1041.30,1053.24,1067.67,1081.28,1097.92,1113.74,1130.11,1145.30,1161.28,1172.83,1182.95,1196.67,1214.57,1227.76,1246.88,1259.38,1267.17,1268.91,1265.27,1266.07,1263.56,1257.29,1250.28,1239.35,1238.89,1239.60,1236.46,1234.80,1240.74,1251.30,1256.26,1275.11,1292.07,1309.94,1323.44,1334.76,1348.30,1369.95,1385.47,1373.82,1352.29,1322.63,1293.05,1282.19,1298.05,1322.67,1337.03,1322.03,1292.88,1292.76,1333.78,1359.82,1393.34,1443.45,1467.07,1484.99,1534.06,1588.72,1616.86
78.09,79.72,81.33,82.88,84.53,86.06,87.34,88.71,90.78,94.53,97.93,99.36,99.48,99.67,101.11,104.10,106.91,109.47,114.29,120.07,122.37,121.32,120.15,118.90,117.62,117.90,118.34,118.70,119.35,120.50,121.56,122.53,123.27,124.08,125.18,129.03,131.35,132.93,134.57,136.50,138.38,140.35,142.22,143.09,143.89,144.78,145.89,147.34,148.70,150.06,151.44,153.39,155.91,158.44,160.67,162.68,164.88,166.91,169.10,173.97,180.12,185.28,189.96,193.89,197.80,203.11,210.27,216.00,219.32,221.38,225.26,234.23,246.15,255.91,261.68,265.13,268.88,273.45,278.24,281.95,285.29,289.19,295.71,302.32,306.97,311.59,316.03,320.95,327.35,334.58,340.97,343.81,346.19,348.92,351.72,354.42,357.60,360.87,363.02,365.32,368.23,372.14,376.67,380.92,384.73,388.23,392.00,397.36,402.60,407.33,411.13,413.93,417.58,421.65,426.90,432.77,438.19,443.45,448.61,454.03,459.25,464.11,468.95,472.49,475.66,478.37,479.99,483.23,486.56,490.78,495.62,500.36,504.71,508.79,514.86,519.10,520.54,524.60,529.17,533.71,538.14,542.49,546.96,551.54,556.55,561.17,565.30,569.73,575.19,580.56,585.21,589.37,588.94,579.97,567.73,560.08,565.64,581.16,597.13,614.99,625.77,635.88,647.90,660.14,672.04,684.95,697.51,711.65,724.80,735.94,748.13,761.64,774.79,785.24,795.52,804.85,813.50,819.27,825.15,837.35,851.25,860.77,867.46,875.65,883.66,890.24,900.54,910.88,924.06,938.41,952.75,962.36,975.86,990.57,1000.55,1006.63,1017.46,1030.41,1044.45,1058.17,1071.20,1085.97,1100.95,1115.43,1132.77,1148.92,1161.86,1173.68,1188.18,1201.97,1215.32,1231.25,1245.29,1258.03,1256.25,1242.54,1240.20,1238.11,1232.36,1231.16,1217.79,1215.30,1214.68,1210.33,1207.21,1212.74,1224.19,1244.15,1267.40,1280.43,1291.39,1309.50,1328.09,1346.34,1361.14,1366.42,1360.13,1338.28,1308.88,1274.34,1261.30,1279.11,1300.37,1312.72,1300.11,1268.86,1265.37,1313.95,1343.48,1370.94,1404.13,1435.62,1462.62,1501.60,1561.09,1599.43
78.98,80.09,81.25,82.63,84.07,85.55,87.04,88.59,90.94,95.30,99.35,101.96,102.78,103.33,103.84,106.17,109.71,115.96,123.03,128.38,130.26,128.03,124.80,121.59,119.60,119.67,120.06,120.40,120.93,121.85,122.91,123.88,124.69,125.84,127.41,129.92,131.38,132.59,133.99,135.59,137.31,139.12,140.48,141.21,142.40,144.00,146.15,148.23,149.91,151.90,153.60,154.79,156.10,157.88,160.29,163.77,167.27,169.12,170.68,175.51,181.23,186.64,191.57,195.72,199.18,204.86,212.90,218.93,224.56,228.88,233.15,241.47,250.83,258.44,262.87,266.34,269.59,272.30,275.78,278.39,281.50,285.77,291.54,299.50,305.15,310.67,315.16,320.31,327.97,335.70,341.17,344.18,347.45,350.59,353.72,357.01,360.23,362.79,365.21,367.46,370.41,375.31,379.98,383.37,386.95,390.48,393.53,397.66,400.79,404.52,407.96,410.80,414.85,419.05,425.52,432.39,437.71,443.29,448.78,454.58,460.01,463.83,467.50,469.33,472.02,473.64,475.67,479.32,482.73,486.98,491.29,496.39,501.22,505.29,509.38,514.09,518.74,523.77,528.95,533.36,537.40,541.49,545.75,550.14,555.22,560.26,564.62,568.94,573.98,579.03,583.07,583.64,577.82,567.56,558.79,556.98,567.61,586.94,601.05,616.65,628.63,638.98,652.75,666.34,679.42,693.21,706.84,721.66,735.32,745.87,759.89,772.92,785.84,796.41,807.21,817.30,823.75,830.19,836.86,847.36,857.44,868.13,875.70,882.25,887.73,895.67,907.37,912.11,915.38,923.14,936.15,945.58,955.81,967.31,976.95,983.53,993.81,1011.35,1027.15,1037.70,1050.49,1067.82,1084.58,1101.79,1116.45,1128.20,1142.72,1154.65,1166.19,1180.93,1197.16,1211.71,1223.96,1236.10,1233.48,1221.27,1210.74,1207.76,1208.91,1209.38,1195.69,1185.17,1185.64,1183.62,1181.09,1188.78,1206.69,1229.91,1245.83,1254.90,1274.80,1302.44,1322.58,1341.13,1344.72,1342.01,1335.88,1316.43,1289.70,1258.94,1254.47,1266.72,1276.93,1275.33,1268.93,1245.83,1245.60,1302.06,1321.71,1353.38,1377.01,1383.28,1399.32,1439.67,1511.11,1548.67
80.53,81.17,81.94,82.91,84.07,85.50,87.03,88.56,90.85,95.43,100.25,104.45,107.38,108.81,108.57,108.52,112.81,119.19,125.38,130.88,132.49,131.52,128.08,123.97,121.86,121.16,121.32,121.70,122.33,123.21,124.28,125.56,126.81,128.38,130.29,131.85,132.95,133.98,135.09,136.16,137.17,138.54,139.75,141.20,142.62,144.05,145.97,148.04,149.97,151.68,154.94,156.89,158.08,159.65,162.00,166.19,170.03,171.93,173.41,176.89,182.36,188.07,193.57,198.58,203.83,210.01,217.26,223.37,229.60,235.36,240.19,246.44,254.30,260.56,263.99,267.15,270.26,273.17,275.64,277.35,279.33,283.40,288.74,295.30,300.40,306.22,312.30,317.75,325.70,334.02,339.85,343.46,347.04,350.67,354.18,358.01,361.80,364.93,367.84,370.19,373.11,377.80,381.75,385.11,388.61,391.88,394.61,396.76,398.63,401.77,405.43,409.26,413.36,417.37,422.53,429.25,434.04,440.04,447.19,454.27,459.94,463.30,464.25,465.29,467.50,469.93,474.57,478.96,482.26,486.04,490.22,495.08,499.96,504.27,508.57,513.27,518.22,523.28,528.29,532.54,536.46,540.48,544.67,548.89,553.95,559.30,563.80,567.92,572.32,576.41,577.36,572.76,565.65,556.06,552.93,558.90,575.65,595.30,607.52,620.61,634.23,647.59,660.74,675.43,689.20,703.85,718.48,731.40,744.01,758.81,773.13,784.71,796.97,805.18,812.34,818.59,824.21,832.35,839.62,847.92,855.80,864.10,869.82,873.53,878.77,886.63,893.50,893.95,891.47,896.18,908.12,923.96,936.76,945.92,952.35,958.95,973.50,994.68,1008.81,1019.22,1035.32,1053.57,1068.09,1084.39,1098.17,1109.21,1123.71,1137.75,1150.88,1163.48,1179.88,1194.97,1205.88,1212.96,1211.63,1204.68,1190.00,1181.22,1183.11,1183.12,1171.46,1157.21,1155.36,1152.97,1158.37,1174.85,1191.32,1202.45,1214.38,1235.15,1264.85,1291.62,1310.86,1325.61,1321.53,1315.65,1310.27,1296.22,1266.05,1193.36,1177.55,1204.99,1213.63,1185.34,1198.28,1213.34,1242.10,1287.13,1292.92,1311.90,1332.15,1347.24,1361.54,1379.95,1442.56,1537.24
81.83,82.50,83.10,83.82,84.70,85.72,86.87,88.24,90.25,95.00,100.24,105.30,109.78,112.16,112.01,111.63,114.29,119.11,124.82,130.49,132.60,132.00,128.19,124.37,123.15,122.60,122.61,122.87,123.59,124.52,125.89,127.66,129.18,130.39,131.71,133.15,134.52,135.67,136.80,137.95,139.00,140.36,141.21,142.07,143.75,145.32,146.47,147.61,149.19,151.25,155.09,158.61,160.83,162.81,164.61,167.52,171.40,174.26,176.39,178.75,183.15,188.57,194.79,201.02,207.36,213.45,220.27,227.58,233.56,240.19,247.50,253.89,259.22,263.42,266.36,269.19,272.56,275.97,278.84,280.94,282.35,283.57,287.22,291.95,296.30,300.66,307.98,314.00,320.50,330.73,337.74,342.21,345.35,348.52,351.94,356.61,361.47,366.11,370.06,372.84,375.75,379.19,382.27,385.55,388.87,391.58,393.25,394.90,397.53,400.79,404.55,408.31,412.21,416.70,421.11,426.01,430.82,435.80,441.37,449.66,456.41,459.86,460.01,461.09,465.37,471.76,478.28,481.47,484.16,486.94,490.32,495.15,500.08,504.32,508.48,512.90,517.49,522.13,526.80,531.12,535.16,539.43,543.62,547.67,552.32,557.93,562.40,565.92,569.32,571.35,568.54,562.60,556.16,547.51,550.86,563.13,581.46,599.67,613.62,626.63,642.90,660.49,672.62,687.33,702.17,715.17,729.33,741.47,752.92,767.13,779.46,786.31,791.72,794.53,799.18,805.52,812.47,819.70,826.92,833.34,841.38,849.98,855.66,857.14,861.14,869.97,875.65,874.72,869.75,876.25,887.86,902.12,914.17,922.81,929.26,936.33,953.29,975.00,988.58,1004.91,1020.53,1037.84,1054.50,1066.70,1081.61,1092.76,1106.73,1122.14,1137.03,1149.59,1161.19,1175.75,1187.19,1192.27,1188.97,1183.19,1172.74,1160.51,1155.69,1154.62,1144.60,1132.55,1128.88,1129.43,1138.39,1152.75,1163.73,1171.69,1187.91,1219.11,1256.99,1279.19,1299.76,1301.18,1288.93,1282.84,1278.02,1267.43,1205.25,1139.15,1135.21,1140.18,1143.22,1153.64,1178.46,1206.09,1250.02,1263.95,1264.57,1278.82,1294.27,1318.78,1338.32,1360.84,1398.56,1515.95
82.76,83.72,84.34,84.97,85.69,86.61,87.55,88.54,90.89,96.09,100.87,105.61,110.13,113.61,115.09,115.26,115.95,118.77,123.28,127.52,129.63,128.78,125.37,124.10,124.31,124.08,123.96,124.03,124.59,125.76,127.61,129.50,130.90,131.88,133.11,134.52,135.85,137.16,138.39,139.57,140.69,141.94,143.04,143.61,144.51,146.27,148.09,149.78,151.78,153.90,156.59,160.82,166.07,167.92,168.71,169.33,172.21,175.61,178.44,181.69,185.90,191.12,197.46,203.64,209.86,215.48,222.51,231.26,237.06,244.80,254.53,261.06,264.44,267.80,270.67,274.34,277.97,280.23,282.72,285.94,288.00,288.38,289.08,291.88,296.22,300.93,306.17,311.56,317.09,326.59,334.83,339.72,343.04,346.27,349.84,355.38,361.18,366.18,370.57,373.59,376.47,379.45,382.46,385.25,387.72,389.64,391.15,393.46,396.48,399.48,402.61,405.90,411.25,418.43,424.90,430.97,436.99,442.99,445.63,447.34,451.27,455.10,458.64,463.30,469.21,475.93,480.95,482.96,484.70,487.04,490.25,494.97,499.80,504.00,508.09,512.29,516.47,520.65,525.05,529.19,533.49,538.09,542.35,546.14,549.89,554.71,558.82,561.68,563.34,562.31,557.78,554.98,546.98,542.28,551.11,564.96,581.39,600.97,618.50,635.43,655.35,675.03,687.34,702.19,714.96,726.16,737.06,746.74,754.28,760.78,766.40,771.56,774.24,776.70,782.59,789.87,796.35,803.09,809.53,817.60,827.25,832.70,837.87,839.78,843.23,851.36,855.89,854.53,849.76,856.86,869.31,880.77,891.86,898.99,905.50,918.93,937.96,957.00,974.07,986.14,1005.22,1024.22,1038.11,1049.88,1063.40,1072.74,1088.41,1105.92,1122.13,1134.67,1145.98,1159.63,1174.67,1176.00,1167.77,1161.47,1160.10,1148.65,1133.33,1130.24,1120.52,1107.38,1103.92,1106.56,1113.31,1126.13,1132.78,1143.50,1161.01,1193.22,1244.35,1266.70,1278.10,1274.45,1257.94,1209.74,1169.65,1160.47,1145.86,1122.13,1117.39,1122.57,1129.65,1140.94,1161.40,1190.46,1233.38,1239.77,1237.93,1248.94,1270.75,1303.56,1327.58,1355.13,1388.16,1477.26
83.06,84.57,85.53,86.16,86.80,87.56,88.54,89.72,93.67,99.40,103.47,107.40,111.46,115.19,117.92,118.59,119.08,120.12,122.15,124.02,124.45,124.30,124.03,124.94,125.60,125.46,125.27,125.34,125.96,127.15,129.01,130.68,132.06,133.28,134.49,135.82,137.12,138.46,139.79,140.97,142.14,143.37,144.67,145.50,146.07,146.96,148.78,151.30,154.50,157.06,159.79,165.77,171.78,173.31,173.72,174.75,177.22,179.34,180.69,183.67,187.96,196.36,202.68,207.85,213.73,218.11,226.15,234.92,241.09,249.60,260.01,265.07,268.83,272.24,276.25,279.92,282.03,283.66,286.50,289.81,291.80,292.11,292.35,294.74,298.52,302.21,306.46,311.08,316.07,322.99,331.34,336.68,341.45,345.32,349.54,356.49,362.04,366.65,370.74,373.54,376.36,379.08,381.62,384.08,385.98,387.20,389.32,392.15,394.76,397.16,399.54,404.20,411.80,420.64,428.48,435.17,441.97,449.46,454.06,457.18,459.53,461.45,464.67,469.34,473.40,477.20,480.09,480.88,481.46,484.65,488.83,493.54,498.50,502.89,507.04,511.10,515.06,519.10,523.15,527.12,531.30,536.27,541.16,544.54,547.42,550.20,552.57,553.40,552.07,549.08,547.72,548.27,539.61,540.06,551.37,564.50,583.02,601.73,621.51,639.54,658.27,677.36,692.28,705.95,715.53,724.32,731.61,736.24,738.52,742.23,747.58,754.26,758.24,761.31,767.13,774.15,779.10,786.07,792.24,799.67,808.20,813.55,816.52,818.65,824.13,829.99,832.57,832.34,829.16,839.03,851.22,858.83,868.98,880.32,890.79,905.92,922.90,940.78,957.12,973.04,991.73,1006.57,1019.68,1035.24,1045.90,1054.53,1070.92,1089.11,1104.80,1118.97,1132.24,1146.61,1163.67,1162.42,1147.38,1139.95,1143.03,1139.88,1119.59,1104.90,1099.95,1086.63,1081.92,1086.06,1094.84,1098.03,1104.66,1127.20,1146.99,1172.91,1187.48,1216.04,1231.83,1231.45,1175.85,1138.58,1124.38,1126.14,1128.63,1107.59,1102.23,1105.76,1116.84,1132.28,1150.02,1174.10,1202.24,1215.79,1223.24,1241.39,1265.46,1292.80,1320.43,1350.20,1385.05,1460.18
82.21,83.98,85.75,87.27,88.02,88.66,89.49,91.68,95.99,100.99,105.16,109.24,113.51,117.35,120.51,122.29,122.50,123.02,123.66,123.71,123.65,124.12,124.87,125.63,126.30,126.68,126.60,126.89,127.55,128.46,130.09,131.62,133.00,134.39,135.75,137.03,138.34,139.63,140.96,142.26,143.50,144.75,146.11,147.31,148.01,148.40,149.61,152.69,156.17,159.75,165.27,171.50,176.35,178.32,178.87,179.87,181.15,182.14,184.02,185.96,189.63,199.41,206.94,214.24,221.25,225.67,232.86,239.94,245.84,254.66,263.55,268.69,272.27,275.73,279.54,282.50,284.70,286.47,289.02,291.82,294.19,295.22,295.40,297.53,301.89,305.80,309.62,312.88,317.07,322.43,329.01,335.40,341.25,345.82,351.06,358.94,363.43,367.47,370.88,373.38,375.74,378.12,380.48,382.36,383.41,384.59,387.21,389.88,392.19,394.67,398.81,407.07,414.93,422.87,430.97,437.95,444.96,451.76,457.18,461.21,463.53,465.60,468.28,471.10,472.76,473.01,473.70,475.25,478.73,483.18,487.52,492.26,496.97,501.31,505.34,509.07,512.75,516.63,520.49,524.15,528.24,533.47,539.01,541.81,543.06,543.33,543.23,541.46,539.54,539.08,537.81,537.79,534.26,539.12,552.69,566.93,584.25,601.92,622.43,638.50,654.06,670.36,685.37,698.88,707.54,713.99,718.18,718.77,719.33,723.63,731.38,736.87,740.48,744.13,750.08,756.41,762.60,769.84,774.02,780.62,787.44,792.25,797.06,799.95,803.61,806.88,808.64,808.49,812.04,823.16,832.16,840.04,849.47,860.37,872.87,887.26,900.71,918.72,937.28,955.75,971.94,985.69,1004.86,1019.60,1028.55,1041.70,1058.93,1074.60,1090.33,1106.79,1124.82,1141.47,1157.55,1147.60,1130.84,1114.81,1113.95,1119.41,1100.22,1081.22,1079.68,1069.65,1063.20,1066.42,1070.40,1073.97,1094.99,1121.50,1140.28,1154.66,1159.21,1175.56,1177.10,1155.41,1132.16,1115.53,1100.02,1101.60,1114.17,1096.54,1084.60,1093.32,1105.85,1126.72,1145.56,1170.09,1189.00,1194.72,1209.61,1235.98,1255.10,1269.49,1311.82,1345.59,1378.35,1433.52
80.36,82.02,84.38,87.35,89.10,90.08,91.75,94.24,97.78,101.96,106.03,110.17,115.19,119.86,123.58,126.54,127.19,127.16,127.18,126.00,125.43,125.60,125.55,126.10,126.76,127.41,127.94,128.46,129.09,129.89,131.01,132.54,133.97,135.37,136.79,138.11,139.43,140.90,142.33,143.68,145.01,146.20,147.48,148.85,149.99,150.60,151.29,154.04,157.41,162.65,170.40,177.11,180.56,181.58,181.74,182.28,183.14,184.50,186.37,188.94,193.68,201.83,209.71,219.36,225.84,232.74,240.17,246.01,251.88,260.21,266.58,271.33,274.68,278.14,281.50,284.38,287.01,289.19,291.18,293.84,296.57,298.37,298.98,299.50,303.49,308.53,312.94,316.77,320.11,323.98,329.54,335.90,341.63,346.16,351.77,359.59,363.43,366.81,370.04,372.05,374.01,376.34,378.51,380.00,380.49,381.63,384.13,386.63,389.27,392.44,399.57,410.18,418.01,425.71,433.52,440.63,447.40,452.70,457.21,460.75,463.08,464.82,466.81,467.79,466.48,466.32,468.66,473.16,477.47,481.79,486.30,490.81,495.16,499.30,503.04,506.36,509.58,513.02,516.58,520.64,525.19,529.81,533.98,534.73,533.00,531.08,530.26,530.05,529.06,526.24,526.03,529.05,530.39,538.34,555.66,574.19,591.07,607.16,623.92,637.61,650.00,663.86,677.74,686.32,692.68,697.94,700.70,701.23,703.44,708.29,714.15,718.25,720.93,725.25,731.89,737.80,744.99,751.69,757.35,763.90,769.04,774.34,778.00,781.07,783.79,785.27,784.60,784.81,795.82,811.02,820.78,831.42,843.30,856.12,873.73,891.73,901.77,913.69,927.47,940.33,952.62,967.86,986.19,1001.61,1015.34,1031.39,1047.15,1063.73,1084.71,1105.80,1126.87,1147.23,1158.19,1139.87,1119.69,1098.85,1090.16,1093.97,1079.33,1063.85,1063.93,1051.32,1043.81,1044.80,1048.07,1056.09,1080.77,1103.18,1117.04,1131.13,1139.82,1155.77,1151.72,1133.32,1124.95,1104.35,1080.44,1082.45,1093.32,1086.37,1072.78,1084.44,1099.76,1123.60,1145.57,1168.39,1176.52,1182.22,1195.98,1216.65,1230.08,1241.37,1294.99,1340.85,1369.32,1390.87
78.86,81.00,83.72,86.68,89.68,92.61,95.14,97.63,100.68,105.02,108.74,111.86,116.94,121.89,126.18,129.75,131.16,130.95,130.56,129.42,128.03,127.01,126.32,126.44,126.92,127.28,128.51,129.31,130.22,131.50,132.38,133.63,134.96,136.35,137.78,139.18,140.67,142.28,143.89,145.38,146.73,147.88,148.79,150.26,152.24,153.03,153.46,155.42,158.50,164.46,172.66,179.05,181.76,183.43,183.82,184.40,185.21,186.77,188.57,192.86,198.87,204.95,212.75,222.76,229.43,237.88,244.66,250.70,257.55,263.18,268.24,272.38,275.85,279.29,282.54,285.69,288.74,291.51,293.78,296.36,299.86,305.99,305.50,305.02,307.03,310.97,315.40,319.86,323.28,326.33,330.58,337.35,342.06,346.24,351.50,358.11,362.25,365.48,368.37,370.10,372.04,374.19,376.32,377.37,376.79,378.10,380.64,383.15,386.12,390.39,398.44,409.40,419.02,427.21,434.20,440.97,447.71,452.32,455.83,459.14,461.30,462.69,464.02,461.81,460.05,463.67,467.74,471.67,475.76,480.38,484.77,488.85,492.86,496.83,500.20,503.22,506.22,509.01,512.41,517.39,521.91,524.94,524.67,520.47,516.36,515.77,517.54,518.44,518.40,517.58,520.70,524.46,530.03,539.98,558.06,579.33,597.16,610.03,623.70,634.35,644.17,653.82,663.58,669.34,673.25,678.15,682.39,685.26,688.59,693.12,697.54,701.16,704.29,708.25,713.75,718.85,726.90,733.61,738.98,744.75,749.86,754.27,757.36,760.31,763.40,764.21,764.34,773.92,786.91,800.18,818.58,843.99,863.09,878.59,896.83,914.28,925.92,939.87,948.03,957.88,966.85,978.46,987.47,1001.99,1021.37,1040.17,1052.75,1066.47,1090.34,1113.20,1133.32,1148.06,1153.80,1137.30,1112.98,1090.05,1071.80,1067.02,1060.36,1046.20,1048.56,1040.02,1028.77,1028.69,1028.41,1036.88,1060.74,1081.90,1093.60,1108.20,1128.27,1136.30,1124.67,1109.16,1103.52,1097.74,1070.93,1061.52,1064.29,1060.32,1060.15,1074.73,1092.04,1117.20,1148.96,1161.39,1157.36,1167.03,1170.21,1191.01,1211.87,1224.49,1256.35,1330.18,1358.44,1360.72
81.70,83.36,85.08,87.45,90.39,94.17,97.82,101.66,106.32,110.38,112.86,115.20,119.18,123.56,127.85,131.30,133.10,132.76,132.21,131.08,129.60,128.27,127.21,126.28,126.38,127.10,128.71,129.74,131.06,132.67,133.92,135.12,136.27,137.44,138.75,140.28,142.06,143.76,145.29,146.91,148.42,149.70,150.85,152.40,154.50,155.64,156.13,156.91,159.81,165.65,172.35,178.17,181.59,184.00,185.74,186.44,187.11,188.34,191.33,198.46,204.38,210.53,219.71,228.62,235.64,242.74,248.22,253.93,259.85,264.12,268.31,272.14,275.72,279.35,282.71,285.92,289.11,292.00,294.71,297.41,302.05,309.68,308.47,307.79,310.04,312.89,316.94,321.06,325.12,329.16,335.40,341.19,343.80,346.65,350.63,356.57,360.90,363.91,366.43,368.13,370.01,372.18,374.23,373.85,372.23,374.15,377.32,380.72,384.20,389.46,396.64,405.44,415.56,424.61,432.38,440.05,445.98,450.36,453.57,456.34,458.54,459.94,460.41,457.36,458.00,462.47,466.14,469.48,473.69,478.55,482.72,486.55,490.60,494.06,496.95,500.03,503.15,505.65,509.01,513.13,516.75,517.14,512.52,506.37,504.80,506.32,507.87,510.08,512.61,514.18,518.95,525.34,534.10,546.17,562.47,584.53,600.45,611.37,618.57,623.96,632.01,639.84,646.61,651.76,656.82,661.96,666.74,669.26,671.34,673.93,677.52,682.82,687.14,691.59,696.54,701.75,708.37,714.01,719.98,725.02,728.08,730.55,734.16,739.68,743.90,753.44,770.67,789.76,803.24,819.82,837.13,856.93,882.93,904.18,915.85,929.31,942.81,961.51,972.69,983.68,996.38,1009.19,1014.87,1021.40,1036.64,1053.75,1071.70,1085.99,1102.90,1119.09,1121.61,1125.76,1129.94,1126.39,1111.92,1092.58,1063.92,1044.81,1040.19,1027.95,1025.73,1022.31,1012.61,1014.27,1011.64,1022.83,1044.41,1056.10,1079.45,1103.31,1117.19,1114.13,1100.05,1085.31,1071.38,1067.39,1048.71,1037.91,1038.83,1041.72,1056.68,1079.21,1099.90,1128.38,1157.09,1150.77,1136.94,1140.58,1141.65,1160.08,1189.68,1206.17,1234.33,1298.82,1336.66,1335.26
84.33,86.42,87.81,89.82,93.68,97.97,101.12,105.39,110.44,114.70,117.17,119.04,122.10,126.13,129.80,132.77,134.84,134.45,133.47,132.15,130.80,129.42,127.66,125.93,125.83,127.16,128.86,130.34,131.93,133.58,135.19,136.55,137.72,138.91,140.07,141.64,143.44,145.21,146.85,148.32,150.02,151.93,153.48,155.17,157.06,158.37,159.03,159.31,161.82,167.14,172.46,177.75,181.33,183.79,186.62,188.23,189.09,190.78,195.85,202.99,209.43,218.18,228.16,235.18,241.70,247.89,251.44,255.71,260.62,264.30,267.74,271.10,274.69,278.59,282.12,285.35,288.62,291.54,293.69,295.94,298.55,301.68,303.74,307.08,311.15,314.15,317.27,320.39,324.63,329.50,336.81,341.96,344.54,347.32,350.52,354.97,359.65,362.59,364.48,366.14,368.12,370.21,371.92,371.00,368.95,371.03,374.54,378.00,380.96,387.33,394.85,402.30,409.93,420.07,428.86,437.50,442.88,446.76,450.42,452.76,454.43,455.22,454.26,452.81,456.60,460.91,464.40,467.63,471.40,475.96,479.96,483.64,487.31,490.64,493.63,496.69,499.48,501.75,504.51,506.89,508.13,504.51,498.45,496.00,497.32,500.53,503.22,506.70,511.14,519.69,528.83,536.84,546.03,557.01,571.38,589.55,602.21,606.58,608.14,612.00,618.57,624.76,629.73,634.61,640.48,645.08,648.49,650.57,651.85,654.25,658.20,662.67,667.17,671.34,677.32,683.64,690.51,697.41,701.19,704.28,706.05,710.77,719.71,727.49,744.37,765.49,790.30,810.50,820.45,834.44,853.72,871.70,891.54,915.47,932.17,943.20,955.31,975.77,992.46,1000.83,1013.62,1029.25,1039.26,1044.27,1058.89,1072.26,1087.28,1103.95,1110.17,1104.58,1099.55,1101.81,1103.20,1100.94,1099.10,1091.47,1064.66,1036.42,1019.00,1006.67,1006.54,1005.39,995.91,1000.74,996.33,1016.62,1033.60,1047.60,1081.16,1102.43,1095.43,1090.29,1073.56,1057.86,1039.05,1031.35,1023.58,1019.82,1023.14,1032.98,1052.12,1080.75,1107.93,1137.60,1155.86,1150.95,1123.45,1118.87,1132.66,1156.38,1180.39,1204.90,1223.94,1249.38,1285.67,1303.06
85.54,89.19,91.50,94.58,98.92,103.35,106.62,109.85,114.28,118.56,121.51,123.10,125.44,129.24,132.34,134.94,136.66,136.03,134.75,133.43,132.09,130.52,128.00,125.65,125.38,127.18,129.28,131.21,132.85,134.51,136.16,137.74,139.03,140.45,142.03,143.46,145.00,146.69,148.41,150.00,151.83,153.93,156.02,157.88,159.56,160.75,161.47,162.00,164.52,169.13,172.93,177.48,180.82,183.86,187.09,189.52,191.21,194.31,198.93,205.45,213.68,224.06,234.01,241.37,248.37,252.66,254.98,257.06,260.57,263.77,266.64,269.49,272.61,276.82,280.97,284.18,287.20,289.57,291.22,293.33,295.46,297.25,300.61,305.73,310.12,312.76,315.67,318.88,323.07,327.75,333.83,339.44,342.23,345.53,348.46,352.10,357.31,360.73,362.45,363.76,365.40,367.20,368.31,367.51,366.33,368.54,371.52,374.75,378.02,385.03,393.92,400.82,406.93,414.45,423.71,432.05,437.70,442.42,446.42,448.93,449.58,449.41,448.12,450.44,454.99,459.19,462.37,465.94,469.34,472.97,476.35,479.40,482.50,486.02,489.29,492.03,494.02,495.78,497.66,496.97,493.98,490.72,488.82,489.86,493.79,500.96,507.75,514.28,522.57,533.75,545.05,557.42,566.68,574.07,582.14,592.87,597.22,596.02,597.04,600.97,606.34,611.61,616.55,621.03,625.17,628.57,629.03,628.93,631.41,634.92,639.38,643.05,644.84,649.37,658.49,666.29,672.93,677.86,680.57,685.93,700.28,721.11,736.04,742.90,755.61,776.42,801.26,824.69,837.68,849.28,863.41,879.40,893.09,913.46,933.16,953.12,971.21,990.51,1006.68,1017.71,1028.75,1044.43,1059.33,1068.03,1080.26,1092.58,1103.12,1108.89,1096.16,1079.55,1074.20,1075.03,1077.05,1079.09,1076.28,1068.58,1066.32,1043.44,1007.46,987.76,986.78,986.89,978.53,980.44,992.23,1036.04,1056.56,1063.52,1089.00,1099.14,1078.31,1061.01,1047.26,1031.22,1013.14,1005.15,1003.58,1004.01,1012.85,1029.40,1047.21,1073.88,1095.29,1119.17,1140.16,1144.85,1111.91,1102.33,1126.42,1163.53,1190.15,1195.29,1204.63,1227.06,1252.77,1284.80
84.62,89.56,94.83,99.17,104.06,108.84,112.79,116.42,119.57,122.66,125.81,127.74,128.88,131.81,134.79,137.23,138.44,137.29,135.77,134.02,132.45,130.32,127.06,124.49,124.81,127.12,129.63,131.81,133.69,135.42,137.12,138.77,140.39,142.11,143.87,145.51,146.88,148.34,150.00,151.79,153.62,155.58,157.83,159.97,161.45,162.74,163.79,165.01,167.14,170.64,173.82,177.11,180.56,184.06,187.49,190.92,193.85,196.83,200.84,207.72,218.14,229.75,239.41,246.85,252.74,256.78,259.12,260.14,261.70,264.37,266.89,268.88,270.06,273.47,278.91,282.54,284.97,287.09,288.75,290.91,293.21,296.49,300.06,304.09,307.75,310.82,314.07,317.27,320.98,324.48,328.55,333.63,339.68,343.34,346.50,349.47,353.56,357.38,359.69,360.64,362.05,363.52,364.48,363.76,364.09,366.84,369.58,372.72,376.24,382.90,393.36,400.52,405.60,411.23,418.51,426.05,431.85,438.52,443.02,444.44,442.39,441.76,444.73,448.81,452.64,456.02,459.80,463.89,465.90,468.51,471.52,474.04,476.74,479.69,482.82,485.32,487.12,487.38,486.72,483.26,481.31,482.89,486.26,494.06,502.23,511.19,523.53,535.03,544.26,552.30,562.55,570.23,575.65,581.17,584.71,586.53,586.66,586.96,588.32,591.44,595.02,599.45,604.89,608.41,609.05,608.68,609.73,612.22,616.10,620.69,625.91,632.74,641.13,648.53,654.38,659.13,663.99,674.33,687.23,700.01,714.47,730.79,746.06,761.32,774.78,788.22,807.48,832.14,851.38,867.16,882.55,896.92,907.44,919.65,934.81,954.73,976.77,998.55,1015.04,1030.23,1043.66,1060.19,1076.75,1092.37,1100.67,1103.65,1098.85,1098.13,1080.91,1062.49,1055.75,1052.98,1053.61,1057.74,1055.34,1041.85,1044.60,1056.36,1009.52,977.63,968.78,965.38,958.71,959.20,990.47,1050.09,1073.85,1092.20,1105.06,1105.96,1086.55,1043.16,1030.26,1013.57,996.54,987.17,987.69,998.00,1020.13,1041.19,1056.49,1063.53,1073.68,1103.91,1113.69,1104.90,1083.93,1090.51,1111.34,1156.89,1172.75,1178.02,1193.11,1220.77,1248.32,1311.58
81.75,88.14,95.36,102.42,108.74,113.61,118.52,122.31,124.22,126.50,129.44,131.30,132.53,134.34,136.14,137.47,137.56,136.26,133.98,131.98,130.83,128.61,125.48,123.32,124.38,126.79,129.15,131.50,133.63,135.72,137.72,139.60,141.39,143.55,145.49,147.33,148.98,150.23,151.67,153.37,155.27,157.21,159.39,161.50,163.13,164.65,166.11,167.79,169.93,173.05,176.34,179.08,181.90,185.23,188.58,192.40,196.40,198.79,202.93,210.43,223.43,233.92,242.46,249.72,255.23,259.77,261.72,262.32,264.08,266.55,267.99,268.51,268.88,270.39,275.97,280.42,282.72,284.92,287.14,289.43,292.05,295.54,299.05,302.21,305.70,309.64,312.18,314.89,317.98,321.28,325.82,329.96,335.93,341.02,344.62,347.04,349.39,352.17,353.03,355.23,357.66,359.51,360.64,360.43,362.56,365.27,367.57,369.66,372.62,379.07,388.44,397.72,404.17,409.87,415.68,421.59,427.32,434.22,439.45,438.82,436.15,439.08,443.11,446.66,449.58,452.75,457.48,459.82,459.83,461.06,462.96,466.29,469.36,471.20,475.18,477.27,476.94,474.88,474.39,476.29,481.72,486.42,493.38,507.58,520.74,532.13,542.78,551.98,559.88,562.90,562.45,562.39,565.71,571.42,574.69,575.15,575.60,577.43,580.58,584.70,588.64,594.20,596.24,597.01,599.05,604.78,611.20,617.83,624.92,632.92,640.75,648.61,658.20,664.91,670.01,675.36,687.12,700.88,711.63,722.86,733.11,740.62,754.32,773.46,790.68,807.80,822.07,837.35,855.78,874.84,894.17,911.52,923.69,932.11,943.18,959.66,978.77,1000.76,1020.18,1040.37,1058.07,1075.69,1091.25,1100.17,1099.26,1088.70,1082.22,1083.10,1068.17,1048.31,1038.51,1034.25,1033.98,1039.40,1035.67,1017.61,1003.90,1024.91,1013.10,965.14,951.75,952.26,941.95,944.69,976.54,1039.99,1063.96,1099.79,1123.09,1123.10,1098.52,1030.53,1014.72,1005.04,987.08,975.64,981.26,1002.54,1030.10,1056.95,1064.85,1049.79,1047.32,1055.12,1052.13,1058.01,1067.45,1084.45,1100.58,1123.68,1146.91,1169.64,1194.11,1224.34,1273.82,1350.23
81.49,87.81,95.30,103.47,111.06,116.62,122.08,126.97,128.80,129.64,130.79,131.32,130.68,130.96,133.14,132.96,131.86,131.94,131.05,128.70,126.90,124.83,123.02,122.13,124.01,126.31,128.54,130.87,133.18,135.50,137.79,140.01,141.78,143.98,146.38,148.61,150.83,152.14,153.45,155.05,156.70,158.55,160.68,163.03,165.15,166.89,168.28,169.49,172.13,175.30,178.81,181.96,184.80,188.00,191.30,194.93,199.13,203.16,207.27,215.20,228.51,236.69,243.31,249.69,255.04,259.68,262.64,264.35,266.03,266.94,267.32,267.72,266.90,268.25,272.52,277.63,281.23,283.54,285.84,288.20,291.11,294.63,297.91,300.21,303.08,306.50,310.06,313.05,316.63,320.39,324.05,327.66,332.19,339.69,342.11,342.89,344.69,346.55,347.51,349.63,352.27,354.78,356.12,358.23,360.77,362.50,364.65,367.56,372.81,377.97,385.03,394.29,402.56,408.52,413.95,419.09,424.43,429.76,432.73,430.71,432.80,437.40,441.19,444.14,445.85,448.61,450.91,451.38,451.66,454.04,456.41,460.79,464.31,466.13,469.43,470.56,468.98,468.32,471.58,476.43,482.77,493.74,508.17,522.34,534.88,545.85,555.27,557.95,555.83,552.69,550.10,549.75,552.39,558.59,563.50,564.49,567.65,569.42,573.25,579.15,585.10,588.68,588.73,595.63,602.34,612.43,621.79,630.33,640.41,649.55,659.07,667.95,676.30,681.70,686.24,693.44,708.20,721.15,735.26,743.49,751.14,760.75,769.36,781.09,800.33,820.21,836.36,852.20,866.12,881.75,901.91,918.37,935.77,948.72,959.27,973.21,987.80,1007.73,1026.51,1044.83,1061.76,1079.17,1088.69,1088.98,1081.09,1067.38,1058.79,1061.35,1055.11,1034.52,1018.48,1011.71,1013.79,1022.66,1019.86,998.40,980.89,983.02,992.54,963.26,939.66,938.60,930.40,938.01,957.13,1012.54,1048.53,1081.86,1108.72,1112.48,1098.75,1030.45,995.16,988.46,971.21,965.11,975.94,1000.41,1028.38,1052.06,1059.28,1037.14,1030.26,1032.99,1038.45,1050.62,1071.85,1089.36,1100.67,1121.71,1143.13,1169.04,1196.95,1225.91,1276.24,1327.74
83.47,88.28,94.56,102.22,110.59,117.39,123.92,129.24,130.24,130.47,129.55,128.53,126.81,127.05,128.59,127.83,126.62,126.35,125.61,122.89,120.87,119.94,120.02,121.39,123.55,125.86,128.27,130.60,132.87,135.19,137.62,140.09,142.12,144.14,146.55,148.94,151.35,153.55,155.21,156.79,158.33,159.95,161.88,164.25,166.63,168.81,170.58,171.87,174.23,177.10,180.30,183.62,186.93,190.43,194.29,198.03,202.59,208.02,213.38,221.62,231.99,238.99,244.29,249.37,254.29,258.66,262.05,265.10,265.90,266.16,266.50,266.03,264.43,266.47,269.88,274.86,279.64,282.27,284.89,288.34,291.36,293.87,294.85,296.34,298.50,301.88,307.42,311.78,315.22,318.92,322.75,326.00,328.97,333.87,337.06,338.38,339.71,341.71,343.08,345.24,348.14,350.62,352.80,355.52,357.80,359.96,362.31,368.52,377.66,384.98,389.77,393.89,401.39,407.59,412.82,417.24,421.89,425.96,427.42,427.73,431.29,434.72,437.89,440.32,440.27,441.54,442.82,443.33,444.25,448.50,451.54,455.51,459.50,460.88,461.90,463.71,465.29,467.37,471.24,477.80,486.95,502.70,518.22,533.76,545.04,552.23,553.38,548.43,544.94,541.99,540.39,542.60,545.48,548.95,554.28,560.13,561.96,562.00,565.05,570.15,576.25,580.12,590.83,603.53,611.68,621.20,631.55,641.34,653.88,668.52,678.30,686.69,694.61,700.42,706.02,709.98,717.95,734.76,748.50,758.41,769.00,777.90,786.91,793.40,805.60,822.78,839.90,858.39,873.09,890.31,906.33,922.44,943.47,960.08,974.77,987.72,999.06,1015.94,1037.24,1054.49,1068.85,1068.02,1065.43,1065.65,1060.79,1047.43,1032.19,1034.70,1032.46,1018.95,1001.45,988.66,992.55,1002.39,996.81,982.69,962.72,958.16,969.40,965.00,937.46,921.42,918.65,927.12,938.49,968.69,1029.85,1049.29,1057.26,1072.49,1088.45,1045.20,980.60,961.67,952.56,953.47,967.47,994.57,1019.97,1037.82,1038.36,1018.39,1015.98,1027.23,1038.25,1055.33,1084.22,1120.82,1139.95,1151.76,1160.40,1175.72,1201.57,1225.20,1253.21,1302.57
83.46,87.53,93.00,99.84,107.64,115.57,122.52,127.89,129.73,129.06,125.88,123.48,122.19,122.16,122.45,122.23,121.86,121.31,119.87,118.29,117.04,116.99,118.44,120.64,122.84,125.15,127.78,130.34,132.65,135.59,137.82,140.09,142.32,144.43,146.56,148.63,151.08,153.72,156.26,158.08,159.62,161.31,163.20,165.41,167.85,170.20,172.40,174.41,176.67,178.95,181.65,184.81,188.05,192.05,196.61,201.17,206.39,212.30,218.83,226.13,234.10,240.42,244.83,249.13,253.28,256.98,260.20,264.30,266.76,265.43,265.20,263.30,262.03,264.48,267.84,272.12,277.12,280.67,283.74,287.52,290.47,291.02,290.52,291.17,295.39,301.48,306.16,309.59,312.92,317.58,321.52,324.28,326.46,328.49,331.10,333.29,334.49,336.69,339.06,342.26,345.21,347.92,350.51,353.01,355.17,357.18,361.41,370.37,381.34,388.38,393.33,397.05,401.41,406.92,411.93,415.94,419.70,422.11,424.04,426.71,428.65,427.47,427.77,429.71,430.10,430.24,433.60,436.67,440.01,444.90,447.41,449.42,453.33,455.52,457.99,461.82,465.74,469.23,476.29,483.83,498.51,514.72,527.66,538.16,545.09,547.65,545.16,539.30,536.10,535.06,537.03,541.02,544.90,549.07,554.21,557.31,555.46,559.36,566.61,572.83,578.82,587.06,600.16,611.32,620.57,631.38,642.30,655.36,667.24,680.76,694.77,702.68,708.93,719.14,727.57,728.81,731.53,741.98,755.55,766.73,778.12,789.85,801.55,811.20,822.84,835.81,849.47,864.08,877.83,891.89,907.79,927.83,947.30,963.48,980.44,997.87,1010.49,1024.42,1043.29,1060.72,1065.27,1051.51,1040.39,1038.53,1038.01,1030.85,1013.81,1008.81,1007.20,999.88,985.63,967.55,970.38,980.59,972.33,962.58,946.76,938.40,951.74,954.59,933.43,909.02,905.01,914.29,927.55,944.72,987.96,1017.03,1027.39,1048.99,1070.51,1027.43,963.93,946.66,941.19,946.24,963.64,987.96,1008.39,1014.83,1007.33,997.90,1003.95,1020.60,1037.60,1062.19,1114.48,1162.26,1187.40,1207.31,1209.84,1204.68,1215.01,1233.39,1280.90,1315.67
82.39,86.13,91.09,96.80,103.10,110.73,117.57,122.57,124.17,122.95,120.11,118.11,116.80,116.65,116.83,116.98,117.73,117.23,115.47,114.39,114.02,115.52,117.78,120.02,122.16,124.33,127.01,129.73,132.95,137.01,139.85,141.49,143.28,145.47,147.58,149.59,151.83,154.52,156.90,158.93,160.75,162.57,164.41,166.43,168.64,170.96,173.38,175.88,178.36,180.60,183.11,186.08,189.31,193.49,198.25,204.34,210.90,217.87,223.68,229.60,235.67,240.55,244.21,248.12,251.78,255.07,258.22,262.02,265.09,264.30,262.72,260.54,259.53,262.20,265.58,269.32,273.87,277.78,281.15,284.20,286.42,287.24,287.07,288.28,293.82,301.07,304.30,306.55,310.97,315.61,319.68,322.07,323.74,325.24,326.91,328.43,330.55,334.02,337.15,340.00,342.73,345.40,348.08,350.49,352.02,356.55,363.02,369.76,380.78,388.53,394.53,399.20,402.49,406.44,410.57,413.96,417.23,420.20,423.07,423.82,421.07,418.50,419.58,424.43,425.19,427.84,432.15,436.11,440.18,442.81,444.80,446.87,449.70,454.30,460.77,465.21,469.95,477.47,487.13,496.70,510.98,522.04,526.88,529.93,533.62,537.14,536.66,530.73,528.91,532.62,536.39,539.89,543.47,547.03,550.10,549.54,550.62,562.30,571.54,578.49,585.57,596.16,607.43,618.24,631.41,643.26,656.11,671.30,682.40,694.23,707.75,720.46,730.08,736.41,742.56,742.07,743.94,751.37,760.92,770.50,783.12,796.40,808.57,820.54,835.78,849.17,862.00,874.38,887.89,901.68,912.79,931.20,952.62,967.43,985.04,1003.13,1019.61,1034.35,1046.33,1056.39,1051.76,1034.94,1018.60,1012.95,1014.20,1007.44,991.89,980.72,981.86,975.91,964.41,950.07,949.54,953.37,944.94,941.95,931.77,919.62,931.46,932.87,920.97,897.34,891.38,902.36,918.19,937.49,965.33,999.36,1020.64,1034.73,1033.61,970.59,956.05,939.07,937.07,946.54,963.67,980.83,992.00,991.44,987.24,986.40,994.58,1011.26,1029.34,1060.45,1131.40,1166.57,1190.88,1217.16,1240.47,1260.79,1271.27,1277.93,1304.64,1329.71
78.81,82.53,88.00,93.40,98.11,103.65,110.59,114.75,115.42,113.84,112.81,112.00,110.50,111.06,111.77,112.11,113.58,113.67,111.49,110.83,112.40,114.67,116.95,119.13,121.21,123.47,126.19,129.37,134.50,138.66,141.05,142.72,144.46,146.46,148.53,150.69,152.91,155.31,157.52,159.73,161.72,163.55,165.46,167.51,169.68,171.92,174.48,177.08,179.65,182.16,184.62,187.25,190.41,194.54,198.99,205.70,213.83,221.13,226.44,231.50,235.33,238.99,242.53,246.15,249.75,252.52,255.49,258.64,260.84,260.85,259.43,257.80,257.44,259.64,262.17,265.96,270.23,274.00,277.10,279.59,281.07,283.01,284.21,286.76,290.37,297.29,300.52,304.22,309.03,313.20,316.78,318.71,320.34,321.53,323.44,326.11,329.16,331.93,334.77,337.57,340.32,342.87,345.53,348.20,351.04,357.60,363.25,367.96,376.88,387.00,396.16,402.16,405.76,407.63,408.73,411.09,414.08,417.87,421.08,418.47,412.78,414.84,418.16,420.93,422.83,426.28,430.32,434.22,438.37,442.26,445.48,447.66,451.38,458.32,467.13,475.99,485.51,494.64,501.17,507.57,512.93,515.16,515.85,517.75,521.22,525.67,526.13,521.27,524.96,530.52,533.87,535.85,538.40,541.03,543.34,541.33,548.05,564.93,575.08,582.62,591.35,602.25,613.17,627.07,641.33,654.46,669.58,685.33,700.25,712.08,722.10,734.22,740.43,741.91,746.14,750.19,752.64,757.55,764.60,773.38,785.74,799.57,813.28,826.02,842.82,856.70,870.96,884.90,900.06,913.81,925.62,939.51,957.91,975.85,995.08,1011.04,1021.51,1027.78,1033.97,1042.74,1036.68,1017.05,997.13,989.86,992.14,987.52,965.67,953.07,956.37,955.58,939.72,927.76,924.93,922.27,916.07,918.28,914.07,904.31,907.13,906.45,905.33,894.16,882.40,891.64,911.79,937.53,964.77,992.66,1010.20,1010.45,958.80,937.03,938.69,933.08,935.89,945.87,957.36,964.82,972.48,975.37,977.14,983.17,993.54,1014.60,1037.33,1062.11,1143.75,1172.13,1198.26,1229.81,1251.08,1258.71,1282.30,1311.04,1322.43,1349.56
75.06,79.11,84.22,89.36,92.78,96.16,100.13,104.61,105.77,105.36,105.40,105.69,105.34,105.99,106.93,107.86,109.93,110.89,109.35,109.55,111.47,113.70,115.84,117.84,119.75,122.44,126.78,131.59,138.57,141.02,142.22,143.66,145.26,146.89,148.67,150.83,153.35,155.81,158.19,160.59,162.66,164.56,166.53,168.51,170.56,172.91,175.41,177.99,180.56,183.06,185.54,188.06,191.09,195.04,199.17,205.16,212.81,219.91,224.02,228.84,232.41,235.40,239.29,242.92,245.60,248.63,251.96,254.73,256.30,256.41,255.79,254.77,255.75,257.53,259.13,262.50,266.85,270.31,273.11,275.45,277.61,280.02,282.25,285.13,288.06,292.17,297.39,302.52,306.68,310.55,312.97,314.09,316.12,318.97,322.39,325.15,327.55,329.78,332.44,335.35,338.51,341.48,346.00,350.76,354.33,359.12,363.44,367.43,374.90,386.42,397.80,404.16,408.62,410.20,409.12,408.80,410.97,414.86,416.10,410.58,410.37,413.15,416.84,422.24,429.67,434.68,437.04,441.77,445.35,448.30,451.26,453.90,459.67,468.05,479.44,490.01,495.76,499.89,501.47,503.03,504.44,505.79,506.60,508.16,510.39,512.94,514.72,516.77,521.99,526.99,529.31,528.64,532.03,535.72,537.48,541.20,555.77,571.50,580.28,587.58,595.89,606.42,620.00,634.86,648.99,667.23,683.47,698.63,710.54,722.07,731.28,733.80,733.21,734.54,740.04,744.85,749.87,755.99,763.17,773.04,785.96,800.44,816.16,830.00,844.78,858.75,872.37,888.06,904.59,917.85,931.85,948.42,962.58,980.57,997.74,1004.99,1004.11,1007.44,1016.11,1025.45,1018.69,1006.33,987.44,969.39,968.15,969.73,953.92,934.10,931.86,933.31,922.11,903.51,897.31,894.58,893.58,895.51,896.16,888.12,887.14,886.67,883.73,884.48,876.39,889.03,911.71,938.72,963.06,982.33,990.58,941.77,916.65,913.09,919.73,924.70,932.49,940.14,943.86,948.36,957.27,965.72,973.76,983.61,994.60,1012.88,1032.70,1058.29,1144.18,1169.87,1197.14,1232.22,1266.07,1286.22,1312.96,1340.41,1356.95,1398.78
73.16,76.86,80.49,84.47,87.16,89.58,91.42,93.58,96.30,97.91,98.71,99.87,100.67,101.06,102.29,104.55,106.78,108.22,107.97,108.56,110.55,112.56,114.63,116.54,118.36,121.86,127.50,134.54,140.32,141.93,143.31,144.69,146.12,147.61,149.11,151.10,153.46,155.83,158.13,160.45,162.79,165.18,167.38,169.40,171.61,173.90,176.31,178.69,181.24,183.85,186.33,188.84,191.86,195.37,199.14,204.62,210.14,215.24,218.75,223.63,227.47,230.43,233.76,237.57,240.14,243.30,247.15,250.02,251.14,251.11,251.51,252.38,253.97,255.85,258.10,260.88,264.46,267.74,270.71,273.29,275.87,278.19,281.16,284.30,287.31,290.69,295.74,300.26,303.71,306.51,308.33,310.88,314.50,318.29,321.52,323.91,326.13,328.33,330.54,333.90,337.33,341.45,347.37,352.06,355.96,359.79,363.55,367.27,373.50,384.89,397.61,403.86,407.73,407.96,406.48,407.45,408.57,411.22,408.36,405.37,408.72,414.15,420.53,426.90,436.65,446.50,453.17,457.51,459.64,461.02,462.72,465.20,470.73,475.88,482.42,487.11,489.45,491.48,492.17,493.08,494.89,496.62,498.48,500.85,503.72,506.67,510.74,515.35,519.63,521.91,520.84,523.28,529.32,534.15,538.68,550.36,565.54,575.75,584.51,592.61,601.84,612.39,626.69,640.60,659.04,675.88,690.84,703.02,710.35,717.88,723.00,722.76,720.06,722.14,727.61,733.57,739.70,746.91,755.80,768.63,783.80,798.93,813.72,826.94,839.47,853.61,866.23,880.33,894.14,905.51,921.08,939.12,952.28,967.88,984.27,986.38,984.52,989.43,1000.46,1000.54,992.27,982.16,973.34,954.57,944.64,947.12,941.14,918.45,908.48,908.67,900.89,887.44,872.73,873.63,872.96,876.50,876.75,870.72,873.43,867.08,863.41,864.85,870.79,885.16,902.08,915.39,935.64,953.08,929.79,895.57,892.88,895.83,908.33,917.45,925.10,930.18,935.26,942.12,952.14,964.19,974.93,985.19,997.60,1012.47,1026.69,1061.52,1145.23,1168.78,1198.85,1232.50,1268.47,1302.60,1333.96,1355.71,1385.32,1415.44
71.94,75.23,78.03,79.90,82.26,84.86,87.05,87.99,89.20,91.18,93.75,96.46,97.53,97.96,99.34,101.56,103.63,105.12,106.19,107.90,110.04,112.02,114.12,116.32,118.45,122.04,128.73,136.84,140.88,142.29,143.74,145.17,146.54,147.85,149.14,151.00,153.18,155.46,157.69,159.95,162.40,164.98,167.48,169.95,172.55,175.00,177.44,179.90,182.23,184.55,187.00,189.53,192.55,195.71,198.97,203.05,207.41,211.20,214.95,218.86,221.72,224.86,227.78,230.69,234.32,238.05,240.94,243.72,245.73,246.80,248.74,250.71,252.44,254.72,257.34,260.44,263.72,266.97,269.97,272.50,275.08,277.81,280.63,283.43,286.16,289.07,292.69,296.29,299.43,302.15,306.29,310.63,314.17,317.40,320.28,322.67,325.08,327.38,329.53,333.02,337.50,342.09,348.18,352.63,356.24,359.92,363.82,367.72,373.89,383.55,394.50,401.46,402.57,401.22,400.86,403.31,404.50,402.41,400.94,404.54,409.24,415.88,422.87,429.66,439.96,450.50,454.02,455.45,455.96,456.59,458.62,461.80,465.50,468.85,473.47,477.95,480.90,483.04,484.10,483.45,484.56,487.94,492.01,496.78,501.21,505.71,510.13,513.99,515.76,515.96,518.59,525.98,533.97,541.37,550.15,562.45,572.24,581.04,590.85,600.71,609.46,619.97,632.12,648.10,664.28,676.53,687.74,699.05,705.04,709.00,712.38,711.26,709.41,711.09,715.78,722.90,729.17,740.69,753.34,765.11,779.77,794.90,809.98,821.62,834.03,847.11,859.58,873.58,886.57,897.35,912.00,928.59,943.06,958.80,971.14,964.70,958.99,966.10,973.69,970.94,965.04,959.66,954.73,943.13,926.18,924.70,921.86,903.97,887.00,885.58,879.96,866.75,854.19,855.28,857.68,861.23,860.98,857.58,862.10,849.01,846.83,854.21,863.19,870.39,881.61,887.66,886.20,888.66,887.05,882.02,884.29,896.78,906.57,914.19,921.03,928.08,936.44,944.78,956.38,969.99,979.99,991.79,1008.35,1023.70,1036.21,1093.53,1146.60,1173.42,1202.39,1233.19,1271.34,1309.83,1344.43,1371.30,1395.00,1434.34
70.98,73.53,76.09,77.59,79.33,81.58,83.81,85.56,87.37,89.45,91.40,93.73,95.23,96.84,98.81,100.71,102.53,104.45,106.37,108.19,110.16,112.35,114.55,116.80,119.11,123.58,130.03,137.71,141.25,142.61,143.84,144.94,146.08,147.25,148.54,150.65,152.90,155.31,157.82,160.28,162.59,164.92,167.28,169.72,172.71,175.61,178.15,180.50,182.62,184.78,186.97,189.31,192.51,196.02,199.38,202.38,205.69,208.56,211.93,215.67,218.13,220.82,224.06,227.14,230.43,234.19,236.70,238.83,241.38,243.63,246.30,248.84,251.04,253.72,257.07,260.45,263.44,266.45,269.48,272.09,274.68,277.29,279.78,282.22,284.85,287.69,291.09,296.25,300.69,303.18,306.89,309.92,312.86,315.91,319.19,321.92,324.31,326.65,329.01,333.20,338.63,343.41,348.53,352.58,356.12,359.71,363.68,367.77,373.44,381.34,390.20,395.43,395.78,395.43,396.66,400.34,400.56,396.67,401.39,405.15,409.13,415.23,422.57,430.93,439.19,442.91,442.87,443.75,444.80,446.08,448.04,451.05,454.46,458.66,464.25,470.66,474.41,475.78,476.42,477.44,482.25,487.46,491.50,495.57,500.18,504.62,508.58,511.42,510.69,513.99,522.08,532.73,542.88,553.07,562.08,571.47,579.62,589.60,600.69,609.47,617.44,626.60,636.38,650.18,662.75,672.84,683.98,694.12,698.07,698.86,700.07,699.40,698.03,699.51,705.02,711.34,721.20,737.01,749.25,762.46,776.80,791.75,805.88,818.01,830.16,842.51,855.79,868.56,880.49,891.85,908.19,925.60,937.93,947.00,947.93,941.07,932.39,941.06,948.98,943.84,943.25,936.16,932.36,921.95,904.74,896.43,897.49,888.45,870.68,864.01,863.94,852.44,840.65,834.97,839.96,847.96,849.78,847.00,852.84,844.70,838.97,844.62,849.90,853.69,864.06,869.43,869.67,872.64,873.11,876.26,883.24,895.51,905.41,913.69,923.01,930.47,941.12,953.89,968.20,979.27,988.89,1001.06,1021.18,1039.47,1072.99,1127.67,1151.94,1182.37,1213.99,1247.65,1282.70,1326.06,1352.99,1374.00,1406.24,1454.87
70.67,72.73,74.78,76.76,78.78,80.78,82.70,84.69,86.91,89.11,90.93,92.60,94.74,97.05,99.34,101.63,103.55,105.42,107.29,109.07,111.02,113.15,115.39,117.62,119.91,124.53,130.04,136.71,140.76,141.83,142.75,143.62,144.79,146.00,147.92,150.40,152.78,155.25,157.69,160.23,162.70,165.17,167.63,170.10,172.94,175.76,178.54,180.81,182.80,184.86,186.95,189.04,192.10,195.90,199.61,202.48,205.31,208.29,211.22,213.99,216.64,219.33,222.37,225.51,228.55,231.35,234.04,236.52,238.99,241.63,244.41,247.07,249.74,252.95,256.45,259.84,262.78,265.79,268.77,271.46,273.92,276.41,278.71,281.12,284.07,287.35,291.25,297.02,301.38,303.69,305.93,308.38,311.44,314.76,318.32,321.23,323.68,326.27,329.00,333.69,339.68,343.88,348.35,352.04,355.38,358.90,362.91,367.05,372.08,378.49,384.67,388.06,389.16,390.11,393.24,397.42,395.70,394.39,400.11,403.53,407.90,413.40,419.54,426.01,428.83,430.38,432.78,433.74,435.57,438.15,441.15,445.31,449.36,454.30,459.31,465.35,469.19,468.97,471.30,476.39,481.25,485.17,488.78,493.06,497.93,501.82,504.27,505.99,507.31,517.11,527.33,537.22,546.54,558.11,568.50,579.67,589.93,599.29,608.96,616.30,624.20,633.00,641.01,651.72,662.47,672.64,680.72,685.36,685.45,685.22,687.61,687.95,684.87,686.67,695.53,706.45,717.12,733.09,749.41,766.88,780.21,791.69,803.84,815.64,827.10,839.27,852.15,863.85,876.64,888.52,905.02,918.48,917.94,915.76,916.97,916.98,911.52,918.77,924.47,915.76,920.33,911.84,910.27,903.57,886.70,871.65,872.25,862.70,847.76,844.60,848.65,836.92,823.12,817.74,822.01,832.16,835.58,834.32,839.77,838.61,833.94,835.83,839.22,843.18,850.01,856.34,861.62,867.27,874.18,881.10,887.02,899.69,909.38,916.38,925.94,937.15,950.15,963.81,975.62,986.35,998.55,1012.47,1033.30,1065.25,1109.96,1136.47,1165.53,1196.98,1229.45,1262.91,1302.82,1353.62,1374.28,1388.84,1414.58,1444.60
70.32,72.34,74.36,76.38,78.39,80.39,82.10,84.12,86.29,88.38,90.33,92.24,94.31,96.67,99.05,101.20,103.27,105.44,107.58,109.67,111.80,114.00,116.28,118.61,121.52,125.37,128.88,133.68,138.55,140.54,141.41,142.27,143.31,144.88,147.47,150.08,152.53,154.94,157.34,159.94,162.49,165.00,167.54,170.18,173.08,175.99,178.87,181.17,183.21,185.31,187.40,189.51,192.55,196.08,199.56,202.49,205.34,208.16,210.97,213.52,216.19,218.88,221.56,224.47,227.26,229.77,232.50,235.31,237.89,240.31,243.01,245.75,248.58,251.99,255.77,258.99,261.88,264.79,267.79,270.68,273.09,275.39,277.69,280.26,283.44,286.70,290.53,295.41,298.96,301.13,304.18,307.70,311.25,314.86,318.74,321.62,324.42,327.30,330.34,334.76,339.26,343.09,346.84,350.25,353.59,357.43,361.50,365.72,370.26,375.49,379.14,381.81,384.24,386.71,390.91,393.44,389.93,392.77,397.67,401.16,405.87,410.42,414.78,418.00,419.94,422.98,426.25,427.80,430.78,434.92,439.16,443.75,448.75,453.41,457.81,462.17,463.55,465.46,470.16,474.34,478.69,482.47,485.63,489.29,493.34,496.37,497.95,499.94,509.14,525.04,535.84,546.31,555.04,563.37,574.68,586.38,595.44,604.36,613.37,620.98,629.27,638.78,647.38,656.73,665.63,671.31,671.50,672.06,673.69,675.26,678.36,676.50,676.56,689.84,702.89,715.00,727.72,737.93,750.89,765.88,779.72,790.51,801.73,813.89,824.58,836.21,848.68,860.48,873.70,887.95,900.25,900.30,894.46,890.58,892.12,893.17,893.05,900.47,905.30,892.25,893.44,887.83,885.18,886.61,868.13,849.88,848.04,840.91,830.85,827.81,831.13,822.10,808.75,805.87,811.38,818.09,821.06,824.25,828.53,829.45,828.20,830.17,835.19,840.13,849.13,861.35,869.36,876.80,883.44,890.35,901.30,914.89,925.00,930.20,933.61,941.81,955.09,967.57,978.32,989.32,1005.14,1021.81,1040.92,1076.44,1115.91,1144.05,1175.83,1209.99,1241.14,1272.82,1330.04,1372.52,1393.45,1408.15,1407.24,1416.24
69.94,71.97,73.98,75.96,77.92,79.82,81.40,83.47,85.58,87.71,89.90,91.93,93.94,96.18,98.39,100.66,103.05,105.44,107.67,109.81,112.15,114.78,117.29,119.35,122.04,125.23,128.05,130.84,135.05,138.44,139.81,140.62,141.73,144.15,146.71,149.38,151.81,154.13,156.54,159.33,161.86,164.47,167.23,170.00,173.00,176.04,179.12,181.55,183.67,185.81,187.96,190.16,193.20,196.37,199.47,202.30,205.07,207.85,210.46,213.03,215.65,218.33,221.00,223.57,226.12,228.80,231.68,234.40,236.87,239.21,241.83,244.67,247.83,251.39,254.88,257.75,260.53,263.55,266.65,269.62,271.86,273.71,276.43,279.50,282.59,285.77,289.06,292.64,296.72,301.05,304.88,308.79,312.27,315.82,319.52,322.37,324.82,327.27,329.87,333.55,337.44,341.24,344.81,348.16,351.78,355.75,359.79,364.12,368.56,372.65,375.29,378.04,381.17,384.90,388.76,389.68,387.61,392.03,395.69,399.53,403.82,407.27,409.80,412.72,415.88,419.40,422.52,425.83,429.78,433.81,438.11,442.67,447.51,451.87,455.64,457.80,460.30,464.62,468.28,471.35,475.50,478.98,481.79,485.13,488.50,491.99,498.95,508.23,520.30,533.88,544.73,555.39,564.83,572.90,581.12,590.03,597.95,606.23,615.53,624.64,634.70,644.58,654.09,661.74,662.63,660.45,658.65,659.53,662.77,666.36,668.72,667.13,677.13,693.74,708.90,723.53,736.62,745.80,754.78,764.73,776.60,786.53,798.39,810.55,822.28,833.77,845.74,858.55,871.55,881.75,884.28,882.89,875.70,871.60,874.35,874.40,872.05,877.93,881.65,869.46,865.96,861.72,857.43,861.53,853.04,836.72,828.68,821.43,810.98,806.72,810.78,804.52,793.35,797.93,804.03,804.10,810.61,816.65,820.48,821.71,824.94,831.63,837.87,844.97,855.83,869.75,880.88,889.06,896.08,906.48,917.04,928.08,940.09,949.25,954.71,956.41,962.37,971.81,979.92,991.62,1007.50,1024.86,1043.69,1077.64,1113.15,1149.44,1186.98,1224.56,1257.21,1293.68,1353.17,1390.85,1416.62,1418.15,1395.20,1392.90
69.46,71.41,73.31,75.20,77.10,78.94,80.63,82.69,84.83,87.06,89.31,91.46,93.62,96.02,98.35,100.75,103.12,105.47,107.80,110.07,112.80,115.57,118.33,120.69,122.69,125.07,127.42,129.71,133.05,135.95,137.30,138.57,140.64,143.33,145.94,148.59,151.03,153.32,155.82,158.20,160.94,163.63,166.41,169.25,172.38,175.74,179.19,181.73,183.95,186.18,188.39,190.74,193.52,196.35,199.16,201.80,204.46,207.14,209.59,212.15,214.84,217.45,219.95,222.48,225.31,228.38,231.23,233.72,236.17,238.53,241.04,244.00,247.25,250.43,253.69,256.70,259.36,262.13,265.01,267.68,270.02,272.93,276.64,280.50,283.36,286.23,289.09,293.01,297.42,301.67,305.16,308.56,312.09,315.67,319.10,321.80,324.13,326.74,329.36,332.77,336.59,340.34,343.77,347.10,350.53,354.42,358.33,362.20,366.27,369.49,372.50,375.84,379.24,382.78,385.65,384.29,385.70,389.54,393.62,398.31,401.95,404.50,407.04,410.06,413.47,417.05,420.63,424.16,427.99,432.15,436.79,441.50,445.85,449.63,452.09,454.00,459.96,463.67,465.81,468.43,472.27,477.48,483.35,488.50,496.22,505.61,516.22,524.93,532.61,541.13,552.26,561.47,570.50,578.26,586.13,593.70,601.51,608.76,617.45,627.41,638.92,648.77,654.90,653.89,650.53,648.33,647.78,648.44,650.43,654.05,654.79,665.72,683.08,697.01,710.60,723.66,736.73,746.24,755.39,765.54,778.29,788.84,799.45,810.48,821.07,831.75,842.42,856.30,866.34,864.07,861.89,863.73,854.45,850.76,855.47,856.70,851.92,854.51,856.62,846.23,842.53,838.46,837.10,838.97,834.72,820.11,808.66,808.33,796.37,789.69,794.52,792.98,786.28,790.39,791.45,796.48,803.88,809.25,814.99,820.03,826.51,833.85,842.78,856.21,869.63,880.91,894.96,907.45,918.82,926.37,932.88,943.63,957.99,966.93,973.64,977.06,979.89,983.74,987.10,995.15,1008.44,1025.41,1044.78,1080.88,1118.04,1160.65,1200.17,1244.74,1274.89,1320.26,1361.72,1395.44,1419.94,1406.89,1381.94,1363.73
68.65,70.48,72.38,74.30,76.16,77.91,79.67,81.81,84.17,86.51,88.88,91.29,93.85,96.43,98.69,100.99,103.34,105.67,108.00,110.42,113.28,116.17,119.00,121.23,123.13,125.19,127.26,129.44,132.06,133.92,135.84,138.20,140.72,143.18,145.77,148.53,151.01,153.42,156.24,159.03,161.34,163.72,166.19,168.70,171.90,175.61,179.24,181.87,184.14,186.38,188.72,191.00,193.49,196.24,198.94,201.50,203.91,206.46,208.95,211.49,214.05,216.57,219.03,221.51,224.51,227.61,230.57,233.11,235.54,238.01,240.55,243.41,246.41,249.39,252.56,255.68,258.42,260.98,263.61,267.18,270.81,273.88,277.03,280.56,283.75,286.88,289.67,293.62,297.92,301.68,304.88,308.03,311.39,315.01,318.58,321.25,323.60,326.35,329.11,332.50,336.29,340.01,343.39,346.72,349.96,353.49,356.86,360.23,363.78,367.11,370.50,373.83,377.21,380.29,381.51,380.93,384.58,388.92,393.15,396.75,399.27,401.91,404.91,407.88,410.99,414.81,418.76,422.60,426.51,430.62,435.42,440.00,443.52,446.31,448.66,452.96,457.73,460.71,463.52,467.32,471.31,477.85,486.04,497.16,508.38,517.10,525.66,533.08,539.99,547.78,556.48,565.82,574.23,582.93,591.83,598.42,605.70,614.24,622.11,630.39,640.22,645.91,643.45,640.65,638.81,636.99,636.34,635.95,634.96,638.50,650.07,666.56,680.21,692.74,705.70,718.41,731.06,740.86,750.34,761.62,774.98,787.35,799.14,810.59,820.43,831.29,841.29,852.53,852.58,844.08,842.63,846.73,832.94,827.10,835.99,840.63,831.93,832.70,837.16,828.25,821.83,817.48,816.37,819.32,816.05,805.54,793.08,794.36,787.47,781.46,784.12,781.92,780.01,783.83,789.24,794.45,801.24,810.16,818.91,827.81,833.82,839.42,851.22,872.03,883.22,893.31,912.58,929.15,940.06,948.04,955.47,969.02,982.92,989.27,991.57,995.14,1000.83,1003.27,1003.48,1006.87,1015.74,1030.45,1056.75,1096.69,1132.61,1173.31,1224.14,1276.91,1307.77,1333.43,1364.02,1390.47,1405.13,1388.09,1367.56,1341.85
67.89,69.70,71.73,73.67,75.59,77.48,79.42,81.69,84.16,86.60,89.04,91.60,94.22,96.85,99.36,101.56,103.81,106.12,108.32,110.63,113.60,116.60,119.48,121.57,123.33,125.28,127.37,129.34,131.41,133.60,135.87,138.27,140.75,143.24,145.81,148.56,151.10,153.89,156.71,159.52,162.03,164.40,166.80,169.19,172.08,175.56,178.97,181.63,183.87,186.41,188.87,191.19,193.46,196.05,198.58,200.85,203.21,205.83,208.44,210.96,213.38,215.77,218.05,220.51,223.56,226.74,229.85,232.42,234.85,237.35,239.96,242.69,245.48,248.75,251.65,254.24,256.85,259.45,262.10,267.31,271.63,274.85,277.98,281.16,284.25,287.35,290.38,294.09,298.02,301.54,304.56,307.55,310.75,314.11,317.38,320.32,322.94,325.66,328.52,332.06,336.16,340.06,343.35,346.49,349.08,351.84,355.11,358.51,361.81,365.20,368.46,371.53,374.84,376.91,376.78,380.14,384.34,388.15,391.26,393.84,396.65,399.98,403.06,406.14,409.66,413.50,417.34,421.07,425.02,429.04,433.37,437.31,440.70,443.64,447.56,451.26,454.94,458.60,462.07,465.67,470.55,479.69,489.33,501.31,511.17,521.84,531.44,539.03,547.02,554.38,561.32,569.72,577.60,586.35,595.04,603.14,611.20,619.34,625.12,631.15,635.32,634.53,632.06,630.60,628.38,624.73,622.32,620.31,626.90,645.49,661.02,671.23,678.99,688.30,699.02,710.05,723.68,736.19,746.61,760.88,775.27,788.45,799.76,811.25,822.19,832.37,839.86,841.18,835.97,824.79,818.52,822.92,811.33,804.90,814.90,819.52,806.97,812.98,815.50,807.14,804.48,799.26,793.65,798.56,794.65,787.05,778.50,774.84,773.26,773.85,774.76,774.39,777.05,784.82,794.60,801.86,808.52,816.67,825.16,836.03,843.81,848.29,866.72,884.96,899.17,914.03,939.96,963.88,971.19,980.01,990.15,1000.05,1011.78,1017.88,1017.20,1022.99,1027.41,1024.73,1021.50,1020.81,1025.11,1037.82,1073.55,1109.87,1150.27,1187.97,1259.93,1306.51,1325.62,1344.46,1368.88,1387.99,1387.00,1380.33,1364.85,1337.23
68.16,69.87,71.77,73.66,75.58,77.48,79.44,81.85,84.46,87.00,89.53,91.98,94.54,97.15,99.71,102.00,104.16,106.36,108.45,110.81,113.73,116.70,119.50,121.40,122.99,125.17,127.54,129.74,131.77,133.83,135.98,138.16,140.56,143.17,145.75,148.25,150.87,153.76,156.62,159.44,161.93,164.31,166.80,169.28,171.86,174.86,177.90,180.33,183.01,185.80,188.53,190.98,193.29,195.56,197.83,200.02,202.52,205.16,207.78,210.30,212.56,214.86,217.22,219.63,222.63,225.83,228.88,231.44,233.88,236.43,239.11,241.77,244.32,247.40,250.33,252.68,255.13,257.49,260.62,266.88,271.88,275.20,278.49,281.67,284.79,287.93,291.10,294.46,297.69,300.76,303.66,306.63,309.65,312.85,316.03,319.07,321.94,324.79,327.74,331.17,335.65,340.15,343.00,345.25,347.43,350.23,353.66,356.98,360.25,363.41,366.25,369.12,372.28,372.69,373.78,377.49,381.23,385.07,388.12,391.23,394.54,397.91,401.29,404.97,408.99,412.77,416.23,419.68,423.36,427.13,430.60,434.77,439.50,443.25,446.74,449.89,453.17,456.79,461.29,467.39,474.64,483.39,492.50,503.13,512.80,524.72,534.62,542.53,549.91,557.56,564.16,570.92,577.86,585.24,592.97,601.98,610.93,617.19,620.52,620.42,619.89,620.59,619.86,619.08,618.25,612.56,606.53,616.84,634.74,652.92,666.09,676.92,685.48,693.71,703.83,714.60,727.39,738.36,749.61,763.03,777.56,789.31,800.75,811.53,821.85,830.14,827.91,819.88,817.21,804.70,795.26,798.39,790.06,787.71,798.05,797.18,789.68,798.13,795.62,787.39,786.32,783.79,775.02,774.10,771.63,765.55,759.80,757.88,761.43,765.22,767.11,770.03,776.12,784.56,795.59,805.78,814.59,823.26,831.34,841.40,852.40,861.68,873.30,884.98,901.41,921.63,943.37,974.23,998.60,1013.67,1025.84,1039.13,1053.90,1058.90,1057.25,1061.64,1063.07,1049.28,1040.78,1037.34,1039.79,1045.42,1085.28,1122.39,1170.72,1218.17,1296.60,1320.41,1340.64,1351.44,1368.13,1370.67,1366.31,1365.59,1364.59,1344.07
68.18,69.87,71.62,73.44,75.31,77.23,79.11,81.53,84.32,87.09,89.82,92.29,94.67,97.11,99.53,101.72,103.82,106.00,108.23,110.67,113.45,116.19,118.92,120.85,122.68,125.06,127.43,129.76,131.84,133.96,136.08,138.14,140.39,142.85,145.18,147.84,150.52,153.43,156.23,158.97,161.53,163.94,166.41,168.91,171.53,174.19,176.86,179.53,182.28,185.04,187.72,190.13,192.20,194.49,196.89,199.20,201.69,204.31,206.93,209.45,211.82,214.03,216.55,219.16,221.94,224.94,227.65,230.05,232.51,235.07,237.76,240.47,243.31,247.00,250.34,252.66,255.51,258.33,262.12,267.40,271.71,275.06,278.39,281.63,284.72,287.84,290.92,293.97,296.92,299.90,302.74,305.79,308.96,312.02,314.99,317.91,320.81,323.67,326.54,329.40,333.23,337.83,341.05,343.23,345.84,349.00,352.07,355.09,358.24,361.12,362.45,365.06,368.07,369.28,372.19,376.43,380.41,383.28,386.09,389.07,392.37,396.08,399.93,404.02,408.06,411.86,415.44,418.95,422.46,426.46,430.35,435.19,439.86,443.15,445.34,447.77,451.90,458.11,465.00,472.19,480.04,487.13,496.53,505.62,515.13,526.45,534.98,542.13,548.24,554.56,561.23,567.97,575.40,582.67,589.98,598.49,606.53,610.04,609.34,607.70,607.43,608.89,608.19,605.70,603.98,599.22,603.19,621.25,638.58,651.27,664.67,676.02,685.95,696.13,707.48,718.67,730.12,741.21,753.64,766.70,779.09,790.07,801.36,808.75,814.92,817.45,807.79,799.19,796.40,788.86,775.75,772.69,765.54,768.89,777.30,771.67,768.93,779.28,777.49,770.61,767.26,762.21,755.78,755.74,752.26,747.56,745.64,748.06,754.17,759.13,763.62,769.25,775.08,782.63,795.91,808.23,817.55,828.39,840.23,848.33,859.24,873.55,878.84,884.64,900.55,924.11,948.01,970.25,996.60,1023.45,1044.91,1070.58,1097.56,1117.69,1121.52,1118.75,1119.07,1074.73,1060.72,1058.84,1057.28,1059.39,1094.52,1131.87,1187.93,1222.03,1260.99,1309.07,1328.83,1344.08,1348.40,1346.59,1345.47,1344.18,1349.53,1342.93
68.03,69.85,71.72,73.53,75.44,77.25,78.99,81.34,83.95,86.74,89.50,91.89,94.16,96.55,98.81,100.99,103.19,105.45,107.72,110.06,112.65,115.31,117.95,120.26,122.52,124.91,127.33,129.71,131.80,133.85,135.91,137.95,140.04,142.24,144.33,147.03,149.69,152.00,154.66,157.59,160.64,162.93,165.43,168.06,170.75,173.29,175.95,178.79,181.53,184.07,186.58,188.84,190.96,193.36,195.75,198.21,200.89,203.47,206.05,208.71,211.10,213.09,215.54,218.44,221.24,223.40,225.86,228.29,230.96,233.65,236.48,239.36,242.85,246.68,250.11,252.97,255.94,258.92,262.73,266.98,270.86,274.27,277.68,280.86,283.83,286.86,289.99,293.00,295.96,298.94,301.76,304.86,307.88,310.86,313.73,316.59,319.37,322.16,324.81,327.21,329.85,333.97,338.21,341.16,344.08,347.07,349.56,352.31,355.10,357.50,359.79,362.83,366.10,369.66,373.10,376.24,378.95,381.55,384.52,387.99,391.77,395.61,399.34,403.28,407.33,411.21,414.91,418.83,423.12,427.58,431.81,435.01,437.62,440.28,442.60,447.11,454.57,463.25,470.80,478.82,486.47,495.02,502.60,509.33,516.77,524.77,532.09,539.66,544.80,549.91,556.61,564.20,571.97,579.79,587.03,594.57,599.24,598.44,597.12,596.68,597.11,597.99,597.17,593.58,588.52,591.92,606.57,620.66,635.80,648.25,663.13,674.04,684.80,696.94,707.68,718.92,730.64,743.41,755.99,769.20,780.15,789.11,796.93,801.33,803.50,799.85,785.77,775.64,770.78,765.24,752.36,747.29,742.79,748.11,759.16,750.08,750.96,760.79,756.04,753.67,748.25,740.57,739.51,743.08,741.35,737.69,739.09,744.90,751.43,756.65,763.02,770.63,778.56,788.07,801.77,818.88,828.07,835.95,848.93,863.20,877.71,885.09,892.97,903.45,921.15,943.84,969.19,986.60,1003.58,1036.32,1061.76,1080.27,1099.74,1121.45,1138.01,1145.37,1148.79,1113.54,1083.12,1078.79,1073.80,1075.47,1104.73,1135.17,1183.12,1206.01,1223.65,1290.78,1310.33,1326.07,1326.55,1324.67,1324.76,1322.90,1331.63,1333.94
68.72,70.37,72.43,74.41,76.58,78.79,80.66,82.38,84.60,86.78,89.25,91.72,94.09,96.44,98.76,101.09,103.30,105.59,107.73,109.88,112.21,114.71,117.29,119.80,122.17,124.69,127.17,129.59,131.42,133.35,135.39,137.44,139.49,141.52,143.57,145.89,148.04,150.21,152.85,155.79,158.85,161.39,164.03,166.77,169.65,172.37,174.97,177.81,180.60,182.96,185.35,187.62,189.94,192.18,194.52,197.16,199.84,202.28,204.59,207.71,210.45,212.26,214.53,216.97,218.95,220.91,223.58,226.69,230.37,233.68,236.97,240.09,243.03,246.44,249.55,252.64,255.81,259.01,262.68,266.43,270.05,273.44,276.55,279.43,282.39,285.57,288.87,291.82,294.59,297.56,300.49,303.43,306.39,309.37,312.19,314.90,317.62,320.32,322.73,325.27,328.08,331.33,335.79,340.10,342.86,345.66,348.88,351.92,354.74,357.61,360.73,363.76,366.66,369.44,372.21,374.57,377.15,380.33,383.99,387.64,391.27,394.85,398.33,402.00,405.81,409.29,413.55,418.41,422.74,426.46,429.98,431.43,433.59,438.57,445.61,453.59,462.10,469.82,476.36,483.08,489.97,497.31,503.63,509.24,515.07,520.91,527.57,535.00,541.27,546.91,554.01,562.13,569.19,576.53,583.62,588.93,589.45,587.24,586.05,585.96,586.58,587.55,586.14,578.29,578.77,598.05,614.14,625.36,636.06,646.84,660.66,670.85,681.93,693.38,704.79,714.89,727.74,740.22,753.91,766.54,776.61,780.75,784.27,782.46,778.86,776.89,763.25,752.34,746.25,741.15,732.04,727.21,725.58,729.29,738.60,734.01,736.01,743.90,736.93,733.36,728.37,726.27,729.04,730.87,730.22,731.51,735.63,740.46,747.12,754.48,765.09,773.12,784.00,798.16,818.88,836.24,842.00,847.74,858.62,878.40,888.48,897.69,910.52,934.40,953.67,972.11,994.41,1015.33,1026.00,1048.10,1070.37,1089.18,1105.12,1122.88,1144.34,1159.71,1159.05,1130.54,1105.71,1100.37,1094.73,1091.72,1112.90,1139.22,1170.39,1187.18,1205.36,1269.66,1301.44,1321.50,1310.49,1304.36,1306.70,1303.41,1310.79,1313.85
69.75,71.55,73.39,75.38,77.43,79.60,81.92,84.11,86.18,88.21,90.31,92.50,94.89,97.28,99.65,102.10,104.45,106.89,109.26,111.36,113.09,114.96,117.20,119.69,121.67,124.00,126.55,129.09,131.10,132.79,134.72,136.78,138.90,141.29,143.67,146.17,148.69,151.16,153.37,155.62,158.27,161.12,163.75,166.43,169.18,171.93,174.60,177.54,180.44,182.66,184.86,187.22,189.71,191.78,193.97,196.29,198.30,200.04,202.34,205.94,209.81,211.71,214.07,216.81,218.83,219.58,221.99,226.30,230.53,233.87,237.08,240.21,243.09,245.88,248.69,251.79,255.13,258.56,262.09,265.67,269.19,272.31,275.17,277.97,280.93,284.23,287.25,289.92,292.88,295.92,298.82,301.73,304.71,307.62,310.29,312.87,315.85,318.59,321.11,324.00,326.89,329.82,334.54,339.47,342.16,344.57,347.93,350.83,354.30,357.56,360.55,363.13,365.22,367.62,370.40,372.96,376.42,380.12,383.62,386.98,390.26,393.61,396.93,400.35,403.98,407.85,412.21,416.88,420.65,423.19,423.91,426.68,434.88,445.11,454.38,461.39,468.15,473.92,479.58,484.16,488.72,494.78,501.25,506.83,512.66,518.06,524.53,532.00,538.46,544.93,552.58,560.90,567.06,572.99,577.44,579.42,578.75,576.77,575.24,574.54,574.18,573.92,570.12,566.70,580.83,600.84,616.38,627.11,636.55,645.69,656.12,665.58,676.75,687.38,699.41,710.00,723.69,735.76,750.35,761.02,764.91,762.65,763.89,760.10,754.86,755.33,744.10,732.41,726.19,720.53,714.73,711.62,713.10,714.47,718.25,715.20,720.89,728.12,722.97,716.76,714.17,717.04,720.08,721.21,723.38,727.94,732.42,737.42,743.75,752.34,765.74,779.73,794.03,812.86,836.51,856.14,865.67,872.59,876.83,892.99,905.67,915.09,920.88,939.87,969.41,991.00,1012.51,1034.40,1044.81,1055.93,1076.09,1098.56,1114.26,1127.79,1140.13,1150.50,1148.18,1141.25,1139.57,1127.95,1118.26,1115.10,1121.14,1139.61,1156.31,1184.95,1225.22,1278.32,1307.37,1316.80,1295.85,1285.47,1286.51,1285.60,1287.40,1287.15
70.28,72.27,74.24,76.25,78.27,80.42,82.72,84.99,87.17,89.22,91.45,93.58,95.61,97.71,99.72,102.16,104.68,107.30,109.96,112.26,114.47,116.52,118.28,120.03,121.77,123.56,125.61,127.58,130.07,132.02,134.54,137.53,140.12,142.34,144.63,147.12,149.69,152.17,154.66,157.04,159.22,161.92,164.64,167.31,170.04,172.80,175.55,178.42,181.31,183.65,185.92,188.09,190.31,192.73,195.18,197.98,200.59,201.89,203.05,205.38,208.63,211.44,214.75,218.28,221.27,222.45,224.19,227.42,230.77,233.38,236.49,239.62,242.39,245.08,247.92,251.03,254.39,257.76,261.15,264.57,267.90,271.00,273.87,276.78,279.79,282.83,285.73,288.58,291.48,294.36,297.22,300.09,302.90,305.57,308.17,311.30,314.48,317.28,319.97,322.86,325.64,328.45,332.42,337.29,340.92,343.52,346.71,350.16,353.36,356.29,358.84,361.04,362.31,364.27,368.08,371.81,375.66,379.43,382.72,385.84,389.01,392.34,395.70,399.10,402.85,406.67,410.68,414.60,417.14,418.50,423.20,432.05,441.91,450.16,457.80,463.41,468.11,472.52,476.67,480.36,485.36,491.11,497.56,503.56,509.83,515.15,521.29,529.46,536.38,543.25,550.66,558.20,563.84,566.01,566.03,566.64,566.25,564.37,562.06,560.20,559.31,558.52,555.89,564.08,583.12,598.87,612.62,620.36,628.56,638.37,647.39,656.53,667.72,678.89,691.50,704.99,721.72,733.46,747.18,753.65,747.60,742.86,745.07,740.80,733.60,731.08,717.36,707.94,703.18,698.75,694.23,694.30,699.41,699.48,700.85,703.49,711.92,711.98,706.70,703.71,705.80,710.44,714.13,716.93,720.71,725.56,730.25,735.62,741.49,748.87,763.62,781.83,799.59,820.66,847.89,870.93,890.33,898.36,895.85,902.68,922.28,934.90,944.19,949.67,965.56,987.32,1010.60,1034.21,1056.35,1078.20,1091.18,1102.12,1108.49,1113.48,1123.51,1132.10,1126.99,1126.34,1130.44,1130.92,1127.62,1129.07,1132.41,1142.81,1164.68,1216.93,1257.57,1280.41,1298.93,1307.83,1286.35,1268.62,1264.43,1266.66,1261.62,1260.77
70.63,72.59,74.53,76.60,78.79,81.22,83.66,85.61,87.37,89.00,91.32,92.71,94.19,96.12,98.25,100.87,103.32,106.03,108.72,111.32,114.24,116.93,119.24,121.65,123.48,125.28,127.36,129.17,129.80,131.56,135.07,138.65,141.38,143.61,145.83,148.10,150.73,153.09,155.49,157.95,160.49,162.89,165.37,167.75,170.07,172.77,175.49,178.22,180.89,183.37,185.92,188.48,191.12,193.51,195.84,198.24,200.56,202.87,205.20,207.48,209.59,212.17,215.47,218.70,221.70,224.45,226.95,229.51,232.11,234.02,236.08,238.72,241.51,244.35,247.34,250.40,253.63,256.92,259.97,263.22,266.54,269.82,272.82,275.86,278.94,281.96,284.77,287.45,290.01,292.88,295.75,298.61,301.26,304.11,307.41,310.56,313.29,316.02,318.72,321.41,324.47,328.06,331.95,336.02,340.00,343.28,346.35,349.03,351.52,353.68,355.64,357.59,358.74,361.96,366.61,370.67,374.49,378.03,381.26,384.50,387.80,391.13,394.52,397.84,401.18,404.81,408.48,411.32,414.16,420.15,430.46,438.47,444.42,449.76,455.63,460.48,464.09,467.14,470.11,476.29,482.76,488.53,494.13,500.13,506.66,512.80,519.13,527.71,534.95,541.29,547.83,553.78,556.60,554.98,554.49,555.97,556.42,553.65,549.61,546.58,542.87,543.25,551.42,568.32,584.15,594.77,603.29,610.06,616.17,625.77,636.98,650.26,662.83,674.37,687.23,701.90,719.26,730.34,739.60,740.96,730.53,724.48,727.11,723.14,712.14,707.80,697.16,687.76,684.01,682.27,681.35,684.47,687.78,689.20,692.44,697.61,703.90,699.53,694.93,696.28,700.79,707.21,712.09,715.61,719.32,724.33,729.89,736.31,743.76,755.43,771.14,789.28,808.29,831.58,856.46,883.20,905.72,919.03,926.05,927.75,941.25,957.26,967.76,975.60,980.02,990.72,1009.85,1031.65,1060.07,1094.62,1105.20,1094.54,1088.21,1092.56,1103.57,1108.10,1103.72,1103.28,1105.85,1105.52,1106.26,1113.91,1127.73,1149.44,1178.91,1211.90,1238.94,1265.43,1291.14,1298.55,1275.52,1253.18,1243.15,1242.01,1234.22,1234.58
70.77,72.81,74.80,76.88,79.04,81.45,83.25,83.83,85.25,87.01,89.45,90.45,92.47,95.20,98.22,100.51,103.21,106.16,108.90,111.63,114.20,116.68,119.13,121.63,124.05,126.48,128.86,131.06,131.89,133.13,136.08,139.16,141.63,143.92,146.22,148.52,150.84,153.16,155.47,157.78,160.12,162.52,165.16,167.55,169.91,172.53,175.21,177.83,180.34,182.78,185.31,187.75,190.07,192.28,194.48,196.70,198.85,201.83,204.76,207.59,210.21,213.09,216.04,218.90,221.69,224.48,227.30,229.90,232.40,234.88,237.20,239.13,241.39,244.29,247.30,250.09,252.95,256.04,258.89,262.07,265.40,268.71,271.79,274.80,277.98,281.00,283.60,286.25,288.93,291.60,294.50,297.38,300.11,303.12,306.26,309.28,311.97,314.69,317.38,320.12,323.35,326.73,330.66,335.51,339.84,342.53,344.42,346.67,348.58,350.15,351.90,354.00,358.02,362.35,365.83,369.52,373.09,376.48,379.87,383.25,386.64,390.00,393.21,396.38,399.11,401.73,404.24,409.72,417.90,425.13,431.99,437.81,442.67,447.09,451.65,455.75,457.59,461.95,468.43,474.62,480.81,486.00,491.19,497.39,503.89,510.16,516.96,525.30,532.72,538.77,543.64,544.65,543.28,541.71,541.29,543.33,546.28,543.73,537.31,531.10,532.77,544.20,554.52,565.70,576.00,585.35,592.86,602.24,613.00,624.25,638.10,655.00,665.24,675.06,685.90,700.19,714.83,724.64,728.92,724.57,714.64,703.76,707.38,704.85,693.23,685.69,677.97,669.99,668.48,669.77,671.45,678.19,681.68,685.34,690.74,692.11,690.18,689.92,689.68,692.67,697.86,704.47,710.83,716.19,720.78,726.39,733.84,744.75,754.99,766.09,779.66,794.55,810.72,831.87,859.56,886.76,905.38,924.03,942.53,953.34,960.14,977.13,989.78,993.32,1001.45,1007.82,1027.85,1047.11,1072.54,1098.54,1091.95,1079.84,1072.46,1075.67,1083.82,1083.76,1082.16,1083.62,1083.81,1082.28,1089.71,1102.45,1114.14,1136.76,1170.39,1195.05,1226.31,1255.61,1278.38,1281.44,1264.31,1243.57,1228.44,1227.33,1213.04,1210.25
70.50,72.77,74.42,76.25,78.40,80.69,81.24,81.06,82.84,85.13,87.85,91.23,93.72,96.57,99.53,102.16,104.30,106.72,108.87,111.06,113.53,116.10,118.66,121.05,123.19,125.83,128.63,131.26,133.51,135.12,137.27,139.25,141.31,143.55,145.72,147.87,150.07,152.30,154.59,157.07,159.55,162.19,164.86,167.27,169.58,172.09,174.62,177.13,179.54,181.95,184.31,186.61,188.86,191.10,193.35,196.01,198.79,201.63,204.38,207.13,209.85,212.76,215.87,218.92,221.76,224.53,227.31,230.02,232.53,235.15,237.79,240.22,242.45,244.72,247.29,250.03,252.84,256.11,258.95,261.60,264.69,267.74,270.85,273.82,276.84,279.87,282.79,285.65,288.20,290.63,293.45,296.31,299.03,302.19,305.57,308.52,311.05,313.52,316.13,318.60,321.84,326.00,330.16,334.27,337.91,340.37,341.91,343.76,345.27,346.95,349.55,353.38,358.40,362.10,365.37,368.64,371.83,375.31,378.74,382.15,385.48,388.75,391.82,393.96,396.23,399.59,405.70,412.88,419.77,424.67,429.88,435.18,439.93,443.82,446.70,449.17,453.26,460.19,466.13,472.31,478.81,483.79,488.89,495.12,501.74,508.25,515.16,522.30,529.23,534.29,535.65,533.63,531.58,529.77,528.83,529.75,532.94,530.34,522.16,520.51,534.02,546.49,559.09,568.24,575.71,584.15,594.10,606.00,616.71,626.67,638.37,652.61,665.91,677.36,688.37,700.98,712.50,717.51,715.41,709.44,702.42,686.96,685.36,683.25,674.23,665.13,659.06,657.46,660.13,664.53,669.03,673.78,678.05,682.77,683.99,680.55,681.86,685.88,688.69,691.77,697.02,702.98,710.35,718.36,724.46,730.18,740.35,762.39,779.49,781.84,792.80,800.96,814.63,830.45,850.92,872.26,892.33,912.41,934.68,956.05,977.01,991.20,1006.75,1016.98,1033.44,1031.35,1044.93,1073.11,1092.73,1096.17,1078.19,1062.73,1054.19,1055.89,1063.74,1063.70,1060.61,1063.98,1063.18,1060.18,1074.13,1090.49,1105.04,1132.87,1166.12,1188.43,1213.39,1240.28,1265.41,1264.32,1250.01,1231.26,1214.34,1209.22,1194.11,1189.10
69.13,70.94,71.56,73.23,75.52,77.66,78.94,80.64,82.86,85.74,88.68,91.47,93.97,96.36,98.87,101.22,103.38,105.73,107.88,110.16,112.73,115.34,117.84,120.01,122.24,124.99,127.66,130.24,132.42,134.34,136.45,138.50,140.56,142.67,144.84,147.03,149.29,151.44,153.94,156.90,159.78,162.24,164.57,166.83,169.06,171.43,173.81,176.20,178.61,181.01,183.34,185.64,187.96,190.31,192.82,195.53,198.44,201.20,203.88,206.59,209.34,212.35,215.44,218.50,221.42,224.22,227.05,229.90,232.59,235.24,237.90,240.41,242.58,244.85,247.36,249.97,253.23,256.74,260.05,262.71,265.42,268.18,271.05,273.97,277.02,280.04,282.61,285.14,287.59,290.00,292.75,295.75,298.89,302.06,304.98,307.68,310.36,313.02,315.99,319.07,322.55,325.95,328.86,331.98,335.08,337.47,339.23,340.67,342.78,346.82,350.94,354.43,358.42,361.65,364.68,367.70,370.73,374.00,377.41,380.75,383.66,386.71,389.49,392.55,397.05,403.12,409.56,413.66,417.51,422.02,427.52,432.65,436.28,438.01,438.34,443.13,451.06,457.05,462.74,469.36,475.62,481.12,486.80,492.99,499.77,506.42,512.83,518.80,524.15,525.74,523.28,520.78,518.85,518.35,517.85,517.72,516.89,513.43,511.49,523.02,536.70,548.70,561.22,571.08,580.00,589.97,600.51,607.81,618.53,629.57,641.63,652.61,667.64,679.42,691.11,702.80,709.55,708.92,700.57,689.63,678.56,665.49,658.06,655.58,652.62,649.62,649.57,654.14,660.72,664.77,668.13,671.28,672.07,672.35,671.66,674.12,679.59,683.79,687.82,692.41,698.18,705.44,713.44,721.31,728.50,738.81,751.88,777.86,799.54,800.60,810.11,828.24,837.17,840.48,858.16,876.49,895.03,917.84,942.06,958.24,975.77,995.34,1015.97,1042.38,1060.41,1054.99,1061.88,1087.07,1096.20,1084.61,1069.61,1049.97,1034.84,1038.16,1043.39,1043.29,1038.97,1043.70,1043.38,1043.35,1059.16,1087.95,1109.76,1131.43,1153.29,1178.19,1205.78,1240.55,1267.11,1253.71,1233.60,1217.45,1201.55,1184.77,1170.37,1169.75
66.34,68.19,70.06,71.97,74.09,76.63,80.03,82.50,84.39,86.65,88.75,90.86,93.09,95.35,97.59,99.82,102.21,104.58,106.92,109.28,111.90,114.44,116.66,118.77,121.11,123.69,126.28,128.80,130.92,133.00,135.17,137.33,139.56,141.79,143.99,146.21,148.37,150.50,153.26,156.18,159.19,161.69,163.89,165.97,168.06,170.37,172.84,175.36,177.80,180.17,182.52,184.88,187.25,189.65,192.28,195.00,197.82,200.60,203.31,206.05,208.76,211.64,214.65,217.65,220.53,223.40,226.33,229.32,232.09,234.71,237.41,240.16,242.63,244.97,247.52,250.19,253.32,256.71,259.85,262.50,265.08,267.72,270.42,273.35,276.46,279.48,281.91,284.46,287.13,289.69,292.52,295.47,298.43,301.06,303.70,306.84,310.22,313.35,316.19,318.94,321.74,324.56,327.19,329.53,332.13,334.36,336.37,338.60,341.89,346.17,350.11,353.57,357.03,360.29,363.47,366.52,369.19,372.24,375.76,379.39,382.71,387.08,390.88,394.28,397.83,401.74,406.18,410.43,414.61,419.12,424.45,429.13,430.66,429.88,435.56,442.64,448.86,454.47,460.01,466.44,472.58,478.59,484.14,490.06,496.68,503.54,509.19,513.07,514.55,513.21,511.81,509.73,506.86,505.40,505.32,505.06,502.57,502.61,511.23,521.54,533.64,545.11,557.38,569.07,579.06,589.66,600.55,611.93,620.84,632.39,645.04,657.41,670.37,681.36,692.10,698.86,699.48,697.12,686.86,667.88,652.82,645.62,643.62,643.72,643.75,643.27,644.46,650.09,660.22,661.25,661.74,661.84,661.39,663.44,668.12,673.78,678.85,682.45,687.91,693.88,700.70,709.40,718.19,727.64,736.70,749.84,766.75,789.70,812.11,824.83,832.08,851.83,862.86,864.55,873.99,893.12,910.23,935.32,961.11,982.52,996.62,1003.56,1025.17,1055.59,1078.01,1083.16,1085.92,1092.34,1085.65,1068.48,1056.94,1043.23,1016.69,1010.15,1025.44,1024.49,1019.73,1022.06,1024.04,1035.17,1051.93,1076.67,1097.78,1117.59,1139.70,1168.90,1203.01,1244.96,1268.99,1251.89,1223.00,1204.53,1184.88,1158.75,1143.26,1144.57
65.63,68.85,71.33,73.27,75.36,77.53,79.85,82.08,84.23,86.31,88.20,90.19,92.38,94.57,96.81,98.98,101.30,103.73,106.17,108.63,111.17,113.41,115.67,117.98,120.30,122.66,125.03,127.37,129.62,131.90,134.18,136.47,138.77,141.00,143.13,145.28,147.31,149.39,152.11,155.11,158.04,160.47,162.47,164.61,166.99,169.43,172.06,174.54,176.99,179.39,181.81,184.19,186.58,188.98,191.63,194.43,197.26,200.10,202.75,205.37,208.03,210.77,213.61,216.48,219.31,222.30,225.33,228.40,231.31,234.13,236.96,239.78,242.26,244.68,247.24,249.97,252.95,255.82,258.61,261.25,263.79,266.39,269.09,272.07,275.15,278.19,281.03,283.69,286.38,289.07,291.88,294.50,296.99,299.40,302.49,306.11,309.84,312.57,315.00,317.54,320.23,322.93,325.00,327.14,329.56,331.95,334.61,337.60,340.90,344.55,348.14,351.76,355.37,359.07,362.40,365.09,367.62,370.53,374.23,377.92,381.61,385.81,389.77,392.57,395.36,398.54,402.78,407.53,412.07,416.25,420.86,423.80,423.42,426.07,433.88,440.92,446.41,452.17,457.54,463.31,469.01,474.50,480.37,486.62,493.49,500.26,505.12,506.16,505.22,503.82,502.20,500.63,496.88,494.68,494.03,493.78,497.25,508.02,516.69,522.86,530.41,538.28,549.26,566.32,580.61,590.72,599.97,614.65,624.91,635.81,648.00,660.38,672.33,681.88,686.12,689.77,690.97,688.46,676.22,653.39,638.15,634.41,633.84,634.48,635.99,637.21,639.08,647.75,654.32,653.10,655.02,654.73,656.79,661.88,667.81,672.86,676.86,681.47,688.26,694.71,701.73,711.22,723.79,739.57,752.97,761.05,780.38,800.51,820.78,835.81,844.22,859.81,880.38,887.76,888.05,901.32,923.60,944.98,969.53,996.89,1017.44,1028.48,1041.86,1066.93,1092.66,1094.37,1091.53,1090.38,1072.17,1053.25,1044.42,1035.13,1013.18,988.13,1003.77,1012.61,1007.09,1003.90,1011.66,1029.84,1050.22,1071.65,1093.61,1114.83,1138.29,1173.42,1211.01,1245.06,1262.07,1247.13,1217.43,1191.67,1168.96,1145.48,1127.83,1121.74
66.65,69.28,71.52,73.55,75.61,77.61,79.56,81.61,83.72,85.82,87.76,89.81,91.94,94.11,96.34,98.63,101.05,103.62,106.25,108.84,111.18,113.34,115.63,117.92,120.10,122.31,124.57,126.84,129.10,131.41,133.75,136.10,138.41,140.64,142.67,144.54,146.64,148.77,151.22,154.06,156.66,159.03,161.25,163.54,166.09,168.64,171.22,173.67,176.15,178.69,181.21,183.52,185.91,188.42,191.04,193.85,196.61,199.26,201.88,204.53,207.24,209.96,212.51,215.22,218.18,221.24,224.32,227.50,230.63,233.42,236.11,238.75,241.19,243.51,246.15,248.97,251.81,254.63,257.33,259.93,262.38,265.02,267.84,270.85,273.96,277.08,280.14,282.90,285.58,288.20,290.76,293.21,295.64,298.22,301.14,304.77,308.44,311.32,313.76,316.30,318.83,320.74,322.37,324.64,327.36,330.36,333.60,337.24,340.78,344.06,347.44,350.80,354.25,357.71,360.56,363.22,365.92,368.92,372.20,375.29,378.53,382.05,385.70,389.22,392.34,395.77,400.08,404.80,409.24,412.42,415.08,415.79,417.45,424.39,432.63,439.19,444.60,449.70,454.84,460.61,465.99,471.11,477.85,484.94,491.77,497.58,500.75,498.88,495.14,491.51,487.31,485.66,485.17,485.11,487.65,493.04,504.85,515.26,525.55,532.85,539.05,545.44,553.56,564.30,577.06,588.33,597.25,611.78,623.70,634.94,647.32,661.75,671.93,676.39,677.74,680.17,681.25,676.62,660.58,639.36,626.83,623.25,622.70,625.50,628.10,631.31,635.72,642.53,647.12,647.46,649.70,650.22,655.22,662.05,666.96,671.42,676.68,682.65,690.33,698.09,706.07,718.23,735.31,754.64,766.21,775.25,788.80,807.89,830.47,845.87,863.33,873.40,890.48,905.73,906.81,911.39,930.82,952.25,977.05,1001.81,1023.92,1045.49,1060.30,1080.44,1089.45,1079.18,1077.35,1074.74,1058.99,1039.56,1027.80,1018.82,1006.21,987.52,988.44,995.69,989.09,994.08,1011.22,1033.56,1058.48,1085.94,1106.84,1126.42,1149.45,1179.95,1210.43,1234.41,1249.03,1236.82,1210.23,1188.50,1163.47,1139.95,1114.59,1102.01
67.29,69.59,71.59,73.48,75.37,77.33,79.28,81.28,83.29,85.44,87.47,89.47,91.57,93.76,96.02,98.31,100.64,103.48,106.30,108.92,111.23,113.38,115.55,117.70,119.83,122.05,124.26,126.52,128.78,131.08,133.39,135.72,138.04,140.30,142.20,143.91,145.91,148.11,150.28,152.78,155.26,157.74,160.12,162.59,165.18,167.79,170.34,172.78,175.39,178.05,180.58,182.71,185.16,187.73,190.38,193.05,195.64,198.22,200.85,203.47,205.85,208.25,210.67,213.70,216.82,219.81,222.91,226.16,229.38,232.14,234.69,237.17,239.65,242.19,244.95,247.98,250.81,253.60,256.29,258.48,260.88,263.76,266.76,269.75,272.84,276.06,279.37,282.20,284.80,287.28,289.68,292.02,294.48,296.98,299.68,303.12,306.71,310.05,312.64,315.08,317.20,318.72,319.95,322.25,325.53,329.32,332.95,336.47,339.79,342.70,346.12,349.49,352.61,355.45,358.40,361.11,363.00,365.73,368.84,371.88,374.87,378.02,381.81,385.54,389.11,392.69,397.24,401.62,404.31,405.36,406.71,411.09,417.38,424.49,431.40,436.77,441.70,447.02,453.13,458.89,463.62,468.71,475.46,482.54,488.85,492.73,491.31,487.21,482.60,476.87,470.87,469.92,476.25,486.34,495.15,503.57,512.67,521.94,532.06,540.43,549.60,556.74,564.76,572.30,580.00,590.21,599.66,611.76,623.14,633.53,646.24,658.40,665.96,666.67,666.31,665.89,663.40,657.13,642.37,624.04,617.01,616.68,617.85,621.70,625.85,629.51,633.63,637.96,641.52,644.07,645.28,647.65,652.88,661.10,666.22,671.97,679.86,688.31,697.65,708.97,719.72,733.02,751.86,777.32,785.96,794.20,800.10,813.29,836.50,856.73,878.81,893.98,901.33,919.45,933.00,933.73,944.31,960.91,988.39,1009.01,1029.63,1052.06,1072.26,1084.93,1072.37,1057.99,1056.34,1052.32,1038.87,1021.32,1007.57,1000.91,992.22,979.06,975.15,975.96,974.57,992.88,1018.74,1044.95,1064.86,1088.95,1108.81,1131.42,1153.58,1170.46,1193.12,1215.94,1230.21,1226.95,1200.99,1176.80,1154.58,1133.89,1100.76,1083.70
67.00,69.27,71.23,73.06,74.93,76.92,78.86,80.69,82.71,85.24,87.56,89.46,91.58,93.80,96.11,98.39,100.64,103.37,106.19,108.68,110.93,113.16,115.34,117.43,119.56,121.72,123.94,126.17,128.33,130.51,132.82,135.18,137.53,139.79,141.61,143.33,145.16,147.24,149.09,151.46,153.98,156.56,159.04,161.49,164.05,166.68,169.31,171.90,174.50,177.13,179.64,181.91,184.40,186.95,189.53,192.03,194.57,197.13,199.53,201.63,204.01,206.51,209.23,212.30,215.38,218.28,221.36,224.58,227.67,230.56,233.15,235.77,238.38,240.87,243.71,246.97,250.17,252.68,254.87,257.26,259.94,262.86,265.72,268.58,271.75,275.13,278.53,281.42,283.82,286.18,288.50,290.73,293.11,295.60,298.34,301.49,305.03,308.58,311.36,313.44,315.48,317.05,318.53,320.57,324.18,327.86,331.35,334.71,337.93,341.35,344.71,347.57,350.29,353.04,355.74,358.00,359.56,361.81,365.02,368.17,370.87,374.12,378.13,381.96,385.57,389.62,393.62,395.71,395.69,397.71,404.27,411.72,417.41,423.07,428.40,433.65,439.66,445.70,451.25,455.96,460.79,466.43,472.97,479.45,484.48,485.23,482.43,477.58,471.14,465.19,461.70,470.67,480.46,491.04,500.64,510.33,518.31,528.14,537.18,547.19,559.24,567.60,573.07,580.98,587.17,593.53,603.01,614.11,625.09,636.44,648.00,655.63,655.60,654.48,653.87,649.38,641.52,632.56,619.55,611.76,609.61,613.02,617.77,621.98,625.73,628.48,631.36,634.91,638.26,640.37,641.86,646.47,653.26,662.50,670.27,677.77,690.83,703.47,717.93,730.85,742.50,755.63,775.02,798.48,805.49,811.92,820.08,824.63,842.00,865.86,889.00,907.42,920.88,930.89,946.95,953.11,965.87,977.11,996.30,1013.28,1031.61,1051.23,1072.41,1074.24,1054.44,1036.01,1030.75,1027.67,1015.97,1003.58,984.93,957.14,970.60,962.09,959.65,958.49,968.00,994.14,1022.09,1049.49,1070.45,1083.31,1097.39,1118.30,1140.69,1155.72,1175.20,1199.56,1216.56,1212.53,1190.60,1169.02,1147.75,1129.12,1096.80,1074.58
66.58,68.80,70.83,72.68,74.56,76.47,78.23,79.98,82.33,84.97,87.59,89.81,91.96,94.16,96.50,98.79,101.10,103.59,106.02,108.42,110.77,112.92,115.05,117.14,119.21,121.35,123.52,125.65,127.75,129.97,132.31,134.63,136.88,139.04,140.95,142.66,144.44,146.54,148.73,150.91,153.19,155.66,157.95,160.33,163.06,165.90,168.63,170.97,173.49,176.09,178.66,181.21,183.78,186.34,188.88,191.33,193.70,196.10,198.32,200.83,203.45,205.96,208.41,211.06,214.11,217.14,220.25,223.27,226.13,229.10,231.81,234.35,236.90,239.58,242.68,245.87,248.86,251.22,253.23,255.90,258.78,261.69,264.56,267.46,270.53,273.88,277.29,280.20,282.50,284.80,287.03,289.17,291.50,294.23,297.06,299.95,303.31,306.79,309.97,312.09,313.98,315.78,317.60,319.45,322.50,326.00,329.48,332.89,336.58,340.08,342.77,344.96,347.48,350.20,352.55,354.65,356.44,358.45,361.57,364.59,367.27,370.48,374.32,377.99,381.96,385.47,387.49,387.70,391.01,397.91,405.08,411.39,416.22,420.88,426.06,431.72,437.60,443.11,448.10,452.52,457.85,464.50,471.16,476.40,477.59,475.19,471.15,466.75,461.81,457.93,464.65,475.37,485.68,496.69,505.09,514.09,524.81,534.32,542.71,553.26,565.52,575.58,582.20,587.61,595.11,601.84,609.48,618.84,628.50,639.77,648.69,648.96,641.20,637.19,635.61,626.92,618.68,610.28,603.93,601.96,605.78,612.29,619.25,622.23,622.99,625.44,628.35,631.63,634.15,636.21,640.03,647.78,657.05,671.07,686.03,690.43,705.50,724.90,741.59,754.84,768.85,785.64,796.14,816.45,827.27,829.55,840.57,842.51,852.16,873.34,897.91,917.56,935.62,948.31,959.00,974.86,988.69,1002.55,1012.91,1023.29,1037.47,1056.64,1073.09,1058.73,1036.65,1016.36,1008.36,1008.55,997.94,984.02,963.87,941.27,950.17,944.19,944.12,945.96,966.71,996.76,1019.52,1043.38,1057.03,1067.23,1083.98,1102.49,1121.71,1143.89,1166.26,1192.04,1205.34,1193.97,1171.47,1161.97,1147.92,1126.82,1097.70,1068.62
66.32,68.53,70.54,72.39,74.23,76.04,77.83,79.68,82.12,84.79,87.47,90.06,92.28,94.44,96.65,98.81,101.06,103.42,105.80,108.20,110.50,112.57,114.58,116.73,118.81,120.91,123.08,125.24,127.39,129.55,131.74,133.89,135.96,137.97,139.91,141.69,143.84,146.22,148.53,150.75,152.81,155.17,157.59,159.98,162.79,165.65,168.12,170.44,173.01,175.65,178.41,181.12,183.57,186.15,188.73,191.14,193.38,195.69,198.08,200.41,202.77,205.28,207.83,210.41,213.33,216.32,219.00,221.50,224.38,227.42,230.32,233.06,235.78,238.45,241.15,243.96,246.82,249.34,251.56,254.37,257.34,260.22,263.02,265.91,269.01,272.31,275.51,278.46,281.08,283.31,285.46,287.69,290.13,292.87,295.65,298.45,301.52,304.89,308.23,310.97,312.22,314.07,316.22,318.17,320.69,324.01,327.54,331.45,334.91,337.73,339.87,341.88,344.40,347.37,349.98,351.63,352.78,354.54,357.56,361.10,363.95,366.16,368.86,371.86,374.29,378.17,380.26,385.99,392.55,398.54,404.63,410.31,414.77,419.04,424.02,429.52,435.03,440.64,445.14,448.92,454.55,462.12,469.19,472.04,467.36,461.73,458.26,455.02,452.25,458.06,470.39,479.74,490.34,502.12,510.24,518.86,529.34,539.01,547.22,558.30,569.26,579.29,588.01,593.74,600.48,608.47,618.33,626.63,633.34,639.84,640.85,635.99,627.71,620.98,614.73,605.53,599.17,595.15,594.72,597.59,603.62,611.15,618.21,618.40,619.11,621.98,624.35,626.79,629.38,636.13,645.54,658.06,668.96,687.41,706.48,715.70,723.60,735.95,753.17,775.15,793.73,810.82,821.67,837.59,852.18,852.55,862.83,865.63,866.50,881.13,903.86,927.22,947.06,964.96,979.38,994.18,1012.94,1025.34,1030.89,1038.55,1049.34,1063.81,1056.35,1039.24,1018.80,999.64,989.28,988.14,975.46,963.40,953.50,931.22,926.82,924.56,928.93,943.21,966.51,991.80,1008.01,1022.60,1038.13,1055.97,1073.69,1093.09,1114.50,1138.46,1163.13,1193.71,1202.10,1176.73,1151.33,1143.01,1136.18,1119.51,1094.10,1063.43
66.13,68.34,70.45,72.30,74.11,75.95,77.81,79.70,82.11,84.69,87.26,89.77,91.97,94.14,96.36,98.57,100.84,103.18,105.50,107.70,109.75,111.59,113.62,115.95,118.26,120.46,122.61,124.71,126.77,128.75,130.75,132.73,134.66,136.57,138.63,140.87,143.31,145.76,148.08,150.27,152.43,155.00,157.60,160.20,162.65,165.13,167.67,170.13,172.67,175.22,177.76,180.27,182.75,185.32,187.84,190.22,192.36,194.72,197.12,199.51,201.91,204.51,207.12,209.76,212.44,215.01,217.48,219.88,222.87,226.07,229.17,231.88,234.47,236.90,239.25,241.92,244.67,247.20,249.92,252.83,255.85,258.62,261.23,264.31,267.53,270.67,273.71,276.67,279.45,281.78,284.12,286.51,288.97,291.59,294.39,297.23,300.13,303.29,306.41,308.92,310.18,312.17,314.59,316.84,319.23,322.50,326.32,329.89,332.50,334.62,336.56,338.75,341.78,344.86,347.33,348.47,349.16,350.00,351.86,355.83,359.06,358.74,359.89,363.99,368.93,374.87,381.30,387.21,392.39,397.45,402.88,408.24,412.59,416.70,421.49,426.62,431.90,437.71,442.45,446.38,451.38,459.22,465.62,464.15,457.53,451.35,447.03,447.58,454.29,466.64,476.59,485.79,494.63,506.50,515.64,524.35,533.03,541.54,549.96,561.58,570.33,579.26,586.28,592.74,599.79,608.34,618.54,624.12,628.77,630.64,625.83,619.29,611.33,603.82,594.93,589.88,587.86,588.26,591.67,596.68,602.10,608.27,612.06,613.64,615.85,617.87,619.04,623.14,632.78,646.17,663.02,681.12,691.88,704.58,722.24,738.77,747.68,754.25,765.64,782.43,803.84,824.68,842.47,858.29,875.23,879.24,882.25,886.79,885.49,895.81,917.79,937.39,955.49,975.14,997.79,1012.69,1028.12,1040.51,1048.80,1056.43,1060.37,1054.66,1035.72,1019.00,1005.04,982.17,968.00,961.66,949.98,939.09,938.65,919.52,907.83,909.55,922.86,943.44,961.97,980.83,998.86,1017.88,1038.26,1056.02,1074.01,1094.54,1114.85,1139.11,1166.44,1195.23,1191.17,1167.04,1141.76,1122.94,1113.86,1066.73,1064.04,1057.47
65.75,67.96,70.18,72.06,73.92,75.87,77.77,79.69,82.03,84.49,86.89,89.33,91.53,93.77,95.95,98.14,100.44,102.45,104.39,106.45,108.39,110.41,112.56,114.95,117.39,119.78,121.89,123.87,125.78,127.55,129.43,131.28,133.19,135.29,137.84,140.46,142.77,144.96,147.23,149.49,151.87,154.33,156.77,159.15,161.51,163.94,166.58,169.20,171.72,174.24,176.77,179.30,181.82,184.29,186.70,189.00,191.31,193.72,196.18,198.66,201.09,203.54,206.04,208.56,210.68,213.40,216.16,218.92,221.99,224.99,227.80,230.53,233.06,235.45,237.78,240.17,242.86,245.67,248.75,251.69,254.56,257.26,260.04,263.16,266.23,269.12,271.97,274.83,277.76,280.65,283.13,285.63,288.11,290.65,293.42,296.15,298.85,301.48,303.96,306.21,308.30,310.83,313.08,315.58,318.19,321.04,324.31,327.35,329.47,331.24,333.47,336.63,339.85,342.69,344.46,345.33,345.90,346.17,346.83,348.60,349.97,353.60,360.77,366.60,372.02,377.58,382.29,386.18,390.50,395.27,400.47,405.44,409.83,414.32,418.68,423.26,428.35,434.44,440.10,444.47,449.54,457.28,459.67,453.57,446.14,440.29,444.85,453.82,463.66,475.31,483.33,491.68,499.52,509.31,517.20,525.08,532.64,540.09,548.62,557.41,565.94,574.15,580.56,587.82,595.47,603.59,612.33,616.53,617.73,614.49,607.74,600.88,593.94,588.58,585.19,583.43,584.71,588.58,592.87,596.81,599.92,603.81,607.29,610.11,611.73,612.55,617.44,628.40,647.28,663.53,677.15,697.63,713.31,718.59,734.55,754.06,767.88,774.39,787.25,798.02,811.45,830.68,849.16,870.60,889.80,899.66,902.47,908.81,907.04,913.48,927.16,944.59,962.79,983.90,1008.69,1028.27,1042.92,1053.65,1060.13,1057.73,1046.49,1032.75,1014.29,1000.95,987.87,965.45,951.12,936.51,925.14,915.65,916.25,906.04,894.33,903.45,930.42,952.98,974.41,993.28,1009.81,1028.69,1049.61,1069.53,1091.33,1104.65,1122.80,1147.45,1172.19,1191.04,1178.16,1158.92,1135.78,1109.70,1093.64,1038.72,1029.03,1041.85
65.13,67.26,69.43,71.44,73.37,75.41,77.44,79.44,81.70,84.08,86.43,88.74,90.90,92.94,94.98,97.05,99.07,100.68,102.62,105.00,107.01,109.21,111.54,113.94,116.36,118.76,120.87,122.67,124.41,126.16,127.86,129.66,131.96,134.44,137.06,139.60,141.78,143.90,146.18,148.46,150.89,153.35,155.72,158.00,160.19,162.63,165.24,167.99,170.78,173.32,175.85,178.36,180.84,183.26,185.61,187.99,190.46,192.99,195.52,197.99,200.40,202.62,204.97,207.29,209.74,212.57,215.46,218.29,221.06,223.82,226.57,229.31,231.84,234.21,236.51,238.83,241.49,244.60,247.83,250.90,253.67,256.52,259.38,262.12,264.96,267.70,270.34,273.40,276.64,279.77,282.33,284.83,287.23,289.58,292.19,294.85,297.37,299.79,301.94,304.20,306.77,309.27,311.59,314.22,316.78,319.06,321.81,324.34,326.35,328.24,331.12,334.72,337.80,340.31,341.71,342.49,342.60,342.50,342.57,344.60,349.74,356.11,362.65,368.14,372.22,375.57,379.25,383.47,387.76,392.15,397.51,402.43,407.11,411.70,415.75,419.85,425.06,430.74,436.37,441.76,447.93,453.92,450.99,441.72,434.90,438.86,451.60,460.14,470.33,479.76,488.53,494.58,500.72,508.27,514.81,520.88,528.43,535.12,541.55,549.01,557.54,567.20,575.13,583.05,592.34,598.95,603.77,605.98,602.87,596.11,588.39,581.90,578.81,578.16,578.07,580.66,586.19,590.60,592.04,593.98,597.16,600.52,603.90,606.23,607.15,610.77,624.93,641.09,660.68,679.15,691.40,707.84,729.02,738.41,749.68,765.87,784.97,795.61,804.32,819.00,829.99,840.37,855.69,875.66,895.90,915.93,923.04,929.18,927.94,931.29,944.03,955.38,972.28,993.90,1021.03,1050.08,1060.93,1052.27,1042.98,1030.86,1020.59,1012.56,996.92,978.32,964.29,947.82,932.31,915.02,905.92,897.92,897.41,890.44,883.99,901.53,932.42,955.67,978.00,997.35,1018.26,1037.26,1057.13,1077.61,1100.48,1120.77,1136.94,1156.05,1176.33,1187.30,1168.26,1146.71,1123.06,1099.46,1081.07,1039.71,1024.16,1022.68
64.56,66.71,68.85,70.88,72.80,74.86,76.92,78.95,81.15,83.44,85.63,87.74,89.61,91.48,93.47,95.52,97.41,98.99,101.00,103.47,105.82,108.32,110.88,113.31,115.67,117.72,119.52,121.28,123.03,124.83,126.67,128.59,130.67,133.26,135.91,138.48,140.65,142.81,145.10,147.57,150.09,152.31,154.50,156.65,158.78,161.17,163.96,166.92,169.82,172.41,174.91,177.41,179.87,182.20,184.59,186.98,189.61,192.16,194.60,197.10,199.65,202.04,204.41,206.84,209.34,212.07,214.82,217.38,219.88,222.52,225.27,228.12,230.76,233.08,235.40,237.74,240.28,243.46,246.75,250.05,252.96,255.83,258.57,261.19,263.82,266.50,269.26,272.56,275.91,278.98,281.53,283.50,285.81,288.26,290.78,293.24,295.56,298.06,300.19,302.65,305.21,307.70,310.37,312.90,315.02,317.14,319.26,320.82,323.08,325.86,329.66,332.85,335.12,337.30,338.79,339.56,339.58,339.16,339.95,345.30,351.44,356.31,360.86,365.20,368.38,371.60,376.15,380.93,384.90,388.94,393.90,399.22,403.93,408.40,412.84,416.85,421.09,426.50,432.01,438.85,445.57,449.28,441.05,430.99,432.53,443.25,454.88,464.04,472.93,480.55,487.22,492.45,497.94,503.37,509.64,515.79,523.08,528.44,534.18,541.82,549.74,561.56,572.22,579.51,588.24,592.92,594.07,592.72,585.34,577.85,571.90,569.12,570.14,570.77,576.12,582.51,586.21,587.75,587.69,590.89,594.44,597.55,600.07,601.41,606.47,619.70,641.80,659.48,677.34,696.04,710.38,727.39,744.57,759.99,773.52,784.38,800.19,814.52,823.10,834.33,848.55,857.65,873.16,889.73,905.62,924.79,941.73,950.85,950.70,951.62,963.10,973.53,987.94,1008.22,1036.86,1055.79,1047.84,1028.14,1012.51,1002.77,995.04,986.59,970.33,956.39,947.67,935.10,913.90,897.07,885.04,877.63,874.50,870.66,878.28,899.38,926.73,951.98,973.62,990.18,1009.17,1030.50,1054.44,1076.28,1099.74,1123.80,1145.79,1161.75,1179.88,1179.25,1161.88,1141.01,1114.50,1091.74,1070.42,1043.05,1020.20,1002.20
63.91,66.09,68.31,70.25,72.22,74.25,76.28,78.30,80.37,82.56,84.59,86.50,88.26,90.01,92.02,94.08,96.04,98.02,100.11,102.56,105.20,107.94,110.53,112.78,114.78,116.65,118.42,120.19,122.16,123.98,125.84,127.74,129.65,132.07,134.74,137.23,139.32,141.63,144.09,146.56,149.07,151.16,153.22,155.47,157.65,160.13,163.00,165.94,168.84,171.48,174.05,176.63,178.93,181.19,183.50,185.99,188.69,191.29,193.89,196.58,199.29,201.72,204.05,206.46,208.92,211.43,213.86,216.27,218.61,221.21,224.17,227.15,229.96,232.17,234.36,236.75,239.35,242.63,246.12,249.45,252.26,254.84,257.50,260.09,262.70,265.48,268.65,271.83,274.55,277.27,279.49,281.21,283.62,286.19,288.84,291.16,293.56,296.42,298.69,301.16,303.70,306.10,308.57,310.92,312.81,314.75,316.50,318.13,320.48,324.03,327.90,330.68,332.27,334.05,335.56,336.23,336.31,337.14,340.19,345.37,349.99,354.03,357.96,361.73,364.89,368.61,373.27,377.80,381.88,385.79,390.34,395.47,399.63,404.01,409.70,413.88,418.15,423.44,429.09,436.75,443.36,444.06,434.63,426.31,432.32,443.54,455.58,464.67,472.34,478.02,482.65,487.39,492.44,497.70,503.81,510.54,516.77,522.38,529.83,538.59,547.47,561.59,571.88,577.68,581.63,583.80,584.25,579.20,569.29,565.78,564.40,564.30,566.32,570.12,576.87,581.10,581.07,581.84,584.91,588.89,591.78,593.38,595.19,598.90,612.90,634.51,654.07,669.05,688.02,704.48,719.66,733.80,748.40,765.44,783.03,798.69,813.61,829.77,843.34,850.50,865.56,878.20,890.71,907.72,926.21,940.40,953.79,970.01,977.91,980.01,983.32,993.11,1005.14,1027.12,1041.92,1041.11,1019.03,974.39,991.14,967.78,944.20,961.99,954.63,940.07,926.34,919.48,901.58,877.83,864.77,860.32,853.96,859.74,881.02,903.60,928.27,950.32,968.74,985.41,1004.19,1026.86,1053.08,1075.92,1095.00,1117.15,1138.93,1158.62,1176.08,1165.41,1152.14,1134.75,1112.85,1090.95,1068.83,1044.16,1016.49,989.96
63.34,65.59,67.66,69.55,71.52,73.48,75.50,77.51,79.51,81.57,83.56,85.37,87.21,89.13,91.16,93.29,95.39,97.44,99.52,101.92,104.65,107.38,110.04,112.10,114.00,115.81,117.68,119.58,121.44,123.18,125.06,126.97,128.94,131.22,133.57,135.80,138.07,140.35,142.81,145.36,147.84,149.93,152.46,156.29,159.42,161.99,164.39,166.48,168.53,170.84,173.34,175.74,177.77,179.88,182.06,185.09,187.96,190.66,193.40,196.10,198.77,201.20,203.25,205.52,208.08,210.47,212.73,215.00,217.52,220.38,223.21,225.94,228.65,231.03,233.38,236.22,239.24,242.34,245.40,248.33,251.01,253.37,255.90,258.68,261.24,264.23,267.32,270.05,272.23,274.68,276.72,278.96,281.48,284.08,286.65,289.33,292.16,294.76,297.02,299.28,301.37,303.18,305.57,308.14,310.31,312.27,314.18,316.35,318.85,322.17,325.49,328.03,329.44,330.75,332.44,333.05,334.09,336.80,340.06,343.77,347.42,351.19,354.82,358.28,361.96,365.99,370.34,374.55,378.46,382.46,387.07,391.24,395.09,399.08,404.96,410.72,415.74,421.48,427.87,434.87,440.92,441.73,433.07,422.49,427.93,438.21,451.28,461.15,468.26,473.46,479.14,485.05,490.85,496.76,503.13,511.03,517.15,522.83,531.31,540.32,549.71,563.12,571.78,573.71,573.18,573.82,573.91,568.18,561.16,558.97,559.25,562.15,565.88,569.24,572.15,574.36,575.57,578.78,582.54,585.87,588.04,588.99,595.33,606.20,620.40,637.39,654.54,673.15,688.32,703.21,719.33,735.58,755.17,773.54,789.87,807.92,824.63,841.00,855.06,868.11,884.07,896.56,908.51,921.61,941.24,959.57,971.19,984.19,1000.46,1007.27,1008.19,1016.04,1027.70,1033.45,1030.28,1021.71,1010.66,904.06,922.37,942.10,882.55,939.02,936.23,922.39,905.19,901.22,888.63,860.47,846.24,841.50,841.01,859.04,889.34,914.36,937.29,958.81,980.29,996.22,1009.90,1031.19,1052.94,1072.33,1092.93,1115.79,1137.55,1160.03,1169.06,1150.40,1133.86,1116.98,1100.68,1085.83,1068.39,1047.06,1019.73,993.82
62.97,65.07,66.99,68.79,70.67,72.69,74.73,76.73,78.70,80.67,82.56,84.48,86.45,88.52,90.64,92.65,94.69,96.79,98.80,101.12,103.85,106.60,109.32,111.42,113.29,115.19,117.05,118.91,120.62,122.38,124.31,126.27,128.21,130.15,131.84,134.00,136.36,138.93,141.58,144.16,146.45,147.97,150.96,157.72,163.68,167.62,168.88,168.69,168.35,170.33,172.34,174.13,176.06,178.22,180.90,184.18,187.19,189.97,192.44,194.96,197.50,199.75,201.62,203.84,206.50,209.19,211.43,213.55,216.21,218.97,221.69,224.36,227.08,229.84,232.54,235.49,238.30,240.99,243.82,246.63,249.35,251.81,254.36,257.38,260.30,262.73,265.62,268.24,269.93,272.11,274.58,277.28,280.06,282.45,284.90,288.02,290.66,292.52,294.57,296.71,298.56,300.07,302.63,305.46,308.01,310.31,312.04,314.19,316.99,320.04,322.89,325.08,326.74,328.35,329.49,330.97,333.10,335.62,338.25,340.91,343.98,347.52,351.21,354.58,358.30,362.73,367.00,371.20,375.20,379.45,383.76,387.47,391.06,395.34,400.55,406.98,413.31,419.45,425.32,430.75,435.63,436.35,429.14,420.51,422.30,431.22,441.38,452.98,460.34,469.18,476.20,482.37,490.55,498.20,505.42,513.41,520.68,527.25,534.27,541.95,551.31,561.85,566.31,565.22,562.78,561.96,560.57,557.02,555.63,554.97,557.30,560.07,560.69,563.79,566.24,568.83,572.55,576.23,579.54,582.15,583.50,588.68,603.66,619.69,633.99,648.27,663.63,682.61,695.55,710.44,725.68,743.18,762.69,781.21,797.56,814.36,834.49,849.74,866.04,881.18,895.13,908.61,926.18,940.69,956.62,975.22,987.32,992.16,997.76,1007.57,1016.45,1024.18,1026.86,1020.90,1012.38,1004.42,997.55,979.76,909.84,857.38,846.87,911.35,911.60,906.97,886.51,877.03,867.11,845.36,830.10,827.45,835.85,859.95,888.92,912.19,932.72,952.66,975.27,991.36,1007.42,1030.57,1054.78,1072.29,1090.90,1113.23,1133.36,1156.77,1163.37,1142.83,1120.57,1099.33,1081.89,1066.70,1052.38,1037.46,1017.30,994.47
62.54,64.62,66.57,68.33,70.03,71.96,73.92,75.88,77.83,79.76,81.73,83.80,85.86,87.84,89.78,91.70,93.82,95.99,98.13,100.33,103.03,105.72,108.41,110.74,112.59,114.44,116.26,118.05,119.68,121.42,123.32,125.25,127.12,128.68,130.05,132.19,134.86,137.71,140.56,142.89,144.06,146.22,150.20,157.41,166.28,172.92,173.48,169.97,167.85,168.74,170.40,172.30,174.82,177.72,180.59,183.41,186.18,188.94,191.41,193.68,195.83,197.95,199.69,201.97,204.66,207.20,209.46,211.84,214.61,217.44,220.32,223.07,225.90,228.82,231.69,234.44,236.95,239.38,241.99,244.74,247.49,250.48,253.59,257.00,260.17,262.14,264.22,266.50,268.07,270.36,273.16,275.92,278.59,280.80,282.88,285.51,288.03,290.10,291.98,294.10,296.11,297.97,300.28,303.13,305.68,307.76,309.69,312.06,315.08,317.91,320.36,322.55,324.82,326.02,326.38,329.05,331.50,332.75,334.81,337.52,340.01,343.35,347.10,349.90,353.42,358.63,363.19,367.27,371.65,375.21,380.21,383.89,387.31,391.91,396.99,402.43,407.79,410.19,415.21,418.08,418.53,421.55,420.17,417.86,420.06,426.96,434.97,443.59,449.28,455.99,463.80,471.25,478.83,487.97,497.80,506.34,515.87,524.83,533.07,540.31,548.31,554.72,554.53,551.55,550.19,550.02,549.73,549.11,550.15,551.68,552.90,552.82,555.17,558.83,562.25,565.94,569.77,572.47,575.53,577.67,580.20,595.21,614.54,630.55,645.25,659.21,673.46,690.05,703.80,717.83,736.35,752.83,769.81,788.01,805.10,823.11,839.03,855.23,871.08,885.26,899.28,914.18,931.80,945.28,957.14,965.82,971.48,975.24,980.38,989.92,1005.37,1013.16,1010.37,1004.58,995.26,983.49,975.56,970.51,958.86,921.75,840.53,843.89,875.48,886.56,868.01,851.83,846.26,830.01,818.68,821.46,835.20,857.76,882.72,903.99,923.94,941.60,961.27,980.11,1000.27,1023.56,1048.85,1067.28,1086.58,1111.91,1133.43,1150.32,1154.84,1135.92,1113.85,1094.78,1072.35,1053.37,1036.56,1019.44,1004.35,987.03
62.14,64.25,66.10,67.77,69.31,71.07,73.05,75.00,76.97,78.98,80.97,82.98,84.98,86.91,88.79,90.73,92.90,95.09,97.28,99.45,101.95,104.64,107.36,109.97,111.84,113.61,115.44,117.17,118.69,120.33,122.25,124.04,125.80,127.31,128.69,130.74,133.52,136.26,138.91,140.37,142.02,145.11,148.27,153.42,161.44,168.59,170.11,167.69,166.32,166.74,168.58,171.06,173.99,176.93,179.63,182.30,184.96,187.54,189.96,192.17,194.06,196.02,198.06,200.32,202.88,205.32,207.76,210.34,213.20,216.20,219.21,221.94,224.82,227.81,230.59,233.00,235.41,237.89,240.42,243.15,246.50,249.85,253.16,256.46,259.45,261.56,263.28,264.47,266.12,268.64,271.27,273.93,276.44,278.73,280.37,282.48,285.15,287.44,289.74,292.01,293.88,296.16,298.55,300.96,303.09,305.21,307.51,310.35,313.24,315.99,318.60,321.16,323.08,322.59,322.88,324.94,327.44,329.48,332.73,336.71,340.11,342.37,344.81,347.23,349.88,353.63,358.20,361.39,365.58,369.08,373.55,379.21,383.13,387.36,391.95,394.54,396.43,397.77,401.71,405.23,406.77,409.81,412.94,416.78,421.28,426.28,432.34,438.94,444.31,450.25,456.89,463.41,470.16,476.77,485.45,495.28,505.50,516.03,526.76,534.86,540.14,542.95,540.32,537.75,537.75,540.65,544.14,544.92,546.26,547.87,547.88,547.94,550.94,554.98,559.01,562.47,565.66,568.13,571.18,573.45,581.38,604.43,623.57,640.49,658.42,670.60,683.05,695.47,711.08,728.08,749.23,763.90,778.22,795.41,811.99,828.73,842.12,855.16,868.43,883.53,896.66,910.67,924.13,934.76,941.50,947.67,950.62,954.00,963.15,975.10,990.19,1000.29,995.77,986.10,973.58,962.34,957.68,952.95,945.82,926.73,894.44,847.15,830.41,855.04,851.41,830.52,822.99,814.44,811.25,816.18,830.88,853.00,881.02,902.78,924.85,945.62,965.47,985.24,1006.68,1031.51,1055.04,1073.72,1091.16,1108.52,1127.16,1145.11,1148.70,1124.94,1103.55,1085.15,1065.69,1046.29,1026.76,1005.07,989.25,974.23
61.96,63.31,64.94,66.64,68.36,70.20,72.18,74.18,76.23,78.23,80.17,82.14,84.08,86.00,87.91,89.84,91.98,94.16,96.36,98.48,100.82,103.53,106.25,108.88,111.04,112.81,114.53,116.16,117.83,119.45,121.09,122.77,124.47,126.08,127.87,130.01,132.23,134.66,136.87,139.14,141.98,144.67,147.37,150.65,155.79,159.71,161.85,162.22,163.17,164.80,167.06,169.69,172.76,175.82,178.51,181.00,183.55,186.02,188.42,190.58,192.59,194.76,196.91,199.00,201.38,203.88,206.58,209.24,212.02,215.01,217.97,220.76,223.61,226.33,228.96,231.54,234.10,236.59,238.98,241.84,245.46,249.13,252.35,255.29,258.02,260.17,261.46,262.15,264.33,266.86,269.29,271.71,274.02,276.25,277.92,280.02,282.58,285.19,287.86,289.94,291.54,293.90,296.31,298.53,300.70,303.07,305.80,308.68,311.14,313.98,317.02,319.07,319.67,318.91,320.12,322.73,326.24,330.18,334.45,338.78,341.12,343.73,346.45,349.07,351.94,354.87,358.14,360.55,362.83,365.80,369.27,373.93,377.72,381.27,385.28,387.42,390.28,394.93,398.98,403.72,408.45,411.17,413.98,418.62,423.42,427.92,432.25,437.35,442.71,447.93,453.06,458.09,463.84,470.44,478.08,488.96,500.20,509.57,517.70,524.17,527.60,527.34,525.64,526.65,530.56,535.25,539.52,540.83,541.61,542.56,544.19,545.68,548.56,552.04,555.69,558.82,561.35,564.39,567.61,572.66,590.87,613.04,631.50,651.90,670.28,682.55,694.24,706.73,723.04,740.29,756.98,771.04,783.95,798.16,810.75,825.34,837.90,848.54,862.11,876.07,890.42,902.26,910.50,914.23,921.20,927.64,931.37,939.17,950.55,964.27,978.95,985.96,979.33,968.43,933.73,911.26,930.87,929.75,922.49,909.43,893.02,875.96,846.53,826.51,829.63,815.08,807.04,803.44,803.61,811.08,831.30,856.97,887.70,907.68,926.92,945.85,966.15,986.44,1006.16,1027.52,1047.99,1066.93,1083.47,1101.05,1117.07,1134.88,1144.14,1123.56,1099.83,1082.83,1064.48,1043.70,1023.32,1001.17,981.67,963.11
60.35,61.86,63.58,65.32,67.25,69.32,71.39,73.47,75.53,77.50,79.40,81.32,83.25,85.18,87.08,89.06,91.18,93.36,95.46,97.62,99.83,102.45,105.10,107.70,110.11,111.92,113.09,114.79,116.61,118.44,120.21,121.82,123.47,125.45,127.56,129.64,131.72,133.98,136.41,138.97,141.75,144.68,147.70,150.81,154.38,156.75,157.79,159.43,161.16,163.46,166.34,169.27,171.95,174.73,177.29,179.63,182.10,184.53,186.87,189.22,191.48,193.69,195.88,198.06,200.47,203.31,206.21,208.76,211.47,214.28,216.91,219.38,222.05,224.86,227.70,230.40,232.91,235.37,237.84,240.65,244.25,247.82,250.91,253.59,256.05,258.15,258.99,260.02,262.57,265.02,267.39,269.59,271.75,273.90,276.04,278.29,280.68,283.31,285.69,287.42,289.36,291.79,294.23,296.49,298.54,300.75,303.57,306.34,308.83,312.02,315.07,315.47,315.09,317.52,321.90,325.27,328.44,331.72,335.29,338.61,341.39,344.16,347.02,350.13,353.53,357.02,360.45,363.10,365.37,368.00,371.07,374.18,377.89,380.83,384.81,389.10,393.40,398.49,402.85,407.07,411.31,413.86,416.11,419.86,425.25,430.09,433.47,437.71,441.87,446.02,450.04,454.81,459.65,466.02,473.75,484.26,494.34,502.39,508.59,511.15,511.77,513.25,515.49,518.91,523.79,529.27,532.60,534.51,536.74,538.85,541.18,543.41,546.39,549.06,552.31,555.36,558.28,562.32,567.25,578.60,600.42,619.21,638.85,659.62,678.09,692.14,704.58,718.51,731.39,744.47,755.83,766.83,778.39,791.57,804.66,816.70,829.21,841.27,859.04,871.62,882.41,889.63,894.21,898.67,902.75,908.01,912.37,924.81,941.81,956.95,970.33,971.02,964.52,956.68,899.50,841.55,875.33,900.05,898.72,891.79,873.46,858.07,842.72,820.69,812.53,802.61,795.86,795.51,798.43,810.83,835.89,858.63,882.33,900.03,919.12,941.01,960.45,980.65,1000.45,1019.15,1039.38,1056.36,1074.24,1091.12,1107.01,1125.51,1133.38,1114.51,1093.66,1081.30,1066.30,1045.34,1023.25,999.20,981.18,960.04
59.21,60.55,62.30,64.24,66.33,68.49,70.73,72.79,74.76,76.68,78.56,80.49,82.38,84.32,86.32,88.37,90.46,92.60,94.76,96.91,99.03,101.41,103.97,106.46,108.73,110.30,111.49,113.40,115.36,117.37,119.26,120.99,122.83,124.97,127.08,129.21,131.42,133.78,136.16,138.55,141.25,144.30,147.31,150.34,152.75,154.44,156.06,157.84,160.02,162.92,165.86,168.79,171.43,173.94,176.32,178.55,180.89,183.38,185.86,188.29,190.61,192.76,195.23,197.99,200.71,203.22,205.85,208.45,210.98,213.53,216.03,218.44,220.98,223.77,226.46,229.25,231.95,234.33,236.84,239.59,243.07,246.18,249.17,251.75,254.10,255.78,256.40,258.55,261.06,263.52,265.77,267.90,269.95,271.89,274.15,276.50,278.88,281.31,283.44,285.61,287.85,290.11,292.35,294.44,296.51,298.84,301.43,304.22,307.31,310.69,312.55,311.21,313.27,317.88,321.89,325.21,328.56,331.88,334.91,337.73,340.58,343.53,346.58,349.73,353.32,357.03,360.48,363.27,366.13,369.02,373.03,377.21,380.80,383.75,387.87,391.69,395.79,399.95,403.99,408.32,411.85,415.31,418.50,421.31,426.04,430.83,434.41,438.28,441.96,446.00,450.20,454.68,459.39,464.94,471.37,480.23,487.04,493.18,498.80,500.26,502.75,506.29,509.91,514.46,518.33,522.79,526.87,530.53,533.46,536.18,538.58,540.95,543.65,545.57,548.43,553.28,559.84,567.73,578.22,594.33,610.28,627.98,646.49,664.50,680.33,694.13,705.82,716.39,726.67,737.96,749.38,759.33,771.07,783.38,798.63,811.05,825.21,839.81,856.57,868.53,874.51,875.72,877.23,880.70,884.68,890.46,898.35,914.37,932.12,948.72,959.40,956.12,949.30,940.03,912.27,854.43,845.01,872.31,872.97,866.92,855.00,834.32,817.71,802.56,795.65,790.22,786.57,789.46,799.16,815.16,835.58,858.09,881.49,901.33,921.37,943.59,964.26,982.92,1003.72,1017.33,1030.17,1047.02,1068.87,1085.54,1099.63,1120.29,1126.13,1106.55,1085.10,1069.77,1057.49,1041.84,1022.00,997.83,980.05,958.74
58.61,59.62,61.24,63.36,65.51,67.74,69.94,71.79,73.64,75.61,77.55,79.52,81.55,83.60,85.67,87.75,89.83,91.92,94.04,96.07,98.09,100.21,102.52,104.66,106.69,108.33,110.35,112.38,114.40,116.42,118.31,120.23,122.31,124.49,126.68,128.89,131.18,133.52,135.80,138.05,140.67,143.56,146.46,149.12,151.21,153.07,155.16,157.36,159.73,162.43,165.18,167.90,170.56,173.22,175.77,177.97,180.23,182.65,184.96,187.30,189.73,191.92,194.60,197.34,200.04,202.47,205.20,208.06,210.70,213.08,215.39,217.59,219.85,222.44,225.11,227.99,230.76,233.45,236.24,239.08,241.93,244.57,247.53,250.16,252.33,253.10,254.96,257.53,259.84,262.12,264.28,266.33,268.19,269.86,272.14,274.65,277.11,279.70,282.10,284.33,286.49,288.61,290.33,292.48,294.86,297.18,299.68,302.68,305.42,308.25,309.55,310.54,313.80,317.71,321.20,324.60,328.09,331.44,334.33,337.12,339.79,342.74,345.85,349.06,352.51,356.13,359.56,362.85,366.36,369.93,374.58,379.36,382.57,385.80,389.31,392.91,396.61,400.19,404.10,408.15,411.94,415.86,419.66,423.45,426.88,430.90,435.03,439.27,443.21,447.01,451.15,455.74,460.31,464.95,469.84,475.94,481.42,487.27,492.83,495.92,499.07,503.65,508.93,513.63,518.09,522.09,525.73,528.70,531.05,533.57,536.28,538.72,540.31,542.40,548.41,557.29,569.66,583.30,596.27,608.57,625.49,641.62,654.82,668.17,680.30,692.09,701.55,709.54,718.68,728.90,740.00,751.53,764.58,780.46,796.85,812.64,829.25,843.72,856.47,862.11,861.24,859.82,859.73,863.53,869.37,878.06,890.20,908.86,924.99,940.50,947.16,940.97,929.38,916.64,898.57,877.00,839.58,846.79,851.90,842.25,834.98,812.04,790.80,781.99,777.88,776.09,779.83,788.86,801.10,818.13,837.47,860.65,886.17,909.98,933.05,957.23,976.45,987.59,996.88,1005.39,1022.75,1045.70,1064.65,1078.86,1093.95,1112.69,1121.92,1101.96,1080.86,1058.80,1043.71,1028.78,1014.14,995.63,973.72,952.62
58.05,58.97,60.25,62.50,64.72,66.75,68.64,70.51,72.51,74.50,76.58,78.78,80.94,83.02,85.09,87.09,89.05,90.99,92.91,94.90,96.95,98.97,100.98,103.03,105.16,107.39,109.61,111.59,113.52,115.50,117.59,119.68,121.89,124.09,126.33,128.62,130.79,132.92,135.11,137.42,139.81,142.52,145.39,147.98,150.23,152.15,154.28,156.79,159.14,161.64,164.38,167.21,170.14,172.71,175.17,177.30,179.37,181.53,183.78,186.22,188.57,190.95,193.58,196.20,198.96,201.55,204.38,207.20,209.88,212.14,214.24,216.38,218.54,220.98,223.73,226.83,230.00,232.81,235.46,237.98,240.40,243.06,246.04,248.25,249.63,251.51,253.91,256.16,258.44,260.68,262.74,264.60,266.36,268.18,270.66,273.27,275.83,278.45,280.72,282.91,285.17,287.19,288.87,290.89,293.10,295.20,297.42,299.73,301.80,304.76,306.85,310.74,314.47,318.11,321.62,324.83,327.97,331.09,333.77,336.47,339.15,342.01,345.06,348.10,351.73,355.58,359.36,362.80,366.23,369.95,375.25,380.35,383.89,387.51,390.99,394.33,397.96,401.58,405.45,409.37,412.94,416.40,419.88,424.27,428.70,432.02,435.87,439.60,443.38,447.26,451.40,456.05,460.56,464.83,469.26,474.28,479.38,485.27,490.80,494.66,498.72,503.57,508.77,513.34,517.47,521.20,523.76,526.12,528.68,531.39,534.03,535.45,536.76,541.61,551.74,561.64,575.45,591.40,604.10,616.85,629.31,642.71,655.42,667.08,678.31,687.95,695.23,701.09,708.45,719.20,732.52,747.55,765.51,782.85,797.90,815.19,832.66,845.32,851.90,849.58,845.27,843.73,842.59,847.63,856.77,869.32,883.96,903.91,920.83,933.39,932.81,924.15,912.58,901.17,879.23,860.25,840.14,825.34,826.86,815.97,804.00,791.04,771.78,762.38,759.77,761.20,774.54,789.28,801.38,819.19,839.57,860.93,885.52,911.52,935.73,956.33,966.37,972.92,983.23,1003.44,1020.43,1038.40,1055.46,1070.22,1089.15,1109.74,1117.98,1097.10,1077.22,1051.57,1033.08,1013.77,999.12,986.97,967.88,944.62
57.22,58.13,59.86,62.12,64.24,66.03,67.75,69.52,71.52,73.75,75.99,78.23,80.39,82.37,84.33,86.23,88.15,89.83,91.74,93.80,95.82,97.89,100.05,102.21,104.39,106.63,108.74,110.78,112.76,114.77,116.90,119.02,121.24,123.52,125.81,128.12,130.33,132.33,134.42,136.72,138.96,141.61,144.41,146.71,148.59,150.28,152.94,155.63,158.29,160.98,163.96,167.09,170.09,172.32,174.27,176.23,178.21,180.25,182.59,184.94,187.30,189.72,192.30,194.94,197.70,200.63,203.35,206.02,208.53,210.80,212.92,215.06,217.30,219.66,222.29,225.58,228.82,231.57,233.97,236.37,238.86,241.83,244.50,245.99,247.95,250.33,252.26,254.39,256.72,259.12,261.12,262.83,264.60,267.01,269.57,272.08,274.66,277.07,279.54,281.85,283.98,285.67,287.34,289.45,291.33,292.86,295.05,297.57,299.91,302.85,307.32,311.84,315.24,318.53,321.80,325.36,328.89,331.88,334.33,336.72,339.13,342.27,345.89,349.50,353.08,356.80,360.54,363.73,366.99,370.73,375.99,381.20,385.00,388.61,392.15,395.66,399.18,402.92,406.81,410.60,413.95,417.25,420.54,425.01,429.65,433.15,436.63,439.92,443.54,447.39,451.21,455.37,459.37,463.74,468.58,473.99,479.36,484.68,489.90,494.08,498.12,502.50,506.86,510.70,514.71,518.30,520.64,522.93,526.01,528.92,530.74,531.44,535.73,543.37,555.38,566.44,577.90,590.37,600.33,611.03,623.37,635.77,649.20,661.70,672.07,678.07,684.38,692.62,703.79,718.04,732.80,749.45,767.28,783.74,798.25,815.37,832.88,841.73,840.46,831.08,825.05,823.95,826.63,835.62,849.03,865.54,882.77,900.15,914.87,923.31,917.29,906.82,897.76,885.13,864.33,838.71,822.91,807.12,804.38,794.55,774.26,766.78,752.02,744.16,745.63,756.53,774.07,789.41,796.41,810.46,840.67,863.45,885.31,910.00,932.00,943.08,947.02,959.40,977.74,999.88,1014.66,1034.79,1053.29,1070.94,1088.24,1107.78,1116.42,1094.29,1070.36,1046.28,1024.76,1003.75,985.61,971.05,958.20,938.44
56.08,57.87,59.91,61.90,63.91,65.76,67.41,69.05,70.95,73.17,75.37,77.55,79.58,81.51,83.44,85.38,87.24,88.88,90.74,92.83,94.97,97.15,99.38,101.53,103.63,105.75,107.93,110.05,111.96,114.04,116.19,118.34,120.52,122.77,125.01,127.25,129.48,131.57,133.78,136.19,138.66,141.02,143.12,145.01,146.94,149.34,152.06,154.78,157.42,160.11,163.17,166.23,169.09,171.31,173.15,175.11,177.11,179.10,181.33,183.74,186.18,188.73,191.36,193.84,196.58,199.33,201.98,204.50,206.94,209.32,211.56,213.82,216.07,218.33,221.00,224.22,227.31,230.04,232.40,234.85,237.70,240.63,242.49,244.29,246.48,248.72,250.54,252.61,255.05,257.44,259.43,260.91,262.99,265.68,268.33,270.93,273.43,275.95,278.43,280.89,282.50,283.88,285.37,287.38,289.40,291.37,294.76,298.31,300.96,304.15,309.08,312.35,315.02,317.66,320.63,324.70,328.36,331.72,334.80,337.53,339.94,343.40,347.15,350.81,354.07,357.37,360.81,364.20,367.64,371.64,376.73,381.43,385.19,388.78,392.26,395.63,398.99,402.68,406.75,410.67,414.10,417.54,421.21,425.38,429.49,433.13,436.88,440.45,443.78,447.19,450.58,454.37,458.31,463.03,468.30,474.22,479.99,484.34,488.59,492.48,496.14,499.86,503.57,507.60,511.34,514.12,516.86,520.40,523.36,525.04,526.52,529.06,535.43,546.70,560.14,566.64,574.42,585.36,596.23,605.52,617.09,629.92,641.74,651.85,661.19,667.80,678.93,691.37,704.54,719.49,732.88,749.73,765.16,778.70,792.86,811.61,826.60,831.93,824.96,814.57,808.35,808.80,816.64,831.25,846.21,860.72,879.04,895.15,905.25,907.66,899.77,886.89,876.99,865.44,848.67,819.11,803.16,787.09,778.02,771.88,749.70,740.89,731.77,729.08,740.89,755.85,773.99,789.67,794.70,798.20,821.32,868.41,889.06,911.83,923.64,924.70,935.93,958.34,979.36,999.60,1018.79,1037.82,1055.55,1070.72,1086.00,1101.84,1114.43,1094.82,1068.06,1044.98,1023.61,999.48,977.96,959.81,945.83,928.07
55.87,58.03,60.04,61.76,63.59,65.49,67.13,68.72,70.42,72.52,74.67,76.78,78.75,80.72,82.64,84.56,86.36,88.11,89.96,92.13,94.32,96.53,98.58,100.50,102.59,104.78,106.94,109.09,111.18,113.27,115.37,117.46,119.62,121.87,124.10,126.34,128.55,130.88,133.18,135.57,137.75,139.64,141.55,143.59,146.14,148.75,151.37,153.98,156.59,159.22,162.07,164.94,167.66,170.09,172.05,174.01,176.00,178.02,180.20,182.72,185.28,187.85,190.28,192.72,195.41,197.99,200.56,203.07,205.47,207.81,210.09,212.43,214.78,217.32,220.16,223.20,226.06,228.63,230.93,233.28,235.94,238.60,240.93,243.08,245.05,247.28,249.01,251.12,253.54,255.73,257.55,259.13,261.62,264.36,267.08,269.68,272.06,274.38,276.76,279.15,280.92,282.18,283.57,286.31,289.57,291.82,295.01,298.68,301.95,305.12,308.59,311.46,314.22,316.96,319.87,324.09,328.55,332.21,335.25,338.06,340.93,344.19,347.60,350.97,354.08,357.19,360.38,363.73,367.24,370.99,375.87,380.59,384.56,388.28,391.69,394.96,398.21,401.80,405.78,409.47,412.93,416.50,420.44,424.74,428.94,432.75,436.28,439.48,442.31,445.63,449.13,453.01,457.40,462.40,467.76,473.31,478.10,481.70,485.70,489.51,493.02,496.65,500.46,504.50,507.64,510.88,513.99,517.69,519.86,520.67,524.39,530.14,538.49,546.97,553.67,560.16,570.04,581.51,593.29,601.28,611.15,624.71,634.08,641.89,651.32,663.97,677.90,690.96,705.35,719.98,732.67,749.22,760.29,768.69,781.07,802.50,814.93,815.89,806.11,796.47,792.48,799.56,811.98,826.33,842.69,856.43,871.64,884.70,892.81,891.02,884.64,874.50,861.12,849.65,829.50,799.45,782.74,768.64,756.35,748.43,731.88,717.67,715.70,726.09,740.51,759.30,779.57,793.35,801.65,828.63,861.86,883.74,900.60,907.90,904.00,914.57,937.12,959.12,981.17,1001.22,1017.17,1032.18,1044.96,1059.30,1076.59,1094.50,1110.02,1095.69,1070.73,1046.87,1023.67,999.39,976.77,957.15,935.23,913.99
55.62,58.10,60.20,61.88,63.52,65.17,66.74,68.32,69.97,71.92,73.94,76.04,78.14,80.22,82.05,83.82,85.63,87.56,89.45,91.54,93.64,95.61,97.48,99.42,101.59,103.79,105.94,108.09,110.18,112.28,114.39,116.56,118.73,120.88,123.06,125.35,127.77,130.33,132.62,134.68,136.57,138.40,140.29,142.63,145.35,147.96,150.53,153.13,155.72,158.28,160.83,163.45,166.03,168.60,170.86,172.84,174.76,176.79,179.08,181.61,184.18,186.62,188.99,191.50,194.10,196.69,199.23,201.65,203.98,206.26,208.47,210.76,213.31,216.37,219.39,222.09,224.73,227.23,229.51,231.83,234.20,236.92,239.83,241.94,243.82,245.85,247.74,249.89,251.98,253.99,256.05,258.26,260.67,263.33,265.88,268.22,270.38,272.68,275.18,277.74,279.41,280.30,282.96,286.77,290.31,292.64,295.49,298.84,302.01,305.17,308.45,311.40,314.45,317.59,320.44,324.57,329.18,332.72,335.80,338.76,341.81,344.97,348.14,351.25,354.22,357.20,360.33,363.87,367.56,371.44,375.62,379.74,383.67,387.50,391.06,394.30,397.48,400.87,404.86,408.36,411.90,415.76,419.80,423.99,428.16,431.60,434.65,437.49,440.36,443.93,447.48,451.46,456.28,461.29,466.50,471.03,474.63,478.26,482.02,485.65,490.08,494.18,497.95,501.66,505.18,508.51,511.02,513.41,514.88,517.77,524.37,531.53,535.94,538.82,544.27,553.39,566.75,579.40,588.85,596.25,606.77,617.78,625.28,635.05,649.76,662.37,675.14,689.46,703.47,718.33,732.85,745.48,748.51,753.62,763.15,781.25,794.16,791.25,782.82,778.25,780.97,794.07,808.09,822.90,838.13,850.10,862.24,873.26,879.69,875.61,869.75,861.90,846.17,831.97,813.52,786.71,765.50,753.04,742.64,730.82,716.56,702.50,710.37,726.34,748.15,777.54,801.62,815.75,833.78,861.73,889.53,900.80,903.77,889.55,890.05,912.28,932.16,951.67,973.80,992.28,1004.02,1018.11,1034.43,1053.57,1071.34,1090.67,1105.85,1091.95,1074.63,1055.28,1030.51,1005.48,980.45,959.18,937.45,916.53
55.28,57.86,60.18,61.77,63.30,64.76,66.30,67.86,69.45,71.26,73.07,75.12,77.29,79.38,81.20,82.86,84.74,86.75,88.73,90.71,92.67,94.56,96.53,98.54,100.65,102.81,104.97,107.08,109.18,111.24,113.41,115.52,117.63,119.72,121.91,124.36,127.06,129.70,131.71,133.49,135.45,137.30,139.23,141.72,144.52,147.16,149.64,152.17,154.68,157.08,159.39,161.95,164.57,167.15,169.47,171.34,173.26,175.42,177.87,180.44,182.93,185.34,187.79,190.32,192.87,195.35,197.85,200.32,202.53,204.74,206.95,209.18,211.77,214.86,218.08,221.05,223.43,225.63,227.93,230.20,232.41,235.26,238.11,240.57,242.55,244.43,246.62,248.82,250.88,252.91,255.21,257.47,259.76,262.21,264.58,266.73,268.75,271.21,273.40,275.24,276.81,279.75,283.38,286.88,290.26,293.06,295.90,298.77,301.88,305.19,308.53,311.82,315.12,318.42,321.67,325.16,328.72,332.22,335.68,338.93,342.03,345.15,348.26,351.32,354.41,357.55,360.84,364.38,367.96,371.61,375.50,379.44,383.43,387.60,391.22,394.19,397.15,400.27,404.08,407.63,411.26,415.19,419.11,423.06,426.89,430.50,433.51,436.42,439.33,442.68,446.55,450.75,455.39,460.00,464.51,468.02,471.38,475.16,478.50,482.71,487.88,492.22,495.79,499.27,502.50,505.29,507.36,508.47,510.69,516.74,521.11,524.80,526.44,531.17,540.75,551.75,563.41,570.66,577.00,586.23,597.68,606.97,619.40,632.33,646.60,660.08,672.82,687.39,701.77,716.03,729.62,734.67,734.00,737.09,745.22,757.96,765.57,763.95,761.80,764.35,774.06,787.78,801.89,814.22,826.95,839.69,852.89,862.98,867.41,859.62,850.63,845.89,831.02,815.62,800.17,780.07,751.79,734.51,726.50,715.67,703.13,694.15,703.90,730.94,760.75,789.55,815.75,838.10,855.79,874.40,888.11,892.93,885.57,871.99,885.60,905.70,918.58,937.41,960.02,978.38,995.27,1013.90,1033.34,1052.84,1072.32,1090.53,1094.81,1079.95,1065.08,1050.84,1030.05,1005.84,983.93,965.61,947.53,925.07
55.07,57.65,59.81,61.34,62.86,64.32,65.85,67.35,68.83,70.37,72.01,74.11,76.14,78.22,80.19,81.86,83.82,85.81,87.81,89.76,91.67,93.66,95.70,97.78,99.94,102.10,104.20,106.25,108.19,110.18,112.31,114.42,116.54,118.52,120.55,123.14,125.81,128.36,130.41,132.25,134.28,136.28,138.48,141.08,143.70,146.16,148.60,151.05,153.44,155.81,158.27,160.81,163.33,165.68,167.70,169.58,171.62,174.08,176.66,179.22,181.65,184.06,186.56,189.01,191.45,193.96,196.51,198.97,201.19,203.34,205.59,207.78,210.22,213.46,216.61,219.42,221.74,223.84,226.03,228.21,230.66,233.63,236.46,238.92,240.80,242.71,245.12,247.37,249.63,252.06,254.31,256.48,258.77,261.06,263.16,264.98,266.97,268.76,270.64,272.54,275.53,280.01,283.40,286.69,290.01,293.06,296.14,299.26,302.52,305.96,309.31,312.43,315.58,318.58,321.48,325.00,328.56,332.02,335.43,338.75,341.94,345.05,348.15,351.35,354.70,358.06,361.51,365.06,368.60,372.17,375.78,379.43,383.45,387.61,391.29,394.34,397.62,400.69,403.86,407.32,410.80,414.68,418.39,421.67,425.73,429.75,432.87,435.75,438.52,441.71,445.72,449.91,454.40,458.88,462.77,466.08,469.38,472.89,477.01,481.60,486.10,489.92,493.31,496.65,499.62,501.48,503.40,504.03,509.10,511.16,513.11,516.13,521.65,529.69,538.33,546.24,553.46,559.61,567.44,577.25,589.74,600.72,616.43,630.73,646.01,659.00,671.01,685.93,701.13,711.78,718.36,719.43,718.13,721.10,727.62,738.07,744.26,745.88,748.16,755.41,766.02,778.34,791.80,803.55,815.84,829.70,844.48,856.14,856.36,845.91,833.33,826.57,818.03,803.50,782.70,767.12,747.71,723.04,707.64,699.59,690.98,686.74,701.75,735.52,764.69,790.58,818.48,842.99,860.72,867.33,864.60,866.42,862.61,855.56,874.74,896.44,914.89,937.03,959.23,979.63,998.69,1016.31,1034.70,1054.81,1075.94,1084.50,1080.95,1067.56,1050.97,1036.30,1017.16,998.33,982.74,966.32,948.80,928.30
55.26,57.56,59.20,60.74,62.24,63.65,65.07,66.47,67.88,69.30,70.91,72.88,74.92,77.02,79.00,80.89,82.88,84.89,86.91,88.85,90.81,92.87,95.01,97.24,99.38,101.36,103.30,105.26,107.19,109.16,111.23,113.35,115.44,117.39,119.44,121.84,124.40,126.80,129.02,131.21,133.30,135.36,137.76,140.22,142.44,144.78,147.29,149.78,152.23,154.62,157.10,159.55,161.86,164.00,166.01,168.00,170.30,172.88,175.41,177.87,180.28,182.79,185.25,187.68,190.11,192.66,195.15,197.63,199.86,202.04,204.35,206.81,209.47,212.37,215.16,217.76,219.98,222.11,224.29,226.86,229.65,232.23,234.61,236.77,238.78,241.21,243.62,246.03,248.68,251.05,252.95,254.86,257.05,259.45,261.35,263.08,264.89,267.01,269.29,271.60,274.98,279.04,282.47,285.76,289.28,292.25,295.41,298.75,302.32,306.32,309.86,312.75,315.80,318.41,321.25,324.74,328.26,331.72,335.13,338.52,341.70,344.80,347.93,351.09,354.41,357.81,361.36,365.00,368.63,372.18,375.71,379.23,383.10,387.07,390.66,393.92,397.39,400.77,404.02,407.88,411.35,414.60,417.49,420.23,424.24,428.63,431.63,434.34,437.43,440.69,444.75,449.00,453.35,457.55,461.26,464.83,468.42,472.01,476.09,480.25,484.36,488.24,490.67,493.34,496.17,497.52,499.35,501.03,504.33,503.56,506.89,513.13,520.95,527.82,533.55,539.56,546.17,556.54,570.17,582.02,594.56,604.36,617.07,630.16,646.28,659.24,670.90,683.47,694.01,700.49,703.84,704.55,703.50,706.50,713.07,719.34,725.49,728.42,734.63,745.66,757.95,769.36,781.28,793.02,808.36,822.73,838.73,846.97,841.73,830.52,817.92,807.54,800.74,786.67,766.42,752.46,739.07,710.79,689.96,679.73,677.31,682.20,704.34,734.06,762.02,787.24,812.34,834.82,850.13,848.17,843.14,839.17,836.78,846.03,870.17,894.49,917.29,938.91,957.39,980.13,998.65,1014.81,1033.80,1056.05,1069.54,1067.26,1065.11,1058.45,1041.23,1022.43,1004.26,987.00,971.24,954.51,938.08,922.15
55.25,56.93,58.47,59.95,61.33,62.77,64.16,65.56,66.96,68.32,69.76,71.73,73.80,75.83,77.87,79.93,81.96,84.00,86.03,87.98,89.96,92.24,94.52,96.70,98.60,100.39,102.29,104.28,106.26,108.28,110.33,112.41,114.53,116.74,118.94,121.33,123.68,125.88,128.25,130.50,132.45,134.36,136.68,138.95,140.91,143.30,145.85,148.40,150.93,153.38,155.79,158.15,160.34,162.45,164.59,166.93,169.34,171.85,174.33,176.79,179.20,181.66,184.13,186.57,189.04,191.50,193.94,196.35,198.65,201.12,203.51,205.90,208.49,211.07,213.55,215.94,218.24,220.59,223.30,226.13,228.40,230.39,232.52,234.81,237.47,240.13,242.43,244.82,247.30,249.53,251.38,253.31,255.23,257.41,259.67,261.69,263.74,266.59,269.40,271.56,274.53,277.96,281.21,284.47,287.67,290.82,294.57,298.49,302.38,306.47,310.24,313.08,315.81,318.50,321.45,324.70,327.95,331.32,334.75,338.05,341.04,344.05,347.07,349.87,353.35,357.12,360.95,364.77,368.55,372.04,375.47,379.04,382.59,386.24,389.86,393.32,396.81,400.41,404.06,407.81,411.19,413.66,416.30,418.62,421.65,425.85,429.58,432.95,436.23,439.71,443.92,448.33,452.51,456.90,461.29,465.06,468.45,472.50,477.06,480.29,483.87,486.87,488.23,490.01,492.83,493.79,495.58,499.90,498.66,499.32,504.93,511.16,517.93,523.49,529.15,536.39,544.63,555.78,572.41,586.84,598.02,607.49,618.75,629.54,645.63,657.98,667.66,673.97,679.69,685.31,687.82,686.90,686.01,689.76,696.58,703.78,709.12,714.79,722.30,735.91,749.13,759.56,770.95,786.67,802.94,818.68,831.25,828.46,822.90,814.77,803.47,787.78,778.63,766.50,750.41,737.70,724.02,700.76,676.95,666.04,666.74,684.97,709.71,738.00,760.46,783.48,807.75,827.40,830.65,825.34,822.12,819.49,829.10,852.91,875.69,895.23,916.50,935.28,953.07,977.07,996.75,1013.30,1033.00,1050.92,1051.55,1047.88,1049.18,1049.47,1032.15,1012.96,992.75,972.35,954.59,941.85,929.88,911.33
54.64,56.18,57.59,59.00,60.40,61.89,63.27,64.66,65.99,67.36,68.89,70.68,72.77,74.86,76.94,79.06,81.12,83.16,85.20,87.40,89.57,91.86,94.05,95.98,97.78,99.57,101.49,103.53,105.56,107.62,109.69,111.77,113.98,116.36,118.69,121.00,123.08,125.13,127.46,129.60,131.51,133.43,135.56,137.61,139.70,142.20,144.77,147.33,149.76,152.09,154.45,156.75,158.96,161.28,163.68,166.09,168.58,171.12,173.58,176.03,178.42,180.82,183.30,185.78,188.26,190.76,193.20,195.66,198.12,200.48,202.70,205.01,207.44,209.72,212.15,214.77,217.44,220.17,222.73,224.71,226.70,228.63,230.78,233.49,236.36,238.93,241.20,243.56,245.80,247.92,250.02,251.69,253.38,255.52,258.42,260.95,263.06,265.57,268.27,271.53,275.38,279.11,281.39,284.61,287.70,291.05,295.05,299.32,303.13,306.65,309.95,312.78,315.51,318.18,321.01,324.25,327.47,330.95,334.33,337.51,340.51,343.34,346.40,349.39,352.95,356.72,360.49,364.30,367.98,371.44,375.15,378.97,382.39,385.81,389.30,392.74,396.13,399.32,402.17,405.56,409.19,412.19,415.05,417.46,419.87,423.67,427.88,431.63,435.10,438.90,443.14,447.43,451.80,456.30,460.79,465.06,469.09,473.68,478.95,481.76,483.42,484.03,485.45,487.11,489.66,490.22,493.88,496.95,494.24,497.04,502.33,507.54,513.15,519.56,526.62,534.41,543.16,554.68,571.16,584.42,593.67,603.89,616.19,627.06,642.15,652.26,657.17,661.94,666.00,669.56,671.25,670.81,669.69,672.16,678.58,684.36,694.82,704.30,711.86,725.74,739.03,751.71,766.03,782.39,798.29,813.95,819.29,813.75,807.78,800.33,787.70,771.55,759.66,749.89,736.33,723.17,709.38,688.91,665.94,654.71,663.47,691.82,720.77,750.83,770.88,789.93,810.26,818.36,810.70,805.64,804.11,813.06,838.90,864.33,886.45,904.21,922.41,941.28,960.58,981.71,999.20,1017.92,1035.48,1039.76,1034.60,1032.08,1034.10,1039.80,1031.06,1008.34,986.81,964.57,943.29,927.69,913.85,896.89
54.63,56.01,57.44,58.72,59.75,60.97,62.34,63.67,65.01,66.54,68.13,69.87,71.92,74.01,76.12,78.23,80.31,82.34,84.47,86.94,89.39,91.41,93.21,95.06,96.98,98.87,100.81,102.81,104.81,106.88,109.01,111.15,113.49,115.87,118.24,120.47,122.43,124.40,126.61,128.58,130.60,132.75,135.03,137.39,139.68,141.87,144.20,146.56,148.77,150.90,153.19,155.58,158.03,160.42,162.85,165.38,168.00,170.59,173.02,175.38,177.70,180.07,182.57,185.17,187.83,190.46,192.85,195.18,197.56,199.83,202.01,204.22,206.67,209.20,211.91,214.47,216.80,218.91,220.67,222.61,224.78,227.08,229.62,232.44,235.14,237.54,239.82,242.04,244.17,246.31,248.48,249.82,251.38,254.14,257.20,260.01,262.34,265.28,268.73,272.47,276.79,280.56,283.19,285.82,288.57,291.61,295.37,299.19,302.71,306.07,309.32,312.09,314.75,317.37,319.89,322.86,326.03,329.48,332.89,336.25,339.58,342.91,346.06,349.05,352.26,355.85,359.48,362.99,366.55,370.28,374.24,378.31,381.84,384.98,388.20,391.22,393.98,396.49,399.26,403.24,407.58,411.28,413.88,416.39,418.76,422.02,426.16,430.19,434.08,438.15,442.33,446.28,450.00,454.19,459.71,464.45,469.21,473.69,477.54,479.38,479.73,480.54,482.15,483.34,485.12,488.13,492.20,491.00,489.54,493.21,498.18,503.25,508.96,516.22,524.10,532.63,541.74,552.35,566.43,578.50,588.07,600.22,613.41,624.29,636.75,640.59,644.38,650.41,652.84,652.26,652.53,653.12,654.19,657.76,663.82,672.01,683.47,690.86,700.27,715.09,729.26,743.64,760.44,778.02,794.28,808.18,805.25,797.21,789.12,781.31,771.64,755.74,741.32,732.30,719.60,707.42,691.48,672.59,655.29,645.09,661.51,695.79,725.80,756.34,779.80,797.22,802.65,797.66,790.63,789.24,800.00,819.71,846.75,866.81,888.78,907.17,926.74,945.97,967.74,986.04,1006.28,1023.65,1028.51,1023.70,1019.01,1017.06,1019.29,1025.83,1028.59,1007.04,986.29,964.68,943.63,926.20,907.87,888.57
54.97,56.21,57.30,58.23,59.12,60.08,61.34,62.67,64.13,65.68,67.38,69.17,71.21,73.33,75.39,77.45,79.48,81.50,83.71,86.09,88.48,90.47,92.21,94.09,96.02,97.93,99.88,101.86,103.86,105.96,108.21,110.51,112.88,115.26,117.56,119.76,121.75,123.73,125.87,128.16,130.47,132.70,134.91,137.19,139.37,141.40,143.43,145.71,147.81,149.83,152.20,154.72,157.12,159.51,162.01,164.63,167.34,170.02,172.30,174.54,176.90,179.25,181.78,184.47,187.19,189.84,192.02,194.16,196.70,199.26,201.52,203.63,206.06,208.69,211.10,213.30,215.17,217.01,218.81,221.06,223.36,225.97,228.70,231.27,233.37,235.80,238.14,240.40,242.49,244.31,245.88,247.43,250.16,253.12,256.30,259.46,262.50,265.69,269.05,272.88,276.83,280.38,283.15,285.95,288.80,291.86,295.25,298.85,302.17,305.29,308.36,311.22,313.74,316.10,318.42,321.06,324.69,328.76,332.54,335.96,339.44,342.34,345.14,347.97,350.91,354.40,358.25,362.05,365.58,368.97,372.77,376.63,379.94,383.15,386.35,389.06,391.64,394.53,397.96,401.87,406.39,410.13,412.23,415.15,417.73,420.62,424.60,428.50,432.47,437.14,441.34,444.91,448.19,451.14,456.13,461.75,466.80,470.32,471.64,472.10,473.86,476.10,478.01,478.66,481.82,487.01,487.24,483.75,484.51,488.36,494.40,500.94,507.36,515.22,524.86,533.91,542.86,551.84,562.45,574.58,586.33,598.60,611.70,620.64,628.99,630.08,633.13,637.20,637.37,635.42,636.54,638.30,639.86,645.42,653.69,662.46,670.74,681.04,693.29,706.88,723.82,739.81,756.27,772.73,788.46,795.10,785.00,777.47,771.46,764.32,756.59,742.13,725.13,712.81,700.93,687.70,667.54,651.99,641.61,637.34,658.00,692.23,723.39,751.13,771.59,787.12,785.07,777.88,773.13,782.52,802.47,824.45,846.45,866.69,887.44,905.42,926.13,945.85,967.10,986.41,1007.50,1014.52,1010.31,1007.60,1005.81,1003.60,1005.45,1011.71,1019.99,1011.01,989.45,969.13,949.75,933.33,916.57,898.62
54.69,55.60,56.52,57.44,58.33,59.22,60.30,61.63,63.19,64.90,66.73,68.63,70.61,72.64,74.67,76.65,78.64,80.70,82.97,85.23,87.40,89.39,91.24,93.13,95.03,96.96,98.81,100.72,102.93,105.22,107.55,109.91,112.26,114.52,116.72,118.92,121.04,123.15,125.37,127.62,129.94,132.06,134.15,136.42,138.65,140.81,142.87,144.97,147.07,149.13,151.39,153.77,156.14,158.49,161.00,163.79,166.63,169.08,171.36,173.70,176.02,178.33,180.80,183.49,186.13,188.59,190.64,192.89,195.60,198.44,200.96,203.08,205.37,207.82,209.86,211.66,213.44,215.47,217.69,219.90,222.14,224.77,227.34,229.32,231.25,233.89,236.35,238.52,240.30,242.06,243.66,246.20,249.91,253.24,256.65,260.04,262.97,265.86,268.70,272.18,276.14,279.86,282.67,285.56,288.41,291.35,294.78,298.24,301.45,304.22,307.18,310.00,312.19,314.48,317.13,320.21,324.14,328.05,331.65,334.81,338.13,341.07,343.96,346.96,350.12,353.94,357.88,361.45,364.73,367.98,371.24,374.74,378.25,381.52,384.39,387.20,389.94,392.95,396.24,399.69,403.61,407.13,410.33,413.72,416.67,419.44,423.05,427.12,431.61,436.89,441.13,444.03,446.37,448.01,450.08,456.40,461.61,464.51,465.78,466.97,469.25,471.36,471.96,474.84,481.19,482.63,479.26,477.16,479.57,487.20,495.24,501.77,508.80,518.15,527.69,537.93,548.04,557.57,565.82,576.18,588.01,599.38,609.35,614.68,616.79,617.49,621.03,623.86,622.00,620.56,622.82,624.18,628.69,636.07,644.21,651.62,662.96,676.63,690.40,704.08,722.42,739.15,753.86,770.15,779.22,775.46,768.41,762.39,757.27,750.57,742.31,726.29,712.04,693.50,680.08,667.22,647.45,633.64,628.95,633.81,658.28,693.80,720.82,747.79,766.16,768.84,762.16,757.42,759.66,778.14,798.77,820.20,843.17,863.53,882.59,903.03,924.04,943.67,963.82,984.15,998.59,997.40,993.08,989.07,986.59,984.33,988.65,998.18,1009.25,1018.11,1000.76,978.81,961.10,947.20,934.04,916.80
53.60,54.66,55.56,56.48,57.41,58.44,59.45,60.65,62.36,64.20,66.11,68.03,69.95,71.88,73.85,75.82,77.87,79.97,82.16,84.27,86.29,88.32,90.27,92.19,94.09,96.04,97.97,100.03,102.38,104.75,107.16,109.54,111.84,114.05,116.21,118.34,120.52,122.72,124.92,127.09,129.18,131.11,133.24,135.52,137.79,140.16,142.22,144.22,146.53,148.56,150.66,153.01,155.61,158.31,160.81,163.27,165.90,168.22,170.58,172.93,175.28,177.64,180.00,182.41,184.86,187.19,189.31,191.93,194.80,197.57,200.19,202.45,204.61,206.53,208.08,210.00,212.09,214.23,216.40,218.59,220.91,223.47,225.54,227.32,229.41,232.02,234.12,236.12,237.97,240.11,242.83,247.05,250.88,253.81,257.13,260.59,263.74,266.52,269.03,271.52,275.30,279.01,282.07,284.74,287.30,290.02,293.10,296.16,299.35,301.96,305.00,307.93,310.83,313.60,316.62,319.84,323.38,327.07,330.45,333.60,337.02,340.31,343.63,346.90,349.68,352.98,357.07,360.88,364.03,367.17,370.31,373.75,376.86,379.59,382.32,385.04,387.81,390.99,394.27,397.97,401.91,405.99,409.86,412.73,415.57,418.49,421.92,426.25,430.96,436.36,440.41,442.31,443.75,445.28,447.76,452.44,457.14,459.15,460.88,463.93,466.23,467.28,468.04,472.96,477.84,475.67,472.49,472.16,478.41,488.33,497.97,504.94,513.24,524.20,532.39,540.61,550.27,561.30,571.19,581.34,590.67,598.18,602.45,604.88,605.47,606.86,608.64,606.94,607.00,605.85,608.80,613.10,620.32,627.02,634.57,646.90,662.00,675.57,690.51,705.75,723.78,742.09,756.36,769.67,770.02,762.74,755.05,748.87,742.68,735.46,724.20,707.32,693.23,673.73,655.17,643.30,627.04,618.60,620.45,635.04,661.03,693.06,724.05,753.65,760.84,751.18,743.80,739.77,753.34,776.78,801.76,822.92,841.13,860.26,879.93,901.45,922.08,940.53,960.77,977.05,980.94,976.36,973.12,970.66,968.04,966.83,974.58,986.16,998.77,1011.92,1012.14,992.47,974.64,960.22,940.48,920.91
52.64,53.70,54.62,55.53,56.63,57.81,58.79,59.90,61.60,63.47,65.31,67.19,69.09,71.03,73.06,75.13,77.22,79.20,81.13,83.17,85.20,87.27,89.44,91.52,93.48,95.47,97.59,99.73,102.01,104.27,106.50,108.97,111.47,113.64,115.83,118.00,120.16,122.28,124.36,126.44,128.41,130.07,132.17,134.39,136.58,138.80,140.74,143.04,145.78,147.98,150.21,152.53,155.31,158.12,160.75,162.97,165.32,167.79,170.21,172.54,174.84,177.11,179.28,181.46,183.66,186.08,188.60,191.19,193.82,196.44,199.18,201.47,203.17,204.46,206.16,208.44,210.65,212.41,214.44,216.89,219.54,221.72,223.48,225.29,227.50,229.73,231.80,234.23,238.47,241.89,244.77,248.29,251.54,254.49,257.70,261.18,264.80,267.73,269.22,270.98,274.55,278.13,281.06,283.40,285.87,288.31,290.92,294.00,297.19,300.49,303.69,306.86,310.09,313.00,315.98,319.18,322.44,326.00,329.64,333.50,337.63,341.11,343.92,346.46,348.66,351.54,355.68,359.92,363.16,366.31,369.34,372.21,374.88,377.37,380.00,382.63,385.65,389.29,393.14,397.53,401.65,405.00,408.24,411.12,414.19,417.27,420.70,425.25,429.85,434.03,436.85,439.12,441.03,443.10,446.81,450.68,453.91,455.00,458.30,461.81,462.74,463.66,466.57,471.16,470.64,468.22,467.10,471.35,479.87,490.48,501.20,508.65,519.25,530.42,538.72,546.59,556.00,564.69,573.74,581.90,587.98,590.42,592.07,593.92,594.69,594.95,595.27,594.24,592.97,593.19,596.48,602.35,612.80,623.60,634.63,648.84,665.30,679.22,693.50,708.41,726.05,747.15,759.47,765.55,758.74,748.24,738.43,732.21,726.92,720.36,707.54,684.64,667.38,648.34,628.30,614.24,607.64,611.11,624.98,643.15,669.59,698.81,733.77,754.04,745.76,734.05,728.24,734.57,756.18,779.97,804.57,822.60,839.08,856.52,879.36,899.84,920.15,939.09,957.09,965.30,962.27,958.71,954.85,951.70,949.17,951.93,962.81,974.61,988.52,1004.97,1012.63,996.84,975.63,956.51,933.77,916.11
51.76,52.76,53.72,54.85,56.02,57.22,58.19,59.30,60.74,62.60,64.51,66.44,68.33,70.26,72.34,74.40,76.46,78.31,80.08,82.12,84.34,86.64,88.95,91.07,92.99,94.95,97.03,99.14,101.13,103.13,105.28,108.15,110.92,113.13,115.33,117.56,119.76,121.77,123.76,125.74,127.37,128.61,130.59,132.77,134.93,137.15,139.54,142.27,144.94,147.28,149.56,152.10,154.84,157.56,160.14,162.25,164.72,167.33,169.85,172.04,174.16,176.26,178.33,180.30,182.45,185.00,187.59,189.98,192.38,195.11,197.69,199.80,201.05,202.45,204.34,206.50,208.59,210.29,212.23,215.00,217.64,219.59,221.33,223.30,225.79,228.94,231.59,234.76,239.50,242.81,245.82,248.81,251.68,254.49,257.35,260.50,264.08,266.83,268.77,270.69,273.91,277.05,279.88,282.18,284.69,287.52,290.51,293.68,296.74,300.02,303.10,306.27,309.43,312.41,315.36,318.35,321.60,325.36,329.05,333.15,337.56,341.01,342.64,344.79,347.34,350.33,354.50,358.96,362.25,364.71,367.38,370.18,372.67,375.17,377.92,381.29,385.19,388.68,392.21,396.27,399.47,402.20,405.69,409.38,412.43,415.55,418.88,422.81,426.87,429.83,432.01,434.08,437.22,441.08,445.35,449.21,450.60,451.10,455.42,458.45,458.63,460.52,462.90,463.71,462.21,462.95,465.64,475.75,485.51,495.83,505.22,514.26,523.42,531.52,539.55,545.93,554.29,562.69,569.44,574.25,577.07,578.88,579.50,580.07,581.67,581.62,581.13,580.48,578.28,582.70,588.41,598.12,612.97,624.47,637.38,649.86,665.96,680.97,695.95,712.25,730.94,748.75,758.65,755.58,745.78,732.38,723.23,716.54,711.14,705.36,689.26,661.66,641.44,622.27,604.67,598.39,604.13,619.87,640.34,664.87,690.88,716.36,742.88,742.44,727.57,715.89,715.61,733.56,757.20,783.73,806.40,826.84,841.45,860.38,881.25,899.84,920.89,942.00,951.85,950.59,945.39,940.31,936.63,933.79,933.15,938.62,950.18,964.45,978.41,998.77,1009.64,996.63,975.51,954.27,931.00,914.67
50.86,51.89,53.06,54.24,55.44,56.59,57.63,58.73,60.01,61.85,63.78,65.71,67.60,69.52,71.57,73.62,75.65,77.44,79.24,81.39,83.69,85.97,88.19,90.29,92.20,94.20,96.31,98.38,100.38,102.36,104.41,107.28,110.19,112.49,114.67,116.85,119.03,121.23,123.18,124.27,125.29,127.25,129.86,132.01,134.54,137.06,139.43,141.77,144.10,146.41,148.69,151.19,153.84,156.50,159.11,161.54,164.18,166.85,169.46,171.35,173.21,175.25,177.24,179.09,181.38,183.91,186.41,188.64,190.99,193.50,195.89,197.59,198.97,200.85,202.69,204.57,206.57,208.70,211.08,213.54,215.83,217.99,219.99,222.08,225.55,229.51,232.53,235.48,238.56,241.53,244.91,248.24,251.18,253.73,256.45,259.32,262.18,264.62,267.09,269.72,272.46,275.23,278.21,281.18,284.30,287.59,290.72,293.69,296.68,299.71,302.80,305.96,309.05,312.00,314.92,317.92,321.11,324.51,327.71,331.34,335.32,338.23,340.56,343.33,346.30,349.35,353.30,357.15,360.10,361.79,364.31,367.55,370.90,373.87,377.52,381.04,384.18,387.23,390.28,393.45,396.52,399.84,403.52,406.93,409.99,413.25,417.11,420.84,423.42,425.94,428.02,429.76,434.07,439.19,443.27,445.93,447.06,449.08,452.42,453.26,454.56,458.37,457.49,454.91,455.93,458.53,464.18,478.04,490.00,498.26,506.02,514.04,520.00,526.38,533.92,540.88,548.55,556.20,562.12,564.82,566.00,566.29,566.62,567.62,568.79,568.71,567.80,565.73,566.35,576.63,591.21,605.20,615.05,626.75,639.41,652.05,666.94,682.47,698.86,715.03,732.34,746.70,751.88,743.84,731.23,719.26,708.81,701.23,694.09,686.87,672.48,646.20,621.14,600.53,590.98,600.44,621.66,641.04,657.58,680.93,708.30,733.20,737.99,723.00,710.58,699.79,711.78,735.95,759.73,784.59,805.13,822.38,839.08,858.63,878.88,897.90,920.50,938.96,938.51,932.51,926.65,920.29,916.81,915.87,917.38,925.25,937.14,953.67,970.25,989.42,1000.82,992.65,974.19,951.97,930.02,911.58
50.09,51.28,52.46,53.66,54.83,55.98,57.07,58.25,59.49,61.15,63.12,65.15,67.27,69.39,71.40,73.29,75.17,77.03,78.87,80.89,83.06,85.27,87.44,89.36,91.12,93.23,95.37,97.55,99.71,101.63,103.98,106.81,109.55,111.74,113.82,115.97,117.90,119.74,121.36,122.01,124.31,128.00,131.14,133.10,135.09,137.04,138.78,140.75,143.10,145.42,147.78,150.22,152.90,155.58,158.22,160.87,163.50,166.09,168.60,170.69,172.46,174.34,176.38,178.44,180.44,182.75,185.17,187.43,189.59,191.92,193.98,195.50,197.01,199.19,201.03,203.19,205.66,208.28,210.69,212.73,215.51,218.28,220.38,222.18,225.42,229.10,231.85,234.72,237.69,240.66,243.98,247.23,250.29,252.88,255.45,257.97,260.45,263.09,265.73,268.25,270.53,273.64,277.18,280.78,284.04,287.23,290.34,293.35,296.46,299.54,302.56,305.51,308.56,311.56,314.47,317.31,320.14,323.11,326.18,329.34,332.50,335.96,339.53,342.57,345.54,348.44,351.72,354.39,357.13,358.92,361.72,365.70,369.57,372.95,376.39,379.59,382.49,385.37,388.27,391.26,394.48,397.85,401.34,404.65,407.78,411.40,415.72,419.20,421.18,422.99,425.12,428.02,432.10,436.64,440.25,442.44,444.62,447.51,448.81,448.77,451.79,452.52,449.24,449.42,452.89,456.90,463.97,475.89,487.68,494.60,500.94,508.38,514.40,519.76,526.36,533.82,542.09,548.58,552.11,552.48,551.87,552.86,554.30,555.87,557.40,557.37,555.54,554.94,562.32,578.82,599.16,613.50,623.09,631.79,642.37,654.78,669.29,685.57,702.87,714.99,727.55,735.24,738.45,729.26,716.99,706.35,695.37,685.81,679.15,672.09,661.96,641.54,611.41,589.18,589.88,610.16,637.29,659.85,676.35,694.18,717.78,728.77,717.94,707.23,698.06,689.15,707.97,734.35,759.45,779.52,797.16,813.79,834.76,853.27,874.74,896.48,917.86,926.31,919.23,913.33,909.13,903.89,900.67,900.29,904.13,913.13,926.65,943.20,960.75,978.66,987.73,983.27,967.75,945.26,924.81,907.95
49.43,50.65,51.83,53.03,54.26,55.41,56.63,57.87,59.15,60.70,62.76,65.00,67.28,69.45,71.42,73.28,75.14,77.02,78.90,80.69,82.56,84.69,86.87,88.56,90.19,92.29,94.50,96.66,98.73,100.86,103.40,106.03,108.63,110.95,112.95,114.47,115.44,117.77,119.70,121.71,125.07,128.37,130.84,132.71,134.41,136.12,137.98,140.10,142.47,144.91,147.37,149.83,152.44,155.07,157.65,160.07,162.46,164.93,167.32,169.55,171.64,173.85,175.93,177.79,179.58,181.74,183.97,185.96,188.00,190.06,191.97,193.59,195.31,197.92,200.38,202.72,205.12,207.40,209.60,211.91,214.77,217.65,220.24,222.43,225.10,227.94,230.67,233.75,236.79,239.75,242.75,245.87,248.97,251.57,254.03,256.59,259.19,261.81,264.49,266.97,269.33,272.78,276.72,280.49,283.64,286.68,289.68,292.72,295.78,298.75,301.63,304.65,307.61,310.37,313.09,315.84,318.55,321.17,324.44,327.79,331.24,335.02,338.80,342.01,344.41,347.23,350.05,352.21,354.54,357.37,360.80,364.55,368.27,371.78,374.94,377.81,380.61,383.52,386.45,389.33,392.49,395.97,399.49,402.94,406.64,410.47,413.34,415.63,418.26,420.49,422.78,426.20,429.75,433.58,437.14,440.18,443.16,444.96,444.32,445.89,449.11,447.36,445.35,447.87,451.67,455.90,463.60,473.41,481.91,489.60,496.09,502.54,508.20,512.60,519.77,528.64,536.32,540.74,541.14,539.99,539.17,540.39,542.27,544.66,546.56,546.60,545.42,546.82,560.83,581.00,600.75,616.02,626.79,638.46,649.08,660.27,673.25,685.74,700.49,710.51,717.71,722.43,721.76,713.00,702.88,692.78,682.98,673.06,666.11,659.74,645.76,625.80,601.62,581.50,587.72,610.39,638.77,665.52,689.52,707.95,716.67,709.66,699.37,690.95,683.70,679.72,703.57,734.37,759.37,777.53,793.68,811.50,833.65,852.19,874.64,897.27,914.63,912.01,902.83,896.23,892.50,887.50,883.73,883.73,890.67,901.92,917.48,933.19,949.48,962.51,968.93,967.75,957.07,936.81,917.61,900.72
48.85,50.06,51.30,52.54,53.82,55.12,56.39,57.65,58.89,60.41,62.59,64.86,67.04,69.16,71.08,72.95,74.91,76.90,78.86,80.69,82.44,84.25,86.20,87.61,89.40,91.47,93.43,95.42,97.43,99.70,102.00,104.37,106.81,109.09,111.16,112.30,115.14,118.84,121.16,123.25,125.59,127.80,129.67,131.49,133.35,135.54,137.86,140.17,142.54,144.92,147.29,149.66,152.07,154.59,157.09,159.36,161.62,163.94,166.49,169.08,171.47,173.24,174.61,176.60,178.56,180.52,182.36,184.09,185.90,187.97,190.04,191.78,194.53,197.81,200.32,201.98,204.15,206.43,208.55,210.84,213.68,216.54,219.38,221.93,224.61,227.53,230.38,233.26,236.12,238.94,241.70,244.63,247.56,250.38,253.04,255.73,258.39,261.01,263.59,266.35,269.05,272.50,276.45,280.11,283.10,286.05,289.07,292.08,294.96,297.69,300.44,303.27,306.02,308.72,311.51,314.36,317.12,319.60,322.97,326.79,330.62,334.38,338.18,341.13,342.94,345.47,348.16,350.56,353.36,356.55,359.84,363.47,367.15,370.60,373.60,376.39,379.01,381.82,384.72,387.51,390.52,394.12,397.98,401.90,405.46,408.15,409.51,411.60,414.28,417.22,420.45,424.00,427.31,430.77,434.29,438.14,441.51,441.72,440.35,443.14,444.59,442.64,441.99,444.79,447.71,452.82,461.06,469.80,478.13,485.60,491.24,494.60,498.33,506.51,517.66,526.24,529.98,528.90,527.25,526.34,526.90,527.85,528.82,531.93,536.01,536.60,537.84,543.12,560.71,580.37,598.19,612.63,626.13,639.04,650.49,661.16,672.01,682.29,692.30,701.48,707.90,710.71,706.94,698.54,683.98,672.98,667.36,661.03,654.01,644.71,625.17,606.69,586.12,574.20,585.05,607.17,634.77,663.03,692.61,707.70,701.83,690.94,680.57,672.84,667.87,676.75,704.58,733.80,754.97,775.35,795.88,816.50,834.72,855.15,876.51,896.53,904.68,896.48,886.61,879.49,874.76,870.41,866.63,869.34,878.63,891.42,907.23,923.05,934.87,943.23,950.29,953.72,945.31,927.47,910.90,892.04
47.46,49.32,50.95,52.29,53.65,54.99,56.26,57.54,58.81,60.25,62.34,64.45,66.52,68.60,70.50,72.47,74.48,76.48,78.46,80.28,82.08,83.77,84.92,86.54,88.80,90.75,92.36,94.13,96.12,98.44,100.55,102.63,104.94,107.36,110.00,112.49,115.36,118.13,120.39,122.44,124.38,126.48,128.56,130.57,132.75,135.13,137.53,139.89,142.24,144.58,146.97,149.43,151.78,154.08,156.41,158.61,160.78,163.09,165.72,168.29,170.42,171.77,172.80,174.76,176.77,178.75,180.68,182.30,183.94,185.83,188.53,190.96,193.78,196.94,199.50,201.31,203.32,205.52,207.61,209.86,212.75,215.75,218.54,221.19,224.07,227.13,230.10,232.88,235.73,238.47,241.11,243.84,247.10,250.22,252.86,255.44,258.05,260.62,263.37,266.45,269.54,272.71,276.03,279.25,282.29,285.23,288.25,291.12,293.81,296.49,299.17,301.90,304.67,307.50,310.36,313.08,315.78,318.31,321.56,325.54,329.29,333.03,336.62,339.47,341.48,343.80,346.53,349.54,352.46,355.60,358.75,362.17,365.82,369.50,372.44,375.01,377.54,380.19,382.88,385.55,388.52,392.18,396.37,400.41,403.52,405.25,406.54,408.37,410.97,414.40,418.10,421.60,425.03,428.26,431.79,435.58,438.88,438.71,437.45,440.24,439.75,438.31,438.83,440.71,444.17,451.15,459.83,467.09,473.31,478.83,481.85,486.62,495.50,507.72,518.16,521.32,519.80,517.19,515.45,515.01,517.67,519.25,517.86,519.36,524.56,530.03,537.54,550.25,565.20,581.42,596.53,609.05,623.31,635.29,645.36,655.14,664.06,672.52,680.75,688.85,696.42,698.37,692.04,679.64,667.17,654.71,647.70,646.02,638.95,624.70,607.64,589.41,571.20,570.44,585.66,609.88,639.65,664.66,689.82,697.42,683.78,671.09,663.01,656.81,660.32,685.45,711.98,737.48,758.48,778.26,797.70,816.73,834.76,855.62,875.01,889.01,888.70,879.90,870.10,862.79,857.88,852.94,851.03,856.60,867.50,882.52,897.02,910.67,917.80,924.63,930.80,936.48,929.23,918.74,903.82,883.86
45.35,48.55,50.90,52.22,53.53,54.87,56.14,57.41,58.70,60.13,62.15,64.27,66.38,68.41,70.08,72.04,74.03,75.74,77.50,79.28,81.25,82.13,83.55,85.47,87.68,89.76,91.35,93.35,95.74,98.11,100.20,102.20,104.80,107.59,110.30,112.73,115.04,117.22,118.91,120.70,122.92,125.14,127.54,129.99,132.29,134.64,136.93,139.08,141.25,143.59,146.08,148.69,151.09,153.09,155.22,157.53,159.78,162.18,164.66,167.00,168.86,170.03,170.96,172.84,174.96,177.13,179.02,180.23,181.96,184.48,187.51,190.08,192.75,195.44,198.02,200.41,202.48,204.76,207.25,209.71,212.40,215.13,217.80,220.53,223.67,226.89,230.03,232.75,235.43,237.96,240.32,243.06,246.43,249.70,252.39,254.95,257.56,260.18,263.00,265.87,268.63,271.33,274.59,277.83,280.69,283.72,286.77,289.75,292.48,295.14,297.83,300.61,303.52,306.46,309.55,312.35,315.12,317.81,320.77,324.46,328.00,331.33,334.38,337.00,339.73,342.03,344.94,347.99,351.14,354.29,357.39,360.56,364.09,367.82,370.94,373.16,375.42,377.99,380.61,383.34,386.67,390.43,394.53,398.47,400.99,402.22,403.82,405.94,408.52,412.08,415.87,419.52,422.66,425.68,429.06,432.53,435.28,434.67,434.42,436.91,435.57,434.69,435.42,436.96,440.48,449.81,457.50,460.76,463.48,468.65,475.87,485.44,496.38,507.58,512.13,510.46,507.02,504.79,504.64,506.53,507.21,504.00,505.69,513.59,524.55,535.35,548.30,559.40,571.71,585.28,598.41,609.88,621.42,630.33,638.07,646.31,653.19,659.83,667.67,675.28,682.15,682.59,674.85,665.92,653.57,638.04,629.31,626.38,620.48,606.70,587.78,569.20,561.64,570.51,588.70,615.10,643.72,669.77,687.55,682.54,666.77,652.43,645.18,645.89,666.26,696.21,717.65,736.56,755.37,773.76,794.26,812.84,831.96,854.60,870.15,874.18,870.32,865.01,856.52,847.88,841.19,834.12,837.26,844.57,857.19,872.52,886.39,896.30,901.77,907.19,913.70,919.93,915.70,908.12,897.06,880.03
42.98,46.72,50.64,51.94,53.25,54.54,55.86,57.18,58.55,60.06,62.17,64.24,66.28,68.00,69.46,71.37,72.59,73.37,74.97,76.73,79.15,80.83,82.74,84.70,86.89,89.36,90.98,93.51,96.14,98.76,100.62,102.56,104.83,107.49,109.73,112.05,114.22,115.85,117.43,119.58,122.05,124.52,126.95,129.37,131.67,133.82,135.89,137.87,139.92,142.34,144.88,147.35,149.62,151.49,153.66,155.98,158.49,161.09,163.41,165.39,166.69,167.75,169.12,171.20,173.23,175.31,177.10,178.47,180.87,183.47,186.28,188.89,191.66,194.36,196.89,199.23,201.52,204.16,206.88,209.56,212.13,214.85,217.64,220.31,223.35,226.67,229.75,232.19,234.67,237.18,239.38,242.28,245.55,248.74,251.60,254.24,256.89,259.42,262.14,264.87,267.37,269.77,272.78,275.88,278.88,282.01,285.12,288.14,290.99,293.73,296.50,299.30,302.30,305.83,309.53,312.30,314.94,317.51,320.14,323.36,326.45,329.15,331.89,334.91,337.77,340.28,343.39,346.67,349.75,352.73,355.69,358.48,361.54,365.07,368.00,370.39,372.79,375.43,378.20,381.44,385.23,389.25,392.98,396.01,397.90,399.29,401.24,403.52,406.49,410.08,413.66,417.07,419.83,422.84,426.22,429.62,431.93,430.73,430.96,433.43,431.08,430.87,431.94,433.26,436.80,443.74,447.69,450.97,457.95,469.18,477.33,487.50,497.30,502.12,499.79,497.37,494.94,495.76,497.30,498.67,494.27,495.64,507.62,521.55,536.90,549.70,560.99,570.60,581.82,592.03,602.16,610.59,615.39,621.43,630.55,637.48,640.40,647.00,656.27,664.09,670.61,669.02,661.63,654.16,640.56,624.23,612.64,606.80,603.63,590.68,571.51,556.79,559.23,572.99,594.08,616.39,640.81,669.62,679.12,666.19,650.28,636.97,634.34,650.38,673.73,698.48,715.10,732.77,755.06,774.60,795.10,814.73,834.61,854.75,863.92,860.35,854.67,849.38,841.07,832.96,823.93,817.44,822.96,834.64,848.90,862.10,872.77,878.76,882.44,889.83,898.46,904.34,903.30,896.33,887.47,876.69
42.80,47.13,50.34,51.73,53.03,54.33,55.68,57.03,58.37,59.98,62.35,64.22,64.81,65.56,67.08,69.03,69.75,70.68,72.66,75.48,79.28,80.98,82.71,84.77,86.86,89.32,90.98,93.17,95.72,98.26,100.50,102.66,104.81,107.02,109.20,111.29,112.81,114.56,116.83,119.20,121.50,123.82,126.10,128.43,130.65,132.68,134.64,136.59,138.61,140.96,143.41,145.73,148.06,149.94,151.95,154.31,157.06,159.90,161.99,163.22,164.39,165.96,168.21,170.19,171.65,173.51,175.29,177.43,179.97,182.59,185.34,188.25,191.00,193.48,195.86,198.30,200.92,203.73,206.49,209.18,211.78,214.65,217.54,220.42,223.27,226.13,228.63,231.01,233.63,236.33,238.88,241.61,244.72,247.85,250.83,253.55,256.19,258.77,261.29,263.79,266.29,268.75,271.51,274.49,277.47,280.56,283.67,286.63,289.58,292.42,295.20,297.93,300.92,305.44,309.75,312.38,314.73,316.80,318.94,321.73,324.23,326.80,330.09,333.21,336.19,339.22,342.45,345.55,348.28,350.94,353.70,356.47,359.06,361.96,364.86,367.62,370.25,373.17,376.45,380.07,383.96,387.91,390.81,392.89,394.67,396.46,398.70,401.18,404.41,407.93,411.44,414.38,417.08,419.84,423.07,426.23,427.97,426.61,428.91,430.22,427.60,427.70,428.67,429.49,432.43,436.99,441.17,451.10,460.76,472.27,480.09,488.55,493.60,492.21,488.68,485.96,486.48,490.38,491.69,487.85,485.74,499.14,514.60,532.57,549.63,561.07,570.59,579.51,589.29,596.94,601.96,604.70,606.70,613.95,623.90,627.47,628.01,632.68,641.33,651.25,656.50,654.27,646.54,639.58,630.19,613.58,599.31,590.50,583.55,568.75,553.38,549.43,559.63,577.09,599.77,623.16,646.85,668.60,665.81,651.58,637.59,625.88,635.41,657.37,678.52,698.34,716.89,736.02,756.76,776.07,796.76,816.82,837.45,853.09,853.69,845.02,838.36,833.64,827.42,817.60,809.06,804.48,813.00,826.66,836.57,847.08,855.53,861.45,866.58,875.16,882.77,887.39,886.34,880.34,874.61,868.38
49.00,50.54,51.04,52.13,53.41,54.65,55.87,57.13,58.37,59.81,61.93,62.42,61.79,62.29,63.85,65.90,68.54,70.61,72.87,76.06,79.06,80.92,82.82,84.73,86.74,88.76,90.87,92.86,95.19,97.63,99.85,101.95,104.03,106.07,107.93,109.81,111.81,113.86,116.10,118.36,120.36,122.56,124.85,127.16,129.42,131.40,133.33,135.26,137.40,139.81,142.16,144.51,146.92,148.61,150.08,152.57,155.56,158.08,159.75,161.15,162.83,164.61,166.76,168.93,170.42,172.21,174.41,176.78,179.20,181.81,184.50,187.41,190.17,192.72,195.33,198.02,200.75,203.46,206.11,208.58,211.18,214.06,217.00,219.85,222.22,224.58,227.12,229.78,232.64,235.54,238.45,241.45,244.39,247.24,249.99,252.59,255.11,257.57,260.04,262.63,265.17,267.70,270.29,273.10,276.14,279.32,282.37,285.39,288.39,291.25,294.08,297.26,300.59,304.69,308.70,311.67,313.42,314.78,316.99,319.33,321.74,325.25,329.11,332.48,335.70,338.80,341.74,344.37,346.81,349.27,351.89,354.56,357.09,359.62,362.51,365.30,368.19,371.39,375.19,379.31,382.93,385.75,387.87,389.80,391.67,393.94,396.37,398.92,402.10,405.71,409.01,411.80,414.59,417.29,420.07,422.41,423.43,422.05,425.32,425.65,424.31,424.69,425.56,426.59,429.45,434.41,440.58,453.03,462.47,471.16,479.15,484.42,484.44,481.22,478.14,477.73,480.81,484.63,482.47,477.13,487.00,504.86,520.37,540.70,559.06,568.12,576.80,584.17,590.59,594.72,596.58,596.86,601.41,609.09,614.46,614.30,613.20,616.64,624.38,633.09,642.82,640.28,632.45,627.47,618.47,603.08,588.17,573.15,556.15,545.27,543.05,546.75,558.17,578.98,604.13,628.35,648.44,657.92,649.89,636.65,624.65,619.04,637.15,660.43,682.68,702.16,722.10,743.52,761.27,778.49,797.98,818.65,834.80,845.38,840.42,831.28,824.10,816.65,810.99,803.22,793.51,792.44,804.41,814.83,821.56,828.50,836.53,842.93,852.52,862.92,868.95,870.19,869.01,867.20,864.30,861.00
49.12,50.67,51.80,52.75,53.96,55.15,56.28,57.33,58.37,59.49,60.74,59.95,59.45,61.45,64.03,66.46,69.80,72.12,74.09,76.44,78.68,80.67,82.58,84.53,86.45,88.33,90.32,92.48,94.63,96.78,98.81,100.88,102.76,104.51,106.61,109.04,111.19,113.24,115.32,117.29,119.13,121.29,123.61,125.90,128.01,129.97,131.91,134.09,136.94,139.65,141.61,143.57,145.79,147.23,148.50,151.11,153.74,155.67,157.47,159.82,161.70,163.41,165.23,167.27,169.25,171.52,173.85,176.19,178.55,181.07,183.95,186.90,189.81,192.53,195.20,197.91,200.49,202.87,205.26,207.69,210.16,212.89,215.62,218.13,220.36,222.94,225.68,228.47,231.25,234.26,237.58,240.71,243.37,245.90,248.50,251.25,253.83,256.44,258.99,261.55,264.07,266.53,268.87,271.64,274.88,278.22,281.46,284.46,287.36,290.23,293.30,296.80,300.26,303.73,306.84,309.58,310.93,312.34,314.70,317.34,320.62,324.98,328.99,332.20,335.19,338.07,340.49,342.62,345.04,347.65,350.27,352.58,355.07,357.65,360.34,363.27,366.28,369.55,373.76,378.32,381.44,383.43,385.28,387.16,389.32,391.74,394.15,396.96,399.97,403.33,406.54,409.45,412.33,415.06,417.18,418.71,419.01,418.15,420.39,420.35,420.90,421.64,422.47,424.15,428.64,435.00,442.81,453.27,461.01,467.11,472.80,474.64,471.77,469.73,469.99,472.54,474.72,474.57,470.74,474.87,494.31,509.71,526.44,547.06,560.27,568.96,575.76,580.52,584.81,587.88,587.68,589.52,596.14,602.35,604.01,602.13,598.41,600.30,608.01,617.83,627.37,626.32,620.88,614.46,604.25,590.71,573.77,555.81,536.89,535.17,539.30,544.23,559.62,584.24,608.78,632.10,645.84,642.58,633.08,621.11,610.04,613.51,638.96,663.33,686.03,704.81,724.52,741.60,758.64,776.87,796.00,816.31,827.66,832.59,826.92,818.17,809.81,803.72,798.74,791.17,778.89,780.01,789.76,795.39,804.39,811.36,818.80,827.18,839.02,849.28,852.63,855.47,857.40,856.49,853.53,850.31
48.16,50.17,51.80,52.90,53.96,54.84,55.40,55.21,55.46,56.01,55.48,57.31,60.73,62.97,65.47,67.97,70.29,72.30,74.37,76.47,78.43,80.24,82.12,83.99,85.89,87.78,89.58,91.40,93.39,95.50,97.51,99.34,101.15,103.48,105.90,108.28,110.53,112.48,114.30,116.14,118.18,120.26,122.50,124.58,126.55,128.53,130.48,133.03,136.09,139.14,141.32,143.08,144.55,145.77,147.63,149.61,151.52,153.57,156.07,158.66,160.70,162.34,164.03,166.23,168.60,170.93,173.30,175.72,178.13,180.72,183.75,186.72,189.60,192.25,194.66,197.04,199.42,201.80,204.25,206.69,209.06,211.40,213.89,216.45,219.08,222.02,224.79,227.36,230.00,233.12,236.31,239.18,241.69,244.19,246.84,249.77,252.57,255.21,257.83,260.43,262.92,265.33,267.82,270.50,273.77,277.31,280.64,283.43,286.27,289.12,292.29,295.42,298.44,301.19,303.71,306.11,308.79,311.79,314.74,317.58,320.53,324.16,327.64,330.66,333.92,337.17,339.16,340.84,343.29,345.86,348.31,350.49,352.85,355.38,358.14,361.08,364.37,368.26,372.58,376.42,379.20,381.23,382.94,385.22,387.69,389.73,391.87,394.88,398.08,401.25,404.25,407.21,410.15,412.47,414.08,415.15,414.12,414.21,416.46,417.21,417.67,418.28,419.15,421.03,426.51,434.69,442.72,450.67,457.32,462.82,464.77,463.12,461.15,461.86,464.50,466.62,464.62,461.08,467.01,483.28,500.20,513.81,532.87,547.48,556.35,562.87,567.75,572.11,576.64,579.51,577.76,582.35,590.84,593.62,591.55,588.13,583.12,584.92,593.13,603.29,611.48,611.15,607.00,602.02,591.61,576.22,558.91,539.95,528.69,531.91,535.46,541.96,561.59,586.26,611.86,631.25,632.78,625.60,617.39,606.32,596.55,613.90,641.36,664.79,685.84,702.13,719.25,737.80,755.75,774.78,795.39,809.90,815.97,817.28,814.02,806.32,799.56,791.66,785.05,776.82,767.12,763.16,770.39,777.07,787.39,793.23,799.23,812.94,825.50,832.63,835.46,841.03,845.21,844.44,841.65,838.32
46.25,48.98,50.96,51.88,52.66,53.13,53.31,52.81,52.19,51.17,52.53,58.72,61.91,64.16,66.54,68.76,70.76,72.63,74.47,76.31,78.05,79.81,81.64,83.43,85.32,86.95,88.23,89.88,92.07,94.19,96.15,98.13,100.33,102.45,104.61,107.06,109.44,111.29,112.79,114.78,116.95,119.10,121.16,123.15,125.13,127.12,129.31,132.19,135.29,138.23,140.51,141.90,143.04,144.51,146.21,147.97,149.81,152.24,154.83,157.10,159.10,160.89,162.90,165.39,167.94,170.44,172.96,175.51,178.02,180.61,183.37,186.21,188.97,191.43,193.70,196.06,198.47,200.86,203.26,205.71,208.00,210.31,212.97,215.80,218.59,221.33,223.92,226.42,228.89,231.66,234.63,237.40,239.91,242.67,245.75,248.71,251.50,254.15,256.78,259.30,261.84,264.31,266.75,269.29,272.51,275.88,279.04,281.81,284.33,287.11,290.25,293.17,296.18,299.06,302.09,305.62,308.86,311.51,313.92,316.52,319.87,324.92,328.36,330.63,333.61,336.17,337.82,339.34,341.55,344.04,346.30,348.26,350.37,352.83,355.66,358.89,362.74,367.33,371.11,373.45,376.09,378.79,380.88,383.67,386.38,388.29,389.82,392.48,395.69,398.92,401.99,404.82,407.52,409.65,410.97,411.58,409.68,410.54,413.36,413.92,414.09,414.18,414.38,416.00,423.19,433.32,441.13,446.95,452.14,455.65,454.53,452.66,454.19,456.56,459.17,456.89,453.65,460.63,477.06,490.21,504.20,518.38,534.44,544.32,551.00,555.37,559.95,564.06,568.56,570.04,569.19,574.85,580.19,580.38,577.04,571.27,565.93,569.81,579.17,587.84,596.78,597.65,594.34,588.93,579.18,564.06,544.58,527.49,525.40,528.45,532.56,544.81,566.04,589.76,611.49,622.35,616.61,609.38,601.45,591.85,597.46,620.14,643.07,664.45,683.57,703.07,718.57,738.35,757.18,774.09,790.81,798.87,799.90,802.67,802.04,795.07,786.69,779.38,772.38,764.57,754.23,745.34,753.09,760.85,770.33,775.37,782.95,800.46,812.99,817.46,821.79,828.62,832.71,832.52,830.12,827.29
42.73,44.47,47.71,50.46,51.17,51.15,50.97,50.14,48.53,48.79,52.33,57.21,61.13,63.76,66.30,68.75,70.81,72.55,74.22,75.91,77.66,79.39,81.20,82.88,84.35,85.61,87.26,89.31,91.31,93.14,95.05,97.03,99.01,100.89,103.13,105.44,107.68,109.44,111.21,113.38,115.53,117.65,119.68,121.76,123.91,126.39,128.91,131.70,134.48,137.01,139.01,140.34,141.86,143.33,144.94,146.68,148.56,151.00,152.89,154.76,156.85,159.35,161.94,164.58,167.24,169.91,172.47,174.94,177.38,179.78,182.49,185.25,187.89,190.40,192.77,195.17,197.63,200.10,202.41,204.73,207.14,209.61,212.24,215.08,217.86,220.47,222.96,225.40,227.88,230.48,233.20,236.10,239.05,242.06,245.21,248.10,250.81,253.27,255.68,258.21,260.69,263.11,265.64,268.22,271.03,274.06,276.92,279.28,281.87,284.96,288.33,291.35,295.99,300.03,302.71,305.03,307.12,309.66,312.27,315.24,318.66,324.87,330.17,331.82,333.04,333.58,335.08,337.18,339.80,342.15,344.19,346.02,347.98,350.44,353.75,357.26,361.14,365.37,368.41,370.17,373.17,376.70,380.11,383.19,384.90,385.92,387.49,390.01,393.06,396.08,399.35,401.93,404.69,406.89,408.02,408.26,406.47,408.53,410.50,410.51,410.49,410.06,409.46,412.71,421.99,431.44,438.03,442.91,444.84,444.27,442.65,445.72,449.10,451.76,451.19,447.48,454.05,466.83,483.76,498.23,510.38,523.72,533.47,539.76,544.71,548.18,552.77,556.71,559.10,558.97,562.05,569.16,571.64,568.96,561.53,554.44,551.61,553.63,563.51,573.87,582.04,583.25,581.09,576.00,567.85,551.91,532.75,521.25,522.72,525.97,534.62,553.49,574.77,593.34,608.69,610.20,602.98,595.39,586.52,584.34,604.77,627.54,646.67,667.87,685.75,704.99,719.20,736.46,755.19,768.11,778.22,782.24,783.34,786.80,788.22,781.20,773.15,764.47,757.73,753.04,744.21,729.88,737.47,746.15,754.13,758.89,770.42,786.42,799.23,804.18,809.88,816.26,820.36,820.39,818.45,816.59
30.47,31.84,35.58,40.74,44.37,44.67,43.90,44.95,47.62,50.40,53.63,57.30,60.72,63.31,65.82,68.35,70.54,72.22,73.83,75.51,77.22,78.81,80.37,81.71,82.96,84.51,86.46,88.42,90.31,92.03,93.99,95.91,97.69,99.35,101.25,103.48,105.52,107.52,109.86,112.14,114.31,116.52,118.68,120.82,123.17,125.85,128.57,131.01,133.24,135.59,137.39,139.11,140.76,142.22,143.70,145.39,147.32,149.11,150.46,152.93,156.19,158.92,161.48,164.10,166.69,169.31,171.77,174.14,176.53,178.96,181.47,184.10,186.72,189.34,191.79,194.24,196.66,199.12,201.46,203.79,206.19,208.63,211.35,214.21,216.95,219.50,222.05,224.61,227.20,229.74,232.49,235.61,239.07,241.94,244.47,246.99,249.55,251.98,254.49,256.94,259.35,261.83,264.32,266.79,269.19,271.96,274.67,277.15,279.99,283.22,286.44,289.26,293.85,299.26,300.91,301.55,303.65,306.85,309.77,313.16,317.04,322.23,326.97,328.67,329.38,330.38,332.31,334.99,337.61,340.05,341.96,343.80,346.24,349.08,352.46,356.20,360.01,363.20,365.98,367.88,370.93,376.56,380.61,381.96,381.98,382.56,384.38,386.94,389.64,392.49,395.57,398.67,402.05,403.97,405.10,404.86,403.14,405.31,406.70,406.61,406.63,406.04,406.15,412.45,422.47,429.42,433.92,435.96,433.41,433.71,437.11,441.95,444.72,443.65,440.43,449.40,461.78,475.45,489.03,502.45,513.21,522.82,528.87,533.34,537.86,542.26,546.01,548.79,549.09,548.40,555.71,561.93,560.89,553.51,544.44,539.29,537.38,539.66,550.14,561.82,565.47,564.28,564.14,563.35,555.62,539.74,522.70,516.20,518.83,526.13,543.41,562.40,578.35,591.26,602.08,599.28,591.59,581.37,575.35,586.69,610.40,631.47,648.99,668.60,684.79,702.46,716.94,733.46,748.25,757.90,763.38,766.11,769.12,772.56,773.25,766.48,758.40,749.90,744.41,741.14,732.97,715.53,720.15,730.85,736.82,746.34,760.08,774.25,785.43,790.76,797.91,804.97,809.46,809.85,808.01,806.61
20.35,21.84,25.84,29.14,32.61,36.95,42.65,48.46,51.20,52.76,55.22,58.17,60.30,62.73,65.24,67.79,70.08,71.78,73.38,74.94,76.39,77.80,79.19,80.41,81.70,83.34,85.30,87.23,89.10,90.96,92.87,94.65,96.36,97.95,99.50,101.54,103.79,106.32,108.99,111.42,113.61,115.74,117.82,119.92,122.50,125.23,127.91,130.32,132.33,134.28,136.16,138.00,139.80,141.22,142.62,144.19,146.23,148.19,150.53,153.20,156.44,158.69,160.88,163.44,166.03,168.65,170.93,173.34,175.73,178.06,180.43,183.03,185.64,188.22,190.66,193.08,195.50,198.01,200.63,203.07,205.58,208.19,210.75,213.23,215.94,218.68,221.36,223.91,226.48,229.03,231.90,234.97,238.30,241.07,243.43,245.91,248.28,250.72,253.23,255.67,258.04,260.36,262.75,265.05,267.51,270.16,272.86,275.60,278.42,281.32,283.99,286.80,290.28,294.90,296.94,298.19,300.91,304.37,307.83,311.76,316.03,320.29,323.70,325.19,326.06,327.59,330.00,332.58,335.12,337.58,339.53,341.92,344.82,347.81,351.09,355.04,359.00,361.84,364.54,367.52,371.06,376.28,378.36,378.08,378.44,379.29,380.93,383.44,386.28,389.00,391.75,395.32,398.78,400.72,402.00,401.75,399.52,401.69,402.37,402.51,402.68,402.06,404.25,413.68,422.98,425.90,426.81,425.78,425.85,429.09,434.31,437.96,438.13,432.98,437.66,455.78,468.85,483.38,495.14,503.96,511.00,517.32,522.53,526.56,531.30,535.84,538.27,538.48,538.33,542.22,547.81,549.96,543.37,535.00,528.79,525.00,523.09,525.60,537.18,544.99,547.82,546.94,547.15,548.88,541.22,527.08,512.49,512.04,516.09,529.15,549.04,564.32,575.94,586.11,590.47,584.12,577.21,569.66,574.23,593.86,615.25,634.16,650.63,667.81,682.60,700.37,715.05,727.74,738.66,744.58,748.98,752.54,755.69,758.68,758.02,751.82,743.48,736.22,731.18,727.37,718.77,701.27,704.60,715.79,721.37,735.44,751.02,763.76,773.29,778.64,786.56,794.48,798.57,798.65,796.30,795.77
17.84,24.26,29.84,33.00,36.44,40.76,45.26,50.10,52.36,54.16,56.03,57.90,59.79,62.17,64.59,66.95,69.22,71.03,72.50,73.89,75.27,76.67,78.02,79.20,80.48,82.17,84.09,85.98,87.91,89.84,91.67,93.40,95.01,96.56,98.10,100.15,102.92,105.75,108.45,110.69,112.76,114.93,117.08,119.28,121.80,124.42,126.94,129.29,131.25,133.05,134.89,136.75,138.57,140.19,141.62,143.83,146.47,149.18,152.07,154.07,156.12,158.07,160.16,162.80,165.61,168.11,170.44,172.79,175.04,177.24,179.44,181.93,184.56,187.04,189.46,191.89,194.36,197.07,199.82,202.31,204.70,207.10,209.46,212.06,214.95,217.89,220.56,223.05,225.56,228.17,231.07,234.12,237.11,239.91,242.34,244.72,247.10,249.57,252.01,254.38,256.72,258.84,260.91,263.31,265.79,268.29,271.01,273.69,276.36,278.88,281.68,284.82,288.09,291.22,293.81,296.63,299.59,302.93,306.42,310.05,313.78,317.57,320.47,321.82,323.04,325.11,327.58,330.07,332.54,335.03,337.61,340.70,343.77,346.86,350.08,353.95,357.77,361.21,364.14,367.01,370.43,372.15,371.92,372.90,374.89,376.35,378.11,380.48,383.40,386.00,388.10,390.12,392.74,395.56,397.77,397.45,395.55,398.36,398.24,398.61,398.70,398.73,404.14,414.32,419.77,419.16,418.28,419.17,423.18,426.50,428.35,425.98,426.73,431.68,444.53,460.46,472.72,485.52,495.51,501.46,506.00,511.01,516.31,520.71,525.15,529.00,528.69,526.68,529.86,535.98,538.21,535.00,525.87,519.17,514.94,511.99,510.81,513.49,521.16,526.58,529.22,528.81,530.02,533.36,527.10,513.12,506.51,508.24,514.48,534.26,551.20,561.20,571.57,579.24,575.77,569.98,564.49,563.35,581.63,601.42,619.15,635.85,650.15,666.04,679.38,695.95,710.01,718.53,725.39,730.96,734.62,738.17,741.42,744.43,743.89,739.03,733.13,725.97,718.54,713.51,704.53,688.64,693.28,701.03,711.37,727.27,742.75,754.25,759.63,766.15,776.71,785.43,789.72,788.06,786.11,785.34
20.37,33.50,38.87,40.18,41.62,43.41,46.96,49.67,51.64,53.63,55.51,57.29,59.16,61.27,63.58,65.85,68.03,69.89,71.38,72.77,74.14,75.55,76.84,78.10,79.37,80.96,82.84,84.74,86.65,88.61,90.44,92.07,93.64,95.38,97.56,100.03,102.72,105.42,107.80,110.05,112.26,114.43,116.55,118.66,120.92,123.44,125.97,128.21,130.07,131.76,133.57,135.33,137.01,138.72,141.05,143.77,146.39,149.03,151.36,153.26,155.41,157.73,160.09,162.63,165.21,167.57,169.84,171.98,174.04,176.17,178.47,180.91,183.40,185.82,188.27,190.68,193.21,195.75,198.28,201.14,203.69,206.20,208.90,211.52,214.23,217.00,219.37,221.66,224.25,227.04,229.87,232.82,235.69,238.51,241.07,243.43,245.81,248.29,250.77,253.10,255.24,257.21,259.17,261.34,263.64,266.24,268.85,271.32,273.94,276.80,279.90,283.14,286.33,289.50,292.53,295.57,298.44,301.47,304.66,307.82,310.97,314.84,317.88,319.00,320.38,322.62,325.25,327.68,330.30,333.29,336.74,340.07,343.13,346.23,349.49,353.07,356.65,359.60,361.45,362.46,364.98,366.45,367.06,369.56,372.08,373.88,375.79,378.04,380.60,382.94,384.71,386.18,387.90,389.99,392.01,391.83,391.59,394.54,394.72,394.97,394.88,397.47,403.80,408.78,409.18,409.24,412.27,416.79,419.39,418.90,417.00,419.71,432.04,442.52,455.64,467.05,475.47,484.18,491.22,496.23,501.23,505.99,510.47,515.16,518.64,519.96,516.04,516.15,523.48,526.86,525.45,519.79,511.01,504.53,499.97,497.96,498.04,500.20,505.94,508.52,510.63,512.40,513.42,517.19,513.06,504.16,502.81,506.75,517.07,537.37,548.57,556.45,566.63,568.69,562.32,555.67,553.11,566.86,587.65,603.29,619.61,634.81,647.51,661.52,674.81,689.29,699.87,707.90,713.39,717.83,721.95,725.05,727.68,728.92,728.31,725.85,720.68,712.82,704.27,699.31,691.22,677.41,681.97,690.67,704.11,720.29,735.11,742.33,747.92,756.42,767.52,775.92,778.03,776.07,774.75,774.66
20.00,35.55,41.35,42.59,43.91,45.48,47.79,49.34,51.17,53.09,54.87,56.65,58.43,60.30,62.55,64.72,66.70,68.62,70.27,71.67,73.06,74.43,75.83,77.13,78.45,79.78,81.55,83.50,85.50,87.34,89.17,90.80,92.34,94.58,97.35,99.96,102.37,104.91,107.26,109.47,111.61,113.73,115.85,118.02,120.30,122.59,124.98,127.03,128.76,130.44,132.08,133.72,135.37,137.59,140.76,143.24,145.66,148.15,150.47,152.29,154.64,157.23,159.76,162.06,164.19,166.37,168.57,170.72,172.91,175.25,177.57,179.82,182.25,184.67,187.06,189.41,191.72,194.25,197.60,200.86,203.27,205.83,208.46,211.01,213.48,215.99,218.09,220.25,222.94,225.74,228.55,231.31,234.02,236.69,239.53,242.01,244.45,246.98,249.47,251.60,253.65,255.70,257.63,259.34,261.60,264.35,266.87,269.27,272.14,275.28,278.40,281.52,284.86,288.29,291.45,294.17,297.03,299.85,302.72,306.30,310.12,313.71,315.90,317.26,318.63,320.48,323.00,325.78,328.94,332.37,335.92,339.27,342.25,345.50,348.64,351.87,355.09,356.57,357.39,358.09,359.28,361.62,364.46,367.32,369.66,371.41,373.24,375.39,377.60,379.62,381.12,382.39,384.21,386.14,387.24,386.91,389.11,390.63,391.04,391.13,391.89,395.67,399.16,401.14,402.69,406.01,410.27,412.58,410.67,409.87,416.35,428.94,441.00,450.24,461.45,470.02,474.62,479.62,485.28,490.37,495.50,500.11,504.74,509.59,513.10,511.55,505.97,509.19,514.47,514.34,510.29,505.03,495.85,489.44,487.00,486.22,486.18,487.10,489.78,488.73,491.54,497.86,499.65,503.13,503.06,497.74,500.36,506.69,520.47,536.30,544.60,552.23,558.19,554.96,549.79,545.72,554.11,572.37,585.87,599.80,613.38,630.00,644.04,657.38,671.06,679.91,689.32,696.88,702.77,706.82,709.33,709.76,713.40,714.68,714.61,711.96,707.33,700.30,690.72,684.83,677.36,664.72,670.31,682.68,699.81,712.87,722.84,728.09,735.85,747.42,758.47,766.51,766.77,764.35,765.07,766.26
18.64,33.50,41.25,42.89,44.44,46.02,47.56,49.04,50.66,52.50,54.30,56.09,57.84,59.53,61.50,63.54,65.56,67.56,69.19,70.61,71.97,73.24,74.86,76.25,77.57,78.84,80.48,82.39,84.21,85.99,87.76,89.30,91.16,93.63,96.28,99.03,101.68,103.67,106.08,108.45,110.67,112.81,115.05,117.38,119.76,121.99,123.91,125.63,127.39,129.15,130.76,132.22,133.97,136.70,139.67,142.19,144.61,147.07,149.39,151.26,153.63,155.97,158.37,160.69,162.85,165.11,167.38,169.66,172.01,174.22,176.46,178.81,181.17,183.44,185.76,188.01,190.30,193.52,197.08,200.32,202.85,205.33,207.81,210.32,212.63,214.76,216.90,219.05,221.45,224.12,226.81,229.41,232.01,235.05,238.03,240.76,243.14,245.83,248.09,249.92,252.06,254.17,256.13,258.03,260.28,262.90,265.44,268.07,270.92,274.04,277.08,279.99,283.16,286.47,289.43,292.46,295.41,298.41,301.77,306.06,309.94,312.19,314.05,315.74,317.18,318.84,321.22,324.55,328.13,331.66,334.94,337.61,340.72,344.45,347.79,350.83,352.53,351.97,352.64,354.05,356.40,359.51,362.44,365.03,367.10,368.77,370.37,372.25,374.25,375.85,377.17,378.67,380.53,382.50,382.67,382.99,385.94,386.34,386.55,387.00,388.17,390.09,392.88,395.85,399.99,403.82,404.86,402.26,404.39,412.96,425.04,439.09,447.30,453.92,460.49,465.37,469.22,473.85,478.88,483.79,488.87,494.34,498.76,503.15,506.68,502.79,497.96,502.50,503.54,500.49,496.19,490.44,481.45,474.66,472.25,473.32,472.78,471.69,470.75,472.57,476.36,483.04,489.82,493.85,495.00,491.80,495.66,504.94,521.10,532.89,541.04,548.56,548.28,542.18,537.21,543.37,558.46,573.84,586.55,598.67,612.07,630.06,641.85,651.13,662.64,670.51,676.97,683.96,691.51,695.27,695.79,696.16,698.15,700.13,700.71,698.60,694.05,686.82,678.20,669.32,661.68,652.84,660.64,675.36,692.47,702.18,708.37,713.63,722.91,735.81,745.32,754.40,754.59,753.24,756.24,758.21
17.22,30.98,40.86,42.51,44.12,45.68,47.28,48.82,50.39,52.19,53.92,55.60,57.25,58.87,60.62,62.65,64.66,66.62,68.12,69.43,70.66,72.05,73.75,75.33,76.68,78.05,79.59,81.19,82.83,84.57,86.31,87.97,90.22,92.80,95.11,97.75,99.56,101.82,104.46,107.08,109.65,111.97,114.34,116.65,118.91,120.88,122.47,124.13,125.85,127.63,129.19,131.16,133.52,136.09,138.73,141.33,143.76,146.06,148.13,149.87,152.02,154.39,156.85,159.44,161.85,164.16,166.42,168.66,170.85,173.04,175.37,177.75,180.15,182.32,184.50,186.99,189.65,192.75,196.08,199.57,202.20,204.63,207.06,209.25,211.28,213.43,215.59,217.68,219.78,222.24,224.87,227.59,230.57,233.62,236.53,239.22,241.97,244.57,246.27,248.67,250.97,252.89,255.13,257.36,259.44,261.94,264.67,267.39,270.00,272.90,275.79,278.68,281.77,285.17,288.65,291.98,295.16,298.28,301.50,305.10,308.12,310.27,312.21,314.04,315.62,317.47,320.06,323.61,327.28,330.50,333.06,336.22,339.79,343.43,346.13,347.08,347.08,347.14,348.50,351.39,354.70,357.66,360.25,362.58,364.48,366.05,367.53,369.04,370.67,371.81,373.38,375.41,377.51,379.10,378.60,379.88,382.05,381.92,382.06,382.90,384.51,386.49,389.15,392.74,395.75,396.16,394.19,399.24,410.40,420.70,433.88,442.52,447.27,451.89,456.38,459.88,463.53,467.74,472.42,476.67,482.36,488.67,492.43,495.65,496.71,489.76,490.94,493.63,490.59,487.57,484.07,476.14,465.59,459.06,460.65,462.37,460.08,459.89,463.01,466.87,471.73,476.80,482.68,487.00,487.76,486.58,492.44,505.68,520.39,529.86,539.05,542.21,537.62,531.00,532.13,547.90,560.38,573.88,587.04,598.78,611.20,626.03,635.25,642.76,651.78,660.75,666.38,672.13,678.42,682.38,681.05,680.73,682.74,684.73,685.93,683.90,680.16,674.79,667.32,655.10,643.91,639.81,654.20,668.25,680.00,688.35,695.21,700.37,709.69,722.48,734.55,742.78,741.50,742.23,746.33,748.97
17.00,28.41,40.47,42.21,43.77,45.35,46.94,48.52,50.10,51.75,53.39,55.03,56.68,58.29,59.83,61.77,63.78,65.58,66.88,68.11,69.38,70.91,72.60,74.30,75.78,77.27,78.82,80.25,81.76,83.33,85.29,87.53,89.81,91.89,94.01,96.25,98.44,101.06,103.71,106.27,108.70,111.05,113.26,115.39,117.50,119.34,120.99,122.66,124.34,126.06,128.38,131.17,133.60,135.96,138.24,140.42,142.66,144.88,146.87,148.55,150.47,152.92,155.58,158.26,160.79,163.01,165.09,167.23,169.51,171.82,174.22,176.59,178.99,181.06,183.23,185.81,188.41,191.38,195.04,198.63,201.52,203.75,205.84,207.89,209.96,212.11,214.22,216.32,218.39,220.68,223.46,226.59,229.53,232.31,234.89,238.17,241.14,242.64,244.72,247.37,249.67,251.70,254.34,256.86,259.20,261.64,264.19,266.71,268.96,271.53,274.46,277.70,281.13,284.59,288.02,291.51,295.05,298.67,302.07,304.87,307.18,309.06,310.87,312.37,314.06,316.56,319.22,322.34,325.31,328.18,331.64,335.68,339.24,341.53,340.88,339.63,340.32,342.93,346.17,349.96,353.06,355.64,357.97,360.08,361.85,363.29,364.66,366.01,367.25,368.22,370.41,372.81,374.94,375.47,374.96,377.11,378.49,378.24,378.07,379.17,381.24,383.38,386.28,387.56,387.19,389.13,398.09,408.79,416.84,427.15,435.35,440.14,443.34,447.45,451.45,454.41,457.38,461.14,465.24,470.14,476.29,481.71,485.22,486.37,482.69,477.73,482.94,480.47,476.92,476.47,470.33,458.70,450.00,448.81,451.08,451.88,453.79,457.35,461.63,466.47,471.27,475.66,479.60,482.13,482.03,482.28,492.60,507.43,519.39,528.74,535.50,533.71,527.87,525.21,537.38,550.59,561.46,574.76,587.10,598.18,609.15,619.28,626.15,634.21,642.24,648.62,654.98,661.57,667.08,669.54,668.36,667.10,669.20,671.37,672.15,671.26,668.75,663.33,654.35,642.73,631.50,632.60,649.22,661.51,667.73,673.11,678.50,686.40,699.38,710.83,723.47,730.03,728.76,729.77,736.25,740.82
16.52,26.35,39.83,41.89,43.44,44.99,46.59,48.11,49.64,51.21,52.85,54.49,56.13,57.68,59.27,61.33,62.93,64.23,65.56,66.88,68.41,70.09,71.74,73.36,74.88,76.29,77.56,78.94,80.53,82.54,84.88,87.17,89.17,91.05,93.15,95.54,98.00,100.56,103.03,105.43,107.70,109.81,111.90,113.97,115.94,117.70,119.47,121.25,122.98,125.20,128.09,130.86,133.10,135.29,137.43,139.59,141.74,143.81,145.82,147.64,149.43,151.77,154.49,157.08,159.41,161.43,163.58,165.91,168.34,170.60,172.83,175.15,177.48,179.68,182.24,184.89,187.61,190.49,193.88,197.31,200.20,202.04,204.08,206.28,208.44,210.62,212.82,214.99,217.17,219.45,222.22,225.44,228.63,231.29,233.36,236.17,238.81,240.80,243.41,245.87,248.06,250.66,253.52,256.18,258.72,261.21,263.31,265.44,267.70,270.15,273.39,276.82,280.45,284.28,287.92,291.50,295.20,298.82,302.06,303.75,305.31,307.08,308.91,310.49,312.89,315.53,317.89,320.14,323.17,326.86,330.78,334.13,334.76,334.24,333.59,334.79,337.39,340.41,343.77,347.66,350.93,353.36,355.34,357.18,359.04,360.42,361.63,362.83,363.89,365.30,368.31,370.90,372.51,371.73,371.27,373.79,375.49,374.94,374.45,375.57,377.56,380.27,382.39,380.26,383.65,393.08,402.87,410.19,416.11,423.30,430.74,434.87,437.91,441.21,445.21,448.19,450.77,454.52,459.11,464.60,469.56,474.37,476.76,474.16,468.29,469.93,471.83,466.06,467.42,466.78,451.95,441.38,439.08,442.54,445.61,448.53,452.43,456.57,460.37,464.52,469.38,472.55,475.11,476.89,477.44,484.55,499.51,510.11,517.68,527.44,528.40,522.98,518.60,525.89,540.15,551.97,565.11,577.03,588.35,597.64,605.99,612.12,616.29,624.05,630.90,635.75,643.82,650.67,654.79,656.89,654.42,653.46,655.91,657.11,659.60,660.09,658.12,652.83,643.01,630.87,620.09,627.23,641.91,651.58,656.06,659.31,665.18,674.03,687.06,701.60,713.07,717.34,716.00,719.59,726.10,732.60
16.10,25.21,39.40,41.72,43.18,44.69,46.21,47.66,49.11,50.63,52.29,53.94,55.56,57.15,58.70,60.16,61.51,63.02,64.68,66.37,67.97,69.45,70.98,72.40,73.59,74.83,76.12,77.73,79.75,82.10,84.50,86.78,88.53,90.31,92.49,94.97,97.46,99.94,102.26,104.37,106.41,108.44,110.55,112.43,114.28,116.09,118.03,120.11,121.97,124.69,127.52,130.21,132.45,134.56,136.66,138.77,140.80,142.66,144.84,146.81,148.68,150.87,153.36,155.63,157.75,159.95,162.34,164.82,167.29,169.50,171.65,174.02,176.77,179.54,181.92,184.45,187.07,189.33,192.02,195.03,197.66,200.20,202.56,204.84,207.14,209.44,211.54,213.57,215.80,218.08,220.65,223.81,226.99,229.82,231.94,234.15,236.85,239.64,241.79,243.97,246.91,250.16,252.86,255.34,257.62,259.78,261.60,263.76,266.10,268.70,271.79,275.31,279.32,284.22,289.14,292.39,295.45,298.00,299.98,301.46,303.07,304.64,306.57,309.10,311.83,314.22,316.57,319.01,321.94,325.40,328.74,330.56,329.43,327.93,329.30,332.08,334.67,337.57,340.76,344.51,348.05,350.53,352.26,354.26,356.05,357.40,358.58,359.64,360.65,362.29,365.29,367.76,369.27,368.91,368.00,371.08,372.38,371.74,371.04,371.71,373.56,376.53,376.22,377.33,384.63,392.07,399.33,405.86,412.21,417.97,424.19,429.24,432.25,435.50,438.55,441.47,445.07,449.58,454.49,459.38,464.17,467.40,466.74,460.88,458.26,463.72,459.91,457.64,463.95,457.70,439.00,432.82,437.93,442.34,445.27,448.24,451.47,455.03,457.84,461.30,465.63,468.60,470.62,471.72,481.52,494.72,503.56,508.47,515.25,520.31,514.59,510.40,515.76,529.36,539.84,551.76,564.95,574.81,584.22,592.47,598.89,603.02,607.49,613.72,618.33,623.32,631.02,637.42,640.67,644.34,641.08,638.11,641.17,642.40,645.92,648.22,646.26,641.20,632.73,621.09,609.09,618.30,631.24,639.62,643.10,647.09,654.14,664.52,676.74,691.50,702.06,702.83,704.01,710.07,715.76,722.73
16.45,25.09,39.60,41.80,43.27,44.72,46.11,47.57,48.94,50.19,51.72,53.28,54.79,56.18,57.56,59.18,61.02,62.70,64.05,65.33,66.61,68.08,69.83,70.85,71.94,73.63,75.64,77.88,80.21,82.30,84.23,86.17,87.92,89.65,91.86,94.31,96.70,99.09,101.16,103.08,105.01,106.96,108.89,110.62,112.59,114.60,116.75,119.26,121.13,123.78,126.61,129.36,131.54,133.57,135.61,137.63,139.53,141.59,143.76,145.86,147.80,149.74,151.88,154.03,156.31,159.02,161.52,163.86,166.21,168.44,170.78,173.63,176.57,179.41,181.70,183.89,186.27,188.14,190.00,192.70,195.58,198.63,201.28,203.51,205.70,207.94,210.11,212.10,214.35,216.75,219.25,222.01,224.96,227.58,230.08,232.84,235.28,237.50,239.46,242.47,246.05,249.27,251.68,253.96,256.03,258.02,259.88,262.07,264.65,267.47,270.69,274.63,278.47,283.64,289.59,292.40,294.45,296.39,298.10,299.40,300.75,302.36,304.97,308.16,311.16,313.66,316.09,318.34,320.67,323.42,325.52,325.44,324.84,324.92,327.19,329.73,332.02,334.76,337.92,341.13,344.30,346.73,349.06,351.46,353.02,354.42,355.57,356.65,357.91,359.34,361.76,363.98,365.44,365.44,364.50,366.71,368.85,368.64,368.16,367.19,369.38,371.77,370.18,375.09,381.74,388.60,395.21,401.23,408.22,414.08,419.28,423.74,426.50,429.60,431.38,434.84,441.75,445.73,450.40,455.23,458.49,458.98,454.77,449.31,453.40,452.56,448.69,454.80,461.50,453.52,432.80,429.92,436.66,440.87,443.89,446.92,450.04,452.54,455.01,458.28,461.83,463.88,466.24,474.15,489.17,496.54,501.31,505.55,507.88,505.99,503.03,509.90,519.34,528.14,537.25,547.02,556.44,565.25,575.51,584.52,589.76,594.20,598.86,602.16,605.74,612.21,618.69,624.34,629.14,631.83,628.68,623.98,626.22,629.01,633.05,636.90,635.33,630.44,622.67,610.36,599.76,608.78,621.10,627.41,629.34,636.33,644.75,655.35,666.31,678.54,687.04,688.45,692.68,699.69,705.89,714.27
16.36,26.81,40.38,42.08,43.56,44.98,46.31,47.61,48.51,49.29,50.91,52.34,53.66,54.97,56.58,58.31,59.98,61.17,62.23,63.55,64.91,66.53,68.21,69.82,71.66,73.77,75.95,78.03,79.90,81.71,83.40,85.25,87.13,88.96,91.04,93.38,95.68,97.84,99.93,101.88,103.80,105.48,107.41,109.69,111.69,113.63,115.81,118.29,120.17,122.85,125.60,128.18,130.52,132.50,134.47,136.51,138.76,140.91,142.91,144.87,146.74,148.53,150.34,152.57,155.34,158.28,160.85,162.95,165.52,168.21,170.85,173.64,176.41,179.11,181.39,183.33,185.14,186.92,188.69,190.88,193.90,196.87,199.59,201.91,204.24,206.52,208.57,210.68,213.08,215.56,218.08,220.66,223.31,226.03,228.72,231.04,232.99,235.05,238.05,241.68,244.91,247.64,250.18,252.53,254.53,256.37,258.30,260.52,263.48,266.88,270.90,275.80,280.24,284.18,288.05,290.95,292.82,294.71,296.22,297.20,298.40,300.74,304.20,307.88,310.94,313.18,314.77,316.05,317.83,320.30,321.24,320.17,320.71,322.35,324.83,327.04,329.22,331.97,335.01,337.92,340.56,343.11,345.92,348.15,349.88,351.44,352.60,353.76,355.28,356.88,358.62,360.44,361.94,362.00,361.16,361.79,364.81,365.85,365.67,363.42,364.00,365.69,366.78,372.43,378.58,385.44,391.76,398.17,405.09,410.97,414.89,417.98,420.08,421.63,424.04,432.06,437.40,441.32,446.25,450.39,449.87,446.47,442.00,441.61,446.05,441.26,444.19,453.14,456.58,445.27,428.57,427.94,433.88,438.86,442.09,444.83,447.22,449.04,451.47,454.58,458.26,462.58,473.31,482.68,490.60,494.23,497.72,501.21,499.22,496.65,502.26,512.31,518.07,523.70,530.33,539.61,547.67,557.63,568.23,576.55,581.13,585.55,589.84,591.42,595.38,603.24,608.79,612.80,618.42,621.25,618.22,609.85,611.67,616.91,622.47,625.59,623.58,619.58,613.17,601.79,591.68,598.67,610.19,615.22,619.46,625.08,633.19,644.18,654.24,664.27,670.39,675.25,681.92,687.60,695.27,707.83
16.96,29.60,40.72,42.33,43.85,45.18,46.00,46.19,46.42,47.06,49.54,51.21,52.49,53.45,54.78,56.41,57.82,59.21,60.82,62.58,64.53,66.57,68.44,70.17,71.97,73.68,75.51,77.31,78.95,80.58,82.36,84.25,86.08,87.97,90.05,92.25,94.46,96.54,98.49,100.45,102.18,103.99,106.11,108.67,110.93,112.84,114.92,117.09,119.36,121.77,124.32,127.00,129.55,131.49,133.31,135.38,137.68,139.94,141.80,143.55,145.58,147.35,149.06,151.33,154.15,157.00,159.60,161.82,164.66,167.58,170.44,173.09,175.72,178.26,180.43,182.04,183.82,185.64,187.40,189.39,191.99,194.94,197.92,200.64,202.90,204.99,207.16,209.47,211.93,214.42,216.92,219.43,221.96,224.29,226.56,228.70,230.54,233.51,237.42,240.79,243.42,246.14,248.75,251.01,252.96,254.95,257.05,259.26,262.63,266.80,271.58,277.09,281.36,284.46,287.37,289.48,291.23,292.99,293.74,294.86,297.46,300.71,304.04,307.43,309.65,311.18,311.93,312.14,314.03,316.54,316.98,316.66,318.15,320.10,322.32,324.45,326.76,329.38,332.35,335.14,337.65,340.10,342.50,344.29,346.25,348.13,349.45,350.97,352.62,354.06,355.67,357.13,358.22,357.83,357.46,358.15,361.27,363.07,363.28,361.59,359.13,359.93,363.99,370.20,377.29,383.56,389.26,395.91,402.39,406.89,409.21,411.22,412.85,414.42,420.65,427.84,432.04,436.75,441.32,443.12,436.56,431.91,431.15,438.13,437.67,433.78,443.17,450.84,447.22,432.21,421.56,427.31,432.81,436.28,439.32,441.43,443.19,446.52,453.87,461.04,467.32,474.07,480.62,484.54,487.99,491.16,495.14,495.40,491.97,493.21,503.31,510.75,515.10,519.25,525.01,533.30,542.57,552.72,562.50,569.04,572.51,575.60,578.28,580.51,586.84,594.49,600.33,604.02,609.22,609.13,605.05,596.49,597.67,603.74,610.02,613.22,610.67,607.88,604.37,594.76,584.48,586.46,598.74,604.29,608.04,613.53,619.83,627.48,637.98,646.88,652.91,661.80,670.06,676.59,687.30,700.07
18.39,33.57,40.97,42.41,43.84,44.15,44.12,43.94,44.04,44.27,46.79,49.80,51.22,52.03,53.09,54.69,56.52,58.97,61.32,63.02,64.68,66.26,67.71,69.14,70.46,72.06,74.22,76.35,78.01,79.57,81.30,83.06,84.94,87.01,89.05,91.11,93.22,95.15,96.91,98.89,100.50,102.29,104.80,107.36,109.86,112.12,114.36,116.47,118.33,120.33,122.88,125.50,127.93,130.03,131.84,133.67,135.96,138.22,140.07,142.13,144.31,146.25,148.01,149.92,152.59,155.44,158.25,160.73,163.61,166.59,169.47,172.04,174.45,176.73,178.75,180.58,182.45,184.32,186.13,188.16,190.80,193.81,196.68,199.26,201.46,203.71,206.03,208.32,210.63,213.03,215.51,217.83,219.88,222.06,224.27,226.55,229.14,232.41,236.08,239.12,241.74,244.64,247.20,249.51,251.65,253.73,255.86,258.34,261.97,266.78,272.41,278.93,281.70,284.48,286.68,288.13,289.38,290.47,291.19,293.80,297.74,301.12,303.82,304.91,305.35,306.96,307.97,307.99,310.65,312.64,312.96,313.59,315.31,317.40,319.66,321.90,324.31,327.01,329.89,332.69,335.15,337.26,338.90,340.50,342.78,344.60,345.88,347.97,349.66,351.10,352.48,353.34,354.06,352.94,352.41,355.37,357.98,360.49,360.82,358.96,356.79,356.87,361.51,368.18,374.95,380.03,386.14,392.93,398.57,402.00,403.18,404.65,406.39,409.96,417.65,422.97,427.81,432.88,436.35,433.81,424.52,421.51,429.06,432.38,427.88,431.16,440.90,442.17,431.91,420.30,419.63,425.00,429.34,432.82,434.88,436.99,441.93,450.98,461.18,466.32,471.09,475.12,478.27,480.76,483.31,487.43,492.33,490.50,484.31,491.79,500.90,506.95,511.22,515.00,520.59,528.76,538.10,548.21,556.55,560.37,563.08,566.58,567.79,569.96,577.15,583.60,588.89,595.28,600.77,598.25,591.24,581.70,584.21,591.75,599.78,603.13,600.16,597.25,595.40,588.61,578.66,576.07,588.01,594.04,598.38,602.93,606.62,612.96,622.38,630.46,638.42,649.22,659.22,669.92,680.37,690.29
21.15,37.77,41.21,42.40,42.89,42.36,42.00,41.73,41.50,40.88,42.00,45.36,48.66,50.40,52.30,54.29,56.31,58.38,60.49,62.06,63.70,65.23,66.77,67.91,68.60,70.61,72.92,75.20,77.07,78.59,80.04,81.88,83.98,86.05,87.97,89.85,91.77,93.33,94.96,96.40,98.63,101.37,104.16,106.84,109.38,111.51,113.42,115.25,117.13,119.12,121.37,123.72,126.10,128.19,129.87,132.00,134.32,136.73,138.92,141.15,143.38,145.49,147.38,149.17,151.52,154.52,157.28,159.69,162.52,165.33,168.03,170.57,172.88,174.95,176.99,179.19,181.19,183.01,185.05,187.65,190.26,192.72,195.38,197.88,200.25,202.56,204.84,207.07,209.15,211.35,213.66,215.80,218.03,220.32,222.58,225.47,228.45,231.50,234.35,237.16,240.51,243.21,245.67,248.10,250.28,252.38,254.99,257.93,261.92,267.29,273.82,279.89,281.69,283.81,285.20,285.82,286.22,287.17,289.32,293.41,297.18,300.17,301.61,301.59,300.68,301.36,302.44,304.19,307.28,308.69,309.47,310.57,312.35,314.44,316.76,319.26,321.77,324.33,327.39,330.30,332.49,334.17,335.54,337.38,339.51,341.07,342.32,344.15,345.49,347.22,348.54,349.44,349.97,348.82,349.24,351.93,352.76,356.57,357.32,355.36,353.48,354.46,358.78,365.44,372.31,377.31,383.32,388.87,393.02,395.60,396.59,398.13,401.16,406.12,411.67,417.92,423.84,428.83,430.50,422.71,415.24,418.46,425.85,422.99,422.00,430.24,436.41,429.08,418.33,415.92,421.02,424.60,427.47,429.23,430.57,434.84,441.55,452.94,461.69,465.16,468.44,471.81,474.35,476.51,478.98,483.56,489.17,485.62,479.23,488.68,496.61,501.62,505.42,509.08,514.32,521.91,532.94,542.70,548.87,550.63,552.11,555.75,557.47,562.73,568.99,574.35,579.95,586.57,590.17,585.58,576.59,568.26,571.60,580.38,591.13,593.59,588.71,585.91,583.97,579.91,572.49,566.87,577.06,584.20,588.50,592.46,596.20,601.31,608.37,616.98,626.63,636.07,650.42,663.73,672.25,678.75
24.50,39.57,40.87,41.57,41.63,40.98,39.92,38.14,37.77,38.43,40.03,42.62,45.97,49.93,52.17,54.16,56.15,58.16,59.63,61.15,62.57,63.90,65.50,66.07,67.69,70.11,72.28,74.24,75.56,77.27,78.95,80.95,82.72,84.09,85.80,87.66,89.67,91.13,92.42,94.22,97.89,101.19,103.73,106.06,108.34,110.38,112.18,113.94,115.99,118.08,120.22,122.29,124.46,126.73,129.06,131.46,133.80,136.17,138.35,140.59,142.75,144.83,146.90,148.91,151.19,153.82,156.35,158.80,161.33,163.99,166.59,169.05,171.18,173.29,175.52,177.76,179.81,181.79,184.15,186.76,189.33,191.78,194.15,196.63,199.05,201.35,203.50,205.63,207.67,209.61,211.74,214.01,216.41,218.69,221.20,224.14,226.99,229.55,232.05,235.28,238.82,241.68,244.16,246.45,248.61,251.17,254.51,257.89,262.15,267.38,273.16,278.56,281.14,282.27,282.37,282.54,282.94,284.44,288.55,291.89,292.61,294.51,297.27,298.33,297.29,297.69,298.72,301.07,303.69,305.21,306.42,307.83,309.48,311.52,314.06,316.81,319.09,321.67,324.88,327.49,329.62,331.07,332.33,334.00,336.06,337.58,338.98,340.13,341.09,342.64,344.00,345.45,346.37,344.98,346.23,347.24,348.88,351.75,352.50,351.39,350.08,351.67,356.50,363.25,370.07,375.15,379.81,383.25,386.53,388.73,389.92,392.27,397.66,403.17,407.62,412.69,418.85,423.18,423.13,413.24,409.60,415.72,417.80,415.34,420.26,427.78,425.01,413.99,410.64,416.36,421.41,423.44,424.07,425.99,429.79,434.51,442.57,453.34,459.92,462.21,465.00,467.79,470.24,472.44,475.39,480.13,484.88,480.50,475.92,484.82,492.11,496.29,499.26,502.46,507.27,516.73,526.12,533.62,538.10,539.39,542.31,545.79,548.11,555.33,561.11,567.76,573.57,576.46,574.72,568.55,560.50,554.05,560.76,570.46,579.73,582.93,577.31,574.01,571.94,570.61,566.73,559.76,568.68,575.45,579.58,582.54,584.06,588.33,596.39,605.55,614.20,626.05,637.57,651.24,659.66,665.18
26.74,36.76,38.21,40.15,39.89,36.80,34.55,35.89,38.58,40.31,41.84,44.34,47.06,50.00,52.07,54.02,56.00,57.80,58.78,59.83,60.95,62.90,63.65,65.21,67.59,69.54,71.62,72.36,72.90,74.64,76.58,78.66,79.97,81.39,83.06,84.92,86.87,88.74,90.10,93.24,97.33,100.37,102.77,104.95,107.17,109.09,110.65,112.45,114.66,116.93,119.33,121.69,124.09,126.46,128.77,131.04,133.36,135.67,137.87,140.03,142.07,144.11,146.15,148.19,150.20,152.56,155.23,157.95,160.67,163.25,165.58,167.62,169.66,171.83,174.06,176.19,178.45,180.70,183.11,185.57,188.04,190.35,192.75,195.31,197.86,200.26,202.24,204.22,206.20,208.10,210.11,212.59,215.03,217.37,219.69,222.20,224.64,227.19,229.88,233.21,236.82,240.18,242.67,244.93,247.38,250.12,253.85,257.30,260.05,264.95,271.26,275.84,279.44,280.78,280.58,279.92,279.73,282.19,285.06,287.15,287.92,288.91,292.12,294.45,294.01,295.09,297.06,298.75,300.39,302.10,303.73,305.35,307.04,309.18,311.84,314.56,316.93,319.49,322.21,324.77,326.81,328.24,329.27,330.61,332.66,334.38,335.66,336.44,337.30,338.51,339.92,341.54,342.81,341.11,341.92,344.16,346.51,347.99,348.53,348.00,346.94,348.67,355.26,362.44,367.35,371.94,374.96,377.29,380.33,382.98,384.96,389.00,394.84,400.06,404.03,408.24,413.29,416.89,413.84,404.17,405.77,409.82,408.64,412.19,418.96,417.76,409.87,408.45,411.72,416.25,418.74,419.97,421.69,424.58,427.64,432.95,445.80,453.47,456.67,458.79,460.88,463.63,466.13,468.40,471.27,476.11,480.89,477.38,471.12,479.59,487.04,491.71,494.43,496.78,503.04,511.26,518.81,524.87,528.13,530.32,534.39,536.15,540.54,547.22,553.85,559.49,563.48,562.52,558.30,552.58,546.43,542.25,551.78,563.04,572.08,573.83,569.28,564.71,560.89,560.94,558.43,552.22,561.08,566.51,569.32,572.47,572.86,578.55,586.37,595.09,606.57,614.37,623.79,634.85,644.34,652.17
27.90,31.77,32.46,30.96,27.59,29.52,36.43,40.05,41.36,42.35,43.73,46.18,48.55,50.63,52.61,54.39,55.67,56.11,56.47,58.23,60.37,61.10,62.97,65.08,66.47,67.64,69.48,69.64,70.16,72.02,74.06,76.28,78.78,80.48,81.91,83.32,85.26,87.91,89.91,93.05,96.71,99.69,101.82,103.87,105.93,107.63,109.50,111.87,114.30,116.69,119.05,121.35,123.63,125.89,128.15,130.44,132.84,135.18,137.44,139.66,141.44,143.25,145.27,147.27,149.06,151.30,154.25,157.38,160.04,162.22,164.27,166.37,168.37,170.40,172.56,174.70,176.90,179.28,181.64,184.02,186.38,188.81,191.39,193.94,196.47,198.92,200.88,202.67,204.82,206.82,209.09,211.58,213.92,216.19,218.23,219.95,222.31,224.96,227.92,231.39,235.06,238.48,241.25,243.81,246.63,249.80,253.09,255.52,258.21,262.88,269.65,273.81,277.28,278.97,278.14,276.67,277.44,279.20,279.80,282.08,284.25,285.78,288.55,290.47,291.38,293.54,295.08,296.37,297.80,299.49,301.23,302.91,304.89,307.41,310.26,312.68,314.75,317.11,319.68,322.12,323.95,325.56,326.73,327.96,329.65,331.25,332.15,332.86,333.87,334.93,336.33,338.09,339.52,338.13,339.44,341.75,343.58,344.74,345.41,345.07,344.00,346.57,352.50,359.12,363.34,366.62,369.16,371.71,375.09,378.24,381.50,386.05,390.16,395.16,400.53,404.62,408.37,409.76,402.48,392.53,396.11,397.83,399.31,405.93,406.04,403.96,404.48,409.59,413.03,413.70,413.81,417.40,421.62,425.06,428.63,437.57,446.90,450.45,452.66,454.67,457.18,459.84,461.95,464.28,467.14,471.31,476.03,473.63,466.93,473.41,481.99,487.00,489.45,491.17,497.25,504.77,511.65,516.53,519.68,522.46,525.48,527.54,534.38,540.02,543.49,546.09,548.13,546.15,543.10,538.13,532.12,532.25,544.45,556.47,564.11,565.36,560.99,556.31,551.92,550.07,548.63,545.40,553.64,557.16,557.20,560.30,562.15,569.71,577.66,588.89,597.05,601.04,611.32,622.13,628.45,636.36
27.48,29.64,22.03,20.49,27.85,36.67,40.73,41.97,43.09,44.20,45.51,47.46,48.80,50.16,52.39,53.65,53.37,53.40,55.19,57.97,57.84,60.64,62.23,62.53,63.56,64.52,65.25,66.01,68.00,70.57,73.34,76.23,78.91,80.45,81.17,81.89,84.30,88.14,90.28,93.10,96.67,99.34,101.32,103.15,105.20,107.33,109.44,111.70,113.97,116.28,118.65,120.99,123.25,125.51,127.81,130.12,132.45,134.68,136.85,138.92,140.77,142.56,144.43,146.36,148.32,151.16,155.00,157.77,159.34,161.11,163.19,165.19,167.05,168.94,170.80,172.92,175.20,177.58,179.96,182.37,184.84,187.59,190.33,192.68,195.06,197.25,199.18,201.00,203.36,205.66,208.16,210.64,212.90,214.90,216.67,218.30,220.16,222.92,226.33,229.87,233.27,236.72,240.13,243.32,246.47,249.18,251.30,253.87,257.45,261.96,268.67,272.51,275.35,275.21,273.35,273.63,275.48,277.15,277.23,279.16,280.97,281.94,284.24,286.63,290.06,291.64,292.60,293.88,295.48,297.23,298.85,300.56,302.74,305.48,308.24,310.38,312.11,314.35,316.93,319.49,321.49,322.80,324.17,325.50,326.92,327.99,328.74,329.49,330.43,331.39,333.04,334.91,335.32,334.22,336.74,338.42,340.64,341.60,342.28,342.15,340.78,343.33,348.63,353.61,357.21,359.90,362.98,366.92,371.32,375.09,378.90,381.71,385.22,390.19,395.56,399.05,401.39,399.55,391.58,380.64,382.34,386.56,389.95,393.79,396.19,399.58,404.08,408.35,410.27,409.72,411.22,415.42,418.58,422.44,430.63,440.68,444.20,446.38,448.45,450.77,453.75,455.63,457.66,460.72,464.06,467.85,471.64,470.94,463.14,468.06,477.46,482.36,483.81,484.24,487.39,495.72,503.20,508.21,511.57,513.45,516.24,522.03,525.82,527.08,527.47,529.21,529.80,529.81,527.15,522.03,518.27,526.37,540.07,549.93,555.11,556.33,552.81,547.57,544.07,542.86,542.03,538.88,545.48,549.05,546.85,549.15,550.49,557.69,569.49,580.89,582.62,588.23,599.22,609.72,615.00,621.48
12.26,13.35,14.20,25.32,35.59,40.34,41.42,42.76,43.95,45.11,46.26,47.39,48.52,49.73,51.58,52.03,50.95,51.68,55.55,54.58,54.32,57.05,57.37,57.45,59.94,60.78,62.55,65.59,68.36,70.70,73.38,76.26,78.63,79.94,80.35,80.56,83.44,87.68,91.06,93.31,95.78,98.28,100.67,102.72,104.91,107.03,109.06,111.17,113.47,115.93,118.35,120.57,122.68,125.04,127.47,129.78,131.94,134.04,136.11,137.97,139.82,141.67,143.57,145.65,147.90,150.73,154.79,156.85,158.46,160.08,162.02,163.72,165.48,167.34,169.10,171.16,173.47,175.87,178.33,180.83,183.58,186.42,189.13,191.45,193.61,195.69,197.63,199.70,201.88,204.25,206.93,209.52,211.55,213.33,215.13,216.87,218.84,221.70,225.16,228.15,231.29,235.73,240.12,243.16,245.39,247.31,249.31,251.99,255.86,260.69,266.68,271.18,273.53,271.33,269.80,271.79,273.63,275.14,274.80,275.88,277.46,278.51,280.59,284.13,287.66,288.91,290.00,291.50,293.26,294.95,296.54,298.21,300.38,303.03,305.50,307.53,309.24,311.52,314.19,316.75,318.73,319.90,321.36,322.83,324.01,324.75,325.73,326.63,327.54,328.44,330.02,331.62,331.32,330.47,333.35,334.58,336.67,337.98,339.11,339.12,337.22,339.89,343.88,348.18,351.82,355.13,358.61,363.26,368.31,372.67,375.71,377.46,380.40,384.57,387.33,384.87,382.76,381.42,377.22,375.45,378.77,383.04,386.71,390.50,394.26,398.55,402.59,404.47,405.03,406.00,410.33,413.48,416.64,422.31,433.33,438.17,440.22,442.17,444.24,447.16,449.82,451.00,453.39,457.10,461.17,465.03,467.83,465.88,458.96,462.88,473.01,476.69,477.40,477.06,477.49,483.98,492.79,498.11,500.94,502.64,508.60,513.29,512.27,510.15,509.45,511.20,512.96,513.51,511.52,507.70,510.19,523.49,536.13,543.58,547.34,547.79,545.38,540.81,537.05,535.91,535.26,530.70,537.25,542.33,539.28,540.44,538.80,546.11,556.11,564.33,567.91,576.36,586.64,595.04,598.33,605.63
6.09,8.42,17.10,30.54,34.95,39.12,40.92,42.53,43.91,45.07,46.18,47.25,48.38,49.43,50.67,50.38,49.05,51.84,51.29,49.65,48.92,49.98,51.85,54.94,57.98,60.36,63.30,66.41,69.43,71.51,73.85,75.66,76.57,77.68,78.19,79.03,82.25,86.13,89.05,91.33,94.24,97.39,100.32,102.50,104.59,106.62,108.56,110.63,112.93,115.20,117.43,119.57,121.81,124.25,126.71,129.24,131.39,133.25,134.99,136.80,138.73,140.71,142.72,144.76,146.96,149.22,151.93,154.06,156.12,158.38,160.37,162.02,163.87,165.75,167.56,169.51,172.02,174.58,177.10,179.58,182.32,185.02,187.60,190.09,192.22,194.27,196.28,198.26,200.30,202.70,205.36,207.83,210.09,211.92,213.82,216.01,218.28,220.77,223.71,226.74,230.16,234.90,239.36,241.62,243.12,244.94,247.07,249.66,253.29,258.72,264.19,268.99,271.43,269.00,267.12,269.71,271.66,273.20,272.33,271.94,273.67,275.86,278.77,282.37,284.69,285.61,286.94,289.09,291.12,292.67,294.16,296.04,298.25,300.54,302.75,304.29,306.21,308.90,311.44,313.70,315.46,316.98,318.76,320.23,320.95,321.61,322.93,323.89,324.83,325.76,326.86,327.88,327.11,326.99,329.59,330.56,332.31,333.78,334.96,334.62,333.65,336.57,340.71,345.37,348.39,351.14,354.76,359.76,365.06,369.80,372.03,373.84,376.54,375.35,370.56,366.73,367.97,368.80,369.20,372.10,376.82,381.07,385.15,389.13,392.67,395.69,398.75,399.48,400.46,404.18,408.62,412.58,417.56,424.84,431.73,434.00,436.09,438.43,440.14,442.41,444.62,446.57,449.64,453.42,457.78,460.77,462.18,459.17,454.51,459.83,468.85,470.33,470.43,469.88,469.96,475.00,482.86,488.21,490.25,494.38,500.65,502.11,499.56,496.55,495.11,496.75,497.38,498.30,496.00,496.25,507.25,521.46,529.86,534.14,537.26,538.38,537.49,535.19,531.48,528.96,528.45,524.29,530.39,534.92,531.08,530.39,528.53,533.79,539.85,546.92,554.88,564.73,574.84,580.83,583.92,592.44
5.26,7.77,14.46,29.07,34.02,37.95,40.64,42.22,43.78,45.01,46.09,47.15,48.03,48.30,48.92,47.75,50.10,50.94,45.39,45.42,47.86,50.43,53.23,57.11,60.34,62.52,64.77,67.19,69.76,71.78,72.97,73.22,73.45,74.34,76.57,78.55,81.26,84.90,88.63,91.58,94.56,97.70,100.04,102.00,104.02,106.13,108.10,110.10,112.27,114.47,116.61,118.66,120.84,123.26,125.74,128.19,130.36,131.97,133.76,135.58,137.59,139.64,141.66,143.49,145.45,147.39,149.33,151.44,153.76,156.01,158.16,160.26,162.22,164.21,166.34,168.74,171.25,173.80,176.27,178.70,181.14,183.68,186.18,188.71,190.98,192.34,194.55,196.69,198.77,201.22,203.89,206.60,209.02,211.02,213.10,215.30,217.60,220.05,223.24,226.82,230.54,234.36,237.12,239.23,240.78,242.61,244.85,247.51,251.12,256.45,261.34,264.13,266.09,264.66,264.56,267.29,269.77,271.23,269.93,268.81,271.29,274.43,277.72,280.45,281.55,282.27,284.06,286.48,288.60,290.12,291.58,293.38,295.63,297.91,299.63,300.83,303.50,306.42,308.68,310.52,312.39,314.38,316.31,317.89,318.27,318.89,320.31,321.42,322.30,322.54,323.18,323.71,321.58,322.85,325.97,327.16,328.48,329.80,330.60,330.19,330.21,334.66,340.42,342.32,344.13,347.13,351.69,356.60,361.04,365.29,367.63,370.57,370.81,363.09,359.06,360.03,363.14,366.52,369.43,372.39,375.99,379.82,384.06,387.36,389.57,390.65,394.00,395.88,399.43,403.74,407.77,412.75,419.14,424.19,427.45,429.87,432.94,435.26,436.69,438.14,440.11,443.07,446.30,449.94,453.79,456.56,456.60,452.02,451.63,459.61,463.98,465.40,465.36,464.84,465.14,469.66,475.35,478.51,478.98,486.05,488.07,484.55,481.13,481.71,481.08,481.53,483.79,483.63,484.73,494.14,506.53,516.91,522.15,524.48,526.31,527.91,529.15,529.25,526.20,522.49,520.75,517.92,523.91,527.64,525.26,522.21,519.00,522.50,527.85,532.70,540.81,550.55,561.38,565.78,569.94,577.63
3.67,6.77,9.69,19.21,32.28,38.09,40.73,42.08,43.56,44.93,45.94,46.36,46.14,45.88,45.11,48.50,51.20,46.91,41.33,43.75,48.64,52.15,54.30,56.45,59.39,61.32,62.42,64.33,67.25,69.73,70.58,70.59,70.74,73.90,79.42,80.97,83.10,87.05,90.36,92.64,94.97,97.31,99.29,101.23,103.43,105.63,107.64,109.63,111.75,113.79,115.85,117.80,119.77,122.08,124.47,126.80,128.78,130.60,132.23,133.96,136.06,138.14,139.81,141.43,143.56,145.50,147.50,149.42,151.47,153.78,156.09,158.50,161.00,163.43,165.87,168.40,170.91,173.28,175.52,177.67,179.78,182.13,184.56,186.99,188.85,190.22,192.76,195.28,197.87,200.51,203.26,206.02,208.27,210.41,212.50,214.94,217.46,219.98,223.24,226.84,230.00,232.22,234.34,236.61,238.37,240.50,243.13,246.10,249.19,253.43,257.18,258.72,258.94,259.97,262.58,265.02,266.68,268.00,266.62,266.64,269.97,273.13,275.12,276.45,277.66,278.97,281.38,283.73,285.46,287.08,288.76,290.65,292.92,295.04,296.26,298.34,301.32,303.95,305.59,307.18,309.60,312.09,313.92,315.55,315.83,316.49,317.78,318.83,319.47,319.21,319.53,320.01,318.58,320.43,322.47,323.54,325.18,326.41,327.55,327.14,327.75,332.24,336.10,336.68,339.48,344.26,348.93,353.17,356.91,360.62,363.30,364.78,360.19,355.62,358.62,362.04,365.16,368.99,371.92,374.36,377.07,379.86,382.42,384.45,386.50,388.57,391.29,395.41,399.72,406.23,410.66,414.45,418.12,419.97,422.01,426.50,430.42,431.61,432.80,434.52,437.00,439.89,443.07,446.45,450.05,452.58,451.70,445.86,450.41,456.55,459.30,460.88,460.70,460.12,460.13,463.66,467.71,468.24,470.00,473.95,472.00,468.58,468.92,469.56,469.23,469.70,471.39,473.52,482.41,494.85,503.92,509.64,512.61,515.89,518.49,520.18,521.90,522.39,520.48,516.63,514.24,512.34,519.44,521.61,519.99,514.97,509.55,513.25,517.82,521.72,527.53,536.16,544.88,548.77,554.84,563.01
2.70,5.00,6.39,8.97,23.51,38.43,41.08,42.24,43.55,44.56,44.56,44.23,43.80,43.18,43.78,48.94,46.60,39.92,39.52,43.51,48.54,50.35,50.27,51.80,54.35,56.11,57.74,60.24,63.05,65.34,66.39,68.11,70.19,75.11,80.38,83.06,85.35,87.61,89.69,91.76,94.28,96.76,98.65,100.63,102.86,105.09,107.13,109.16,111.17,113.14,114.95,116.81,118.74,120.85,123.03,125.03,126.97,128.71,130.12,132.11,134.25,136.34,137.89,139.69,141.83,143.92,145.90,147.84,149.64,151.91,154.53,157.61,160.64,163.11,165.52,167.84,170.07,172.26,174.40,176.47,178.50,180.42,182.68,184.82,186.74,189.36,192.00,194.61,197.83,200.73,203.07,205.37,207.55,209.71,212.04,214.63,217.23,219.94,223.11,226.11,228.02,229.68,231.74,234.05,236.36,238.97,241.68,244.57,247.33,250.12,253.11,254.79,255.78,258.06,260.28,261.66,262.41,262.81,262.47,264.94,268.18,270.03,270.53,271.82,273.53,275.92,278.62,280.72,282.28,284.00,285.79,287.94,290.21,291.80,293.06,295.61,298.86,301.22,302.20,303.51,306.15,309.56,311.66,313.29,313.39,313.76,314.95,315.95,316.37,315.71,315.70,315.83,316.26,318.23,318.88,320.36,321.81,323.24,324.76,324.35,325.08,327.79,328.91,330.34,335.80,341.40,344.88,349.34,353.54,356.75,358.19,355.67,351.02,353.41,358.67,361.76,364.73,368.03,371.04,373.65,376.32,379.32,382.34,385.05,387.86,390.53,393.54,399.26,401.46,406.29,409.63,412.23,414.77,416.69,418.90,422.93,425.91,427.41,429.02,431.39,434.16,436.81,439.32,442.74,446.39,448.37,445.24,440.92,448.68,452.76,454.69,456.26,456.02,455.68,455.70,458.28,460.91,460.28,460.64,461.89,459.67,458.05,460.06,460.44,459.55,461.58,464.09,468.79,481.99,493.18,498.03,500.81,503.04,506.73,511.00,513.70,515.42,516.09,514.87,511.21,506.84,507.64,513.79,515.24,514.57,510.61,500.70,504.17,508.81,512.56,516.41,521.83,527.49,532.57,539.25,547.34
1.23,1.86,3.40,6.23,11.13,32.55,41.05,42.14,43.16,43.55,42.85,42.14,41.61,40.63,42.79,43.51,39.16,36.43,40.56,43.55,44.73,44.86,45.44,47.21,49.45,53.35,57.36,58.71,60.28,62.74,66.77,70.72,73.16,76.54,79.27,81.65,83.85,85.96,88.17,90.68,93.47,96.25,98.29,100.33,102.48,104.51,106.48,108.45,110.32,112.04,113.84,115.70,117.49,119.28,121.01,123.11,125.01,126.53,128.54,130.68,132.68,134.66,136.55,138.50,140.45,142.42,144.43,146.35,148.16,150.68,153.95,157.28,160.35,162.68,164.79,166.86,169.05,171.15,173.23,175.29,177.26,178.94,180.85,183.27,186.02,188.78,191.40,194.02,197.17,200.10,202.31,204.53,206.73,208.91,211.48,214.24,216.90,219.84,222.55,224.35,226.05,227.85,229.89,232.13,234.64,237.31,240.03,242.59,244.73,247.02,249.44,251.52,253.88,255.86,256.70,257.30,257.89,258.40,259.81,263.19,265.43,266.61,267.43,268.53,270.51,273.17,275.72,277.58,279.33,280.97,283.02,285.30,287.34,288.91,290.19,292.44,295.61,297.74,298.88,299.62,302.10,305.64,309.06,310.93,310.79,311.01,312.09,313.02,313.34,312.60,311.85,312.51,313.75,314.76,315.76,317.26,318.28,320.33,322.15,321.62,321.74,323.58,324.66,327.28,332.01,335.49,340.73,346.34,350.01,350.98,349.42,347.40,347.84,350.77,354.49,358.04,361.61,365.79,369.40,372.47,375.58,378.99,382.78,387.08,391.59,397.87,400.04,404.33,402.59,403.74,406.32,409.13,411.97,414.16,416.68,418.99,421.29,423.28,425.29,428.14,430.91,433.11,435.49,439.05,442.37,443.66,439.28,438.46,444.82,447.80,449.97,451.67,451.26,451.25,450.99,453.25,455.35,454.19,450.83,450.83,449.65,448.77,451.51,451.69,451.91,456.05,459.39,467.60,477.68,485.60,489.54,492.41,494.92,498.27,503.09,507.09,509.04,509.99,508.94,504.00,499.00,502.37,506.41,508.06,508.21,505.06,494.63,495.10,499.38,503.54,507.09,510.14,514.16,519.75,525.31,531.82
e,0.22,1.67,4.54,7.71,17.43,36.95,41.14,42.10,42.45,41.81,40.92,39.72,37.80,38.93,37.19,33.85,32.84,39.82,41.76,40.73,41.11,46.29,50.25,55.36,59.73,61.23,61.65,62.52,64.91,68.26,71.65,73.91,76.01,78.14,80.09,82.23,84.84,87.89,90.70,93.19,95.67,97.66,99.39,101.39,103.29,105.21,107.12,108.91,110.68,112.44,114.17,115.85,117.44,119.35,121.26,122.91,125.01,127.33,129.59,131.56,133.49,135.44,137.37,139.38,141.30,143.18,145.28,147.84,150.61,153.67,156.66,159.42,161.60,163.71,165.90,168.05,170.18,172.16,174.16,176.07,177.94,180.05,182.62,185.24,187.89,190.57,193.30,196.56,199.46,201.84,204.09,206.22,208.37,210.79,213.64,216.07,218.52,220.59,222.39,224.37,226.45,228.43,230.42,232.99,235.54,237.92,239.90,241.66,243.94,246.62,249.56,252.04,252.41,252.23,252.54,253.72,255.12,258.09,260.88,262.37,263.68,264.78,266.20,268.21,270.49,272.81,274.81,276.82,278.45,280.39,282.56,284.57,286.36,287.89,289.70,291.96,293.81,295.14,296.50,298.80,302.14,305.55,307.39,307.55,307.91,309.08,310.08,310.31,309.34,308.98,310.51,310.96,311.70,312.71,313.32,314.90,317.51,319.50,318.74,318.76,319.67,320.69,323.31,327.03,332.59,339.56,342.75,342.87,342.83,344.09,343.87,345.89,348.45,351.80,356.23,360.32,363.66,366.88,370.10,373.19,376.40,379.60,388.72,401.05,408.36,409.87,407.49,400.63,400.75,403.89,407.08,409.93,411.66,413.70,415.17,417.16,419.30,421.43,423.79,425.86,428.63,431.32,434.63,438.14,439.47,435.44,436.21,440.55,441.97,444.04,446.07,445.48,445.46,444.82,447.31,449.88,448.50,443.46,438.24,439.38,440.15,442.60,443.84,447.67,451.94,457.28,465.59,472.72,476.16,479.24,482.27,485.83,490.04,495.47,500.01,501.95,503.00,501.69,495.65,492.11,496.53,498.95,500.26,499.99,498.44,492.20,485.60,485.38,490.77,495.59,498.11,501.11,505.23,511.31,519.90
