520.88,521.17,515.80,512.22,509.86,511.27,514.94,519.45,523.29,523.38,520.43,519.11,520.94,524.80,523.33,514.55,512.65,510.65,505.67,498.97,495.92,512.55,531.37,549.63,564.25,567.25,567.79,570.61,567.29,556.55,544.42,539.15,535.55,532.99,532.84,531.86,531.92,531.20,531.83,532.15,533.61,533.88,533.88,533.28,530.72,535.19,539.72,541.63,541.50,542.09,540.73,537.53,536.41,542.67,550.74,559.83,567.12,572.46,577.25,580.82,581.81,576.16,568.02,564.83,567.27,569.68,564.55,547.35,536.08,532.35,532.29,532.15,531.11,529.93,528.77,528.01,528.45,528.79,526.10,519.10,506.67,495.35,489.55,484.19,486.19,485.25,483.00,480.38,477.86,474.94,471.31,466.92,461.99,456.66,450.49,446.12,442.47,438.87,435.18,432.04,429.14,425.90,423.64,421.69,419.10,417.18,416.02,413.65,411.16,408.56,403.46,400.47,399.00,397.74,393.42,388.70,384.65,380.84,377.31,373.78,370.33,366.80,363.26,359.71,356.30,352.85,349.10,343.90,338.31,331.97,325.73,321.39,320.12,313.07,304.37,289.89,278.31,273.56,267.86,258.75,250.19,236.19,222.50,212.89,202.44,189.85,181.07,173.67,167.47,162.04,157.06,156.81,159.20,159.16,157.97,157.17,156.32,155.44,151.73,149.06,150.80,153.16,151.04,146.39,141.17,139.44,144.46,146.29,144.66,142.43,138.75,138.75,141.15,140.30,136.51,132.59,129.55,129.40,130.26,127.40,123.67,121.30,119.94,118.91,118.07,117.01,115.97,115.66,115.71,115.09,113.36,111.66,110.38,108.56,106.05,103.16,100.21,97.80,96.71,95.83,94.97,94.32,93.04,91.46,89.72,87.53,84.89,81.92,79.51,77.78,76.06,74.37,72.77,71.51,70.44,68.84,66.94,64.90,62.46,59.97,58.28,56.66,55.00,53.39,51.67,49.84,48.23,47.67,47.01,45.80,43.90,42.00,40.16,38.53,37.09,35.73,33.96,32.08,30.13,28.76,27.83,26.86,25.86,24.78,23.86,22.73,20.95,18.86,17.12,15.36,13.62,11.88,10.04,8.39,7.11,5.99
508.25,508.13,505.35,502.05,499.43,501.00,504.71,509.37,514.26,513.63,512.28,513.13,515.82,519.44,521.33,511.69,508.41,506.83,502.16,494.81,490.96,503.36,526.07,542.53,554.85,556.12,556.40,561.70,561.00,551.38,542.11,537.41,533.89,530.74,529.37,528.63,528.93,528.58,529.07,529.71,531.00,531.45,531.45,530.61,527.25,529.92,534.26,536.54,536.16,536.88,535.31,531.18,532.35,539.59,547.42,554.55,561.43,565.75,571.07,574.23,575.24,571.58,563.53,557.64,559.35,562.43,561.63,548.71,533.34,527.42,524.69,522.90,522.21,523.47,524.94,526.24,528.27,531.80,530.43,521.06,508.87,496.69,485.27,478.48,480.97,481.56,479.81,477.11,474.34,471.96,468.78,464.23,459.46,454.08,448.98,444.90,441.60,438.34,434.73,431.11,427.28,423.63,420.96,419.43,416.48,414.22,413.23,411.90,408.66,404.00,399.13,395.40,393.07,394.01,392.62,388.79,384.88,380.70,376.78,373.12,369.65,366.32,363.09,359.70,355.95,352.58,350.30,347.11,342.69,337.55,332.43,327.62,321.00,310.79,300.67,286.20,275.19,270.34,262.85,255.00,246.22,232.63,220.73,210.75,202.38,188.59,179.56,171.37,165.06,159.33,153.61,153.61,154.76,154.47,154.97,154.76,154.02,153.60,151.72,148.90,147.64,150.55,149.50,145.71,141.07,136.80,139.13,142.03,140.60,137.88,135.50,136.21,138.13,139.68,138.08,134.69,131.77,128.18,125.13,123.90,122.25,119.67,118.39,117.49,116.59,115.54,114.42,113.39,112.53,111.86,110.64,109.35,108.25,106.82,104.58,101.88,99.07,96.35,94.25,93.27,92.55,92.10,91.42,89.85,87.87,85.75,83.55,81.05,78.90,77.10,75.36,73.69,72.11,70.70,68.88,66.88,64.98,63.09,61.07,59.09,57.35,55.60,54.00,52.54,51.19,49.31,47.04,45.73,45.11,44.53,43.37,41.52,39.69,38.09,36.56,35.03,33.23,31.47,29.66,27.82,26.53,25.58,24.50,23.33,22.36,21.66,20.46,18.71,17.00,15.25,13.44,11.64,9.73,8.33,7.29,6.27
492.76,492.36,490.52,488.56,488.06,490.97,495.37,499.33,503.74,505.23,506.41,508.17,510.75,514.65,516.09,505.82,503.64,502.28,497.26,489.84,487.92,497.66,519.70,532.74,540.78,545.23,546.98,550.96,553.57,547.84,542.35,538.01,534.14,530.77,527.61,525.76,525.85,525.97,526.55,527.87,528.51,528.90,528.60,526.81,522.83,524.96,529.97,531.56,531.39,532.40,531.10,527.29,528.30,536.54,542.73,547.06,553.27,559.45,565.58,567.65,569.15,567.56,560.84,553.84,552.44,554.83,554.60,542.62,528.92,522.66,519.24,516.99,516.04,517.82,521.09,521.97,523.21,526.34,524.26,517.33,509.09,499.84,488.70,477.72,473.72,475.96,475.09,473.00,470.29,467.47,464.80,460.81,455.01,449.86,444.96,441.00,438.16,435.70,433.63,430.68,426.74,422.61,418.60,415.66,413.11,411.10,410.16,408.83,405.61,401.57,398.01,394.21,390.19,389.23,390.50,388.47,383.93,379.42,375.04,371.22,368.07,364.96,361.84,357.91,354.44,351.24,349.89,348.44,343.82,338.51,332.77,325.74,315.49,305.10,292.11,277.81,266.50,259.33,253.64,247.65,237.73,226.54,214.59,203.96,196.68,185.79,175.85,167.26,161.78,156.04,149.85,149.63,150.13,149.87,151.81,152.17,151.65,151.47,151.02,148.41,144.31,145.86,145.09,143.91,140.69,135.86,133.56,133.66,133.91,133.38,132.01,132.62,134.33,136.09,136.93,136.68,134.14,131.07,125.46,119.97,119.13,117.90,116.58,115.83,115.07,114.06,112.92,111.77,110.73,109.70,108.49,107.37,106.20,104.88,103.16,100.75,97.97,95.15,92.44,90.75,90.07,89.60,89.22,87.50,85.48,83.53,81.73,79.80,78.15,76.40,74.69,73.10,71.61,70.29,68.48,65.69,63.20,61.22,59.63,57.79,56.06,54.37,52.88,51.31,49.91,48.17,46.11,44.09,43.17,42.65,42.09,40.99,39.36,37.82,36.21,34.43,32.67,31.23,29.42,27.53,25.67,24.31,23.22,22.00,20.81,20.04,19.45,18.23,16.66,15.03,13.30,11.53,9.85,8.52,7.49,6.46
474.01,474.97,475.63,476.47,479.21,484.22,489.90,494.00,497.04,499.71,501.85,503.97,506.75,510.55,511.14,500.73,499.61,497.75,492.33,486.30,483.89,493.40,511.84,525.21,530.23,536.11,541.18,543.80,545.43,542.38,540.37,536.82,532.39,528.69,526.00,523.38,523.20,523.43,524.70,525.85,526.14,526.35,525.50,523.11,519.49,521.47,526.09,527.12,527.36,528.31,527.37,523.92,522.25,528.63,532.66,536.78,542.72,550.70,557.43,559.84,562.80,562.39,557.63,550.22,545.04,545.93,543.24,533.58,522.91,517.29,513.92,511.70,510.81,509.60,512.82,514.02,515.11,516.90,515.58,511.84,506.68,499.53,490.55,477.34,468.75,469.49,469.83,468.40,466.35,462.86,459.76,456.08,450.22,444.81,439.99,436.00,432.30,430.81,429.61,428.60,425.37,421.88,417.90,413.76,410.34,408.44,407.08,405.30,401.94,399.08,397.30,394.86,391.85,387.30,385.03,385.01,382.12,377.18,372.28,368.74,365.82,362.86,359.42,353.61,349.33,346.77,344.70,343.40,339.30,333.08,326.79,319.38,307.76,295.71,279.65,266.08,257.20,250.50,245.60,239.03,228.47,217.72,206.41,196.87,188.67,178.53,168.03,159.64,156.20,152.25,146.11,144.86,145.82,147.19,149.07,149.56,149.46,149.24,149.09,146.45,141.52,139.83,139.21,139.58,137.53,134.06,130.49,127.74,127.28,127.73,126.89,126.66,129.39,131.76,133.39,135.34,135.29,132.56,129.95,123.52,119.00,117.33,116.12,114.70,113.55,112.67,111.54,110.25,109.00,107.92,106.67,105.42,104.15,102.84,101.45,99.64,97.11,94.05,91.15,88.62,87.33,86.70,86.13,84.94,82.98,81.05,79.52,78.28,76.94,75.56,74.07,72.59,71.09,69.45,67.20,64.80,62.40,60.27,58.20,56.44,54.79,53.26,51.74,50.20,48.53,46.91,44.88,42.66,41.36,40.73,40.16,39.34,38.15,37.06,35.83,34.14,31.77,30.01,28.55,26.76,24.92,23.33,22.08,20.93,19.57,18.55,18.30,17.78,16.47,14.79,13.04,11.34,9.84,8.74,7.68,6.65
462.69,465.81,467.74,471.45,475.64,480.23,485.47,489.99,493.28,495.63,497.73,499.70,503.10,506.47,506.01,496.86,494.99,493.79,488.83,483.02,479.67,489.14,503.30,517.53,517.72,523.15,530.87,535.64,537.41,535.58,534.41,532.82,530.76,527.10,523.46,521.00,520.69,521.37,522.98,523.50,523.73,523.91,522.93,520.83,517.64,519.25,522.17,522.96,523.64,524.48,524.06,521.37,517.25,520.91,524.56,527.45,531.06,537.33,544.50,551.17,555.51,556.59,552.45,544.21,536.44,534.33,530.66,525.16,516.92,511.13,508.18,506.25,505.84,504.47,505.30,506.22,508.36,510.22,507.88,503.80,499.19,493.19,487.89,478.41,467.91,464.63,465.20,464.01,462.76,459.72,455.79,451.55,445.65,440.55,437.00,432.83,428.60,426.74,425.21,423.36,421.20,418.92,415.85,412.66,409.27,407.09,405.10,403.10,400.37,397.70,395.63,393.77,391.90,388.00,381.81,380.15,379.57,375.71,370.58,366.66,363.49,360.35,355.83,350.02,343.98,339.38,336.90,334.15,329.34,324.71,319.02,311.17,301.98,285.18,269.31,259.83,251.97,243.28,235.91,226.28,217.87,206.52,197.68,189.96,181.07,169.87,158.46,152.14,149.63,145.19,140.46,141.08,143.20,145.39,147.05,147.38,147.35,147.12,147.18,146.04,142.69,139.96,136.81,134.50,132.18,130.11,128.51,125.95,123.69,122.02,120.50,119.80,123.17,127.22,130.53,133.16,135.03,133.77,131.83,129.11,122.84,119.48,118.03,116.14,114.14,112.20,110.62,109.00,107.38,106.10,104.84,103.61,102.35,101.12,99.82,98.55,96.64,93.61,90.62,88.27,85.73,83.86,82.94,82.12,80.55,79.10,77.87,76.63,75.40,74.17,72.99,71.75,70.28,68.36,66.14,63.89,61.60,59.58,57.49,55.36,53.65,52.21,50.77,49.20,47.41,45.61,43.65,41.46,39.63,38.92,38.40,37.46,36.15,34.64,34.06,33.63,31.63,29.36,27.46,25.82,24.08,22.61,21.15,19.88,18.97,17.78,17.01,16.67,16.14,14.71,12.93,11.15,9.72,8.86,7.86,6.79
458.61,461.71,465.28,469.05,472.99,477.18,481.81,486.13,489.29,491.60,493.20,495.34,499.33,502.63,501.17,491.29,490.56,489.83,485.10,479.42,477.22,484.15,497.22,509.66,508.94,512.00,518.69,526.43,530.92,529.90,528.37,528.43,528.19,526.20,522.17,518.89,517.82,519.30,520.62,521.09,521.30,521.45,520.69,518.47,515.61,516.39,517.86,518.65,520.29,520.94,520.71,517.95,513.12,513.53,519.37,523.24,525.69,528.57,534.05,541.87,547.61,550.25,546.28,538.53,529.19,525.00,522.43,519.28,513.65,507.11,502.25,500.65,500.77,499.57,498.81,500.26,501.43,501.17,498.47,493.91,488.34,485.47,483.56,477.90,466.68,460.76,460.81,458.84,457.46,455.24,452.95,448.96,441.75,437.60,434.40,430.86,426.58,423.22,421.81,418.84,416.05,413.11,411.14,409.81,408.16,406.51,404.56,402.36,399.99,397.42,394.74,392.38,390.43,386.85,381.44,376.00,374.91,374.08,369.65,365.50,361.68,357.66,352.82,347.36,341.27,333.74,328.61,326.10,322.68,318.39,312.88,306.23,296.16,276.69,264.60,254.48,246.10,235.12,224.38,214.91,208.00,200.21,191.42,182.97,173.22,161.83,151.31,144.59,140.84,138.63,137.51,139.27,141.64,143.79,144.98,145.24,145.31,144.99,145.11,145.10,143.60,141.56,138.91,134.48,130.82,128.44,126.38,124.24,122.27,120.20,119.03,119.09,120.77,125.00,129.20,131.99,133.68,133.65,132.72,131.01,128.07,123.53,119.15,115.63,113.31,111.34,109.39,107.64,105.88,104.33,103.11,101.93,100.58,99.17,97.97,96.87,95.71,93.97,91.55,89.35,86.08,82.66,80.37,79.44,78.73,77.62,76.43,75.22,73.98,72.80,71.48,70.31,68.72,66.83,64.83,62.68,60.59,58.58,56.58,54.50,52.53,51.08,49.84,48.00,46.12,44.25,42.23,40.46,38.67,37.32,36.63,35.71,34.56,32.68,31.23,31.51,31.32,29.62,27.38,25.18,23.30,21.81,20.36,18.99,18.21,17.39,16.16,15.39,15.05,14.52,13.14,11.35,9.83,8.86,7.97,6.92
456.40,459.32,462.59,466.17,470.00,474.03,478.20,481.46,483.82,486.56,488.10,490.85,494.77,498.05,492.95,483.16,484.37,483.49,480.38,476.80,474.63,480.42,491.46,503.47,503.87,504.63,508.98,515.29,520.40,523.25,524.09,524.88,525.63,524.46,522.07,518.66,515.38,515.58,516.90,518.00,518.57,518.34,516.85,515.02,513.54,513.40,512.93,514.29,516.52,517.71,517.08,512.52,509.10,507.66,511.77,517.39,520.88,522.66,528.19,535.54,538.95,539.63,538.05,533.42,525.83,518.86,515.55,514.42,511.01,505.72,499.83,495.61,494.77,493.52,491.57,491.13,493.16,493.16,490.72,487.27,483.36,479.75,477.71,473.18,465.02,457.09,454.29,451.96,449.33,448.83,447.79,444.09,438.44,435.58,432.70,428.32,423.10,419.96,418.46,415.88,412.49,408.69,407.60,406.62,405.45,404.34,403.37,401.90,399.46,396.72,394.04,391.48,389.00,385.89,382.16,375.78,369.71,370.42,368.63,364.12,359.98,355.21,350.11,344.26,337.65,330.05,325.34,321.60,317.85,313.54,307.98,301.15,287.30,271.17,259.54,246.54,237.05,225.41,213.73,204.98,199.76,192.58,183.52,175.50,166.66,156.83,148.34,141.12,137.23,135.78,135.42,137.78,140.27,142.08,142.87,143.16,143.26,142.65,142.63,142.74,142.44,141.33,139.40,135.96,132.41,129.55,126.05,123.16,121.11,119.37,118.25,118.76,120.38,124.34,128.53,131.21,132.07,131.88,131.98,131.49,130.19,125.72,119.26,113.31,110.45,108.91,107.30,105.70,103.93,102.50,101.43,100.19,98.76,97.25,95.86,94.77,93.76,92.96,91.73,89.32,85.90,82.43,79.38,77.75,77.11,76.13,74.96,73.77,72.53,71.43,70.14,68.37,66.73,64.93,63.22,61.30,59.41,57.64,55.80,53.92,51.94,49.89,48.30,46.63,44.81,42.88,40.94,39.36,37.84,36.16,34.87,33.89,32.84,31.38,29.82,28.63,29.25,28.83,26.86,24.73,22.71,20.97,19.48,18.33,17.17,16.67,15.80,14.57,13.77,13.44,12.99,11.69,9.94,8.92,7.96,6.89
454.05,456.74,459.81,463.43,466.75,469.87,473.43,475.80,478.28,481.30,482.68,485.67,488.93,490.40,481.03,477.47,478.68,477.93,476.53,474.23,471.42,475.60,485.66,495.83,497.63,498.29,502.91,507.39,510.76,515.56,519.70,521.58,522.96,522.18,520.32,517.14,513.47,511.67,513.05,514.36,515.25,514.32,512.55,510.40,510.63,510.00,508.08,510.17,512.95,514.96,514.31,510.49,506.91,504.06,502.89,507.24,513.15,516.04,521.08,526.70,530.14,531.78,530.93,528.38,523.46,515.44,509.10,509.10,507.56,503.34,498.25,492.50,488.53,487.32,484.88,482.95,484.10,483.96,482.92,481.22,478.18,473.93,471.91,468.80,463.44,454.32,448.32,447.81,445.26,443.22,442.37,440.17,436.35,432.84,429.89,423.96,419.27,416.90,415.15,412.94,410.05,406.02,404.59,403.67,402.60,401.52,400.79,399.89,398.08,395.81,393.26,390.55,387.57,384.57,381.57,376.53,369.06,364.51,364.34,362.13,357.94,352.99,347.46,341.02,333.40,327.28,322.61,318.24,313.88,309.27,303.32,294.21,279.49,265.82,253.52,240.47,229.28,217.25,207.73,197.61,190.88,184.17,174.70,166.82,160.51,155.32,149.88,141.77,135.94,133.08,133.37,135.87,138.31,140.05,140.72,141.09,141.19,140.48,140.09,140.06,140.00,139.16,137.73,135.44,132.84,130.03,126.48,122.92,120.36,118.32,117.02,117.88,119.59,123.09,126.96,129.94,130.29,129.74,130.23,130.24,129.34,125.34,118.82,110.83,107.55,106.41,104.99,103.54,101.94,100.68,99.60,98.18,96.63,95.17,93.71,92.65,91.67,90.84,89.87,88.23,85.54,82.47,79.49,77.44,75.75,74.64,73.48,72.28,71.10,69.97,68.54,66.63,64.80,63.07,61.48,59.93,58.46,56.75,54.90,53.07,51.42,49.74,47.51,45.29,43.47,41.76,40.32,38.95,37.07,35.44,33.75,32.32,31.23,30.35,29.63,26.76,26.72,27.21,26.28,24.29,22.24,20.34,18.79,17.51,16.38,15.47,15.10,14.20,12.91,12.15,11.82,11.11,9.66,8.53,7.08,5.66
451.57,454.23,457.25,460.18,463.12,466.14,468.50,470.24,473.35,475.98,477.49,479.81,480.97,478.09,471.15,473.94,474.30,473.63,472.77,471.06,468.44,469.19,477.29,485.98,488.83,492.81,496.95,500.95,504.82,508.00,511.84,515.76,519.78,518.76,515.45,512.96,510.58,507.16,508.20,510.38,511.78,510.41,507.50,505.32,505.88,505.58,503.40,504.01,509.71,512.37,511.48,509.21,506.26,503.07,499.66,499.09,503.93,508.21,511.63,515.49,518.99,520.81,520.20,520.41,518.57,512.53,506.13,502.84,502.52,500.10,494.62,489.19,482.40,480.46,478.00,475.50,474.71,473.23,474.47,474.25,471.88,468.22,466.37,464.68,461.44,452.97,445.60,443.64,442.82,439.42,436.35,435.03,433.69,429.78,424.62,419.92,416.26,413.70,411.83,410.00,406.86,402.66,401.53,400.69,399.55,398.77,398.15,397.24,395.45,393.60,391.91,389.58,386.53,383.37,380.16,376.00,371.00,362.19,358.62,357.84,355.03,350.23,344.12,337.40,330.57,325.91,321.26,316.15,310.86,304.53,296.60,283.27,269.86,259.90,248.35,235.29,222.14,211.38,202.79,190.93,184.83,179.55,168.23,159.31,155.75,153.24,147.84,140.05,134.80,130.65,131.15,133.59,135.54,136.80,137.69,138.44,138.81,138.31,137.47,137.21,137.43,136.71,135.34,133.41,130.69,128.25,125.58,122.65,119.75,117.34,115.27,115.45,117.65,120.70,123.87,126.32,126.91,125.98,125.75,123.63,122.53,123.05,118.18,109.21,104.38,103.39,102.51,101.15,99.88,98.75,97.63,96.09,94.47,92.97,91.55,90.46,89.51,88.71,87.67,86.33,84.70,82.28,79.64,77.48,75.38,73.51,72.27,71.11,69.84,68.22,66.72,64.90,63.11,61.33,59.84,58.68,57.46,55.88,54.09,52.49,50.95,49.43,47.06,44.54,42.34,40.78,39.41,38.04,36.42,34.88,33.27,31.61,30.19,28.63,27.36,24.70,23.94,24.47,25.19,23.76,21.73,19.88,18.44,17.05,15.71,14.54,13.81,13.56,12.59,11.31,10.57,10.00,8.81,7.31,5.78,4.24
448.70,451.93,454.86,457.44,459.80,461.77,463.85,466.18,468.67,470.87,472.85,474.94,475.36,471.02,467.74,470.84,469.63,469.17,468.91,467.90,465.65,464.34,469.73,480.37,481.82,486.02,490.00,495.32,499.88,501.63,504.37,507.70,512.89,510.81,506.72,505.39,503.27,500.07,500.37,503.10,505.13,504.17,500.35,499.71,500.42,500.55,499.06,498.44,504.61,508.57,508.51,506.71,503.77,501.15,498.03,494.51,495.77,500.09,504.31,508.68,512.38,513.74,514.05,514.51,513.91,510.89,505.00,497.68,493.68,492.77,489.38,485.11,477.10,468.29,465.63,464.79,463.45,460.62,463.56,466.34,466.82,464.04,460.88,459.47,456.64,449.92,442.85,438.86,438.20,435.80,430.78,428.70,428.49,425.04,419.09,417.08,414.08,411.22,408.40,406.29,403.61,399.44,397.72,397.60,396.28,395.69,395.42,394.53,392.65,391.00,389.73,388.20,385.71,382.63,379.40,375.27,370.90,364.28,357.64,352.42,350.43,347.60,341.49,333.78,328.67,325.79,322.13,317.23,309.88,301.78,290.42,275.32,262.57,254.12,244.50,230.70,216.06,204.96,196.63,187.36,179.92,174.30,163.76,154.77,150.87,149.34,143.62,137.44,133.45,128.76,127.92,130.56,132.17,133.06,134.34,135.34,136.14,135.96,134.79,134.27,134.56,134.19,132.79,131.38,129.05,126.30,123.68,121.22,118.84,116.53,114.22,112.47,113.21,115.88,119.44,121.96,122.82,122.29,120.74,118.13,116.53,117.58,114.36,106.39,100.95,100.00,99.79,98.76,97.81,96.73,95.62,94.06,92.37,90.83,89.54,88.50,87.53,86.56,85.42,83.91,82.48,81.22,78.84,76.60,74.47,72.70,71.44,70.26,68.65,66.78,65.00,63.23,61.45,59.88,58.77,57.60,56.38,54.99,53.38,51.74,50.06,48.50,46.52,44.02,41.55,39.78,38.48,37.16,35.83,34.46,32.99,31.49,29.71,27.38,25.13,22.78,21.21,21.81,23.18,23.11,21.22,19.33,18.09,16.71,15.33,13.96,12.76,12.22,12.07,11.03,9.24,7.96,6.84,5.54,4.21,2.81
445.55,449.49,452.41,454.65,456.68,457.73,459.99,462.39,464.24,466.05,468.11,470.41,471.44,466.95,464.88,466.54,464.50,464.00,463.59,463.92,462.93,460.59,463.20,473.22,475.06,478.74,483.24,488.92,491.20,492.58,495.63,499.24,503.28,500.99,497.17,496.57,494.86,490.98,492.69,494.91,496.24,496.69,494.64,493.37,493.28,493.63,493.76,496.69,501.07,503.04,504.29,504.06,500.96,498.10,495.65,492.46,490.09,493.91,498.13,501.82,505.13,507.20,508.36,509.25,509.55,507.76,504.09,497.80,489.88,486.19,484.44,481.70,474.91,463.79,454.35,451.24,451.30,452.18,454.50,457.93,461.28,460.18,454.22,453.41,451.35,446.44,437.91,431.98,432.27,432.26,427.29,422.41,421.98,420.63,417.52,414.86,412.35,409.92,406.83,403.51,400.53,396.98,394.01,394.00,393.06,392.10,392.43,392.10,390.18,388.55,387.75,386.40,384.64,382.17,379.02,374.65,370.34,365.23,359.64,353.75,348.00,343.63,339.90,331.38,325.92,323.42,321.81,318.61,312.10,303.97,290.35,270.87,257.64,248.25,236.80,222.97,212.45,203.20,192.72,181.53,173.95,168.80,160.71,152.46,146.91,143.86,140.29,136.49,132.49,127.75,123.20,124.61,127.03,129.20,131.12,132.31,133.38,133.47,132.09,131.28,131.56,131.72,130.24,128.81,127.17,124.71,122.00,119.73,117.94,115.78,113.19,110.55,108.83,109.91,112.94,116.21,118.25,118.60,116.89,114.14,111.59,110.00,107.44,103.17,98.66,96.93,96.62,95.89,95.31,94.68,93.57,92.28,90.38,89.03,87.96,86.91,85.85,84.65,83.22,81.41,79.94,79.03,77.66,75.58,73.65,71.97,70.58,69.07,67.20,65.29,63.47,61.83,60.12,58.87,57.78,56.64,55.32,53.83,52.49,50.88,48.91,46.91,45.55,43.64,41.22,39.38,37.59,36.22,34.96,33.72,32.46,31.21,29.76,27.61,25.25,22.29,19.95,19.55,21.13,21.95,20.81,18.41,16.98,16.24,15.02,13.65,12.21,11.02,10.78,10.44,8.23,5.74,4.59,3.31,2.01,0.92
442.12,445.99,449.10,451.72,453.01,454.69,456.58,458.54,459.76,461.08,462.92,465.92,466.16,460.88,462.12,461.14,459.64,459.28,458.91,459.82,459.95,457.67,459.36,465.46,469.42,472.88,477.45,480.34,480.32,482.85,486.84,490.11,493.88,490.77,489.09,489.50,487.66,483.67,486.01,488.32,489.09,488.87,487.68,486.79,486.74,488.70,492.00,496.17,498.24,499.06,500.11,501.38,499.29,496.80,494.20,491.38,487.36,488.67,492.92,496.00,498.41,500.56,502.06,503.78,505.66,504.07,500.66,496.24,489.97,484.22,479.98,476.56,471.76,463.99,454.54,445.47,443.75,445.56,447.23,449.71,452.66,452.68,448.22,446.59,445.42,442.55,434.69,427.20,426.94,427.27,423.65,419.17,417.42,417.08,415.89,413.79,411.20,408.65,405.94,403.00,399.36,394.43,390.79,390.42,390.01,388.63,389.32,389.42,388.45,386.61,385.53,384.51,382.72,381.00,377.68,373.16,368.63,363.85,358.93,354.11,348.66,341.69,334.81,328.30,322.61,319.33,317.09,315.62,312.70,303.76,286.75,267.06,253.54,243.24,230.28,217.19,207.57,198.38,188.16,176.56,169.43,165.03,159.80,152.78,146.98,142.01,137.66,134.78,131.81,126.96,121.02,119.13,121.59,124.86,127.79,129.68,130.91,131.19,129.59,128.38,128.86,128.95,127.49,126.09,124.68,122.74,120.41,118.50,116.78,114.91,112.58,110.01,106.86,104.37,105.59,108.48,111.36,113.20,113.08,110.56,106.65,103.05,100.68,99.36,97.23,94.71,93.49,92.83,92.30,92.48,91.52,90.44,88.88,87.46,86.41,85.31,84.04,82.67,81.39,79.72,78.09,77.08,76.12,74.55,72.85,71.16,69.41,67.47,65.55,63.67,61.94,60.42,59.09,57.96,56.82,55.64,54.09,52.52,51.04,49.78,47.61,45.31,43.62,42.67,41.09,38.80,36.55,35.14,33.97,32.74,31.56,30.74,29.61,27.96,25.64,23.06,21.19,18.72,18.46,20.50,19.91,17.53,14.97,14.32,14.25,13.31,11.93,10.44,8.88,8.25,6.44,3.73,2.36,1.15,0.57,0.07
438.62,442.18,445.30,447.81,449.28,451.52,452.71,454.57,455.79,456.63,458.36,461.97,462.16,457.65,458.23,457.71,456.54,456.00,455.65,456.28,456.98,455.14,456.90,462.06,464.70,467.12,470.04,471.19,471.18,475.11,481.97,485.44,486.17,480.15,477.54,479.33,479.45,475.51,480.55,483.64,483.20,480.72,479.78,481.40,485.31,489.81,492.55,494.69,495.71,496.00,496.31,498.03,496.52,494.27,492.44,490.05,485.74,482.91,486.83,491.20,493.78,495.91,497.46,499.46,502.35,501.25,496.93,491.95,487.43,482.95,478.09,473.57,468.70,463.19,455.69,444.59,437.08,436.51,438.87,441.46,443.10,444.42,443.99,440.86,436.54,436.08,432.24,424.77,421.85,421.46,418.88,416.91,414.48,413.61,413.06,411.72,409.68,406.74,403.68,401.08,397.99,393.01,388.81,387.49,387.08,385.76,385.78,386.44,386.73,385.14,383.30,382.57,380.90,378.35,375.10,371.16,366.66,362.06,357.63,353.33,348.41,342.50,335.85,329.29,323.90,318.91,312.12,309.37,309.14,299.61,280.78,264.61,250.79,241.97,228.26,216.02,206.64,197.85,188.34,178.26,169.41,164.79,159.85,153.76,148.09,143.22,137.71,132.43,129.66,125.78,121.20,117.97,118.74,122.28,124.84,126.79,127.66,127.78,126.77,125.66,126.32,126.05,124.57,123.20,122.04,120.46,118.63,116.89,115.17,113.47,112.00,109.34,105.04,101.09,99.68,100.21,102.91,106.43,108.16,106.44,102.27,98.94,97.34,96.54,94.72,92.72,91.06,89.96,89.47,90.15,89.48,88.34,87.27,85.81,84.74,83.46,82.07,80.71,79.50,78.43,76.90,75.32,74.33,73.14,71.53,69.77,67.67,65.72,63.86,62.01,60.44,59.02,57.73,56.64,55.37,54.29,53.41,51.71,49.75,47.70,45.76,43.69,41.84,40.45,39.63,37.70,35.52,34.08,32.95,31.76,30.76,30.05,28.82,27.41,25.95,24.32,22.50,19.93,15.77,16.57,17.49,16.33,13.63,11.89,11.96,12.14,11.10,9.41,6.87,5.09,3.71,1.68,0.61,0.27,e,e
434.27,437.93,440.55,443.03,445.37,447.25,448.74,450.88,451.47,452.34,454.23,458.77,459.35,455.53,453.82,454.26,453.76,452.96,452.51,452.72,453.68,453.12,452.66,457.77,459.53,460.03,461.02,462.83,465.42,472.39,478.06,480.46,479.45,473.61,467.46,468.59,470.47,467.93,473.51,478.37,478.50,476.38,477.32,481.28,485.37,488.88,490.90,491.57,492.90,492.70,492.36,494.42,492.94,490.61,489.46,487.07,483.67,480.02,480.25,484.57,489.07,492.04,494.25,496.67,499.12,498.46,494.39,489.62,485.41,481.41,477.16,472.86,468.18,463.00,453.24,444.38,436.49,428.91,428.95,431.29,431.60,434.60,436.48,433.31,428.48,428.87,428.68,421.66,416.06,416.10,414.93,413.96,411.97,410.41,409.83,408.47,406.55,404.35,401.20,398.55,395.50,391.28,388.11,385.75,384.19,383.00,382.47,383.12,384.13,383.90,381.62,380.17,378.81,375.88,372.76,368.96,364.41,360.26,356.31,352.27,346.33,340.48,336.60,332.40,330.04,326.65,315.57,305.87,303.57,293.25,274.56,260.84,248.18,237.39,223.27,212.03,205.17,199.04,190.18,178.84,170.77,164.68,158.48,151.64,146.56,142.03,137.35,131.81,128.13,125.21,122.16,118.36,115.92,119.56,122.11,123.34,123.48,123.71,123.14,122.84,123.73,123.01,121.60,120.25,119.32,118.15,116.77,115.14,113.47,111.75,109.94,106.95,102.61,99.31,97.56,96.44,97.64,99.80,101.75,101.63,98.71,96.23,94.77,93.97,92.05,89.88,88.88,87.69,87.11,87.54,87.18,86.23,85.33,84.22,82.92,81.92,80.46,79.10,77.94,77.09,75.76,74.14,72.56,71.47,69.97,67.99,65.84,63.72,61.93,60.24,58.86,57.63,56.33,55.07,53.55,52.42,52.21,51.34,49.42,46.83,44.29,42.20,40.34,38.52,37.38,36.22,34.50,33.06,31.80,30.80,30.07,28.80,27.25,25.80,24.44,23.48,22.47,20.21,15.88,12.34,12.59,13.90,12.59,10.03,10.13,10.47,9.04,6.69,4.52,2.38,1.17,0.41,0.10,e,e,e
429.52,431.50,433.79,438.22,440.86,442.33,443.97,445.74,446.50,447.69,449.41,454.17,454.55,451.84,450.53,450.44,450.87,450.04,449.50,449.25,450.21,450.62,448.97,453.19,454.04,454.51,455.56,457.10,461.59,468.21,472.60,474.30,472.89,467.75,459.51,458.35,461.97,461.62,465.35,471.25,472.95,472.86,475.87,479.94,483.73,486.86,488.31,488.94,490.52,489.95,489.34,491.10,489.90,487.40,485.78,483.51,480.34,478.21,477.45,479.52,483.56,488.22,491.54,493.45,494.65,493.98,491.20,486.90,483.36,479.65,474.80,470.88,466.57,460.97,449.87,443.32,436.54,428.22,421.74,422.30,421.98,423.72,425.42,425.08,423.71,423.28,422.49,415.02,409.26,410.83,410.58,410.13,408.04,405.36,405.44,403.99,402.47,401.31,399.20,396.70,393.72,390.35,387.77,385.38,383.06,380.94,379.51,379.98,381.43,382.20,380.50,377.35,375.38,372.96,370.27,366.85,362.16,358.37,354.80,350.66,342.78,338.63,336.99,334.75,332.53,329.20,318.20,304.63,295.32,283.01,266.15,253.34,241.98,226.63,213.59,206.20,199.27,191.24,183.63,175.96,169.55,163.26,157.44,150.52,145.32,140.67,136.61,132.62,128.93,125.70,122.37,118.37,113.87,115.46,118.56,119.60,119.46,119.64,119.75,120.02,120.90,119.92,118.47,117.49,116.80,115.81,114.56,113.26,111.69,109.84,107.22,104.17,100.56,98.17,96.26,94.33,93.91,95.23,96.28,96.28,94.30,92.58,92.10,91.41,89.90,87.75,86.38,85.46,84.67,84.73,84.63,83.95,83.20,82.38,81.19,80.18,79.10,77.84,76.53,75.50,74.55,72.95,71.37,69.59,67.70,65.88,64.06,61.86,59.95,58.56,57.26,56.05,54.77,53.27,51.71,50.50,50.21,49.52,48.29,46.36,43.83,41.24,38.86,36.95,35.28,34.18,33.03,31.70,30.46,29.72,28.88,27.31,25.65,24.10,22.74,21.73,21.15,19.83,16.29,11.97,9.72,10.73,11.27,9.34,8.25,7.92,6.08,3.72,1.64,0.60,e,e,e,e,e,e
425.79,427.00,428.51,431.70,434.97,436.77,438.30,439.54,441.17,442.46,445.46,449.99,448.66,446.69,446.10,445.85,446.57,446.47,446.45,446.04,446.49,445.89,446.07,449.31,448.70,449.82,450.89,453.10,456.86,461.33,465.68,466.82,464.38,457.74,449.72,450.55,454.01,456.42,460.75,465.83,468.02,470.05,474.06,478.70,482.45,484.80,485.98,487.33,488.42,488.27,487.11,487.55,486.69,484.58,482.57,480.43,477.28,475.62,476.07,477.57,479.82,484.51,489.38,491.56,490.64,489.10,486.32,481.85,479.00,475.84,470.90,466.67,463.59,457.87,449.08,442.82,435.47,426.85,417.68,412.58,412.83,413.86,416.48,417.55,416.94,414.19,414.16,408.38,402.97,404.67,404.98,404.39,401.09,398.90,400.29,399.23,398.45,397.74,396.94,395.38,392.47,389.27,386.36,383.89,382.34,380.16,377.47,376.22,376.87,377.35,378.28,375.10,372.09,369.92,367.66,364.87,360.82,357.14,353.56,349.22,340.63,336.32,335.16,334.41,332.76,329.65,318.60,303.19,287.70,274.87,261.00,246.41,233.43,221.09,213.89,208.50,200.94,190.66,180.55,173.78,167.13,160.22,155.44,150.32,145.18,140.19,136.34,132.77,129.40,125.89,122.17,117.66,112.40,110.62,113.72,115.73,115.97,116.18,116.32,116.67,117.79,117.03,115.64,114.88,114.26,113.39,112.22,111.02,109.36,106.81,104.19,101.38,98.95,96.75,94.82,92.80,90.95,90.77,90.80,90.78,89.97,89.25,89.21,88.66,87.72,85.91,83.95,83.11,82.33,82.02,82.05,81.67,81.03,80.32,79.44,78.33,77.55,76.52,75.28,73.95,73.16,71.84,70.10,67.83,65.33,63.52,61.96,60.18,58.58,57.11,55.67,54.35,53.08,51.81,50.06,48.31,47.91,47.29,46.50,45.13,43.34,41.05,38.30,35.73,33.64,32.14,31.00,29.67,28.78,28.18,27.35,25.77,24.11,22.46,21.00,19.91,19.16,18.17,16.21,13.23,10.17,8.92,8.69,7.28,5.37,4.30,2.60,1.16,0.47,e,e,e,e,e,e,e
422.20,423.67,425.38,427.39,429.17,430.85,432.32,434.01,436.18,438.07,441.27,444.30,441.94,440.35,440.80,440.95,441.65,442.39,443.03,442.83,442.33,440.82,443.94,445.63,444.41,444.64,446.15,448.95,452.29,455.38,457.94,458.27,455.34,448.22,443.66,448.65,452.71,455.90,459.39,462.87,466.04,469.63,473.69,478.10,481.23,482.73,484.17,485.62,486.42,486.75,485.64,484.30,483.09,481.42,479.69,477.24,474.44,473.67,475.06,476.93,479.10,483.85,489.94,491.26,487.35,484.13,481.59,477.61,473.98,471.13,466.42,462.09,459.45,455.64,449.28,441.51,433.05,424.73,416.61,408.49,404.62,405.86,408.78,407.96,405.56,400.70,403.37,402.69,397.41,398.64,399.36,398.22,394.08,390.11,390.84,392.77,393.76,394.10,393.69,392.91,391.59,387.76,383.47,381.02,379.89,378.41,375.83,373.63,372.00,370.68,370.98,371.12,369.15,367.14,365.06,362.86,360.13,356.74,353.18,348.67,340.35,334.47,332.05,331.99,332.05,329.35,319.86,306.19,289.58,274.98,263.15,251.34,237.44,225.61,215.89,208.08,200.45,189.86,182.03,173.68,166.06,158.94,156.59,152.74,147.22,140.71,136.47,132.95,129.39,125.07,121.24,115.59,110.01,107.53,110.30,111.97,112.44,112.74,112.76,113.31,114.88,113.95,112.84,112.33,111.77,110.93,109.65,108.09,105.75,103.06,100.85,98.94,97.22,95.30,93.27,91.15,88.91,87.41,87.27,87.66,87.20,86.06,85.90,85.63,85.10,83.88,81.74,80.55,80.11,79.47,79.33,79.30,78.89,78.25,77.45,76.55,75.83,74.96,73.92,72.58,71.47,70.68,68.81,66.51,63.74,61.09,59.53,58.27,56.75,55.25,53.75,52.50,51.42,50.04,48.77,46.97,45.63,44.96,44.30,43.43,41.83,40.10,37.59,35.02,32.58,30.39,28.91,27.76,26.97,26.45,25.76,24.26,22.59,20.91,19.38,18.24,17.13,15.91,14.23,12.45,10.31,7.49,5.68,4.52,2.77,1.34,0.69,e,e,e,e,e,e,e,e,e
418.54,420.37,422.07,423.47,424.79,426.21,427.59,429.54,432.29,434.63,437.24,438.06,434.94,435.13,436.66,436.65,437.51,438.39,439.61,439.56,438.20,437.97,441.11,441.94,440.66,439.54,441.05,443.25,446.93,449.10,451.03,450.49,446.00,439.22,441.59,448.82,452.86,456.04,459.07,462.35,465.77,469.28,472.92,476.49,479.33,481.16,482.61,483.79,484.46,484.99,484.45,482.63,480.76,478.38,476.46,473.89,471.73,472.65,474.65,476.77,478.85,483.90,491.60,491.32,485.19,479.61,477.12,473.80,469.71,465.87,461.58,457.91,455.34,452.29,447.16,438.41,428.46,420.64,413.90,406.55,399.94,399.88,400.78,399.13,397.31,394.71,396.46,394.89,391.42,393.19,393.49,390.53,387.70,384.28,380.93,384.50,388.54,390.10,390.01,389.51,388.62,386.41,381.00,378.16,377.11,376.22,374.15,372.06,371.05,370.22,369.69,368.21,366.81,365.04,363.07,360.63,357.57,354.76,352.26,347.43,339.34,332.98,329.22,330.44,330.91,327.68,321.42,310.41,295.64,283.87,269.16,257.56,246.12,232.90,220.33,209.18,201.13,194.85,188.01,181.48,173.24,164.77,163.17,161.57,151.78,140.40,135.55,131.62,126.83,121.64,116.03,111.34,107.58,104.51,105.90,107.87,108.87,109.46,109.31,110.52,111.97,110.64,109.84,109.38,108.99,107.90,106.37,104.68,102.47,99.78,98.23,96.75,95.21,93.75,91.82,89.67,86.94,84.55,84.45,84.97,84.70,83.02,82.43,82.40,82.25,81.64,79.71,78.26,78.15,77.30,76.93,76.98,76.70,76.18,75.40,74.63,73.98,73.31,72.34,71.33,69.84,68.68,67.32,65.28,62.46,59.76,57.67,56.29,54.84,53.28,51.77,50.53,49.61,48.24,47.06,45.78,44.01,42.75,42.02,41.51,40.20,38.58,36.47,34.04,31.80,29.37,27.31,25.82,25.05,24.29,23.79,23.02,21.22,19.58,18.01,16.62,15.59,14.00,12.16,10.22,7.84,5.42,2.99,1.70,0.73,0.45,e,e,e,e,e,e,e,e,e,e
414.52,416.60,418.31,419.55,420.65,422.18,423.90,426.29,429.18,431.20,433.67,431.45,429.13,430.92,432.63,432.54,433.50,434.31,435.07,435.63,434.14,434.41,437.85,438.44,436.73,435.52,436.37,438.14,441.54,442.71,443.86,441.57,435.04,434.31,440.98,448.15,452.10,454.89,457.74,460.61,463.63,467.30,471.09,474.23,476.88,479.24,480.87,481.85,482.49,483.16,483.03,481.65,479.11,475.63,472.89,471.14,470.28,472.52,474.46,476.20,478.25,484.77,494.24,494.52,486.37,478.90,475.25,471.46,467.25,463.71,459.19,455.54,451.79,448.40,442.72,434.41,425.09,416.37,409.31,403.46,398.68,395.76,395.39,393.21,390.45,388.56,388.67,386.09,385.37,387.75,387.63,384.31,381.42,379.71,375.26,376.04,381.90,384.73,385.81,385.53,383.99,383.08,379.56,376.26,374.13,373.14,372.19,370.80,371.44,371.87,371.27,369.69,369.26,368.10,366.02,361.77,356.44,351.56,348.08,342.45,336.69,331.31,327.37,329.40,330.26,328.00,323.56,317.25,306.62,294.63,279.87,264.46,253.63,240.72,230.46,220.30,210.52,203.61,195.53,188.48,179.29,172.96,170.15,168.56,156.88,143.08,134.87,128.53,122.84,115.01,108.79,107.36,105.56,101.91,101.32,103.55,105.39,106.38,105.96,107.88,108.99,107.74,106.63,105.92,105.26,104.29,102.91,101.35,99.60,97.72,96.09,94.66,93.40,92.10,90.38,88.40,85.67,82.39,81.24,81.91,82.23,80.37,79.30,79.54,79.53,79.18,78.03,76.59,76.24,75.36,74.62,74.68,74.39,74.10,73.48,72.77,72.12,71.58,70.70,69.65,68.31,66.81,65.45,63.96,61.86,59.30,57.07,54.95,53.08,51.45,49.90,48.55,47.50,46.36,45.09,44.21,42.84,41.16,39.80,39.28,38.46,37.01,35.27,33.13,30.97,28.90,26.76,24.65,22.92,21.82,21.53,21.71,20.14,18.48,16.89,15.28,13.98,12.82,10.94,8.10,5.08,2.59,0.75,0.56,e,e,e,e,e,e,e,e,e,e,e,e
410.66,412.78,414.60,416.26,417.45,418.78,420.31,422.58,425.08,427.72,429.78,427.89,426.09,427.65,428.45,428.70,429.83,430.34,430.42,431.40,430.69,431.79,435.21,435.07,432.55,431.62,432.01,433.69,435.45,435.74,435.17,432.99,429.38,433.78,441.05,446.26,450.30,453.08,455.80,458.19,460.53,464.49,468.78,471.82,474.28,476.46,478.40,479.68,480.46,481.25,481.25,480.44,477.44,473.30,469.52,467.76,469.61,471.40,472.40,474.45,478.41,487.24,498.33,499.28,491.83,484.22,480.18,477.09,471.20,469.16,463.82,459.63,452.83,446.21,440.18,432.82,425.12,416.70,408.80,404.07,399.69,393.57,391.01,386.69,380.86,379.21,379.29,377.64,379.74,381.88,381.48,378.19,374.44,370.52,370.49,366.63,372.86,379.19,381.67,381.74,380.00,378.77,376.21,373.22,371.87,369.84,369.86,369.72,370.84,372.64,374.86,376.37,377.81,377.33,373.91,370.34,365.17,358.95,354.52,350.09,341.34,333.09,326.49,325.48,326.97,327.22,325.02,321.92,315.59,304.93,292.71,275.67,262.22,251.02,241.79,230.96,220.10,211.08,202.18,191.31,177.17,167.29,161.41,161.04,157.86,146.33,132.97,123.24,116.46,108.12,103.84,103.00,103.41,100.91,97.74,100.06,102.57,103.03,102.51,104.03,105.79,105.05,103.72,102.48,101.55,100.67,99.77,98.49,97.17,95.55,94.03,92.92,91.74,90.35,88.47,86.56,84.53,81.97,78.91,78.76,79.37,78.45,77.20,77.40,77.47,77.17,76.06,74.87,74.33,73.48,72.42,72.30,72.03,71.95,71.57,70.92,70.25,69.74,68.90,67.77,66.54,65.09,63.71,62.32,60.73,58.84,56.64,54.41,52.20,50.24,48.54,46.90,45.52,44.31,43.11,42.22,41.43,39.87,38.02,37.13,36.46,35.30,33.80,32.18,30.18,28.20,26.21,24.13,22.04,19.99,19.30,19.61,18.79,17.44,15.87,14.12,12.46,11.39,9.53,5.55,2.27,0.71,e,e,e,e,e,e,e,e,e,e,e,e,e,e
406.90,408.94,411.05,413.05,414.38,415.59,417.00,418.96,421.20,424.02,425.12,423.56,422.79,423.67,424.50,425.56,426.48,426.97,426.47,426.71,427.35,431.27,432.75,432.12,429.33,428.27,427.86,428.08,427.66,427.68,426.19,425.47,427.99,434.68,440.95,444.78,448.73,451.67,453.97,456.26,458.72,462.22,466.35,469.26,471.46,473.44,475.19,476.56,477.29,478.20,478.48,478.11,475.81,472.18,468.19,465.24,467.19,468.34,469.77,472.55,477.90,486.03,496.48,500.86,498.70,492.38,487.40,485.21,480.11,474.98,469.09,462.78,455.10,446.11,437.43,429.71,422.39,414.59,405.99,400.06,392.58,386.79,383.00,378.04,372.00,366.96,369.82,368.23,372.41,375.15,374.19,371.57,367.54,360.90,361.07,356.53,360.10,370.62,376.18,377.53,377.59,375.47,372.21,369.24,368.93,367.55,367.09,368.08,370.82,375.66,380.32,384.67,387.61,388.22,386.55,383.77,378.68,372.70,366.89,359.71,349.01,337.04,328.76,322.49,320.94,323.48,321.49,322.02,320.33,312.67,303.35,287.53,268.54,256.86,246.30,230.85,218.34,207.77,199.71,186.44,171.45,159.93,152.77,151.95,149.46,139.56,127.56,117.80,109.78,101.82,99.05,99.23,100.19,98.25,94.61,96.35,99.57,99.69,99.13,100.51,102.39,102.15,100.73,99.58,98.92,98.35,97.67,96.27,94.74,93.29,91.74,90.93,89.88,87.97,85.71,83.74,81.75,80.70,78.45,75.97,76.39,76.62,75.48,75.31,75.45,75.20,74.17,73.22,72.48,71.89,70.43,69.85,69.74,69.80,69.50,69.06,68.43,67.83,66.92,65.84,64.69,63.34,62.06,60.80,59.41,57.97,56.20,53.97,51.68,49.50,47.60,45.77,44.02,42.45,41.06,40.10,39.40,38.31,36.79,35.23,34.34,33.45,32.15,30.68,29.09,27.19,25.28,23.34,21.47,19.36,17.19,16.70,16.22,15.52,14.58,13.00,11.17,9.07,6.21,2.60,0.61,e,e,e,e,e,e,e,e,e,e,e,e,e,e,e
402.84,404.93,407.62,410.05,411.16,412.31,413.86,415.81,418.01,420.41,419.99,418.87,419.29,420.53,421.38,422.50,423.20,423.81,423.07,422.40,425.64,429.40,429.43,428.75,426.95,425.09,424.12,422.33,418.92,418.84,420.57,424.58,429.55,434.26,438.01,441.55,445.83,450.47,453.17,455.72,458.28,461.10,464.28,466.65,468.62,470.35,471.97,473.17,473.66,474.44,475.31,475.46,474.04,470.70,466.87,463.26,463.69,465.15,466.91,469.65,474.50,481.71,490.58,497.25,498.00,493.78,489.13,488.94,487.25,476.81,466.85,458.48,449.81,438.08,427.10,419.33,409.83,402.41,395.04,388.04,380.64,373.56,370.01,367.21,363.53,358.65,361.46,357.96,361.48,366.04,366.11,364.64,359.88,353.43,350.55,348.86,351.81,361.69,369.51,371.89,373.96,374.03,370.21,367.47,366.26,365.15,366.12,368.87,374.11,381.58,389.65,395.04,397.36,399.19,398.73,395.80,390.67,384.10,374.59,364.27,354.47,342.23,332.02,323.31,318.03,319.86,317.97,316.73,316.40,312.24,301.96,285.65,267.58,255.65,240.83,225.61,213.43,201.62,192.80,179.47,166.30,155.70,145.56,141.09,137.78,130.37,121.75,114.29,106.64,99.80,96.84,96.39,97.16,94.98,91.08,92.77,95.71,96.42,96.51,97.99,99.18,99.26,98.27,97.38,96.94,96.42,95.64,94.16,92.60,91.05,89.40,88.22,87.06,85.29,82.92,80.89,79.12,77.90,77.34,74.43,73.46,74.18,73.78,73.30,73.44,73.41,72.60,71.62,70.80,70.20,68.50,67.23,67.31,67.61,67.45,67.15,66.61,65.84,64.99,63.90,62.79,61.56,60.33,59.29,58.06,56.74,55.35,53.65,51.52,49.30,47.26,45.11,43.08,41.25,39.21,37.70,37.07,36.03,34.92,33.77,32.45,31.47,30.39,29.27,27.88,26.16,24.28,22.30,20.13,18.58,16.46,14.66,13.54,12.91,12.33,11.79,9.85,5.78,2.37,0.74,e,e,e,e,e,e,e,e,e,e,e,e,e,e,e,e
398.56,401.19,404.12,405.86,407.36,408.88,410.74,412.91,415.15,416.23,414.75,413.03,414.48,416.69,417.89,418.59,419.82,420.50,419.49,420.07,424.52,426.64,426.01,425.05,423.61,422.17,420.87,416.18,411.68,415.48,421.69,425.35,428.27,431.10,434.79,438.52,443.14,449.05,452.00,454.31,456.94,459.56,461.98,464.11,465.94,467.60,468.95,469.75,469.91,470.74,472.07,472.62,471.98,468.96,465.05,461.44,461.33,464.19,466.66,468.25,471.45,477.16,483.90,490.28,491.51,488.11,483.30,481.91,478.33,470.24,461.02,451.20,439.67,428.42,413.65,404.39,395.64,387.22,380.26,373.76,367.21,361.91,359.19,357.35,356.22,352.51,354.77,350.87,350.16,353.12,354.89,356.14,352.79,347.54,342.34,341.25,346.24,354.11,360.60,364.83,369.42,372.06,369.66,366.02,363.95,363.35,366.48,371.03,378.46,389.16,399.69,404.23,405.62,407.72,408.78,407.22,400.01,392.76,382.40,367.12,356.05,347.00,334.67,324.45,317.06,315.40,313.48,308.71,306.87,305.99,298.05,280.04,263.61,250.45,235.04,221.75,208.97,197.26,186.42,174.18,161.12,152.31,140.25,133.40,129.37,124.69,118.34,113.23,107.06,100.20,95.46,93.33,93.96,93.25,89.48,89.40,91.87,93.28,94.37,95.56,96.45,96.55,95.78,95.18,94.94,94.48,93.79,92.50,91.09,89.53,87.60,85.74,84.12,82.55,80.44,78.65,77.34,75.87,75.30,73.30,71.09,71.77,71.94,71.38,71.46,71.54,70.94,70.03,69.04,68.08,66.21,64.70,64.91,65.33,65.42,65.18,64.72,63.89,63.06,62.02,60.89,59.75,58.60,57.61,56.56,55.37,53.99,52.64,51.23,49.00,46.80,44.54,42.37,40.49,38.45,36.35,34.80,33.62,32.50,31.85,30.98,29.79,28.77,28.00,26.62,24.98,23.26,21.40,19.37,17.59,15.81,13.94,12.18,10.67,9.67,9.37,6.96,2.66,0.95,e,e,e,e,e,e,e,e,e,e,e,e,e,e,e,e,e
395.10,398.04,400.22,401.45,403.41,405.32,407.52,409.81,411.90,411.57,409.97,408.59,410.25,412.64,413.39,413.00,413.41,413.35,416.04,421.22,423.49,423.55,422.51,421.28,420.23,419.10,415.79,410.11,409.71,414.58,419.65,422.67,425.48,429.03,432.66,436.45,440.74,445.87,449.81,452.47,455.01,457.33,459.51,461.54,463.31,464.96,465.95,466.45,466.86,468.22,468.99,469.42,468.28,463.53,460.87,459.37,462.63,467.36,469.99,470.60,472.27,475.70,479.91,484.58,484.86,480.30,475.75,471.62,465.68,460.18,454.51,442.13,431.55,420.11,402.76,392.42,383.20,374.82,366.06,360.38,356.48,353.03,349.64,349.73,350.87,348.34,349.11,347.07,341.89,342.68,344.42,344.76,342.10,339.61,336.20,335.23,341.88,347.37,351.81,357.36,363.08,366.65,368.63,365.59,362.32,362.18,366.73,373.58,383.87,395.83,403.95,402.95,400.64,401.69,404.38,404.80,400.59,393.14,384.40,367.99,356.75,348.96,335.74,325.39,317.67,313.11,309.43,303.65,298.41,297.02,290.06,270.39,255.56,240.74,227.07,217.94,205.86,194.03,183.59,170.20,156.65,146.72,136.56,129.65,124.57,120.49,116.24,112.05,105.79,98.11,92.83,90.32,90.72,91.19,89.02,85.89,88.32,90.70,92.13,92.74,93.67,93.99,93.31,92.90,92.97,92.53,92.00,91.03,89.45,87.73,85.88,83.90,81.97,80.24,78.59,76.94,75.39,74.01,72.98,71.89,69.20,69.18,69.63,69.22,69.26,69.51,69.03,68.18,67.18,65.90,63.93,62.10,62.08,62.89,63.43,63.24,62.86,62.04,61.14,60.19,59.08,58.01,56.91,55.86,54.65,53.64,52.63,51.23,49.81,48.08,46.06,43.94,41.73,39.71,37.69,35.70,33.75,31.86,30.27,29.63,29.20,28.27,27.20,26.64,25.35,23.71,22.08,20.46,18.79,17.02,15.17,13.37,11.63,9.65,7.05,5.37,3.34,0.67,e,e,e,e,e,e,e,e,e,e,e,e,e,e,e,e,e,e
392.47,394.88,396.66,397.99,399.85,401.80,403.89,405.93,407.94,407.56,405.89,405.53,407.50,409.43,409.52,408.58,408.09,409.20,415.26,418.73,419.80,420.06,418.96,416.86,416.01,414.97,411.27,408.06,408.15,410.59,415.52,420.52,424.32,427.73,431.12,434.96,438.60,442.52,446.66,450.26,452.73,454.92,457.00,458.88,460.78,462.26,462.60,463.24,464.71,466.24,466.02,466.19,463.92,458.66,455.05,459.92,465.33,470.52,473.71,474.94,475.49,476.64,478.60,480.51,480.14,476.38,470.70,461.04,453.08,448.02,441.68,431.12,420.79,408.16,395.48,386.10,375.62,365.53,357.05,351.86,348.66,345.54,341.88,341.56,344.97,345.75,343.54,343.54,338.35,334.33,336.02,336.08,331.88,328.64,328.22,329.57,336.61,341.06,344.92,349.00,353.98,358.08,361.41,361.92,359.80,360.68,367.14,376.84,389.08,399.18,402.44,395.81,390.92,391.05,393.51,394.82,393.08,388.53,381.14,367.19,356.44,348.14,334.76,324.46,317.39,312.66,307.86,301.99,296.01,289.97,277.84,262.93,249.23,236.13,224.59,213.42,201.63,192.46,182.07,168.46,157.02,147.06,138.88,131.37,122.99,116.79,112.91,108.77,102.24,95.58,90.13,87.70,88.22,89.02,87.28,83.37,84.15,87.07,89.23,89.70,90.91,91.53,90.94,90.65,90.92,90.54,90.03,89.06,87.35,85.45,83.85,82.05,80.20,78.46,76.78,75.19,73.61,72.25,71.13,70.02,67.76,66.30,66.42,66.50,66.90,67.30,66.91,66.14,65.27,63.91,61.94,60.04,59.54,60.78,61.41,61.31,61.00,60.25,59.42,58.48,57.39,56.32,55.23,53.92,52.41,51.42,51.11,49.90,48.56,46.93,45.06,43.07,40.99,38.97,37.10,35.19,33.26,31.30,29.31,27.91,27.31,26.56,25.61,25.05,24.23,22.64,21.09,19.52,18.05,16.45,14.62,12.81,11.00,8.72,5.72,2.81,1.19,0.00,e,e,e,e,e,e,e,e,e,e,e,e,e,e,e,e,e,e
389.05,391.70,393.48,395.08,396.45,397.97,399.90,401.71,403.82,403.69,402.03,403.14,405.18,406.28,405.70,405.20,406.87,409.68,411.24,411.34,413.75,414.62,413.69,411.94,411.19,410.85,408.33,406.01,406.76,409.77,414.65,419.73,423.17,426.38,429.63,433.02,436.33,439.47,443.37,447.60,450.44,452.38,453.65,455.47,457.51,459.04,459.29,461.15,463.14,463.69,463.07,463.08,460.81,456.19,451.35,457.16,462.58,469.26,475.26,479.23,479.10,478.05,478.09,478.54,477.89,474.69,469.55,457.74,444.90,436.84,431.02,424.43,415.18,403.36,392.50,382.62,371.19,359.65,350.32,344.48,341.60,339.06,336.32,336.21,340.64,343.13,340.27,338.62,336.41,329.13,328.02,329.07,326.45,322.77,322.37,325.87,331.50,335.17,338.59,342.18,345.81,348.90,351.98,353.90,352.09,357.38,367.72,380.33,392.27,401.12,400.02,390.56,384.45,383.62,384.06,381.63,381.50,380.94,375.64,364.30,355.25,345.85,332.51,322.65,315.43,310.39,306.48,302.40,298.08,293.51,286.81,275.12,263.10,249.78,231.45,214.52,203.54,189.86,178.98,166.97,157.54,149.25,140.27,130.62,119.77,112.34,108.43,104.37,99.29,94.24,89.57,86.27,86.12,87.23,85.78,81.91,79.98,82.45,85.04,86.47,88.25,88.62,88.05,87.52,87.98,87.93,87.51,86.50,85.07,83.22,81.53,79.97,78.43,76.80,75.09,73.42,71.87,70.45,69.29,68.11,66.14,64.14,63.65,64.25,64.64,65.09,64.81,64.04,63.33,62.35,60.87,58.95,57.38,58.23,59.13,59.26,59.04,58.53,57.79,56.79,55.71,54.69,53.68,52.45,50.71,49.23,48.87,48.26,47.30,45.77,43.89,42.04,40.11,38.13,36.26,34.49,32.73,30.84,28.98,27.23,25.70,24.75,23.91,23.36,23.01,21.62,20.06,18.42,16.93,15.34,13.98,12.20,10.18,7.17,4.06,1.28,0.18,e,e,e,e,e,e,e,e,e,e,e,e,e,e,e,e,e,e,e
385.01,388.16,390.48,391.91,392.72,393.88,395.85,398.37,400.20,400.09,398.68,400.65,402.30,402.77,402.52,404.39,406.73,407.73,407.47,407.71,408.82,409.54,408.92,407.96,407.63,406.58,404.13,402.94,405.81,409.28,413.52,417.93,421.83,425.21,428.38,431.16,434.18,437.54,441.27,444.73,447.55,449.21,450.04,451.82,453.78,455.32,455.93,458.85,461.14,460.81,459.94,460.03,457.55,454.70,450.25,451.45,456.68,465.22,474.55,482.15,482.05,478.72,480.04,480.16,477.12,473.51,467.73,456.70,444.69,433.55,425.92,418.61,409.12,400.56,391.56,381.19,369.55,357.46,346.92,337.67,332.26,331.33,330.52,330.72,335.61,339.45,336.21,333.07,334.27,329.06,320.55,321.76,322.11,317.55,317.24,322.50,326.51,329.28,332.43,335.85,338.86,341.61,344.18,345.70,345.09,354.08,367.68,382.11,393.47,401.27,400.66,390.91,380.75,376.06,373.77,369.78,369.42,369.48,365.65,358.65,351.15,340.71,328.64,319.52,312.26,307.55,303.22,300.22,297.80,295.10,292.24,285.69,272.02,255.36,238.45,217.41,203.66,187.99,176.38,165.38,156.22,147.73,136.69,125.79,116.21,108.45,103.68,100.03,96.45,92.87,88.82,84.98,84.11,85.49,85.00,81.73,77.39,77.08,81.38,83.89,85.56,84.88,84.28,84.03,84.65,85.02,84.84,83.94,82.68,80.95,79.34,78.10,76.62,75.09,73.46,71.74,70.13,68.72,67.47,66.18,64.56,62.47,61.49,62.41,62.62,62.85,62.64,61.97,61.45,60.45,59.14,57.36,55.54,55.52,56.60,57.05,56.95,56.70,56.11,55.14,54.12,53.16,52.16,50.95,49.47,47.75,46.49,45.93,45.39,44.56,42.95,41.16,39.32,37.22,35.28,33.42,31.73,30.08,28.32,26.55,24.80,23.34,22.37,21.63,21.49,20.51,18.92,17.21,15.38,13.48,12.49,11.59,8.99,5.17,2.07,0.28,e,e,e,e,e,e,e,e,e,e,e,e,e,e,e,e,e,e,e,e
381.31,383.93,385.96,387.46,388.36,389.78,392.77,395.49,396.63,396.19,394.82,396.63,398.76,399.46,401.81,403.65,404.72,404.83,404.65,405.05,405.97,406.49,405.64,404.71,404.55,403.14,400.26,401.04,404.63,407.83,410.84,415.64,421.11,424.26,426.87,429.23,432.19,435.86,438.78,441.51,444.40,445.89,446.87,448.52,450.32,451.75,452.02,454.53,457.13,457.04,455.98,455.39,453.40,451.59,448.78,448.18,455.78,465.58,475.34,485.80,486.55,480.51,481.06,481.07,475.48,470.95,465.32,456.02,445.23,434.57,426.39,417.44,408.82,400.21,392.70,381.58,369.31,356.12,344.93,334.13,325.51,323.57,323.00,325.17,329.87,334.10,330.11,327.94,330.64,329.31,319.49,313.96,315.20,311.68,311.42,316.75,321.06,324.24,326.99,330.03,332.63,333.81,336.81,337.78,338.36,351.40,366.36,380.32,391.97,400.21,400.93,395.64,383.91,374.25,365.75,360.61,357.87,357.37,355.00,350.69,344.41,334.94,324.15,316.01,309.62,305.88,301.63,298.47,296.52,294.31,291.92,287.63,273.26,255.94,238.42,219.34,203.19,186.86,174.00,163.39,152.85,140.31,131.79,122.07,113.58,106.17,99.73,96.18,92.54,89.71,86.88,83.52,82.04,83.56,84.30,82.04,77.95,71.14,77.02,82.21,82.06,81.14,80.73,80.79,81.44,82.06,82.13,81.41,80.25,79.02,77.61,76.32,74.92,73.33,71.73,70.16,68.59,67.10,65.72,64.34,62.87,60.89,59.75,60.72,60.90,60.77,60.52,60.08,59.76,58.83,57.23,55.47,53.73,53.14,54.14,54.81,54.81,54.69,54.43,53.68,52.67,51.71,50.66,49.38,47.98,46.39,44.82,43.66,43.10,42.71,42.03,40.34,38.55,36.24,34.15,32.27,30.49,28.89,27.17,25.39,23.74,22.37,21.18,19.96,19.32,18.53,17.39,16.05,14.12,11.83,10.44,9.43,6.30,2.71,0.67,e,e,e,e,e,e,e,e,e,e,e,e,e,e,e,e,e,e,e,e,e
377.65,379.49,380.79,381.84,383.26,386.74,390.81,392.05,392.39,392.20,390.93,392.26,393.56,398.46,400.61,401.25,402.15,402.20,402.08,402.43,403.32,403.56,402.48,401.40,401.40,400.29,397.80,400.21,403.27,405.83,408.34,412.97,419.60,422.54,424.68,427.09,430.46,433.49,436.04,438.95,441.44,442.71,443.63,445.29,446.93,447.32,446.86,449.83,453.05,452.85,451.84,450.47,447.50,444.47,444.39,448.49,457.16,468.17,480.08,490.05,492.04,486.24,483.48,480.29,470.01,467.23,463.27,455.75,444.95,436.05,428.69,419.41,410.97,401.59,393.96,383.24,369.87,356.44,344.03,333.15,322.46,318.52,318.38,320.94,325.81,329.62,325.46,324.04,327.17,327.08,320.38,310.40,307.06,304.48,303.79,307.45,314.13,318.90,321.76,324.78,326.62,326.69,329.00,329.20,333.88,347.61,363.67,377.32,387.52,396.05,399.36,395.09,386.59,377.81,366.32,357.04,351.63,348.91,347.65,343.26,335.55,327.25,319.64,313.59,308.57,305.19,301.22,298.47,296.30,294.14,292.00,287.26,270.34,254.86,237.82,220.63,202.75,186.43,170.02,157.83,147.21,135.34,126.63,119.61,112.21,104.39,97.97,93.45,89.76,86.56,83.71,81.06,80.10,81.72,83.15,82.15,77.91,69.62,75.79,79.32,78.58,78.64,78.72,78.74,79.12,79.45,79.59,79.27,78.40,77.26,75.95,74.59,73.24,71.73,70.04,68.35,66.84,65.36,63.86,62.48,60.97,59.46,58.50,59.39,59.26,58.98,58.84,58.70,58.47,57.91,56.24,54.27,52.20,51.00,51.97,52.57,52.63,52.68,52.56,52.19,51.45,50.49,49.20,47.78,46.40,44.97,43.49,42.03,40.88,40.45,40.06,39.16,37.81,35.54,33.16,30.96,29.23,27.68,25.98,24.29,22.82,21.42,20.18,18.38,16.86,16.00,14.98,14.10,12.97,11.23,9.33,6.12,2.52,0.74,e,e,e,e,e,e,e,e,e,e,e,e,e,e,e,e,e,e,e,e,e,e
374.00,376.11,377.28,377.74,379.97,384.01,387.54,388.30,388.56,388.73,387.42,388.48,391.45,395.58,396.53,397.79,399.08,399.17,399.32,399.65,400.34,400.51,399.51,397.97,397.91,396.68,395.73,398.65,401.59,404.25,406.87,409.73,414.74,419.66,422.13,425.10,428.16,430.77,433.36,435.92,438.12,439.50,440.25,441.81,443.09,442.00,440.75,443.86,448.36,448.36,447.60,446.34,442.56,438.89,446.29,454.31,464.09,476.10,488.60,497.64,494.15,486.71,481.06,476.41,468.24,463.24,461.52,454.56,443.93,434.15,425.95,417.19,409.56,401.95,394.32,384.88,371.63,357.09,343.72,332.85,322.23,317.25,316.00,318.20,321.58,323.95,320.10,320.28,323.93,323.87,320.70,311.04,302.57,298.54,298.11,301.69,308.42,313.08,316.35,319.23,320.68,320.29,322.19,324.16,330.87,343.50,360.24,371.82,380.83,387.33,391.45,388.56,383.60,376.85,367.55,357.31,350.84,343.02,341.23,339.50,329.76,321.12,316.08,311.56,307.91,304.68,301.36,298.81,296.62,294.40,292.23,288.45,271.82,253.70,237.72,220.07,201.11,184.59,167.75,152.83,141.06,130.78,120.48,115.29,111.22,103.96,96.53,91.23,88.71,85.54,81.51,79.19,79.03,80.53,81.85,81.09,78.11,68.97,71.46,74.35,75.45,76.08,76.91,77.20,77.39,77.40,77.59,77.46,76.68,75.47,74.21,72.89,71.53,70.04,68.33,66.55,64.97,63.48,61.94,60.55,59.18,57.99,56.98,57.18,57.24,57.30,57.29,57.19,57.10,56.86,55.50,53.70,51.70,49.58,49.65,50.26,50.44,50.63,50.56,50.37,49.80,48.90,47.28,45.66,44.33,43.32,42.20,40.78,39.31,38.35,37.95,37.46,36.80,35.03,32.55,30.19,28.24,26.48,24.84,23.32,21.90,20.46,18.79,16.82,14.89,13.60,12.74,11.85,10.80,9.20,6.84,2.66,0.68,e,e,e,e,e,e,e,e,e,e,e,e,e,e,e,e,e,e,e,e,e,e,e
370.80,373.27,374.24,374.90,377.51,380.62,382.70,384.33,385.14,385.09,384.13,386.42,389.94,391.01,391.87,393.78,394.87,394.71,395.16,395.22,395.24,395.45,396.24,395.28,394.36,393.29,394.41,397.68,400.79,403.20,405.60,407.53,410.54,415.59,419.61,422.88,425.95,428.46,430.36,432.45,434.38,435.79,436.87,438.12,438.33,436.69,436.17,439.58,442.62,443.44,442.89,441.96,439.34,436.05,448.03,459.05,468.90,476.32,485.19,494.23,492.64,485.26,478.67,472.63,466.29,458.59,455.01,448.44,438.13,429.16,421.73,411.08,404.56,399.60,393.03,382.60,370.42,355.51,343.29,331.55,322.11,316.38,313.63,315.49,317.92,319.41,316.87,317.05,321.10,320.16,316.33,309.00,301.34,295.03,294.98,297.96,302.65,307.38,310.20,312.14,313.17,313.66,316.20,320.44,327.54,338.38,353.90,363.58,370.59,375.60,378.71,378.32,375.33,370.19,362.97,354.60,348.22,340.12,334.66,332.12,323.91,316.47,312.35,309.13,307.07,304.74,301.36,298.47,296.21,294.04,291.83,286.31,268.44,250.78,234.91,217.33,197.72,179.24,165.97,150.53,136.95,128.17,117.39,109.97,105.93,100.55,94.16,89.22,87.42,85.58,82.20,79.29,77.84,78.87,80.18,78.56,76.01,71.55,67.52,69.85,72.34,73.28,74.41,75.43,75.46,75.39,75.56,75.55,74.92,73.67,72.43,71.15,69.76,68.17,66.41,64.66,63.05,61.58,60.04,58.55,57.27,56.17,55.42,55.20,55.45,55.72,55.73,55.64,55.55,55.43,54.87,53.12,51.26,49.15,47.23,47.02,47.57,47.93,47.94,48.08,47.92,47.03,45.38,43.63,42.12,41.27,40.63,39.41,38.07,36.72,35.93,35.45,34.99,34.48,32.70,30.39,28.10,25.89,23.89,22.23,20.78,19.17,17.21,15.21,13.22,11.52,10.50,9.30,7.51,5.27,2.84,0.98,e,e,e,e,e,e,e,e,e,e,e,e,e,e,e,e,e,e,e,e,e,e,e,e
368.74,370.78,371.34,371.75,375.07,377.54,379.04,380.66,381.72,381.37,381.73,384.89,387.23,387.36,388.20,390.02,390.64,390.11,390.93,390.59,389.68,390.28,392.43,392.79,391.31,390.86,393.39,396.35,399.54,402.06,403.85,406.14,409.58,413.64,417.63,421.21,424.22,426.50,427.90,429.22,430.68,432.08,433.17,432.85,431.76,430.70,432.72,435.91,438.25,438.95,438.42,437.10,433.62,430.40,439.54,448.90,457.13,465.38,477.18,489.07,492.54,486.92,479.10,470.26,463.66,455.16,446.45,439.33,428.95,421.99,414.80,405.98,399.50,393.34,386.51,374.21,361.22,350.06,336.77,326.73,319.94,314.33,311.02,312.38,314.26,316.33,314.62,313.07,316.36,316.40,311.17,306.09,300.01,291.92,292.00,295.04,298.58,302.13,304.25,305.58,306.54,308.05,311.21,317.60,324.23,332.82,344.47,353.84,359.85,364.62,365.81,363.88,362.75,359.86,354.88,348.32,342.09,335.09,328.87,323.71,316.44,310.60,306.43,304.13,302.60,302.83,301.19,297.51,295.00,292.86,290.40,280.79,262.20,246.50,228.86,210.94,192.89,175.40,163.34,148.72,133.63,123.84,114.08,105.60,100.29,97.53,93.16,88.72,85.68,83.97,82.53,79.99,77.15,76.08,77.14,75.02,73.48,72.56,69.76,65.84,68.57,71.12,72.84,73.80,73.51,73.44,73.50,73.44,73.19,71.95,70.65,69.33,67.84,66.24,64.50,62.69,61.06,59.74,58.32,56.85,55.35,54.46,53.92,53.59,53.86,54.18,54.17,54.08,53.98,53.83,53.92,52.67,50.89,49.03,46.77,44.72,44.46,44.77,45.08,45.60,46.01,45.22,43.53,41.74,40.09,39.34,38.85,37.81,36.51,35.20,34.09,33.44,32.99,32.82,32.07,29.84,27.60,25.41,23.44,21.49,19.30,17.48,15.65,13.63,11.63,9.56,7.71,6.18,3.97,1.67,0.47,e,e,e,e,e,e,e,e,e,e,e,e,e,e,e,e,e,e,e,e,e,e,e,e,e
365.03,367.71,368.22,369.43,372.91,374.61,375.93,377.28,378.68,378.21,380.62,383.11,384.44,383.87,385.13,386.54,386.67,386.12,386.37,386.44,386.11,387.67,389.47,389.76,388.11,388.71,390.97,393.04,396.39,399.96,401.53,403.93,408.06,412.10,415.92,420.18,422.80,424.41,425.48,426.55,427.38,428.71,429.44,428.31,426.89,427.24,429.65,432.32,434.64,434.94,434.25,432.79,429.27,427.03,433.44,441.11,446.32,456.70,470.06,483.02,493.57,489.77,480.75,470.79,462.27,452.34,440.47,432.57,422.32,412.37,404.17,398.33,390.57,382.82,375.16,362.65,351.89,338.60,326.98,321.11,315.88,311.30,309.14,309.41,310.47,312.99,313.03,309.40,309.47,310.12,307.49,303.39,297.20,289.71,288.50,291.41,294.95,297.65,298.95,300.06,301.26,302.75,306.20,311.72,317.59,325.63,334.31,342.78,347.73,352.63,354.22,353.16,351.52,348.02,344.19,339.75,334.97,328.92,323.31,316.76,309.67,303.92,299.08,297.16,297.13,299.19,300.76,297.89,294.49,291.52,287.14,273.53,256.34,239.45,221.50,204.64,188.47,172.07,160.82,146.65,130.53,118.31,109.16,102.77,97.87,94.97,92.40,89.04,85.55,82.22,80.30,79.02,75.80,73.09,73.24,72.08,72.50,72.04,70.45,66.84,64.37,69.66,71.63,71.88,71.36,71.47,71.43,71.32,71.35,70.38,68.81,67.37,65.97,64.42,62.67,60.81,59.29,58.23,56.80,55.29,53.70,52.27,51.77,52.05,52.38,52.64,52.60,52.49,52.37,52.19,52.51,52.17,50.65,48.57,46.15,43.74,42.11,41.96,42.45,43.18,43.90,43.68,42.24,40.47,38.97,37.79,37.14,36.16,34.88,33.73,32.68,31.59,30.95,30.90,30.78,29.11,27.06,24.95,23.07,21.20,19.00,16.47,14.26,12.28,10.31,7.52,5.08,3.16,1.39,0.51,e,e,e,e,e,e,e,e,e,e,e,e,e,e,e,e,e,e,e,e,e,e,e,e,e,e
361.34,364.56,365.41,367.69,370.59,371.62,372.86,374.54,375.81,375.47,378.69,380.95,381.47,380.26,382.06,382.70,382.61,382.42,381.71,382.29,383.46,385.42,386.31,385.25,384.73,387.00,388.57,389.29,391.41,395.90,398.26,400.33,404.07,408.31,411.87,417.15,420.92,421.89,422.86,423.19,423.88,425.35,426.17,424.39,422.95,424.91,427.42,429.57,431.13,430.78,429.82,428.41,425.08,424.23,428.71,434.15,439.93,452.11,467.23,480.04,494.27,494.36,482.34,471.83,459.68,449.61,438.91,429.21,416.37,405.71,393.43,387.24,381.14,371.77,362.06,352.22,339.85,328.30,321.54,316.32,311.57,308.94,307.75,307.75,308.85,310.48,311.50,308.22,304.86,303.30,302.46,302.07,297.33,290.66,285.89,287.90,291.40,293.64,295.02,295.92,296.80,297.63,300.28,304.85,310.41,318.18,324.90,331.33,336.96,340.08,340.38,340.80,338.98,336.30,334.00,331.05,327.17,322.04,315.39,307.28,300.67,295.98,291.70,290.37,291.23,294.84,298.28,297.10,294.31,290.79,281.54,265.01,248.95,230.87,214.13,199.44,183.54,167.43,155.56,141.34,126.11,114.58,106.77,100.99,96.60,92.90,90.45,88.53,85.90,82.42,79.41,76.40,73.35,70.71,70.06,70.84,71.62,71.09,70.54,68.14,62.52,66.25,69.16,69.41,69.09,69.59,69.43,69.17,69.13,68.33,66.83,65.36,63.98,62.57,60.99,59.38,58.00,56.74,55.39,53.98,52.52,50.66,50.27,50.82,51.16,51.26,51.10,50.93,50.76,50.61,51.15,50.77,49.13,46.92,44.69,42.48,40.70,39.62,40.08,40.95,41.68,42.02,40.85,39.53,38.24,36.88,35.63,34.53,33.42,32.36,31.33,30.22,28.92,28.69,29.01,28.30,26.53,24.58,22.64,20.72,18.55,16.08,13.64,11.43,8.91,5.52,2.71,0.98,0.28,e,e,e,e,e,e,e,e,e,e,e,e,e,e,e,e,e,e,e,e,e,e,e,e,e,e,e
359.68,362.22,362.92,365.66,367.89,368.88,370.22,372.18,372.75,373.10,376.46,378.26,378.36,377.62,379.21,379.13,378.76,378.54,377.48,378.85,381.15,383.03,382.71,381.23,382.96,385.27,385.96,386.31,388.62,391.97,393.74,396.19,399.83,404.01,407.82,412.26,416.35,417.94,419.52,419.47,420.29,422.06,423.15,420.78,420.25,423.19,425.75,427.35,427.49,425.65,423.55,422.86,420.65,422.18,426.48,431.57,440.39,454.13,467.24,479.25,492.71,490.93,479.31,470.08,457.40,444.41,434.22,422.10,407.83,396.55,385.34,378.72,370.92,359.78,349.81,340.53,331.35,323.72,318.29,313.62,309.60,307.84,306.40,306.36,307.24,308.33,309.08,307.10,303.81,300.23,297.78,298.32,295.63,290.10,283.70,284.71,288.02,290.05,291.23,291.83,292.53,293.00,295.07,297.94,300.98,307.20,315.19,320.51,325.08,327.21,327.11,327.40,327.37,326.06,323.56,320.90,317.38,310.94,303.26,295.96,287.78,283.93,282.28,282.21,283.80,289.03,294.17,294.50,292.91,288.55,273.91,257.62,240.10,223.67,208.05,194.33,176.83,159.91,148.26,135.85,122.98,111.45,104.78,99.44,95.12,91.11,88.47,86.73,85.33,83.24,80.76,77.08,73.06,69.72,68.39,69.95,71.52,70.38,68.15,64.57,60.06,60.80,64.01,65.61,67.04,68.05,67.62,67.10,66.90,66.18,64.79,63.38,61.97,60.63,59.34,58.06,56.71,55.37,54.09,52.73,51.35,49.63,49.36,49.60,50.33,50.44,50.22,49.76,49.05,48.94,49.56,48.88,47.06,44.66,42.47,40.76,39.58,38.12,37.86,38.68,39.38,39.93,39.10,38.23,37.30,36.13,34.77,33.39,32.13,31.02,29.94,28.83,27.44,26.48,26.54,26.42,25.81,24.06,22.05,20.01,17.92,15.70,13.39,11.14,7.29,3.12,0.68,0.50,e,e,e,e,e,e,e,e,e,e,e,e,e,e,e,e,e,e,e,e,e,e,e,e,e,e,e,e
357.58,359.47,360.55,363.43,365.11,366.44,367.89,369.45,369.47,371.39,374.00,375.06,374.87,374.94,376.12,375.80,375.10,374.35,373.42,375.04,377.91,379.75,378.55,378.19,381.91,382.90,383.07,383.42,385.24,387.51,389.45,393.03,397.39,401.81,405.08,408.06,409.86,411.53,412.97,413.94,416.00,418.29,419.08,416.51,418.74,422.10,423.82,424.62,423.85,421.21,416.50,414.91,417.76,423.35,427.56,433.71,443.94,457.02,469.06,480.57,491.06,483.38,474.11,465.41,453.32,438.71,426.70,413.18,399.26,386.48,376.84,370.44,360.80,352.12,342.61,333.66,326.47,320.41,316.19,312.22,309.13,307.42,305.83,304.59,304.55,305.18,305.25,304.40,302.24,299.03,295.22,294.06,292.98,286.95,280.47,281.84,284.84,285.74,286.50,287.05,287.99,288.26,290.51,292.80,294.83,299.39,306.14,311.48,315.32,317.51,317.79,316.87,315.52,313.82,311.26,308.19,303.11,296.78,289.03,279.48,271.53,270.45,271.69,272.42,276.33,283.01,289.88,291.03,289.05,280.44,265.32,247.67,230.39,215.80,201.59,188.18,169.96,154.12,140.25,130.13,119.57,109.83,103.43,98.40,94.42,90.49,87.07,84.53,83.13,82.10,80.45,77.59,73.82,70.40,67.50,67.66,70.26,69.89,67.43,64.08,60.45,58.35,60.66,63.24,65.20,66.35,65.78,65.16,64.65,63.98,62.63,61.33,59.99,58.80,57.66,56.50,55.21,53.88,52.81,51.58,50.17,48.50,47.16,48.17,49.38,49.14,48.75,48.05,47.16,47.03,47.47,46.80,45.02,42.50,40.18,39.13,38.11,36.71,35.81,36.47,37.24,37.66,37.15,36.33,35.59,34.85,34.00,32.69,31.19,29.81,28.48,27.32,25.96,24.63,24.01,23.84,23.81,23.41,21.59,19.53,17.74,15.98,14.17,12.30,9.39,2.01,0.40,e,e,e,e,e,e,e,e,e,e,e,e,e,e,e,e,e,e,e,e,e,e,e,e,e,e,e,e,e
354.62,356.44,358.50,360.97,362.54,363.65,364.94,365.85,365.98,369.09,371.54,372.13,371.84,372.21,372.90,372.27,371.64,370.44,369.26,371.03,373.84,374.46,372.97,374.33,378.93,380.06,380.23,380.43,381.12,382.92,386.07,389.72,394.13,399.03,401.87,403.80,405.57,407.13,408.08,409.59,411.56,412.38,411.67,412.96,417.03,419.98,421.26,421.08,419.58,415.33,410.10,411.48,421.26,428.30,433.73,441.38,452.05,463.59,475.24,484.23,485.09,476.69,467.80,457.56,445.31,431.31,417.25,403.62,391.92,380.75,369.63,359.75,352.83,346.92,340.27,331.32,323.63,317.94,314.11,310.68,308.69,307.13,305.50,304.03,302.63,301.75,301.11,300.85,299.60,297.04,293.14,290.29,289.55,285.67,279.75,279.37,281.50,280.49,281.01,281.73,283.17,284.10,286.25,287.66,289.76,293.81,298.43,302.34,306.00,307.88,307.14,306.04,304.75,303.19,299.92,295.13,288.80,280.94,274.45,267.36,261.65,261.96,264.17,264.67,269.12,274.09,278.58,278.71,274.18,265.36,252.61,234.78,220.33,207.34,194.38,179.81,162.50,148.21,134.21,125.25,116.69,108.94,102.24,96.78,92.81,89.44,86.46,83.09,80.51,79.78,79.15,77.84,74.75,71.69,69.18,66.32,65.22,66.00,66.67,65.67,61.67,57.53,58.67,61.66,63.91,64.44,63.62,63.02,62.53,61.83,60.38,59.19,58.19,57.05,55.94,54.82,53.70,52.41,51.48,50.34,48.71,46.86,45.29,45.50,46.43,46.82,46.70,46.09,45.25,45.01,45.34,44.84,43.36,41.05,38.64,37.02,35.98,34.72,33.91,34.45,35.14,35.39,35.08,34.34,33.65,33.03,32.52,31.83,30.46,28.83,27.20,25.80,24.48,23.16,21.86,21.25,21.31,21.87,21.20,19.36,17.18,15.07,13.40,11.85,6.48,0.67,e,e,e,e,e,e,e,e,e,e,e,e,e,e,e,e,e,e,e,e,e,e,e,e,e,e,e,e,e,e
351.95,353.90,356.24,358.32,359.99,360.75,361.81,362.20,362.67,366.17,368.59,369.27,369.08,369.53,369.62,368.83,368.58,367.14,365.58,367.27,369.56,369.52,368.22,371.02,374.78,376.81,377.23,376.69,376.92,379.17,382.77,386.50,390.84,395.36,398.20,399.99,401.85,403.63,405.41,407.18,407.93,407.24,406.96,410.47,413.18,415.14,415.05,412.50,410.89,407.84,410.28,415.49,425.25,438.56,447.81,456.36,462.43,470.08,476.81,477.92,472.87,465.12,459.60,452.81,440.05,426.87,409.89,396.69,385.70,374.15,362.12,352.01,344.08,337.82,333.61,327.92,321.64,315.63,311.34,308.97,307.46,306.17,304.83,303.52,302.01,300.67,298.33,296.24,295.69,294.96,291.34,287.39,285.01,283.60,280.15,276.88,276.45,275.29,276.06,277.35,278.80,280.42,282.19,282.87,285.67,288.18,291.03,294.55,296.60,297.24,297.14,297.30,296.73,295.00,290.26,282.71,274.63,269.60,266.87,260.08,253.23,255.31,256.86,256.29,259.73,261.87,263.62,260.93,256.73,249.02,234.97,222.23,211.75,199.82,186.61,169.66,155.22,139.57,128.92,121.65,113.95,106.20,99.93,94.64,90.13,87.83,85.59,82.77,79.88,77.97,77.20,76.66,75.54,73.43,71.45,69.36,64.88,62.13,62.91,64.88,61.70,57.72,56.16,60.21,62.78,62.63,61.40,60.91,60.53,59.91,58.72,57.45,56.42,55.29,54.19,53.08,52.01,50.92,50.02,48.75,47.10,45.28,43.41,43.07,43.57,44.48,44.61,44.08,43.34,42.93,43.11,42.84,41.48,39.93,38.13,36.13,34.23,32.90,32.06,32.46,32.91,33.10,32.93,32.35,31.70,31.25,30.78,30.19,29.29,27.71,26.04,24.41,23.08,21.82,20.41,19.24,19.43,20.40,20.49,18.76,16.40,14.17,12.26,9.86,2.74,e,e,e,e,e,e,e,e,e,e,e,e,e,e,e,e,e,e,e,e,e,e,e,e,e,e,e,e,e,e,e
349.66,351.53,353.70,355.57,357.06,357.77,358.33,358.72,360.40,363.53,365.12,365.97,366.21,366.66,366.52,365.62,365.50,364.17,362.10,362.71,364.51,364.53,364.58,367.87,370.96,373.57,373.70,372.68,372.88,376.16,379.84,383.46,387.66,391.44,393.80,396.30,398.96,401.17,403.30,404.64,404.29,403.01,403.23,406.28,408.22,409.14,408.36,406.49,405.13,404.62,411.72,419.06,428.75,441.81,453.41,460.93,464.38,467.20,467.41,464.13,459.84,455.19,449.68,443.97,437.40,425.81,409.25,395.38,385.27,371.19,358.64,348.82,340.35,331.69,327.12,323.51,318.73,312.73,308.86,307.36,305.91,304.57,303.25,302.32,301.30,299.70,296.27,292.56,290.95,291.89,290.19,285.78,281.72,279.78,279.16,276.29,272.28,270.48,271.57,273.42,275.03,276.60,277.88,278.10,282.25,284.35,286.33,288.30,289.67,289.41,289.19,290.51,290.32,288.44,284.08,276.98,269.72,262.87,260.75,256.94,249.44,248.87,248.46,246.12,247.06,248.55,250.18,247.63,239.95,231.31,222.35,212.48,203.69,191.13,174.78,159.92,148.02,130.77,122.24,116.45,110.09,101.88,96.97,92.98,89.02,86.39,84.08,81.91,79.72,77.81,75.89,74.69,74.07,73.48,72.30,70.63,66.82,62.28,59.90,61.95,62.82,60.43,55.51,57.11,61.16,61.20,59.34,58.81,59.03,58.71,57.41,56.05,54.75,53.56,52.44,51.33,50.25,49.25,48.17,46.84,45.30,43.73,42.00,40.67,40.88,42.29,42.41,42.00,41.39,40.95,40.84,40.80,39.66,38.62,37.30,35.74,33.72,31.64,30.32,30.84,30.93,30.90,30.77,30.30,29.86,29.57,29.24,28.76,27.97,26.40,24.69,23.02,21.68,20.42,19.09,17.85,17.93,18.87,18.86,17.48,15.41,13.34,11.35,5.70,e,e,e,e,e,e,e,e,e,e,e,e,e,e,e,e,e,e,e,e,e,e,e,e,e,e,e,e,e,e,e,e
347.27,349.13,351.01,352.75,353.88,354.29,354.69,356.01,358.73,360.33,361.82,362.70,363.31,363.79,363.59,362.47,362.20,361.46,359.14,358.34,359.37,359.82,360.96,364.51,368.12,370.73,370.42,368.74,369.13,372.76,375.87,379.25,382.93,386.73,389.93,393.47,396.40,398.85,401.18,401.68,400.36,396.99,398.00,401.38,401.82,403.54,403.94,402.48,400.41,402.35,411.51,418.33,425.87,435.91,446.12,454.03,458.49,459.46,456.93,453.09,449.46,444.74,438.64,435.29,433.65,424.90,409.19,394.55,384.63,371.83,358.89,348.80,340.46,331.27,326.15,322.32,317.76,312.33,308.35,305.99,304.28,302.89,301.56,300.59,299.46,297.06,293.56,290.03,286.94,286.91,287.07,284.20,280.33,277.81,276.99,276.25,273.24,269.70,267.96,269.75,271.88,273.05,273.75,272.25,277.85,280.38,281.30,282.08,282.77,282.24,281.92,284.13,284.30,282.41,279.56,273.91,265.01,255.66,251.01,250.48,246.51,241.48,239.74,234.72,231.86,230.29,229.85,228.21,224.24,218.32,209.87,201.28,191.71,177.47,162.96,157.56,142.64,122.59,113.86,109.27,105.14,99.38,94.39,90.84,88.45,85.87,83.26,80.79,78.77,77.17,75.52,73.82,72.38,71.59,70.66,68.97,66.28,63.25,59.74,58.43,60.89,61.51,58.07,53.26,58.12,59.44,57.22,56.81,57.48,57.64,56.40,54.94,53.45,51.99,50.76,49.63,48.47,47.34,46.22,44.92,43.48,42.14,40.93,40.06,38.87,40.09,40.17,39.80,39.46,39.01,38.93,38.96,38.16,37.27,36.05,34.73,33.30,31.49,29.42,29.16,29.42,29.40,29.05,28.68,28.31,28.06,27.76,27.42,26.67,25.04,23.31,21.65,20.29,19.21,18.08,16.92,16.35,17.09,17.11,15.79,14.24,12.37,9.65,3.47,e,e,e,e,e,e,e,e,e,e,e,e,e,e,e,e,e,e,e,e,e,e,e,e,e,e,e,e,e,e,e,e
344.63,346.52,348.26,350.02,350.65,350.79,351.77,354.21,356.01,357.48,359.08,359.93,360.42,360.95,360.69,359.39,358.71,358.00,356.94,354.83,354.48,355.43,357.51,361.96,364.78,366.71,366.29,364.47,365.81,368.69,371.61,375.42,379.38,383.65,387.66,391.04,393.02,395.38,397.03,396.06,391.84,386.06,390.58,392.57,391.86,396.39,397.77,395.22,391.38,397.73,407.76,413.93,419.74,427.64,435.33,443.69,450.77,450.38,444.58,440.53,436.93,432.52,428.83,427.62,427.84,422.08,406.73,393.02,382.96,371.68,359.45,352.55,346.16,336.04,330.23,326.75,321.65,316.05,310.21,306.90,304.04,301.52,299.62,298.05,296.55,293.82,290.41,287.44,284.69,281.54,281.59,281.61,278.72,276.97,275.12,274.32,273.70,271.30,268.68,265.78,267.98,269.67,269.78,268.31,272.86,275.58,275.89,276.25,276.83,276.09,275.60,277.74,278.18,276.24,273.98,269.24,257.44,246.12,239.64,241.41,241.86,235.53,231.95,225.53,217.21,214.51,214.31,212.92,209.10,202.68,195.59,188.58,178.26,166.58,157.53,157.79,133.62,116.85,108.08,103.09,99.55,95.60,91.42,89.03,87.37,85.38,82.92,80.50,78.33,76.63,74.90,73.26,71.66,70.04,68.52,66.41,64.10,61.73,59.57,57.13,58.16,60.55,58.82,51.69,51.94,56.36,54.97,54.92,55.79,56.42,55.29,53.76,52.23,50.69,49.24,47.93,46.76,45.61,44.45,43.11,41.68,40.60,40.25,40.13,38.12,37.08,37.37,37.37,37.52,37.22,37.67,37.80,36.87,35.95,34.85,33.52,32.13,30.80,28.93,27.13,27.34,27.54,27.37,27.14,26.85,26.50,26.07,25.57,25.27,23.76,21.98,20.30,19.12,18.17,17.23,16.12,15.06,15.27,15.38,14.15,12.75,11.02,5.77,1.67,e,e,e,e,e,e,e,e,e,e,e,e,e,e,e,e,e,e,e,e,e,e,e,e,e,e,e,e,e,e,e,e
341.91,343.89,345.76,347.80,347.78,347.66,349.50,351.48,353.28,354.85,356.18,356.84,356.84,356.87,356.78,355.90,355.20,354.12,353.77,352.79,350.18,350.98,354.04,359.00,361.10,362.59,361.90,360.38,362.57,365.33,368.94,373.16,377.68,382.01,385.45,387.44,388.94,390.93,392.02,389.20,382.82,377.26,382.73,383.75,382.10,384.74,384.65,383.90,386.62,397.68,405.99,409.55,414.51,419.67,426.58,435.13,444.18,440.20,432.71,428.64,424.70,422.74,421.93,421.07,421.06,417.11,403.88,390.63,379.83,368.47,358.82,353.31,348.31,340.81,334.99,330.56,324.87,318.94,312.86,308.50,305.44,302.33,299.22,296.33,293.74,291.20,286.98,283.14,281.75,279.28,277.47,278.32,275.98,275.37,274.01,272.31,271.49,270.95,269.57,264.87,263.74,265.48,265.87,265.35,269.94,270.29,270.66,270.72,271.45,270.73,269.55,270.95,271.13,269.94,267.72,261.56,249.97,235.51,226.76,228.74,234.20,229.19,222.65,219.60,210.31,203.17,200.58,198.67,195.95,190.76,184.63,177.40,168.36,158.23,149.37,137.34,122.78,112.91,104.57,98.65,94.53,90.56,88.86,87.55,86.07,84.52,82.85,80.84,78.87,76.96,75.00,73.27,71.69,70.14,68.22,66.37,64.52,62.86,61.28,58.97,55.56,57.22,57.35,52.13,48.77,52.54,52.70,53.18,54.15,55.21,54.47,52.89,51.30,49.61,47.83,46.39,45.09,43.92,42.79,41.53,39.92,38.79,39.19,39.37,37.84,35.45,34.65,34.99,35.32,35.56,36.48,36.67,35.74,34.74,33.66,32.47,30.95,29.47,27.86,25.88,25.38,25.54,25.40,25.25,25.11,24.47,23.75,23.24,23.80,22.75,20.90,19.27,18.07,17.08,16.16,15.27,14.14,13.53,13.71,12.65,11.21,7.33,3.66,e,e,e,e,e,e,e,e,e,e,e,e,e,e,e,e,e,e,e,e,e,e,e,e,e,e,e,e,e,e,e,e,e
339.53,341.38,343.54,345.56,344.95,344.83,346.92,348.93,350.56,352.12,353.00,353.38,352.74,352.21,352.04,351.77,351.72,350.29,349.92,349.80,346.95,350.06,353.60,356.54,357.81,358.41,357.31,356.22,359.12,362.41,366.34,371.17,375.65,379.75,382.37,382.49,383.31,385.70,386.83,382.00,372.43,369.06,374.52,372.18,372.10,375.87,377.86,381.47,392.20,403.58,409.75,407.68,410.06,414.43,420.53,428.00,438.18,433.44,422.04,417.77,414.66,414.80,413.41,411.62,414.76,411.13,398.29,386.61,374.51,363.81,356.28,350.02,343.97,338.48,333.09,327.83,322.65,317.50,312.62,307.75,303.57,301.17,299.64,296.12,292.38,289.81,284.74,279.55,277.69,276.65,274.42,273.06,272.07,272.66,272.04,270.95,268.94,268.34,267.93,264.09,260.62,261.13,262.20,261.95,266.21,266.14,266.40,265.06,265.99,265.77,264.51,265.44,265.92,265.06,261.69,253.93,241.07,227.50,217.64,216.03,223.37,222.46,214.60,210.04,205.40,195.81,188.46,183.72,182.43,180.75,176.87,169.38,161.50,151.80,139.48,128.94,120.60,111.23,103.70,97.97,93.17,89.54,87.88,86.38,84.90,83.38,81.93,80.36,78.51,76.85,75.27,73.83,72.41,71.15,69.69,67.82,65.83,63.86,62.08,60.43,56.76,53.44,53.22,52.40,48.31,47.80,50.18,51.52,52.66,53.88,53.72,52.14,50.52,48.73,46.85,45.01,43.55,42.26,41.10,39.92,38.53,37.19,37.35,37.17,36.32,34.58,32.84,32.97,33.36,34.17,35.31,35.58,34.61,33.52,32.41,31.34,29.99,28.35,26.72,25.05,23.74,23.57,23.50,23.43,23.31,22.91,21.40,21.19,22.20,21.72,19.95,18.48,17.09,15.99,15.05,14.17,13.27,12.23,12.00,11.08,7.69,2.44,e,e,e,e,e,e,e,e,e,e,e,e,e,e,e,e,e,e,e,e,e,e,e,e,e,e,e,e,e,e,e,e,e,e
337.63,339.18,341.40,343.39,342.08,342.15,344.64,346.19,347.38,348.77,349.59,349.89,348.84,348.27,347.95,347.80,347.74,346.63,346.30,345.32,343.93,348.70,352.13,353.52,354.03,354.51,353.48,351.65,354.68,358.86,363.02,368.31,372.65,375.82,378.01,377.37,377.94,380.47,381.53,376.59,363.60,360.87,363.14,366.63,376.12,383.27,388.69,396.65,404.39,409.02,410.49,405.44,402.86,405.19,409.92,417.35,426.97,428.84,416.99,410.46,409.10,409.72,409.15,409.86,412.63,404.86,392.41,381.13,368.42,359.05,352.59,345.08,338.29,332.70,326.56,320.10,317.19,313.66,309.97,305.39,300.43,297.34,296.58,294.24,290.97,287.46,283.78,279.68,275.51,273.10,271.94,269.47,268.10,269.18,269.43,267.88,266.00,265.83,266.29,264.09,260.36,258.29,258.10,259.33,262.87,262.41,262.39,259.61,260.43,260.49,259.43,260.63,261.80,261.11,255.09,245.11,233.61,221.73,211.09,205.22,208.79,212.31,208.84,202.83,193.40,187.16,178.38,174.28,174.17,174.17,171.50,162.90,156.07,149.64,138.53,128.84,119.65,111.20,104.84,99.13,94.21,90.03,88.07,86.39,84.69,83.21,81.90,80.35,78.79,77.42,76.04,74.65,73.39,72.28,70.86,68.84,66.57,64.36,62.61,61.20,59.38,55.59,51.48,49.41,47.28,44.16,45.94,49.78,51.46,52.77,52.84,51.39,49.74,47.77,45.76,43.80,42.13,40.68,39.39,38.23,37.00,35.71,35.27,34.77,34.14,32.95,31.34,31.24,31.82,33.02,34.18,34.42,33.43,32.43,31.23,30.07,28.84,27.32,25.66,24.09,22.60,21.78,21.74,21.53,21.45,21.49,19.73,19.73,20.27,19.95,18.88,17.53,16.18,14.89,13.88,13.03,12.20,11.28,10.08,6.27,2.47,e,e,e,e,e,e,e,e,e,e,e,e,e,e,e,e,e,e,e,e,e,e,e,e,e,e,e,e,e,e,e,e,e,e,e
335.22,337.04,339.36,341.34,339.80,339.65,342.38,342.32,343.38,344.82,345.88,346.08,345.03,344.31,344.35,343.64,343.34,342.69,342.74,341.61,340.32,345.19,349.02,350.02,350.15,350.18,349.69,346.68,349.88,354.23,358.59,362.77,366.94,370.15,372.51,372.27,372.74,375.17,376.12,372.66,359.70,350.95,356.13,365.08,375.18,385.82,396.98,407.76,411.49,411.41,406.95,398.32,394.12,394.42,399.40,406.36,415.14,421.17,417.76,410.40,409.56,410.04,410.74,412.29,408.23,396.47,385.72,373.89,361.49,353.16,345.55,337.46,331.97,326.05,319.70,313.72,310.94,309.05,306.94,302.82,298.57,295.02,293.12,291.45,287.73,283.40,280.28,277.42,273.49,270.41,268.79,267.03,264.96,265.21,266.57,264.69,262.68,263.23,264.22,263.80,261.50,258.51,255.15,256.75,258.92,258.25,257.44,254.47,254.24,254.08,254.03,255.43,257.05,255.05,247.18,238.72,228.78,215.62,204.11,193.80,192.33,197.47,199.37,196.90,186.47,176.21,173.85,167.56,166.70,167.61,163.94,156.51,149.94,142.86,135.52,125.79,117.84,112.10,105.11,98.60,93.73,89.64,87.83,86.50,85.40,84.29,82.72,80.81,79.24,78.00,76.71,75.28,73.76,72.12,70.42,68.56,66.74,64.84,63.27,62.02,60.73,57.82,53.79,50.64,47.80,43.81,42.70,47.13,50.46,51.66,51.75,50.48,48.69,46.64,44.61,42.60,40.81,39.28,37.80,36.51,35.29,34.07,33.23,32.53,31.85,31.08,30.14,29.65,30.53,31.90,33.06,33.29,32.27,31.25,30.19,28.61,27.65,26.22,24.64,23.16,21.72,20.41,19.96,19.91,19.67,19.56,18.39,18.36,18.58,18.28,17.75,16.49,15.13,13.86,12.71,11.83,11.05,9.35,4.45,1.52,e,e,e,e,e,e,e,e,e,e,e,e,e,e,e,e,e,e,e,e,e,e,e,e,e,e,e,e,e,e,e,e,e,e,e,e
332.81,334.89,337.05,338.86,337.43,336.83,339.60,339.09,339.94,341.35,342.06,342.22,341.32,340.18,340.74,339.91,339.38,338.98,338.67,336.94,337.16,341.88,344.47,345.46,345.41,344.81,344.34,341.86,341.49,349.06,353.44,356.13,359.33,362.93,365.83,366.01,366.94,369.57,370.65,366.66,356.92,347.19,349.01,358.68,370.18,381.86,394.50,407.07,410.65,407.94,398.68,392.17,384.30,383.41,387.51,393.59,402.92,412.38,415.33,413.34,412.96,412.99,411.74,407.93,398.42,387.95,377.23,365.22,354.17,344.22,333.90,327.26,323.00,317.78,313.90,308.94,307.17,305.90,303.94,301.32,297.21,293.28,290.00,287.78,283.94,279.67,276.54,273.82,270.57,268.16,266.85,264.48,262.47,261.43,263.25,262.33,259.78,260.97,261.64,261.68,260.98,257.83,254.05,251.31,251.33,253.23,251.07,248.81,248.41,247.91,248.45,248.90,250.44,249.69,241.89,232.38,220.19,207.72,194.31,183.43,181.65,183.21,187.18,185.53,181.10,170.47,168.78,163.75,158.81,159.58,156.18,150.84,142.78,135.48,127.82,119.22,115.25,110.67,104.06,98.08,94.02,90.72,88.98,88.03,87.04,85.73,83.76,81.77,79.79,78.34,76.78,75.12,73.42,71.73,69.89,68.00,66.69,65.43,64.10,62.69,61.24,59.26,55.98,52.85,49.53,44.00,40.01,40.74,44.54,49.51,50.59,49.43,47.52,45.51,43.48,41.43,39.63,38.04,36.44,34.92,33.63,32.41,31.73,31.02,30.38,30.12,29.91,28.72,29.20,30.74,31.95,32.12,31.10,29.97,28.60,27.10,25.87,25.16,23.60,22.14,20.75,19.35,18.26,18.01,18.11,18.16,17.56,16.92,17.10,16.75,16.33,15.55,14.14,12.87,11.61,10.46,8.41,3.92,0.93,e,e,e,e,e,e,e,e,e,e,e,e,e,e,e,e,e,e,e,e,e,e,e,e,e,e,e,e,e,e,e,e,e,e,e,e,e
330.39,332.38,334.24,335.59,334.25,333.32,336.35,336.42,337.11,338.17,338.39,338.63,337.91,336.50,336.63,336.58,336.31,335.21,333.96,331.82,334.10,338.47,340.00,340.72,340.47,339.68,339.30,337.47,337.00,343.32,347.20,350.38,352.98,355.09,356.97,358.33,360.12,362.57,363.58,360.00,355.00,347.07,338.53,347.48,361.24,374.28,386.49,395.92,399.63,396.87,391.45,383.10,372.06,371.08,376.16,382.33,389.33,399.45,409.65,411.70,411.38,408.40,402.55,395.59,386.31,376.55,365.46,354.54,343.43,332.54,322.76,315.58,310.36,306.98,304.74,303.39,304.02,303.39,300.73,297.85,294.87,291.06,285.57,282.69,280.32,276.82,273.38,271.02,268.71,266.35,265.04,263.27,260.56,259.00,260.58,261.22,258.57,258.30,258.43,258.74,259.14,257.59,254.37,250.77,246.69,247.25,247.53,245.05,243.50,242.74,242.09,242.02,242.44,240.77,233.94,222.55,209.48,196.94,183.91,174.49,171.00,172.30,173.85,171.56,171.75,168.39,160.91,161.14,151.55,147.84,147.25,143.66,136.91,130.15,121.15,116.35,112.93,109.05,103.81,98.88,95.47,92.34,90.78,89.75,88.80,87.23,85.19,82.97,80.62,78.75,77.05,75.35,73.66,71.99,70.36,68.86,67.39,65.93,64.46,63.01,61.55,59.90,57.21,54.11,51.15,46.54,41.93,39.90,38.74,43.61,47.25,47.64,45.98,44.18,42.27,40.33,38.64,37.00,35.41,33.73,32.10,30.78,30.27,30.07,30.00,29.98,29.55,28.10,27.29,28.73,30.43,30.78,29.90,28.54,27.08,25.57,24.13,23.44,22.66,20.95,19.56,18.20,16.89,16.20,16.36,16.32,16.23,15.76,15.62,15.24,14.86,14.41,13.32,11.84,10.41,6.47,2.82,2.70,e,e,e,e,e,e,e,e,e,e,e,e,e,e,e,e,e,e,e,e,e,e,e,e,e,e,e,e,e,e,e,e,e,e,e,e,e,e
328.07,329.66,331.01,332.29,331.35,330.23,333.40,333.78,334.25,334.86,334.86,335.21,334.75,333.11,332.31,332.51,333.14,331.85,330.13,329.57,332.96,336.23,336.28,336.08,335.92,335.64,335.62,333.57,332.06,336.63,340.39,343.38,346.02,346.61,347.51,350.37,353.26,356.03,357.26,355.73,352.20,343.79,331.09,337.92,349.72,360.21,372.35,381.28,384.99,385.07,380.20,370.71,359.24,357.81,362.75,370.21,380.02,390.42,401.18,404.70,403.15,398.56,393.01,384.53,374.40,365.30,355.91,343.23,331.38,322.06,311.83,305.38,301.09,298.44,297.50,298.55,300.71,300.68,296.42,292.42,290.07,286.44,280.57,277.36,276.27,273.93,270.50,268.26,266.89,264.63,262.75,262.11,259.71,257.34,258.75,259.44,257.77,255.57,255.35,255.17,254.86,254.06,253.34,251.49,245.82,240.81,241.25,242.16,239.77,238.76,238.09,236.98,235.91,232.71,222.36,209.84,197.74,186.50,175.39,167.16,162.79,162.86,162.56,159.63,160.42,162.02,153.61,152.72,146.69,138.92,138.08,137.05,132.80,124.38,117.82,114.40,110.95,107.55,103.67,99.66,96.51,93.89,92.66,91.58,90.52,88.70,86.30,83.69,81.15,79.06,77.38,75.72,74.05,72.40,70.74,69.09,67.32,65.50,63.72,62.10,60.63,59.26,57.66,54.94,52.33,49.63,46.08,42.90,38.87,38.89,42.51,44.35,44.23,42.58,40.86,39.27,37.82,36.13,34.43,32.79,31.12,29.54,28.98,29.44,29.52,29.19,28.70,27.68,26.48,25.63,27.05,28.52,28.00,26.92,25.68,24.20,22.71,21.41,21.32,19.87,18.51,17.19,15.85,14.66,14.51,14.45,14.41,14.36,14.20,13.82,13.47,13.07,12.34,11.13,7.37,2.26,e,e,e,e,e,e,e,e,e,e,e,e,e,e,e,e,e,e,e,e,e,e,e,e,e,e,e,e,e,e,e,e,e,e,e,e,e,e,e,e
325.84,327.10,328.00,329.11,328.22,327.21,330.66,331.09,331.21,331.34,331.34,331.73,331.72,330.08,328.79,329.13,329.97,329.09,327.53,329.01,332.40,333.86,332.85,331.50,331.43,331.54,332.07,330.24,327.70,331.18,334.91,337.24,339.09,338.02,337.22,341.16,346.17,349.70,351.01,350.68,348.18,341.55,329.55,328.52,336.50,350.12,361.04,365.93,368.69,368.42,364.50,357.94,348.00,348.81,354.07,361.88,373.04,385.37,394.44,396.14,394.34,389.78,380.88,370.49,363.12,355.08,343.94,331.24,322.73,312.53,303.89,298.51,295.67,293.90,293.06,294.25,295.75,294.56,289.27,284.83,282.78,280.35,276.13,272.28,271.00,270.82,268.28,265.66,264.57,262.84,260.67,259.64,258.37,255.85,255.98,256.75,256.24,253.77,252.56,251.89,250.69,249.72,249.63,249.30,245.69,240.37,237.84,238.41,237.75,236.19,235.48,233.86,231.47,223.50,209.74,197.31,186.55,177.81,167.63,159.17,155.22,153.63,153.40,151.40,149.46,151.09,147.97,143.74,142.85,136.56,133.09,131.81,127.88,119.85,115.47,112.08,109.28,106.48,102.81,99.26,96.89,95.49,94.30,92.93,91.31,89.13,86.42,83.68,81.09,79.12,77.58,76.08,74.50,72.80,71.12,69.46,67.41,65.21,63.05,60.99,59.26,57.95,56.87,55.48,53.60,51.43,48.52,44.40,40.42,37.03,37.96,40.66,41.81,40.77,39.52,38.30,36.97,35.34,33.61,31.89,30.17,28.33,27.73,28.07,28.11,27.74,27.43,26.70,25.67,24.57,24.49,25.67,25.75,24.87,24.00,22.79,21.33,19.76,19.38,18.82,17.62,16.29,14.87,13.34,12.79,12.89,13.04,13.25,13.10,12.54,12.16,11.70,10.81,8.11,3.31,e,e,e,e,e,e,e,e,e,e,e,e,e,e,e,e,e,e,e,e,e,e,e,e,e,e,e,e,e,e,e,e,e,e,e,e,e,e,e,e,e
323.54,324.50,325.17,326.29,325.76,323.79,326.27,327.50,327.67,328.21,328.30,328.68,328.71,327.41,325.90,326.18,326.59,325.70,325.04,327.26,329.61,330.85,329.62,327.55,327.35,327.46,327.87,325.96,323.36,326.06,329.91,331.89,332.33,330.26,329.15,332.88,337.65,340.89,342.36,343.54,343.36,335.66,326.32,322.78,331.84,344.99,353.02,354.52,354.64,354.14,352.22,346.38,337.66,338.84,346.45,360.55,373.83,382.83,387.71,387.33,384.61,377.52,368.73,361.12,353.27,342.85,330.61,320.85,311.23,302.39,295.37,290.77,289.84,289.13,288.51,289.23,288.92,285.98,281.52,278.43,276.71,273.96,270.76,267.99,266.21,266.86,265.95,263.30,261.65,260.89,258.83,257.32,256.91,254.97,253.36,253.88,254.34,252.55,250.45,249.12,247.52,246.06,245.51,245.44,245.04,241.48,237.09,235.36,235.77,233.97,232.98,231.53,224.84,210.47,196.63,185.79,177.22,168.87,159.37,151.96,148.53,146.96,146.33,144.05,141.21,142.29,141.83,137.48,137.15,133.94,129.48,126.54,122.16,117.24,113.36,109.96,107.81,105.50,102.35,99.52,97.97,96.37,94.56,92.73,90.90,88.72,86.12,83.50,80.91,79.17,77.91,76.53,75.01,73.42,72.02,70.75,69.39,66.92,64.08,61.30,59.04,57.14,55.62,54.45,53.34,51.98,49.43,46.30,42.93,40.10,36.19,36.07,37.81,38.14,37.95,37.41,36.11,34.58,32.86,31.09,29.30,27.61,26.51,26.68,26.66,26.31,26.02,25.57,24.62,23.60,22.78,22.78,23.33,22.75,21.90,21.09,20.00,18.53,17.62,17.57,16.68,15.35,13.70,11.96,11.63,11.98,12.22,12.43,12.15,11.55,10.92,9.72,5.78,1.76,e,e,e,e,e,e,e,e,e,e,e,e,e,e,e,e,e,e,e,e,e,e,e,e,e,e,e,e,e,e,e,e,e,e,e,e,e,e,e,e,e,e
321.15,321.78,322.32,323.42,323.17,321.31,321.19,323.23,324.05,324.86,325.57,325.75,325.78,324.75,322.99,323.09,323.21,322.25,322.63,324.75,326.44,326.94,326.25,324.60,323.60,323.05,322.91,321.14,319.12,320.95,324.26,325.59,325.50,323.98,324.38,327.50,329.74,331.86,333.03,335.33,335.74,325.00,319.28,321.50,331.63,338.39,342.30,343.12,341.91,341.60,342.69,337.43,328.79,330.76,339.46,355.60,368.50,377.32,379.18,376.39,372.02,365.03,358.37,350.14,340.16,329.05,318.84,309.08,300.79,292.93,286.49,283.32,284.01,283.75,283.52,282.62,281.25,278.76,276.75,274.96,272.49,269.51,267.13,264.29,262.05,262.39,263.03,261.19,258.94,258.29,257.18,255.49,254.73,253.96,251.80,251.31,251.88,251.26,248.64,246.44,244.58,242.74,241.39,241.10,242.14,241.65,236.93,232.78,233.52,231.96,230.08,225.66,212.22,197.02,186.13,176.86,167.47,158.40,149.62,145.18,142.99,141.86,141.23,139.36,137.31,137.47,136.69,134.04,132.65,131.24,126.91,122.54,118.72,115.16,111.52,108.94,107.07,104.86,102.33,99.91,97.95,96.12,94.31,92.50,90.75,88.44,85.74,83.11,80.53,78.94,77.73,76.49,75.26,74.03,72.84,71.59,70.19,67.72,64.91,62.11,59.48,57.44,55.35,53.52,52.08,50.91,49.06,46.99,44.72,42.52,39.68,34.54,33.57,34.65,34.79,35.39,35.31,33.84,32.34,30.76,28.93,27.38,25.80,25.29,25.20,24.90,24.61,24.30,23.54,22.52,21.82,21.11,20.98,20.83,20.35,19.93,18.89,17.57,16.27,16.04,15.58,14.39,12.54,10.63,10.36,11.10,11.42,11.54,11.22,10.62,8.18,4.32,0.90,e,e,e,e,e,e,e,e,e,e,e,e,e,e,e,e,e,e,e,e,e,e,e,e,e,e,e,e,e,e,e,e,e,e,e,e,e,e,e,e,e,e,e
318.06,318.60,319.08,320.47,320.56,319.03,317.67,319.42,320.32,321.53,322.83,322.89,322.80,322.16,319.92,319.78,319.61,318.64,320.29,322.29,323.21,323.45,322.46,321.57,320.35,319.25,318.66,317.61,316.33,317.48,319.10,319.52,319.50,319.09,320.92,324.03,325.67,326.27,326.58,328.14,326.57,317.47,314.11,320.68,325.72,328.16,330.57,331.04,329.39,328.46,329.69,327.30,321.52,325.26,337.19,351.54,360.69,366.68,366.03,363.01,359.45,353.60,346.42,337.76,328.16,318.14,308.68,299.93,291.85,285.52,281.05,277.70,278.91,278.69,278.92,277.81,275.95,273.80,272.33,271.39,269.35,266.45,264.27,261.38,258.86,258.95,259.61,258.99,257.04,255.64,254.68,253.66,252.57,252.11,250.66,248.16,248.58,248.97,247.59,244.88,242.15,239.69,238.19,237.61,238.51,238.17,233.18,229.88,230.82,228.78,222.53,212.16,195.52,185.14,175.46,164.18,157.90,149.97,142.99,139.99,139.06,138.40,137.77,136.69,135.03,133.81,132.36,130.43,128.64,127.49,123.70,119.56,116.50,113.20,110.09,108.54,106.70,104.20,101.65,99.48,97.78,96.09,94.42,92.76,91.13,89.09,86.02,82.73,80.06,78.59,77.31,76.03,74.80,73.63,72.42,71.18,69.56,67.03,64.39,61.76,59.34,57.44,55.47,53.53,51.60,49.70,47.78,45.80,43.72,41.67,39.76,35.92,31.85,31.19,31.61,32.96,33.92,33.10,31.46,29.95,28.48,27.02,25.51,24.20,23.77,23.48,23.17,22.91,22.42,21.49,21.09,20.52,19.56,19.99,19.99,19.16,17.84,16.51,15.17,14.38,14.24,13.45,12.25,10.24,8.38,9.99,10.66,10.61,9.94,6.26,2.25,e,e,e,e,e,e,e,e,e,e,e,e,e,e,e,e,e,e,e,e,e,e,e,e,e,e,e,e,e,e,e,e,e,e,e,e,e,e,e,e,e,e,e,e,e
314.25,314.70,315.57,317.37,317.97,316.82,314.86,315.32,316.36,318.48,320.09,320.25,319.68,319.19,316.89,314.78,313.87,314.25,317.07,319.09,319.85,319.78,318.11,317.49,316.82,315.94,315.24,314.55,313.48,314.05,315.31,315.94,316.10,316.37,318.63,320.64,321.86,321.78,321.68,322.90,320.86,311.81,309.75,316.09,318.42,319.91,320.57,319.73,319.03,318.87,320.33,319.41,315.72,320.46,333.76,343.76,349.22,351.56,352.40,351.07,347.70,341.48,334.38,326.87,318.87,309.55,301.55,291.82,282.99,278.08,275.25,273.50,274.62,274.42,274.85,274.31,272.28,269.63,268.39,267.75,265.34,262.36,261.02,259.25,256.78,256.38,256.90,256.27,254.63,253.26,252.30,251.40,250.40,249.32,247.58,244.86,244.67,245.30,245.83,244.05,241.16,238.13,235.59,234.69,234.78,232.52,228.78,226.60,226.85,221.93,212.37,199.80,184.37,174.25,164.07,157.26,152.98,147.02,140.85,138.60,137.58,136.38,134.89,133.69,132.57,131.28,129.54,126.88,124.90,123.12,120.48,117.41,114.53,111.47,109.25,108.00,106.34,104.25,102.23,100.48,98.89,97.21,95.40,93.73,92.12,90.50,87.54,83.40,79.97,78.34,77.03,75.70,74.40,73.11,71.84,70.58,68.66,66.19,63.68,61.09,58.85,56.95,54.97,52.93,51.03,48.88,46.67,44.55,42.52,40.49,38.30,35.30,31.89,29.76,29.46,30.92,32.16,32.25,30.93,29.38,27.87,26.43,24.97,23.51,22.57,22.17,21.82,21.51,21.16,20.55,20.50,20.13,18.62,18.00,18.84,18.14,16.83,15.48,14.14,12.97,12.74,12.11,11.25,9.92,6.63,7.12,8.85,7.83,4.50,1.66,e,e,e,e,e,e,e,e,e,e,e,e,e,e,e,e,e,e,e,e,e,e,e,e,e,e,e,e,e,e,e,e,e,e,e,e,e,e,e,e,e,e,e,e,e,e
310.44,310.93,312.27,314.43,314.71,313.76,312.67,311.43,312.51,314.99,316.60,316.99,316.14,315.30,313.76,310.64,308.70,310.80,313.51,314.85,315.47,314.18,312.40,312.75,313.05,312.44,312.20,311.64,310.75,310.69,311.76,312.63,312.92,313.95,315.25,316.74,317.75,317.64,317.15,317.38,314.37,307.26,305.49,310.67,312.35,312.39,311.01,308.31,307.08,307.94,310.39,309.80,310.01,318.05,326.80,331.35,335.77,337.41,338.76,337.88,333.72,328.56,323.45,317.25,309.89,302.22,292.80,284.00,276.95,271.83,269.66,269.45,270.57,270.39,270.87,270.83,269.22,266.75,264.97,264.53,261.93,258.26,257.39,256.02,254.26,253.87,254.25,253.64,252.31,251.00,249.60,248.30,246.96,244.82,242.94,241.16,240.82,241.26,242.55,242.89,240.28,237.03,234.01,231.96,231.18,228.97,225.86,223.41,223.08,217.33,204.77,191.10,174.19,164.87,158.59,154.10,150.22,145.59,140.97,139.30,138.83,137.28,133.92,131.04,129.02,126.90,124.86,122.91,120.98,119.65,117.61,115.18,112.56,109.68,107.40,105.79,105.27,104.63,103.18,101.54,100.02,98.20,96.42,94.69,93.02,91.31,88.75,84.54,80.50,78.57,77.13,75.64,74.14,72.80,71.52,70.15,67.93,65.33,62.78,60.31,58.20,56.23,54.26,52.25,50.30,47.94,45.57,43.46,41.45,39.59,37.44,35.02,32.51,30.13,28.27,29.95,31.20,31.02,30.00,28.70,27.33,25.85,24.39,22.95,21.74,21.19,20.83,20.41,19.94,19.46,19.72,19.02,16.87,15.75,16.41,16.90,15.81,14.47,13.13,11.87,11.14,10.82,9.44,7.78,5.34,3.75,3.55,2.08,e,e,e,e,e,e,e,e,e,e,e,e,e,e,e,e,e,e,e,e,e,e,e,e,e,e,e,e,e,e,e,e,e,e,e,e,e,e,e,e,e,e,e,e,e,e,e,e
307.39,307.91,309.63,311.80,311.65,310.33,310.75,308.81,309.44,311.74,312.97,313.50,312.55,311.44,310.22,307.63,305.28,307.14,309.23,310.28,310.80,309.16,306.01,307.23,308.95,309.04,309.10,308.78,308.07,307.91,308.63,309.50,310.18,310.95,310.88,312.36,313.45,313.65,312.98,311.82,308.43,301.75,299.97,303.66,303.89,301.77,299.75,297.47,296.59,298.83,301.08,299.26,304.93,313.97,317.11,319.20,321.36,322.86,324.55,323.33,319.41,316.20,312.74,307.78,301.51,294.26,285.12,278.37,273.32,268.24,266.00,265.82,266.64,266.92,267.16,266.60,265.02,263.54,261.56,261.25,259.20,255.17,253.77,253.01,251.70,251.37,251.53,250.95,249.48,246.92,244.11,243.15,242.97,240.69,239.02,237.86,237.10,237.17,238.44,239.83,239.07,235.37,232.16,229.66,227.32,225.31,222.47,219.91,217.72,208.94,194.56,181.84,165.88,158.97,155.71,151.66,148.73,146.45,144.30,142.43,141.42,139.00,135.49,132.06,128.81,122.74,119.60,118.50,116.40,114.14,111.94,111.82,109.75,106.57,104.29,102.92,102.84,102.84,102.82,101.69,99.85,98.16,96.39,94.65,92.92,91.13,88.55,84.75,80.98,78.76,77.17,75.58,73.99,72.44,71.08,69.56,67.20,64.63,62.06,59.67,57.76,55.98,54.26,52.60,50.99,48.83,45.39,42.35,40.35,38.93,37.50,35.32,32.91,30.63,28.33,27.65,29.22,29.02,27.77,26.74,25.91,25.13,23.72,22.33,21.04,20.23,19.72,19.17,18.59,17.82,17.55,17.32,15.37,13.86,13.98,14.96,14.74,13.40,12.07,10.81,9.51,8.73,6.61,5.67,2.85,1.23,0.86,e,e,e,e,e,e,e,e,e,e,e,e,e,e,e,e,e,e,e,e,e,e,e,e,e,e,e,e,e,e,e,e,e,e,e,e,e,e,e,e,e,e,e,e,e,e,e,e,e
304.52,305.41,307.26,308.51,308.01,307.76,308.72,306.77,307.31,308.89,309.81,310.01,309.20,308.18,306.75,304.19,301.69,302.24,303.73,304.53,305.18,304.82,301.25,301.65,304.84,305.48,305.68,305.62,305.40,305.31,305.49,305.87,306.75,306.94,306.48,307.76,309.07,309.50,308.48,306.24,301.77,296.22,295.26,297.03,295.40,293.09,292.77,290.90,289.86,292.50,294.06,293.98,300.58,305.18,306.52,307.55,307.74,308.46,309.75,309.98,308.77,306.30,303.08,299.50,294.58,288.02,280.25,274.81,270.53,266.04,262.77,262.13,262.74,263.57,263.66,262.10,260.39,259.82,258.13,257.05,255.00,251.31,250.01,249.83,248.91,247.96,247.73,247.04,245.08,241.62,238.89,238.51,239.14,238.20,236.69,235.32,233.78,232.98,233.38,234.02,233.19,231.26,229.44,227.27,224.28,221.61,218.72,214.54,208.92,195.56,184.31,172.92,161.57,157.07,154.62,152.89,151.74,150.56,148.48,145.62,142.67,139.55,136.87,134.13,131.59,126.52,119.85,116.98,115.53,112.88,110.65,109.21,106.77,103.60,101.10,100.16,100.27,100.72,101.19,100.66,98.62,96.99,95.83,94.17,92.48,90.75,87.99,84.30,80.73,78.66,77.07,75.47,73.89,72.32,70.77,68.81,66.49,64.17,61.98,59.95,58.25,56.68,55.07,53.44,51.81,49.77,45.81,41.70,39.26,37.98,36.83,35.54,33.79,31.82,30.14,27.19,25.33,25.01,24.36,23.58,23.09,23.54,23.00,21.60,20.16,18.84,18.20,17.71,17.07,16.27,15.48,15.20,13.65,12.14,11.60,12.51,13.38,12.24,10.78,9.23,7.18,5.42,3.68,2.12,0.95,e,e,e,e,e,e,e,e,e,e,e,e,e,e,e,e,e,e,e,e,e,e,e,e,e,e,e,e,e,e,e,e,e,e,e,e,e,e,e,e,e,e,e,e,e,e,e,e,e,e,e
301.84,303.06,304.07,303.75,303.61,306.18,306.72,304.61,305.01,306.33,306.38,305.82,304.95,304.43,303.67,300.83,298.56,297.87,298.74,299.18,299.50,299.76,297.93,298.60,301.26,301.93,302.19,302.30,302.61,302.70,302.07,302.04,302.98,302.94,302.22,302.44,304.31,304.75,303.74,301.10,296.02,290.32,290.54,291.60,289.47,286.51,285.89,284.74,285.08,286.82,287.30,288.53,293.83,295.11,294.04,294.39,294.67,295.67,297.12,297.93,296.38,293.19,292.00,291.01,287.90,282.56,276.53,271.03,266.43,262.31,259.72,258.75,259.27,260.36,260.24,258.53,256.44,255.82,254.52,252.91,250.70,247.80,246.40,246.51,245.96,244.08,242.98,242.22,240.68,237.91,235.58,234.99,235.26,235.34,234.55,233.06,231.30,229.29,228.81,228.63,227.95,227.15,226.26,224.35,221.70,218.36,214.26,209.29,200.75,189.18,179.24,169.57,162.01,158.19,156.87,155.63,153.62,151.17,148.63,145.01,142.13,139.33,137.01,134.62,131.91,128.33,122.64,120.01,120.25,118.72,116.23,113.44,111.57,108.60,103.11,100.08,98.73,97.58,97.95,97.99,96.26,94.76,94.40,93.49,91.91,90.22,87.19,83.44,80.09,78.30,76.80,75.29,73.77,72.23,70.75,68.87,66.70,64.58,62.51,60.63,58.92,57.28,55.36,53.37,51.53,49.24,45.46,41.55,38.84,37.09,35.67,34.60,33.58,32.40,30.97,28.56,25.60,23.17,21.60,20.63,20.52,21.26,21.68,20.80,18.70,17.21,16.56,16.16,15.54,14.74,13.90,13.13,12.05,10.87,9.90,10.19,11.58,10.84,8.98,6.97,4.79,2.61,1.03,0.71,e,e,e,e,e,e,e,e,e,e,e,e,e,e,e,e,e,e,e,e,e,e,e,e,e,e,e,e,e,e,e,e,e,e,e,e,e,e,e,e,e,e,e,e,e,e,e,e,e,e,e,e
298.97,299.95,300.24,299.64,301.91,305.30,304.77,302.38,302.69,303.44,302.63,301.79,300.63,300.50,300.75,298.54,295.76,294.28,294.86,295.28,295.10,294.99,293.89,295.16,297.72,298.50,298.53,299.01,299.67,299.71,298.69,298.29,299.35,299.06,297.98,297.54,299.53,299.58,298.95,296.47,291.83,285.70,284.63,285.68,283.16,280.79,279.74,279.43,280.92,281.16,281.32,284.04,286.98,285.92,283.82,282.21,282.96,286.01,288.01,287.97,284.15,281.15,281.46,282.29,280.54,277.25,272.69,267.36,262.20,258.70,257.12,255.88,255.73,256.72,256.43,254.56,252.59,251.74,250.94,249.25,246.52,244.05,242.79,243.05,243.17,241.17,238.60,237.36,236.09,234.05,232.08,231.46,231.66,232.00,232.08,231.02,229.17,226.79,225.25,224.73,224.19,223.55,222.84,221.52,218.68,215.23,210.63,204.05,195.45,187.01,179.59,170.41,164.65,161.15,159.07,156.31,152.50,149.13,146.92,144.01,141.43,139.22,137.19,134.90,132.41,130.27,126.39,124.13,123.66,122.00,119.40,116.48,113.90,111.36,107.67,104.25,102.16,100.31,96.87,94.15,92.67,92.06,92.10,91.98,91.05,89.42,86.76,83.10,79.75,77.94,76.55,75.14,73.71,72.28,70.82,69.08,67.15,65.07,63.08,61.13,59.25,57.37,55.14,52.90,50.87,48.07,44.17,40.43,38.22,36.48,34.78,33.32,32.18,31.14,29.96,28.08,25.72,23.35,21.53,20.26,18.87,18.79,19.48,19.00,16.77,15.52,14.92,14.52,14.15,13.38,12.55,11.73,11.18,10.56,9.94,8.51,9.73,9.02,6.86,4.70,2.56,0.72,0.31,e,e,e,e,e,e,e,e,e,e,e,e,e,e,e,e,e,e,e,e,e,e,e,e,e,e,e,e,e,e,e,e,e,e,e,e,e,e,e,e,e,e,e,e,e,e,e,e,e,e,e,e,e
295.53,295.58,295.91,299.48,301.51,303.98,302.95,300.34,300.35,300.51,299.55,298.65,297.78,297.50,297.23,295.79,293.31,291.04,291.03,291.63,291.05,290.52,290.27,291.69,294.28,294.82,294.56,294.64,295.39,295.17,294.36,294.70,295.88,294.83,293.50,292.63,292.17,292.03,292.84,291.42,287.55,282.68,278.93,280.11,278.69,277.57,277.00,277.38,278.57,277.65,277.60,279.32,279.61,277.34,275.90,274.13,274.97,277.53,280.17,280.44,276.47,273.15,273.74,275.34,273.71,271.64,269.15,264.84,260.17,256.36,254.51,253.16,252.12,252.69,252.37,250.46,248.71,247.58,246.24,243.88,241.31,239.94,239.27,239.43,239.71,237.50,234.33,232.59,231.43,230.19,228.62,227.90,227.87,228.23,228.49,227.83,226.31,224.56,222.36,221.02,220.46,219.92,219.04,217.95,215.85,212.86,208.16,199.92,191.25,184.90,178.46,170.12,165.13,161.79,158.71,155.56,151.84,148.60,145.97,143.41,141.04,138.94,137.08,135.20,133.31,131.43,128.85,126.78,124.51,121.97,119.31,116.15,113.04,110.70,108.45,106.27,104.20,102.17,99.55,95.48,92.31,90.35,89.53,89.41,89.26,88.20,86.27,83.22,80.44,78.70,77.31,75.80,74.15,72.36,70.48,68.67,66.95,65.13,63.34,61.45,59.45,57.23,54.94,52.66,50.33,47.14,43.69,40.51,38.08,36.16,34.26,32.48,30.95,29.78,28.91,27.47,25.16,23.03,21.52,20.25,18.57,16.98,16.31,15.67,14.44,13.77,13.27,12.99,12.93,12.56,11.65,11.04,10.81,10.52,10.16,8.81,6.73,5.94,4.76,2.72,0.77,e,e,e,e,e,e,e,e,e,e,e,e,e,e,e,e,e,e,e,e,e,e,e,e,e,e,e,e,e,e,e,e,e,e,e,e,e,e,e,e,e,e,e,e,e,e,e,e,e,e,e,e,e,e,e
292.05,291.71,293.69,297.35,300.42,301.90,302.13,299.31,297.60,297.40,296.78,296.15,295.35,294.69,293.48,292.13,290.50,287.62,287.41,288.42,287.66,287.24,287.56,289.05,291.35,291.44,290.65,290.00,290.51,289.92,289.89,291.16,292.43,290.81,289.19,287.95,286.82,286.80,286.93,285.43,282.16,278.97,275.13,276.50,275.92,275.19,274.82,275.95,276.85,275.34,274.05,274.36,272.84,270.95,269.63,268.29,269.00,271.02,274.06,274.94,271.01,267.44,267.82,269.71,268.69,266.02,265.11,262.03,258.25,254.49,251.88,250.43,248.77,248.74,248.39,246.48,244.59,243.22,241.50,238.97,237.10,236.08,235.76,235.78,233.80,231.77,229.91,229.12,228.71,228.02,226.32,224.58,223.81,223.40,223.56,223.52,222.54,221.34,219.80,217.69,217.27,216.24,214.36,213.25,212.20,209.98,203.32,195.86,188.75,183.27,175.57,166.37,160.77,158.49,156.11,153.72,151.11,148.36,145.68,143.14,140.81,138.81,137.05,135.27,133.40,131.56,129.58,127.00,124.40,121.68,118.46,114.75,111.46,109.37,108.13,106.58,104.63,102.53,100.40,97.64,94.68,92.41,90.22,87.18,86.11,85.62,84.86,83.63,81.47,79.39,77.68,75.91,74.03,72.09,70.17,68.41,66.61,64.61,62.93,61.22,59.32,57.11,54.80,52.49,50.22,47.78,44.80,42.06,39.84,37.57,35.08,32.92,30.76,29.13,27.93,26.80,24.67,22.96,21.54,20.09,18.45,17.05,15.69,14.37,13.18,12.21,11.72,11.64,11.64,11.55,11.08,10.71,10.50,10.30,10.09,9.14,7.03,4.78,2.73,1.08,0.53,0.89,1.68,1.57,1.10,e,e,e,e,e,e,e,e,e,e,e,e,e,e,e,e,e,e,e,e,e,e,e,e,e,e,e,e,e,e,e,e,e,e,e,e,e,e,e,e,e,e,e,e,e,e,e,e,e,e,e
289.07,290.45,293.83,297.22,298.43,298.98,300.52,299.42,296.37,294.38,293.77,293.44,292.98,292.25,290.88,288.97,286.46,283.80,284.21,285.44,284.45,284.43,285.52,287.43,288.04,287.80,286.38,284.77,284.61,284.27,285.78,287.39,288.41,287.20,285.21,283.20,282.29,282.55,280.71,278.86,277.33,274.22,271.68,273.40,272.94,272.82,272.99,274.73,274.95,272.94,271.02,269.80,267.51,265.79,264.72,263.95,264.86,266.68,269.28,270.44,266.80,262.99,262.25,263.69,264.10,260.91,260.10,258.20,255.23,252.15,249.33,247.47,245.83,245.10,244.31,242.49,240.63,239.30,237.87,235.46,233.28,232.38,232.23,232.71,229.69,227.57,226.79,226.58,226.62,226.11,224.06,221.77,219.90,218.95,218.86,219.05,218.32,216.99,215.49,214.23,213.93,212.83,210.41,208.51,207.35,203.78,197.57,192.08,187.01,181.60,174.75,168.23,162.29,159.90,157.39,153.98,150.60,147.90,145.44,142.96,140.66,138.70,136.92,135.13,133.33,131.50,129.47,126.78,124.14,121.52,117.87,113.48,109.96,107.98,106.70,105.65,104.61,103.02,101.17,98.95,96.44,93.99,91.50,88.46,85.20,83.10,82.28,81.71,81.05,79.26,77.49,75.76,73.93,72.09,70.21,68.28,66.05,63.77,62.15,60.72,59.01,56.88,54.64,52.45,50.30,48.14,45.84,43.58,41.38,38.55,36.09,33.76,31.61,29.68,27.80,26.14,24.44,22.93,21.43,19.96,18.62,17.37,16.13,14.84,13.57,11.94,10.47,10.44,10.47,10.55,10.61,10.46,10.25,10.03,9.49,8.67,7.72,6.04,4.09,2.14,1.73,3.05,1.82,0.72,e,e,e,e,e,e,e,e,e,e,e,e,e,e,e,e,e,e,e,e,e,e,e,e,e,e,e,e,e,e,e,e,e,e,e,e,e,e,e,e,e,e,e,e,e,e,e,e,e,e,e,e
288.01,291.71,294.06,295.00,295.58,296.62,297.67,297.21,295.40,293.09,291.12,290.58,290.55,289.88,288.66,287.03,284.41,281.14,281.01,282.59,281.31,282.21,284.04,284.24,283.81,283.76,282.52,279.64,278.58,279.92,282.28,283.63,283.88,282.80,281.27,278.84,277.63,277.46,275.51,273.61,272.76,271.19,268.18,269.56,269.83,270.33,271.56,273.51,273.15,270.95,268.17,265.42,262.89,261.26,260.18,259.76,260.91,262.79,265.10,265.32,262.28,258.96,257.71,258.61,259.30,256.38,253.33,252.36,251.28,249.32,246.59,244.48,242.85,241.71,240.60,239.09,237.76,236.29,234.55,232.23,229.87,228.89,228.77,229.28,227.49,224.75,223.98,223.88,224.06,224.35,222.40,219.64,217.23,215.73,214.78,214.62,213.73,211.92,210.56,210.42,210.22,209.54,207.33,204.91,202.23,198.45,193.78,188.60,183.54,179.08,175.25,171.02,166.88,163.36,159.91,155.87,151.80,148.56,145.86,143.34,140.84,138.68,136.84,134.92,132.90,131.16,128.87,125.53,122.73,120.29,116.05,113.00,111.26,108.60,105.70,103.95,103.09,102.24,101.01,99.16,96.95,94.53,92.03,89.44,86.36,83.13,80.57,79.38,78.85,78.01,76.63,75.03,73.28,71.63,69.87,67.57,65.23,62.93,61.27,60.17,58.98,56.67,54.30,52.23,50.06,47.76,45.54,43.30,41.04,38.64,36.53,34.50,32.51,30.53,28.61,26.34,24.38,22.85,21.48,20.77,19.79,18.21,16.81,15.38,14.03,12.21,10.49,9.90,10.09,10.29,10.42,10.25,10.03,9.38,8.37,7.42,6.82,6.64,5.71,3.96,3.61,2.01,0.22,e,e,e,e,e,e,e,e,e,e,e,e,e,e,e,e,e,e,e,e,e,e,e,e,e,e,e,e,e,e,e,e,e,e,e,e,e,e,e,e,e,e,e,e,e,e,e,e,e,e,e,e,e
288.96,290.60,291.00,292.19,293.79,293.31,292.84,291.55,290.74,290.46,289.04,287.90,288.00,287.28,286.14,284.54,282.89,280.73,277.79,278.93,278.11,280.36,281.80,280.23,278.84,279.71,278.24,274.49,273.43,276.22,278.53,279.84,279.61,278.69,277.65,275.45,273.19,271.58,270.47,269.36,269.08,268.04,264.56,263.56,264.91,266.88,270.27,272.24,271.77,269.28,265.52,262.15,259.30,257.38,256.68,256.35,257.30,258.87,260.69,260.44,258.47,256.11,254.15,254.19,254.35,252.50,248.26,246.21,245.70,245.35,243.50,241.46,240.05,238.97,237.77,236.49,235.42,233.79,231.99,229.83,227.94,226.30,225.55,225.29,224.12,221.90,221.08,221.28,221.77,222.34,221.64,219.45,216.47,213.68,211.59,210.50,209.78,208.29,206.39,205.86,204.86,203.76,202.62,202.14,198.64,194.72,190.69,186.22,181.52,177.76,174.41,171.15,167.63,163.98,160.20,156.19,152.37,149.30,147.09,144.13,140.87,138.69,136.92,134.89,132.55,130.32,127.26,123.57,120.20,118.30,117.25,116.23,113.17,109.90,106.24,102.73,101.19,100.31,99.29,98.44,96.94,94.86,92.73,90.53,87.49,83.93,80.44,77.90,76.30,75.32,74.36,73.50,72.36,70.51,68.31,66.14,64.28,62.10,60.55,60.05,58.70,56.25,53.80,51.73,50.12,48.32,45.97,43.81,41.70,39.63,37.59,35.48,33.39,31.37,29.05,26.37,24.37,23.18,23.02,22.40,20.86,19.15,17.55,16.02,14.48,12.77,11.08,9.88,9.85,10.10,10.21,10.08,9.67,8.52,7.38,6.30,5.34,4.82,4.91,4.78,3.35,1.30,e,e,e,e,e,e,e,e,e,e,e,e,e,e,e,e,e,e,e,e,e,e,e,e,e,e,e,e,e,e,e,e,e,e,e,e,e,e,e,e,e,e,e,e,e,e,e,e,e,e,e,e,e,e
286.94,286.83,287.80,290.14,293.21,293.40,291.92,289.65,287.53,287.35,286.75,285.50,285.38,284.58,283.50,281.97,280.16,278.64,276.13,274.12,274.31,277.00,277.46,274.70,272.40,272.83,271.67,268.75,269.19,272.28,274.38,275.73,275.22,274.29,273.98,272.62,270.09,268.05,267.94,267.22,266.70,265.64,262.65,259.85,260.20,264.07,269.27,270.78,270.58,267.07,262.25,259.04,256.82,254.17,252.93,252.73,253.48,254.89,256.10,255.98,254.67,253.14,250.91,249.92,249.64,248.30,245.50,241.56,239.68,240.67,239.79,238.43,237.62,236.73,235.52,233.99,232.84,231.78,229.85,228.17,226.34,224.56,223.00,221.83,220.60,218.99,217.82,218.47,219.23,219.71,219.13,217.10,214.92,212.17,209.81,207.72,207.31,205.81,202.98,201.22,199.72,198.32,198.03,198.14,194.07,190.78,187.77,184.25,180.11,176.42,173.07,169.93,167.07,163.71,160.22,157.07,154.00,151.19,147.40,142.70,139.90,138.36,136.88,134.88,132.66,130.39,127.22,123.95,121.03,120.28,120.22,117.83,113.59,109.77,106.43,102.61,99.64,98.34,97.41,96.72,96.02,94.78,92.84,90.76,87.76,84.11,80.58,78.09,75.95,73.96,72.16,70.88,70.43,69.18,66.73,64.33,62.56,60.97,60.21,59.55,57.70,55.69,53.34,51.23,50.28,48.94,46.75,44.60,42.45,40.27,38.14,35.52,33.08,31.08,28.77,26.26,24.61,23.92,23.37,22.73,21.67,19.96,18.36,16.75,15.09,13.46,11.88,10.38,9.66,9.89,9.85,9.50,8.86,8.03,6.72,5.45,4.27,3.26,2.85,3.22,3.33,1.23,0.43,e,e,e,e,e,e,e,e,e,e,e,e,e,e,e,e,e,e,e,e,e,e,e,e,e,e,e,e,e,e,e,e,e,e,e,e,e,e,e,e,e,e,e,e,e,e,e,e,e,e,e,e,e
283.17,282.63,284.76,289.10,294.17,296.58,298.20,292.75,286.82,284.75,284.45,283.23,282.92,281.97,280.59,279.56,277.76,276.37,275.17,272.49,270.78,273.26,272.83,268.48,265.60,264.46,263.45,262.22,264.64,268.55,270.39,271.59,271.00,269.88,270.10,269.23,267.18,265.43,265.62,265.32,264.44,263.63,261.62,258.57,257.50,260.92,263.99,264.09,265.25,261.81,258.38,256.42,254.34,251.78,249.49,249.37,249.87,250.82,251.46,251.45,250.88,249.83,248.14,246.45,245.66,244.26,242.16,238.94,235.74,235.98,236.51,235.81,235.13,234.45,233.44,231.77,230.19,229.30,227.87,226.43,224.74,223.10,221.37,219.33,217.41,215.92,214.77,215.16,216.11,216.84,216.80,214.41,211.83,209.62,207.26,205.39,204.73,204.01,200.99,197.74,195.84,194.01,193.69,193.46,189.40,186.80,184.70,181.76,178.27,174.55,171.00,168.32,166.02,163.41,160.54,157.23,153.77,150.18,144.94,140.60,138.58,137.19,135.87,134.60,133.25,131.24,128.68,125.67,122.71,121.59,120.12,117.06,113.44,109.56,106.22,102.79,99.45,96.90,95.51,94.81,94.10,93.58,92.64,90.77,87.54,83.82,80.34,78.35,76.42,74.47,72.48,70.18,68.56,67.24,65.37,63.37,61.75,60.14,58.97,57.59,55.86,54.29,52.52,50.90,50.17,48.51,46.25,44.28,42.64,40.66,38.04,35.00,32.25,30.49,28.12,26.36,25.65,25.03,24.38,23.72,22.78,20.88,19.11,17.60,16.11,14.60,13.05,11.42,9.89,9.51,9.28,8.71,7.78,7.32,6.51,5.01,3.67,2.41,1.26,1.38,2.85,2.41,0.96,0.16,e,e,e,e,e,e,e,e,e,e,e,e,e,e,e,e,e,e,e,e,e,e,e,e,e,e,e,e,e,e,e,e,e,e,e,e,e,e,e,e,e,e,e,e,e,e,e,e,e,e,e,e
278.36,279.41,286.82,293.49,297.26,297.02,298.44,295.65,287.47,282.96,282.05,281.02,280.45,279.58,277.52,276.23,274.95,273.64,273.09,271.86,268.44,270.52,270.60,265.77,259.92,256.90,256.43,258.85,262.65,264.37,265.69,266.91,266.45,266.01,265.82,264.78,263.20,262.59,263.05,263.41,262.48,261.61,260.12,257.10,255.14,257.03,256.71,256.00,256.29,254.30,252.73,252.63,251.73,249.76,247.64,246.85,247.41,248.07,248.48,248.28,247.60,246.76,245.47,243.62,241.96,240.48,238.83,236.37,232.67,231.55,233.10,233.09,232.61,232.09,231.22,229.87,227.85,226.79,225.77,224.43,223.19,221.61,219.89,217.64,215.17,213.01,211.72,211.98,213.18,213.89,214.31,212.57,209.55,206.83,204.51,202.69,202.12,201.94,200.08,196.19,192.70,190.06,189.04,189.03,185.78,183.12,181.27,178.97,176.20,172.68,169.33,166.44,163.93,161.71,159.72,156.41,152.28,148.23,142.41,138.33,136.55,135.22,134.30,132.96,132.11,131.22,128.87,126.15,123.29,121.45,119.10,115.29,112.25,108.66,104.61,101.43,98.75,96.18,93.89,92.78,92.10,91.68,91.09,89.72,86.68,83.28,80.02,78.34,76.65,74.94,73.24,71.31,69.28,67.27,65.33,63.79,62.08,60.27,58.38,56.72,54.98,53.29,51.68,50.16,48.55,46.19,43.77,41.72,40.64,39.29,37.00,34.22,31.41,29.51,28.12,27.40,26.76,26.07,25.40,24.73,23.94,22.16,20.44,18.83,17.22,15.42,13.43,11.47,9.77,8.96,8.60,7.78,6.81,6.00,5.94,5.08,3.43,1.96,0.68,0.29,1.17,2.00,1.48,0.58,0.17,e,e,e,e,e,e,e,e,e,e,e,e,e,e,e,e,e,e,e,e,e,e,e,e,e,e,e,e,e,e,e,e,e,e,e,e,e,e,e,e,e,e,e,e,e,e,e,e,e,e,e
273.05,280.85,290.79,294.14,290.79,286.02,285.38,288.04,286.60,281.57,279.39,278.28,277.13,276.07,274.19,272.76,271.70,270.77,270.04,268.65,265.39,267.00,267.67,263.96,257.24,251.58,253.88,257.24,259.31,259.80,260.76,261.76,261.46,262.19,261.52,260.50,259.52,259.77,260.65,261.35,260.62,259.55,257.82,255.09,252.83,253.21,251.25,250.35,249.84,248.90,248.59,248.97,248.64,247.42,245.79,244.60,245.09,245.77,246.19,245.45,244.49,243.56,242.56,241.07,239.14,237.72,236.18,233.99,230.38,228.38,229.75,230.05,229.85,229.51,228.59,227.10,225.53,224.29,223.38,222.26,221.17,219.86,218.01,216.01,213.65,211.05,209.19,209.21,210.38,211.02,211.68,210.84,207.94,204.72,201.85,199.91,199.29,198.82,197.69,194.83,190.96,187.12,183.72,182.48,180.58,179.25,178.13,176.05,173.71,171.16,168.13,164.93,161.73,159.22,156.97,154.48,150.97,145.66,140.54,136.45,133.44,132.13,132.43,131.44,130.00,129.14,127.08,124.11,120.69,119.31,116.91,113.13,109.60,105.82,101.63,98.91,96.93,95.12,92.97,91.02,90.18,89.84,89.25,88.38,85.71,82.55,79.81,77.85,75.56,73.52,72.33,71.43,69.78,67.93,65.99,64.22,62.33,60.35,58.63,57.02,55.35,53.61,52.07,50.53,48.11,45.13,42.53,40.06,38.58,36.95,35.16,33.02,30.80,29.89,29.49,28.45,27.84,27.22,26.46,25.75,25.04,23.55,21.89,19.48,17.25,14.97,12.67,10.35,8.82,8.63,8.35,6.98,5.87,4.90,4.44,4.62,3.64,1.93,0.41,e,0.35,1.25,0.72,0.58,0.11,e,e,e,e,e,e,e,e,e,e,e,e,e,e,e,e,e,e,e,e,e,e,e,e,e,e,e,e,e,e,e,e,e,e,e,e,e,e,e,e,e,e,e,e,e,e,e,e,e,e,e
272.77,282.61,291.43,291.12,283.74,275.65,272.56,275.36,281.68,279.69,276.54,275.17,273.56,272.30,270.80,269.60,268.72,267.76,267.02,265.98,262.25,262.08,263.09,261.66,254.13,249.14,251.88,254.22,255.93,256.06,256.52,256.72,257.02,258.41,258.32,257.80,256.95,256.90,258.06,258.88,258.08,256.98,255.10,252.79,250.54,249.77,248.12,247.54,247.18,246.56,245.94,245.79,245.46,244.64,243.25,242.31,242.61,243.34,243.88,242.40,241.09,240.35,239.66,238.55,237.13,235.37,233.75,231.62,228.94,226.10,226.59,226.50,225.82,225.95,225.50,224.28,223.15,221.99,220.96,219.97,218.83,217.91,216.05,214.11,212.01,209.76,207.70,207.00,207.88,208.56,209.17,208.54,206.03,202.95,199.78,196.97,195.73,194.92,194.42,192.73,189.78,185.08,180.23,176.83,175.33,174.98,174.88,172.66,170.26,168.82,166.61,163.40,159.87,156.67,154.03,151.57,148.60,144.01,139.22,135.06,131.19,128.89,129.50,129.62,127.97,125.58,123.53,121.39,118.34,115.53,112.75,110.00,106.86,102.90,98.92,96.56,94.51,92.86,91.57,89.76,88.58,88.13,87.62,87.02,84.92,82.03,79.27,76.66,74.22,71.89,70.27,69.80,68.83,67.20,65.55,64.10,62.43,60.59,58.92,57.34,55.73,54.03,52.57,51.13,49.30,46.52,43.83,41.72,39.91,38.00,35.67,33.78,32.55,31.11,30.30,29.44,28.58,28.46,27.87,26.98,26.15,24.58,21.48,19.02,16.65,14.30,12.05,10.03,8.80,9.13,8.39,6.76,5.17,3.95,3.09,3.09,3.28,2.08,0.30,e,e,0.44,0.10,0.14,e,e,e,e,e,e,e,e,e,e,e,e,e,e,e,e,e,e,e,e,e,e,e,e,e,e,e,e,e,e,e,e,e,e,e,e,e,e,e,e,e,e,e,e,e,e,e,e,e,e,e,e
273.37,284.10,290.76,288.18,278.96,269.02,264.17,266.65,274.53,276.94,274.05,272.02,270.51,269.19,268.17,267.13,266.09,264.92,263.97,263.74,261.81,259.03,258.46,257.92,250.75,246.69,248.52,251.14,252.49,252.32,252.28,251.93,252.88,254.86,255.15,255.03,254.64,254.07,255.34,256.19,255.15,254.17,252.57,250.23,247.91,247.19,245.88,245.13,244.72,244.05,243.34,242.63,242.22,241.61,240.78,240.17,240.06,241.06,241.82,240.46,238.28,237.71,236.87,236.19,234.91,233.35,231.57,229.47,226.55,223.75,223.56,222.71,221.60,221.98,222.68,222.05,221.04,219.89,218.70,217.63,216.56,215.87,214.11,212.19,210.17,207.99,206.05,204.90,205.56,206.29,207.01,206.39,203.90,201.17,197.86,194.52,192.00,190.97,190.81,189.50,186.66,182.81,178.01,173.00,170.44,170.76,171.61,169.90,167.25,165.57,163.91,162.03,158.92,155.41,151.86,148.71,145.75,141.81,137.20,133.12,129.31,125.98,125.64,126.72,126.57,124.03,120.88,118.22,116.21,113.42,110.23,108.57,105.89,102.30,99.05,95.78,92.42,90.32,89.44,88.58,87.39,86.50,85.98,85.42,84.39,81.92,79.12,76.23,73.37,70.71,68.80,68.21,67.54,66.08,64.51,63.27,61.97,60.32,58.82,57.42,56.00,54.51,53.15,51.81,50.38,48.12,45.95,43.96,42.33,40.43,37.64,35.73,33.67,31.85,30.90,30.03,29.28,28.78,29.04,28.58,27.60,24.11,20.03,18.04,15.94,14.10,12.55,11.23,10.48,9.79,8.30,6.67,5.02,3.42,2.06,1.50,1.99,1.38,0.10,e,e,e,e,e,e,e,e,e,e,e,e,e,e,e,e,e,e,e,e,e,e,e,e,e,e,e,e,e,e,e,e,e,e,e,e,e,e,e,e,e,e,e,e,e,e,e,e,e,e,e,e,e,e,e,e,e
272.57,281.94,287.83,284.35,275.53,264.89,259.36,261.39,267.11,270.87,270.46,269.38,267.96,266.91,265.85,264.72,263.61,262.28,261.03,260.46,259.27,256.75,254.39,253.69,248.43,245.00,244.72,247.58,249.28,248.98,248.54,248.15,249.38,251.53,252.02,252.23,252.29,251.39,252.44,253.62,252.14,251.20,250.16,247.42,244.94,244.61,243.54,242.67,242.26,241.40,240.91,239.94,239.36,238.91,238.49,237.75,237.48,238.61,239.41,238.48,235.93,235.11,234.19,233.60,232.43,231.13,229.29,226.57,223.61,220.97,220.53,219.28,217.87,218.36,219.29,219.37,218.64,217.67,216.52,215.39,214.25,213.76,212.44,210.56,208.42,206.20,204.16,202.79,203.17,203.90,204.70,204.51,202.27,199.63,196.08,192.47,189.54,188.06,187.65,186.17,183.31,179.51,175.14,170.32,166.29,167.01,167.85,167.21,164.89,162.47,160.73,159.68,158.21,154.77,151.02,147.36,143.85,140.20,135.17,130.59,126.63,123.17,121.63,122.81,124.59,123.26,120.41,117.05,113.70,111.17,108.42,106.50,105.63,103.25,100.51,96.89,91.63,88.91,87.79,87.12,86.16,85.10,84.34,83.81,83.24,81.76,79.31,76.28,73.13,70.10,68.13,66.86,66.02,64.95,63.58,62.37,61.20,59.94,58.77,57.61,56.36,55.05,53.72,52.47,51.24,49.95,47.92,45.72,43.42,40.96,38.67,36.49,34.30,32.56,31.60,30.46,29.46,28.84,29.09,29.66,28.88,24.68,20.57,18.30,16.96,15.88,14.80,13.62,12.22,10.20,8.53,7.03,5.36,3.63,1.89,0.54,0.85,1.05,0.44,e,e,e,e,e,e,e,e,e,e,e,e,e,e,e,e,e,e,e,e,e,e,e,e,e,e,e,e,e,e,e,e,e,e,e,e,e,e,e,e,e,e,e,e,e,e,e,e,e,e,e,e,e,e,e,e,e
269.25,277.41,282.52,278.34,270.81,262.16,257.69,258.31,262.10,265.72,266.49,266.76,265.42,264.54,263.27,261.98,261.11,259.98,258.49,257.73,256.60,252.92,250.63,249.89,247.48,244.32,241.69,243.94,246.59,245.93,245.33,245.28,247.06,248.76,249.45,249.64,249.38,248.62,250.45,250.89,249.40,248.00,246.66,244.04,241.69,241.91,241.03,240.06,239.69,238.27,238.02,237.37,237.12,236.72,236.38,235.41,234.85,235.66,236.46,235.73,233.57,232.43,231.56,230.87,230.04,228.22,226.20,223.46,220.75,217.83,217.00,215.95,214.63,214.52,215.19,215.79,215.85,215.15,214.27,213.04,211.95,211.46,210.75,208.85,206.61,204.31,202.17,200.80,200.73,201.45,202.44,202.81,200.91,197.73,193.96,190.61,188.26,186.29,184.72,182.84,180.61,176.99,172.70,167.09,161.84,163.11,163.94,163.74,162.49,159.91,158.28,157.25,156.67,154.59,150.91,147.27,143.44,139.07,133.75,128.24,123.42,119.92,117.65,118.56,121.89,121.79,117.85,115.95,113.22,109.66,105.88,103.69,103.32,103.11,101.59,97.93,91.92,88.86,87.29,85.87,84.81,83.81,82.89,82.05,81.47,80.72,78.76,75.88,72.68,69.77,68.19,66.76,65.36,64.05,62.81,61.70,60.59,59.58,58.56,57.50,56.41,55.28,54.12,52.98,51.87,50.59,48.29,45.81,43.36,40.92,38.84,37.00,34.87,33.28,32.17,31.09,30.05,29.32,28.83,29.44,29.78,27.52,23.75,20.69,19.11,18.02,16.54,14.52,12.33,10.97,10.56,9.73,7.66,4.79,1.86,0.38,e,0.09,0.25,e,e,e,e,e,e,e,e,e,e,e,e,e,e,e,e,e,e,e,e,e,e,e,e,e,e,e,e,e,e,e,e,e,e,e,e,e,e,e,e,e,e,e,e,e,e,e,e,e,e,e,e,e,e,e,e,e
262.14,270.51,274.87,270.88,265.36,259.90,256.20,256.32,259.27,261.27,262.81,263.94,262.84,261.98,260.78,259.24,258.12,257.34,256.34,255.20,254.54,252.64,249.50,246.41,244.41,242.56,240.12,241.86,243.62,242.78,242.15,242.68,244.92,246.23,246.94,246.53,245.47,245.45,246.34,245.46,246.12,244.97,243.14,240.80,238.53,239.03,238.26,236.62,235.63,234.68,234.54,234.52,234.82,234.54,234.21,233.12,232.29,232.90,233.56,232.84,231.16,229.29,228.94,227.79,227.24,225.53,223.26,220.58,217.80,214.71,213.14,212.59,211.44,210.96,211.27,211.99,212.76,212.35,211.85,210.61,209.69,209.22,208.99,207.12,204.83,202.49,200.14,198.31,198.02,198.91,200.12,200.63,198.86,195.22,191.31,188.69,186.85,184.94,182.95,180.98,178.50,174.80,170.30,163.45,158.43,159.48,160.51,160.41,159.45,158.13,156.15,154.87,154.27,153.67,151.29,147.48,142.99,138.37,132.58,126.10,120.18,116.44,113.45,112.30,117.64,120.64,115.47,112.50,111.93,108.43,103.83,100.65,100.08,100.58,100.72,97.28,90.97,88.43,86.94,85.48,84.06,82.78,81.74,80.73,79.73,78.80,77.12,74.75,71.95,69.54,68.16,66.80,65.40,64.00,62.59,61.27,60.11,59.23,58.35,57.29,56.21,55.06,53.82,52.59,51.40,50.14,47.91,45.50,43.09,40.67,38.59,36.89,35.30,34.07,33.17,32.25,31.14,29.80,28.91,28.83,29.06,28.18,26.15,23.69,21.23,18.91,16.43,14.40,13.33,13.17,12.82,11.03,8.51,5.31,2.56,0.47,0.00,e,e,e,e,e,e,e,e,e,e,e,e,e,e,e,e,e,e,e,e,e,e,e,e,e,e,e,e,e,e,e,e,e,e,e,e,e,e,e,e,e,e,e,e,e,e,e,e,e,e,e,e,e,e,e,e,e,e,e
257.39,261.75,264.87,263.46,259.65,256.43,253.82,254.30,256.52,258.17,259.75,261.23,260.30,259.17,258.47,256.78,254.98,254.18,253.91,252.82,251.95,250.99,249.38,246.34,243.03,239.68,238.38,240.93,240.06,239.66,239.26,240.43,242.59,242.93,244.14,243.02,241.74,242.21,240.61,239.32,241.78,242.50,240.50,238.15,235.94,236.20,235.55,233.67,231.66,231.08,231.33,231.84,232.56,232.35,232.11,230.99,229.64,230.15,230.51,229.44,227.06,225.27,226.23,224.94,224.25,222.92,220.66,218.13,215.27,212.12,209.58,209.30,208.45,208.05,208.04,208.79,209.59,209.40,209.35,208.62,207.72,207.23,207.40,205.57,203.36,201.03,198.61,196.21,195.07,195.64,196.74,197.96,196.28,192.78,189.35,187.15,185.23,183.42,181.53,179.32,176.40,172.96,167.97,161.19,156.62,155.25,155.70,155.97,156.05,155.45,154.06,152.52,151.76,151.40,150.25,146.30,141.15,136.59,132.02,125.79,119.03,113.73,109.81,107.64,110.13,115.81,110.53,107.93,108.11,104.88,100.83,97.33,96.45,98.03,98.75,96.18,91.01,88.65,87.02,85.40,83.83,82.41,81.03,79.69,78.34,77.00,75.46,73.20,70.91,68.94,67.63,66.38,65.14,63.93,62.58,61.22,59.84,58.87,58.03,57.10,56.03,54.84,53.61,52.37,51.16,49.81,47.42,44.91,42.29,39.95,38.27,37.02,35.98,35.06,33.86,32.55,31.19,29.72,29.05,29.35,28.80,27.80,25.99,23.59,21.16,18.51,16.39,15.85,15.73,15.45,13.54,10.82,8.88,6.47,4.11,1.76,0.21,e,e,e,e,e,e,e,e,e,e,e,e,e,e,e,e,e,e,e,e,e,e,e,e,e,e,e,e,e,e,e,e,e,e,e,e,e,e,e,e,e,e,e,e,e,e,e,e,e,e,e,e,e,e,e,e,e,e,e
253.29,255.26,256.57,255.77,253.42,250.95,251.18,251.80,253.89,255.86,257.50,258.45,257.93,256.50,255.74,254.29,252.15,250.97,251.08,250.64,249.18,247.61,246.73,245.31,242.83,238.93,235.17,237.05,236.94,237.23,237.00,238.25,239.42,240.12,241.58,240.33,238.19,237.78,236.26,236.37,238.52,238.81,237.60,235.53,233.41,233.44,232.68,231.18,228.48,227.90,228.50,229.56,230.26,230.02,229.78,228.46,226.51,226.62,225.80,223.40,221.08,220.80,222.94,222.61,221.32,220.45,218.54,215.81,213.16,210.29,207.19,206.29,205.60,205.22,204.98,205.44,205.88,206.11,206.58,206.71,205.84,205.28,205.66,204.18,201.96,199.61,197.11,194.52,192.38,192.02,193.04,194.86,194.27,190.87,187.94,185.76,183.70,181.78,179.89,177.23,174.01,170.61,165.50,159.34,155.48,152.21,150.87,151.23,152.42,152.35,151.38,150.17,148.89,148.16,147.15,143.48,139.08,134.40,129.98,124.61,118.30,111.72,107.59,104.71,106.16,110.56,107.99,101.97,101.94,100.56,97.02,93.46,92.90,95.38,96.82,96.01,92.30,89.76,88.00,86.19,84.28,82.36,80.70,78.80,76.95,75.42,73.79,71.78,69.92,68.08,66.79,65.59,64.43,63.30,62.13,60.89,59.66,58.69,57.73,56.82,55.82,54.63,53.41,52.23,51.07,49.74,47.52,45.04,42.31,40.04,38.73,37.57,36.49,35.81,34.65,33.32,31.97,30.82,30.35,30.33,29.43,27.66,25.46,23.04,20.54,18.52,18.07,18.40,18.13,16.91,14.50,12.11,10.08,7.60,5.05,2.54,0.56,e,e,e,e,e,e,e,e,e,e,e,e,e,e,e,e,e,e,e,e,e,e,e,e,e,e,e,e,e,e,e,e,e,e,e,e,e,e,e,e,e,e,e,e,e,e,e,e,e,e,e,e,e,e,e,e,e,e,e
248.88,248.38,249.25,249.29,248.18,247.14,248.18,249.23,251.51,253.66,254.75,255.27,254.94,254.15,253.00,251.56,249.86,248.15,248.66,248.44,246.29,244.09,242.72,242.53,240.81,236.65,231.57,233.12,234.48,234.89,234.75,235.68,236.70,238.13,238.79,238.17,235.87,233.25,232.34,233.82,234.15,233.39,232.91,232.83,230.91,230.67,230.04,228.11,225.93,225.26,226.36,227.51,227.88,227.30,227.00,225.53,223.34,222.93,221.40,218.66,217.16,218.00,220.28,220.20,218.72,218.10,216.89,213.98,211.04,208.42,205.61,203.57,202.79,202.19,201.90,201.84,202.03,202.87,203.73,204.68,203.96,203.31,203.87,203.10,200.81,198.09,195.34,192.71,190.24,189.09,189.98,191.89,192.74,190.00,186.81,184.31,182.16,180.10,177.79,175.27,172.27,168.22,162.96,158.12,154.31,150.76,148.44,148.25,149.05,148.85,147.99,147.13,145.35,144.20,143.79,141.27,136.65,132.20,127.22,121.44,114.68,108.75,104.74,101.72,100.72,101.78,100.82,97.89,97.10,96.09,93.10,89.96,90.27,93.37,94.83,95.00,93.03,90.78,88.82,87.02,85.11,83.08,81.02,78.58,76.59,75.17,73.73,71.92,70.22,68.80,67.02,65.25,63.73,62.55,61.43,60.30,59.27,58.34,57.41,56.50,55.55,54.50,53.43,52.32,51.20,49.71,47.44,45.11,42.63,40.30,38.82,37.59,37.03,36.49,35.58,34.28,32.99,32.38,31.98,30.93,29.54,27.22,24.92,22.67,20.92,19.80,19.89,20.30,19.69,17.72,15.25,12.46,9.74,7.14,4.74,2.72,0.83,e,e,e,e,e,e,e,e,e,e,e,e,e,e,e,e,e,e,e,e,e,e,e,e,e,e,e,e,e,e,e,e,e,e,e,e,e,e,e,e,e,e,e,e,e,e,e,e,e,e,e,e,e,e,e,e,e,e,e
245.10,243.86,244.65,244.46,244.02,244.24,245.41,247.17,249.46,251.45,251.90,252.10,251.84,251.47,250.61,249.02,247.87,246.25,246.54,246.48,244.16,241.55,239.34,238.97,237.74,234.74,230.25,230.28,232.24,232.49,232.43,233.23,234.68,236.07,236.35,236.09,234.72,231.77,229.63,230.19,230.06,229.14,228.86,229.58,228.28,227.77,227.68,225.43,223.25,222.93,224.61,225.20,225.40,224.56,224.17,222.73,220.13,219.01,217.87,215.58,214.58,216.50,218.20,217.81,216.36,215.62,215.03,212.84,209.92,206.92,203.97,201.44,200.01,199.38,199.14,198.81,198.72,199.80,201.18,202.53,202.06,201.35,201.79,201.97,200.03,197.22,194.23,191.28,188.94,187.39,188.11,189.50,190.46,188.95,185.72,182.57,180.18,178.21,175.91,173.29,170.70,166.49,161.50,157.40,153.97,150.73,148.67,146.58,145.29,144.75,143.87,143.46,142.02,139.65,138.42,136.27,132.82,128.90,123.75,117.15,109.88,104.96,101.44,99.06,97.29,96.70,96.45,95.53,93.67,92.34,89.91,88.11,89.89,92.02,92.42,92.73,92.78,91.13,89.35,87.81,85.96,83.93,81.84,79.80,78.23,77.09,75.68,73.85,72.15,69.97,67.66,65.49,63.45,61.81,60.61,59.61,58.77,57.89,56.98,56.05,55.02,53.89,52.94,52.18,51.26,49.28,47.05,44.69,42.13,39.91,38.73,37.90,37.78,37.12,36.30,35.23,34.24,33.42,32.01,30.38,28.75,26.77,25.17,23.98,23.07,22.38,21.79,20.91,19.57,17.24,14.59,11.87,9.36,7.63,5.85,3.95,2.10,1.00,e,e,e,e,e,e,e,e,e,e,e,e,e,e,e,e,e,e,e,e,e,e,e,e,e,e,e,e,e,e,e,e,e,e,e,e,e,e,e,e,e,e,e,e,e,e,e,e,e,e,e,e,e,e,e,e,e,e
241.47,239.91,240.37,240.21,240.58,241.70,243.11,244.80,246.95,248.67,249.04,249.00,248.83,248.50,248.13,247.29,245.73,244.36,244.48,244.84,242.58,239.83,237.35,235.76,234.27,232.40,229.47,227.73,229.76,230.06,230.13,231.22,232.79,233.80,233.84,233.65,232.85,231.09,228.26,227.09,227.19,226.66,226.69,227.22,225.89,225.00,225.38,223.37,220.88,221.10,222.63,222.79,222.86,221.83,221.40,220.31,217.21,214.63,213.58,212.17,212.56,214.91,216.05,215.75,214.12,213.09,212.72,211.80,209.12,206.13,202.94,199.78,197.60,197.12,196.84,196.56,196.29,196.78,198.17,199.71,199.78,198.91,199.54,199.74,197.89,195.55,193.52,191.08,188.60,186.48,186.17,187.24,187.66,186.76,183.87,180.89,178.53,176.45,174.28,171.97,169.61,165.77,161.63,158.37,155.56,152.75,150.73,148.46,145.12,142.34,140.44,139.75,139.13,135.21,129.85,125.03,122.58,122.32,119.57,112.41,105.51,100.70,98.40,96.86,95.47,93.71,92.69,92.26,91.33,89.52,87.41,86.86,89.19,89.91,89.74,90.42,90.89,90.15,88.99,88.03,86.69,84.92,83.14,81.46,80.29,79.17,77.58,75.36,72.66,69.53,66.69,64.04,62.45,61.11,59.81,58.85,58.05,57.29,56.47,55.56,54.47,53.30,52.10,51.05,50.01,48.13,46.11,44.13,41.93,39.84,38.67,38.61,38.51,37.76,36.94,36.03,34.77,33.33,31.95,30.78,29.40,28.10,27.13,25.96,24.54,22.84,20.99,19.63,17.93,15.56,13.38,11.55,10.18,9.73,9.00,7.52,6.00,3.56,1.40,1.04,e,e,e,e,e,e,e,e,e,e,e,e,e,e,e,e,e,e,e,e,e,e,e,e,e,e,e,e,e,e,e,e,e,e,e,e,e,e,e,e,e,e,e,e,e,e,e,e,e,e,e,e,e,e,e,e
237.72,237.27,237.84,238.19,238.83,239.56,240.67,242.05,244.12,245.73,245.71,245.84,245.55,245.24,245.10,245.10,244.08,242.50,242.49,243.13,241.82,239.72,237.34,234.99,232.62,230.38,227.05,225.61,227.05,227.53,228.19,229.60,230.66,231.48,231.29,231.10,230.78,229.02,227.52,225.46,224.50,224.23,224.57,225.02,223.52,222.21,222.98,221.52,218.57,219.36,220.13,220.41,220.35,219.21,218.60,217.50,214.72,211.21,209.34,208.82,211.18,213.14,213.81,213.66,211.83,210.55,210.28,209.73,207.83,205.05,202.07,199.06,196.29,194.92,194.57,194.33,194.00,193.17,193.69,194.90,195.78,195.95,196.98,196.29,194.20,192.22,190.74,189.32,187.80,185.76,184.34,184.72,184.96,184.48,181.96,179.31,177.02,174.78,172.70,170.60,168.24,165.32,162.05,159.31,156.91,154.61,152.52,150.18,146.36,142.40,139.44,137.17,136.16,133.65,127.70,117.34,109.52,108.51,110.89,106.66,101.01,96.98,94.96,93.97,93.41,91.96,89.56,88.64,88.56,87.09,85.38,85.76,87.85,88.25,88.08,88.80,89.29,88.64,87.71,86.82,86.06,85.30,84.24,82.94,81.82,80.48,77.62,74.10,71.03,66.91,63.47,61.24,59.98,59.41,58.99,58.11,57.22,56.46,55.73,54.87,53.80,52.94,51.95,50.68,49.17,47.00,44.82,42.92,41.15,39.59,38.72,39.27,39.19,38.38,37.39,36.30,35.04,33.80,32.70,31.63,30.45,29.02,27.31,25.45,23.36,21.30,19.70,18.10,16.40,14.78,13.41,12.25,11.66,11.23,10.91,10.50,9.65,7.88,5.47,2.18,0.85,e,e,e,e,e,e,e,e,e,e,e,e,e,e,e,e,e,e,e,e,e,e,e,e,e,e,e,e,e,e,e,e,e,e,e,e,e,e,e,e,e,e,e,e,e,e,e,e,e,e,e,e,e,e,e
233.95,234.95,235.83,236.21,236.53,237.11,238.03,239.74,241.71,242.59,242.33,242.78,242.31,242.02,242.23,242.64,242.37,240.85,240.44,240.98,239.69,238.03,236.00,233.83,231.98,229.72,225.63,223.67,224.64,225.78,227.25,228.42,228.94,229.40,229.24,229.17,228.83,227.54,225.68,224.49,222.76,221.86,222.42,222.65,221.64,219.28,219.73,218.49,215.75,216.96,217.43,217.94,217.90,217.05,215.98,214.84,212.79,209.07,205.39,205.92,209.53,210.97,211.58,211.75,209.95,208.44,208.09,207.69,206.64,204.42,201.42,198.33,195.42,193.04,192.28,192.04,191.87,190.52,189.51,190.21,191.99,193.43,194.35,192.80,190.35,189.10,188.11,187.12,186.19,184.89,183.10,182.40,182.65,182.27,180.30,177.72,175.24,172.93,170.92,168.93,166.57,164.21,161.72,159.25,157.13,154.97,152.81,150.50,145.53,140.13,138.01,136.21,134.03,132.02,127.56,116.87,105.62,99.81,99.64,98.95,96.72,93.44,91.16,90.80,90.76,89.95,87.75,85.81,85.17,84.11,83.23,84.52,86.47,86.64,86.56,87.53,88.33,87.33,86.36,85.44,84.58,83.79,83.01,82.13,81.29,80.20,75.88,71.67,67.45,62.38,59.98,59.32,58.75,58.23,58.01,57.47,56.51,55.58,54.78,53.94,53.22,52.14,51.12,50.29,49.24,47.31,44.78,42.38,40.28,39.19,39.03,40.58,39.88,38.56,37.41,36.25,34.99,33.65,32.34,31.07,29.76,28.11,26.21,24.32,22.46,21.16,20.25,18.86,17.25,15.73,14.37,13.61,13.14,12.70,12.31,11.81,11.16,10.39,8.54,5.53,2.08,e,e,e,e,e,e,e,e,e,e,e,e,e,e,e,e,e,e,e,e,e,e,e,e,e,e,e,e,e,e,e,e,e,e,e,e,e,e,e,e,e,e,e,e,e,e,e,e,e,e,e,e,e,e,e
231.05,232.85,233.34,233.62,233.96,234.64,235.72,237.50,239.10,239.50,239.41,239.72,239.35,239.09,239.88,240.26,240.06,238.90,237.91,238.36,237.30,235.66,233.70,231.45,229.52,227.31,223.57,222.04,223.30,224.93,226.40,227.03,227.56,227.91,227.69,227.75,227.39,226.33,224.15,222.35,221.44,219.88,220.02,220.00,219.21,216.61,215.46,214.20,212.87,214.48,214.88,215.44,215.38,215.06,213.80,212.36,210.41,205.90,201.41,202.47,206.34,208.52,209.41,209.63,208.74,207.26,206.09,205.60,204.93,203.62,201.35,198.13,194.67,191.59,190.01,189.64,189.27,188.02,186.63,187.46,189.50,190.96,191.49,190.22,188.03,186.59,185.69,184.69,183.57,182.87,182.07,180.82,180.56,180.03,178.50,176.16,173.66,171.21,169.30,167.47,164.96,162.56,160.34,158.43,156.66,154.71,152.63,150.22,144.03,139.19,137.09,135.02,133.09,130.89,125.23,114.75,102.38,97.83,96.32,95.34,93.04,90.05,88.27,87.82,87.67,86.98,85.66,83.53,82.48,81.76,81.58,83.34,85.15,85.06,85.15,86.33,87.37,86.36,85.07,84.09,83.11,82.09,81.11,79.97,79.06,79.19,73.66,68.04,62.74,59.19,58.43,58.11,57.64,57.09,56.83,56.67,55.86,54.86,53.89,52.97,52.13,51.66,50.69,48.98,47.45,46.27,44.71,42.60,40.32,39.19,39.17,39.94,39.42,38.33,37.16,36.01,34.72,33.32,31.92,30.52,28.87,27.10,25.23,23.75,23.02,22.25,21.38,20.13,18.42,16.63,15.27,14.56,14.18,13.78,13.23,12.42,11.85,11.13,10.13,7.45,1.91,e,e,e,e,e,e,e,e,e,e,e,e,e,e,e,e,e,e,e,e,e,e,e,e,e,e,e,e,e,e,e,e,e,e,e,e,e,e,e,e,e,e,e,e,e,e,e,e,e,e,e,e,e,e,e
229.16,230.69,230.81,231.15,231.46,232.22,233.36,235.01,236.03,236.32,237.28,236.96,236.74,236.33,237.10,237.72,237.41,236.66,235.34,235.42,234.91,233.55,231.44,229.31,227.22,224.46,221.06,220.95,222.53,224.11,225.26,225.51,226.19,226.47,226.15,226.22,225.98,224.97,223.27,220.65,219.14,217.94,216.98,216.97,216.36,214.19,212.00,210.50,210.52,211.92,212.52,212.79,212.77,212.83,211.95,209.79,205.15,199.41,195.86,199.03,203.67,206.21,207.67,208.01,207.30,206.23,204.76,203.62,203.02,201.92,200.28,197.63,193.97,190.11,187.30,186.41,185.43,184.45,183.59,184.44,184.97,186.53,187.33,186.86,185.57,184.16,183.25,182.18,180.80,180.24,180.43,179.45,178.64,178.17,176.63,174.40,172.01,169.71,167.97,166.10,163.58,161.05,158.93,157.21,155.46,153.69,152.01,149.53,142.30,138.48,136.61,134.61,132.55,130.21,122.89,110.18,99.94,97.19,94.98,93.01,90.99,88.95,87.17,85.53,84.52,83.77,82.99,81.39,80.34,79.90,80.32,82.22,83.80,83.49,83.66,84.88,86.20,85.55,83.89,82.75,81.77,80.84,79.28,77.07,75.60,76.74,73.55,67.50,61.02,58.43,57.31,56.91,56.45,55.97,55.63,55.53,55.18,54.18,53.14,52.19,51.22,50.30,49.97,49.30,47.38,45.41,43.62,42.09,40.37,39.27,38.97,38.98,38.88,38.32,37.13,35.86,34.50,33.18,31.81,30.41,28.52,26.45,25.34,24.83,24.42,23.82,22.67,20.72,18.65,17.22,16.21,15.30,14.67,14.27,13.11,11.70,11.04,10.82,10.51,8.24,1.98,e,e,e,e,e,e,e,e,e,e,e,e,e,e,e,e,e,e,e,e,e,e,e,e,e,e,e,e,e,e,e,e,e,e,e,e,e,e,e,e,e,e,e,e,e,e,e,e,e,e,e,e,e,e,e
226.79,227.76,228.28,228.85,229.18,229.95,230.98,232.29,232.90,233.79,235.18,234.34,234.05,233.60,234.26,235.03,234.59,234.18,233.11,232.43,232.41,231.12,229.44,226.88,224.77,222.66,219.81,219.96,221.63,223.36,223.73,224.03,224.79,224.98,224.62,224.68,224.55,223.44,222.34,220.04,217.70,216.05,214.71,214.07,213.50,212.04,209.35,207.49,207.33,208.81,209.87,209.94,210.16,210.24,209.69,205.57,199.19,192.40,190.30,197.16,202.23,204.14,205.79,206.47,205.72,204.65,203.63,202.25,201.11,200.26,198.54,196.18,193.35,189.76,186.00,183.06,181.67,180.72,180.55,180.85,180.13,180.94,182.56,183.17,182.50,181.85,181.03,179.94,178.53,178.35,178.98,178.16,176.89,176.34,174.73,172.62,170.30,167.71,165.83,164.36,162.67,160.02,157.75,155.91,154.12,152.31,150.61,147.16,140.69,137.72,135.80,133.81,132.01,129.10,118.03,104.38,98.53,96.30,94.21,92.26,90.34,88.67,86.98,85.13,83.24,81.48,80.27,79.33,78.51,78.63,80.07,81.54,82.35,81.88,82.16,83.39,85.06,84.73,82.82,81.61,80.31,78.55,76.29,73.70,71.94,72.86,73.81,69.08,61.74,58.30,56.59,55.77,55.28,54.82,54.39,54.22,54.15,53.57,52.45,51.44,50.52,49.32,48.52,48.58,47.35,45.50,43.53,41.62,40.06,39.34,38.88,38.48,38.17,37.94,37.30,35.95,34.32,32.94,31.82,30.51,28.45,26.86,27.09,26.80,26.13,25.26,23.40,21.17,19.19,18.16,17.19,16.25,15.30,14.34,12.80,11.23,9.95,9.13,8.87,6.91,2.31,e,e,e,e,e,e,e,e,e,e,e,e,e,e,e,e,e,e,e,e,e,e,e,e,e,e,e,e,e,e,e,e,e,e,e,e,e,e,e,e,e,e,e,e,e,e,e,e,e,e,e,e,e,e,e
224.34,224.90,225.84,226.54,227.12,227.88,228.61,229.45,230.22,231.79,233.03,231.61,231.26,230.92,231.51,232.38,231.45,231.40,230.88,229.60,229.33,228.41,226.98,224.66,222.41,219.86,217.91,218.59,221.13,222.05,221.98,222.55,223.28,223.44,223.06,223.13,223.34,222.03,220.72,219.21,217.35,215.34,213.28,211.86,210.90,209.75,207.00,204.21,203.00,204.48,205.75,205.74,206.19,206.63,206.41,201.93,193.85,186.25,186.29,193.61,199.80,202.20,204.20,204.91,204.12,202.79,201.82,201.18,199.63,198.37,197.19,195.28,192.62,189.48,184.90,180.88,178.96,178.18,177.73,177.54,177.05,177.45,178.69,179.38,179.68,179.73,179.07,177.99,176.92,176.87,177.71,177.31,175.66,174.55,173.27,170.88,168.31,165.42,162.80,161.31,160.90,159.75,157.39,154.91,152.81,150.94,148.70,145.29,140.54,137.46,134.91,132.69,130.49,124.53,109.56,99.61,96.61,94.94,93.39,91.48,89.70,88.23,86.74,85.01,83.11,81.23,79.38,78.02,77.09,77.88,79.51,80.70,80.58,80.18,80.54,82.03,84.05,83.84,81.81,80.31,78.33,78.38,76.77,70.70,69.05,69.86,72.09,68.21,61.34,58.10,56.70,55.31,54.28,53.73,53.26,52.89,52.82,52.85,51.90,50.74,49.65,48.40,47.24,47.30,46.81,45.42,43.61,41.57,39.97,39.44,39.01,38.58,38.11,37.62,36.99,36.02,34.39,32.78,31.19,29.88,28.48,28.21,28.75,28.96,27.71,25.81,23.65,21.96,20.00,18.80,17.77,16.73,15.63,14.24,12.71,11.17,9.36,6.51,4.99,2.85,0.91,e,e,e,e,e,e,e,e,e,e,e,e,e,e,e,e,e,e,e,e,e,e,e,e,e,e,e,e,e,e,e,e,e,e,e,e,e,e,e,e,e,e,e,e,e,e,e,e,e,e,e,e,e,e,e
222.20,222.38,223.31,224.07,224.86,225.44,226.09,226.81,227.93,229.45,230.45,229.50,228.23,227.97,228.72,229.52,228.53,228.69,228.19,226.87,225.84,225.09,224.26,222.66,220.43,216.04,214.84,218.35,219.64,219.84,220.30,221.24,221.75,221.97,221.52,221.52,221.93,220.99,219.23,217.26,215.60,213.99,212.57,210.72,209.16,207.84,204.93,201.87,198.96,199.51,200.69,201.18,201.74,201.78,203.25,199.52,188.98,181.23,182.76,188.71,195.60,200.92,203.06,203.34,202.63,201.26,199.68,199.20,198.53,196.93,195.50,194.13,192.22,189.03,183.85,179.38,176.83,175.68,174.66,174.36,174.10,174.53,175.53,175.78,176.54,177.47,177.04,176.08,175.16,175.34,176.28,176.37,174.65,172.96,172.17,169.99,166.67,163.47,160.45,158.41,157.87,157.51,156.24,154.44,151.99,149.52,147.16,144.10,140.53,137.03,133.72,131.53,127.36,116.09,101.25,94.80,92.39,91.92,91.82,90.28,88.86,87.47,86.06,84.47,83.02,81.58,79.89,78.00,76.18,76.60,78.06,78.81,78.37,77.97,78.59,80.71,83.06,82.66,80.23,78.47,77.99,80.27,76.63,69.06,67.22,68.97,69.85,64.78,59.54,58.56,57.87,56.13,54.32,52.84,52.17,51.68,51.44,51.65,51.40,50.05,48.72,47.43,46.16,45.80,45.93,44.80,43.45,41.75,40.00,39.34,38.79,38.21,37.60,36.94,35.92,35.63,34.95,33.23,31.48,29.93,29.58,30.25,30.24,29.20,25.51,22.26,20.59,19.86,19.32,18.69,17.83,16.80,15.58,14.16,12.65,11.10,8.87,5.73,2.66,0.71,e,e,e,e,e,e,e,e,e,e,e,e,e,e,e,e,e,e,e,e,e,e,e,e,e,e,e,e,e,e,e,e,e,e,e,e,e,e,e,e,e,e,e,e,e,e,e,e,e,e,e,e,e,e,e,e
220.15,220.07,220.76,221.57,222.39,222.53,223.32,224.28,225.57,226.93,227.75,227.41,225.67,225.01,225.53,225.51,225.40,226.16,225.49,224.09,222.78,221.94,221.36,220.12,216.46,211.98,213.39,216.63,216.14,216.53,217.94,219.49,219.92,220.25,219.76,219.57,219.83,219.25,217.85,216.04,213.85,211.78,210.31,209.37,208.13,206.20,203.10,199.72,195.40,193.84,195.22,196.63,197.26,197.96,200.08,195.96,186.32,180.18,180.87,186.02,192.44,199.66,201.81,201.48,200.90,199.71,197.63,196.63,196.69,195.97,194.25,192.63,191.21,188.11,182.72,178.44,175.32,172.81,171.56,171.21,171.20,171.56,172.17,172.00,173.00,174.65,174.95,174.08,173.35,173.88,174.93,175.43,173.78,171.82,170.38,168.86,165.89,162.63,159.30,156.48,155.31,154.60,153.58,152.42,151.04,148.01,145.06,142.94,139.88,135.89,132.30,129.58,122.21,106.20,95.18,90.22,89.03,89.34,89.53,88.80,87.83,86.63,85.11,83.38,81.71,80.44,79.38,77.53,75.50,74.81,75.92,76.02,75.92,75.82,76.94,78.87,80.45,81.75,79.41,78.03,78.51,79.78,72.28,67.79,65.72,67.56,66.57,61.01,59.23,59.84,58.59,56.45,54.88,52.93,51.29,50.62,50.12,50.35,50.44,49.42,48.19,46.78,45.37,44.37,44.67,44.02,42.52,41.20,39.77,38.77,38.07,37.46,36.82,35.89,34.70,34.16,34.69,33.97,32.77,31.87,30.64,28.91,28.38,27.16,22.97,19.62,18.48,17.79,17.60,17.33,16.98,16.34,15.01,13.56,12.28,10.88,8.93,5.91,2.90,0.67,e,e,e,e,e,e,e,e,e,e,e,e,e,e,e,e,e,e,e,e,e,e,e,e,e,e,e,e,e,e,e,e,e,e,e,e,e,e,e,e,e,e,e,e,e,e,e,e,e,e,e,e,e,e,e,e
218.02,217.73,218.05,219.15,219.89,219.62,220.81,222.13,223.37,224.47,224.83,224.83,223.41,222.23,222.20,221.57,222.53,223.50,222.86,221.12,220.00,218.97,218.48,217.54,213.08,209.48,212.01,213.70,212.45,213.75,216.25,217.38,217.50,217.53,217.02,216.41,216.98,217.34,216.16,214.47,212.78,210.70,208.89,208.01,207.15,205.59,201.92,197.18,192.50,189.06,190.34,192.12,192.98,194.61,195.83,192.36,185.64,179.88,179.98,184.44,189.99,197.11,199.86,198.96,198.64,197.63,195.72,194.19,194.11,194.34,193.44,191.57,189.64,186.34,181.72,177.60,174.05,170.31,168.78,168.40,168.38,168.55,168.54,168.20,169.84,172.36,172.88,172.11,171.64,172.36,173.52,174.38,173.16,171.40,169.40,165.82,162.84,160.97,158.37,155.20,153.07,152.18,150.82,147.61,145.12,143.13,141.64,140.10,137.29,133.37,129.38,123.83,113.16,98.58,91.15,88.21,87.26,87.76,88.03,87.34,86.44,85.49,84.16,82.41,80.65,79.16,78.02,76.70,74.84,73.57,73.55,73.79,74.06,75.74,77.48,78.20,79.50,81.26,80.48,78.73,77.87,75.93,69.14,66.44,64.13,65.62,64.40,59.88,60.40,60.45,58.48,56.73,55.71,53.48,51.19,49.61,48.66,48.89,48.92,48.64,47.77,46.36,44.70,43.11,43.19,43.25,41.79,40.14,38.71,37.90,37.34,36.73,35.89,34.69,33.50,32.67,33.22,33.29,31.88,30.06,26.96,24.70,24.36,24.90,22.33,19.60,18.03,16.60,15.86,15.54,15.11,14.49,13.41,12.36,11.55,10.56,8.90,6.25,3.28,0.68,e,e,e,e,e,e,e,e,e,e,e,e,e,e,e,e,e,e,e,e,e,e,e,e,e,e,e,e,e,e,e,e,e,e,e,e,e,e,e,e,e,e,e,e,e,e,e,e,e,e,e,e,e,e,e,e
215.82,215.53,215.73,215.74,216.31,216.71,218.42,220.00,221.19,221.86,221.73,222.06,221.14,219.83,219.19,218.43,219.97,220.73,220.42,218.49,217.10,216.03,215.56,215.26,213.00,208.60,208.69,210.27,210.06,212.85,214.42,215.18,215.04,214.72,214.21,213.16,213.49,214.73,214.52,212.67,210.98,209.38,207.80,206.70,205.96,203.97,198.69,193.27,189.09,185.43,185.02,186.28,188.70,190.21,191.41,189.75,184.32,179.45,178.93,181.93,186.49,192.44,196.72,196.72,196.37,195.59,193.81,192.09,191.39,191.88,192.17,190.78,188.22,185.06,181.68,177.52,172.65,168.81,166.78,165.98,165.71,165.45,164.79,164.49,166.86,169.81,170.58,169.91,169.78,170.78,172.03,172.99,172.98,171.75,170.38,166.50,161.31,158.24,155.94,153.14,151.07,149.29,144.69,138.03,136.19,135.94,136.41,135.64,132.97,128.78,123.40,114.39,103.81,93.89,88.81,86.61,85.53,86.13,86.58,85.91,84.94,83.92,83.00,81.82,80.09,78.90,77.44,75.81,74.23,72.82,71.93,72.08,73.58,76.56,79.12,79.55,80.04,81.00,80.23,78.14,75.61,71.78,67.69,65.00,62.59,63.30,64.59,62.96,62.43,60.31,58.46,57.82,56.34,54.03,51.67,49.43,47.66,46.87,46.73,46.76,46.72,45.70,43.85,42.06,41.64,42.06,41.29,39.54,37.64,36.48,35.97,35.60,34.81,33.58,32.31,31.25,31.58,30.75,28.34,26.48,23.43,20.74,20.87,22.35,21.52,19.21,17.81,16.28,14.89,13.84,13.05,12.40,11.55,10.67,10.28,7.92,4.17,2.81,1.99,0.65,e,e,e,e,e,e,e,e,e,e,e,e,e,e,e,e,e,e,e,e,e,e,e,e,e,e,e,e,e,e,e,e,e,e,e,e,e,e,e,e,e,e,e,e,e,e,e,e,e,e,e,e,e,e,e,e
213.56,213.30,213.62,212.60,212.77,214.02,216.09,217.71,218.51,218.90,218.66,219.08,218.68,217.53,216.82,216.02,216.98,217.65,217.24,216.01,214.34,213.09,212.54,212.19,211.78,208.12,205.01,206.14,209.65,211.39,212.16,212.96,212.65,211.92,211.47,210.26,210.66,212.48,213.10,211.30,209.19,207.27,205.82,205.18,204.19,201.24,195.94,190.74,186.69,182.58,180.02,179.67,182.14,183.78,185.10,185.01,181.33,178.67,177.99,179.45,182.77,189.18,193.68,194.62,194.02,193.62,192.03,190.23,188.82,189.37,189.93,189.33,187.22,184.49,181.55,177.26,171.62,168.03,165.38,163.73,163.11,162.47,161.20,160.84,163.01,165.74,167.00,166.78,166.93,168.97,170.58,171.58,172.28,171.36,169.78,166.56,162.08,158.78,154.97,151.54,148.49,144.49,138.03,130.42,127.63,126.85,128.45,129.73,127.84,123.05,114.97,105.13,96.77,89.81,87.13,84.86,83.78,84.41,85.02,84.50,83.46,82.36,81.34,80.62,79.48,78.70,77.60,75.91,74.25,72.34,70.93,70.92,73.91,77.81,79.90,79.89,79.61,78.56,76.31,71.90,70.51,69.16,65.75,62.98,60.90,59.76,60.35,61.90,62.81,60.51,58.96,58.99,56.92,54.61,52.15,49.75,47.93,46.06,44.69,44.44,44.33,44.57,43.45,41.17,40.08,40.34,40.44,39.11,36.97,35.24,34.27,33.86,33.27,32.96,32.00,29.91,29.22,29.21,27.13,24.73,22.18,19.79,18.82,20.38,20.95,19.12,17.56,16.05,14.55,13.19,11.90,10.84,9.79,8.33,6.62,3.24,0.96,e,e,e,e,e,e,e,e,e,e,e,e,e,e,e,e,e,e,e,e,e,e,e,e,e,e,e,e,e,e,e,e,e,e,e,e,e,e,e,e,e,e,e,e,e,e,e,e,e,e,e,e,e,e,e,e,e,e,e
211.40,211.08,211.43,210.08,209.79,211.52,213.78,214.70,214.98,215.41,215.64,215.97,216.01,215.11,214.48,213.74,214.02,214.64,213.77,212.86,211.80,210.15,209.53,209.17,209.21,206.45,202.51,202.95,207.21,208.90,209.91,210.71,210.31,208.94,208.51,208.24,209.93,211.69,211.71,210.19,207.98,205.33,202.55,201.96,200.81,198.06,192.84,188.74,186.08,182.91,180.05,177.06,177.13,177.94,178.94,180.13,178.91,177.64,176.77,178.20,180.62,187.67,191.90,192.47,191.75,191.60,190.26,188.46,186.71,186.74,187.40,187.66,185.95,183.60,181.04,176.61,171.15,167.65,164.50,161.89,160.79,159.69,158.47,157.74,159.38,161.90,162.92,162.87,164.30,166.86,169.16,170.74,171.46,171.03,170.00,166.78,162.32,159.16,154.94,150.71,146.63,142.19,134.30,125.28,118.64,117.41,120.33,121.32,120.45,115.83,107.34,98.76,90.94,87.07,84.95,82.72,82.00,82.67,83.54,83.14,82.02,81.03,79.84,78.92,78.16,77.68,77.14,76.25,74.93,72.91,70.66,69.63,72.44,76.22,75.38,72.81,70.91,69.69,70.99,68.06,66.03,65.10,62.52,60.11,58.59,57.19,57.36,58.46,60.29,60.97,59.71,60.08,57.40,54.96,52.35,49.83,48.36,46.74,44.60,42.77,41.81,41.83,42.78,41.71,40.00,38.02,37.54,37.30,36.06,34.34,32.78,32.05,31.49,30.68,30.90,29.15,26.25,27.35,26.97,24.99,22.74,20.35,17.81,18.64,20.18,19.26,17.68,16.00,14.34,12.73,11.42,10.04,8.27,5.94,2.76,1.09,e,e,e,e,e,e,e,e,e,e,e,e,e,e,e,e,e,e,e,e,e,e,e,e,e,e,e,e,e,e,e,e,e,e,e,e,e,e,e,e,e,e,e,e,e,e,e,e,e,e,e,e,e,e,e,e,e,e,e,e
208.72,208.52,208.81,207.62,207.55,209.65,211.55,211.41,211.58,212.27,212.67,212.96,213.18,212.59,212.06,211.51,211.30,211.71,210.48,209.44,209.26,207.92,206.56,206.47,206.77,205.25,201.70,200.63,204.35,206.54,207.74,207.66,206.70,205.58,205.32,207.17,209.85,210.95,210.43,208.67,206.53,203.25,198.29,196.66,195.80,193.37,189.16,185.35,182.79,181.71,179.99,175.80,173.16,173.63,174.48,176.61,177.23,176.03,175.31,177.27,179.78,185.36,189.65,189.79,189.21,189.11,188.08,186.44,184.73,184.05,184.64,185.31,184.75,182.41,179.81,175.54,170.67,166.82,163.45,160.35,158.56,157.30,156.12,155.10,156.25,158.30,159.05,159.12,161.55,164.91,167.73,169.88,170.14,170.26,169.78,166.41,161.92,158.11,153.95,149.69,145.52,141.17,133.20,122.81,113.70,108.90,108.94,108.10,108.20,104.89,99.07,92.20,86.99,84.08,82.14,80.63,80.26,81.07,82.09,81.72,80.54,79.66,78.68,77.59,76.55,75.94,75.34,74.94,74.96,73.81,71.42,68.92,69.18,72.17,68.88,67.17,66.25,65.97,67.11,66.16,62.89,61.21,59.55,57.53,56.15,54.88,54.88,55.80,58.26,60.09,58.46,57.21,54.89,53.58,51.71,48.77,46.79,45.98,44.98,43.72,41.03,39.35,39.08,39.69,40.90,38.76,35.30,34.33,33.72,32.88,31.45,30.28,29.57,28.16,29.08,29.16,23.89,24.11,25.55,24.66,22.59,19.99,16.77,16.83,18.09,17.63,16.89,15.74,14.14,12.45,10.83,9.08,6.69,4.17,1.11,e,e,e,e,e,e,e,e,e,e,e,e,e,e,e,e,e,e,e,e,e,e,e,e,e,e,e,e,e,e,e,e,e,e,e,e,e,e,e,e,e,e,e,e,e,e,e,e,e,e,e,e,e,e,e,e,e,e,e,e,e
205.56,205.66,205.97,204.97,205.54,207.56,209.19,208.59,208.88,209.53,209.85,210.06,210.23,210.03,209.64,209.09,208.40,208.64,207.90,206.91,206.70,205.97,204.00,203.76,204.20,203.98,201.27,199.28,200.91,203.93,205.48,204.26,203.08,203.23,204.77,206.86,208.64,209.58,208.95,207.03,204.61,200.66,195.86,191.28,190.16,188.93,186.23,182.01,179.11,178.19,177.24,173.63,170.28,170.00,170.44,172.78,175.24,174.34,173.63,175.62,178.00,181.94,186.06,186.20,186.02,186.06,185.50,184.24,182.64,181.59,181.72,182.60,183.37,181.45,178.04,173.56,169.31,165.73,162.18,159.12,156.70,154.95,153.66,152.44,152.61,154.61,155.56,156.03,159.73,162.99,165.71,167.43,167.56,168.06,167.80,164.45,160.38,156.75,152.81,148.83,144.88,140.69,132.86,122.70,113.14,103.29,99.33,98.47,97.45,95.15,90.00,86.28,82.64,80.70,79.42,78.84,78.93,79.65,80.31,80.18,79.42,78.63,77.75,76.65,75.39,74.25,73.32,72.70,72.89,73.28,72.53,70.80,68.22,67.19,66.05,63.99,62.89,62.45,63.12,63.52,60.60,58.89,57.75,55.28,53.42,52.33,52.32,52.78,55.82,58.06,56.82,54.18,50.73,48.94,48.01,45.20,43.95,43.05,41.82,41.24,41.14,39.91,37.71,37.66,39.86,38.54,34.68,32.03,31.21,30.46,29.69,28.27,27.06,25.78,27.48,27.59,21.76,21.00,22.80,23.72,21.83,18.97,16.20,14.82,15.29,14.84,14.43,14.07,13.54,12.25,10.46,7.58,4.30,1.87,0.68,e,e,e,e,e,e,e,e,e,e,e,e,e,e,e,e,e,e,e,e,e,e,e,e,e,e,e,e,e,e,e,e,e,e,e,e,e,e,e,e,e,e,e,e,e,e,e,e,e,e,e,e,e,e,e,e,e,e,e,e,e
202.33,202.78,203.13,202.40,203.42,205.31,206.50,205.74,206.15,207.05,207.40,207.19,207.11,207.50,207.13,206.21,205.40,205.38,205.23,204.40,204.06,203.75,201.99,201.09,201.57,201.91,200.25,198.19,198.32,200.14,200.79,199.82,201.14,203.95,205.67,206.38,207.39,207.62,207.00,205.07,201.43,197.07,192.56,188.78,185.82,184.90,183.70,180.33,177.13,174.94,173.92,172.05,169.05,167.52,168.19,170.40,173.05,172.69,171.70,173.34,176.17,179.93,181.85,181.97,182.81,182.93,182.57,181.88,180.70,179.64,179.09,180.21,181.44,180.60,176.83,171.94,168.03,164.69,161.30,158.24,155.46,152.94,151.27,149.83,149.20,151.31,152.06,153.60,157.57,161.04,163.50,164.28,164.51,165.00,165.27,162.43,158.87,155.64,152.25,148.55,144.41,140.01,132.99,123.13,113.43,104.19,98.69,96.01,93.79,91.48,87.65,81.77,79.55,78.72,77.88,77.54,77.96,78.47,78.79,78.73,78.41,77.65,76.84,75.93,74.70,73.36,71.97,70.76,70.36,70.91,71.58,71.59,70.55,67.09,63.08,61.07,59.89,59.39,59.63,60.44,59.05,56.77,55.97,53.66,50.99,49.73,49.63,49.38,50.58,52.12,53.22,52.51,48.90,43.99,40.75,40.32,40.77,40.17,39.12,37.30,35.21,37.60,38.64,35.20,37.22,37.29,33.76,30.74,29.29,28.18,27.53,26.19,24.72,23.57,25.22,25.61,20.66,19.67,20.24,21.58,21.09,18.53,15.94,13.52,12.67,12.30,11.93,11.42,11.28,11.34,9.55,5.46,2.13,0.82,e,e,e,e,e,e,e,e,e,e,e,e,e,e,e,e,e,e,e,e,e,e,e,e,e,e,e,e,e,e,e,e,e,e,e,e,e,e,e,e,e,e,e,e,e,e,e,e,e,e,e,e,e,e,e,e,e,e,e,e,e,e
199.55,199.85,200.20,200.00,201.22,202.38,203.50,202.82,203.35,204.36,204.55,204.05,203.89,204.62,204.24,203.25,202.44,202.33,202.48,201.97,201.53,201.20,200.32,198.57,198.80,199.24,197.63,195.91,196.51,197.59,197.91,198.99,201.72,204.61,205.67,206.35,206.52,206.00,205.43,203.14,199.58,195.50,191.18,187.27,183.57,181.06,180.34,178.31,175.52,172.72,170.46,169.12,167.26,165.52,166.70,169.07,171.27,170.94,169.52,171.06,174.29,177.50,176.14,176.27,179.23,179.82,179.49,179.54,178.98,178.03,176.91,177.65,178.85,178.47,174.97,170.45,167.08,163.88,160.53,157.07,153.92,151.22,149.31,147.63,146.88,148.31,148.83,150.90,154.77,158.91,160.73,161.06,161.44,162.18,162.81,161.03,158.11,155.08,151.97,148.18,143.54,138.72,132.78,123.25,112.93,106.11,101.01,97.51,94.83,92.17,88.02,80.94,79.00,77.99,77.03,76.48,76.65,77.14,77.41,77.36,77.26,76.68,75.86,75.08,74.19,72.97,71.49,69.91,68.73,68.86,69.53,70.19,70.46,68.84,64.80,61.14,59.00,57.57,57.17,57.73,57.19,54.79,53.70,52.87,50.05,47.08,46.57,46.37,45.22,46.13,48.16,49.02,45.95,40.95,38.00,37.95,38.35,37.70,36.72,34.55,30.65,30.22,32.08,31.92,34.26,35.83,32.43,29.51,27.70,26.26,25.36,24.12,22.70,21.37,22.88,24.12,20.82,19.69,19.69,19.87,20.20,17.93,14.94,12.45,11.20,10.63,9.66,6.34,6.34,6.69,5.76,3.03,1.47,e,e,e,e,e,e,e,e,e,e,e,e,e,e,e,e,e,e,e,e,e,e,e,e,e,e,e,e,e,e,e,e,e,e,e,e,e,e,e,e,e,e,e,e,e,e,e,e,e,e,e,e,e,e,e,e,e,e,e,e,e,e,e
196.92,196.99,197.41,197.62,198.57,199.60,200.60,199.98,200.63,201.85,201.68,200.92,200.67,201.73,201.63,200.33,199.74,199.55,199.78,199.66,199.39,199.02,198.35,197.01,196.01,196.35,194.76,193.58,194.34,195.43,196.62,198.97,202.09,205.03,205.91,206.03,205.98,205.81,205.52,204.65,201.97,198.97,194.52,189.87,185.49,180.75,176.55,174.45,172.81,170.46,168.18,165.93,164.22,163.21,165.18,167.63,169.60,168.82,166.62,168.04,172.03,173.60,169.45,169.66,174.64,176.97,177.32,177.80,177.38,176.45,175.08,174.69,175.59,175.75,172.71,169.27,166.16,163.09,159.85,155.97,152.32,149.44,147.33,145.49,144.59,145.39,146.36,148.69,152.50,156.62,157.84,157.98,158.63,159.37,159.84,159.22,157.06,154.29,151.42,147.45,142.62,137.55,132.00,123.05,113.08,106.15,100.66,96.58,93.12,89.94,84.82,79.76,78.62,77.66,76.76,75.93,75.48,75.80,76.04,76.00,75.93,75.66,74.91,74.16,73.38,72.40,71.17,69.70,68.09,67.15,67.36,67.42,67.94,66.65,64.83,62.44,59.84,57.55,55.51,55.18,55.14,52.92,50.90,50.84,49.60,45.80,43.72,43.66,41.45,40.43,42.33,43.66,40.80,37.79,35.70,35.74,36.21,35.51,34.51,33.23,30.91,28.66,28.27,29.35,31.83,34.45,32.24,29.55,27.93,25.94,24.06,22.40,20.90,19.68,20.56,22.60,20.72,19.73,19.76,18.47,17.80,16.09,13.53,11.53,9.88,8.51,7.28,3.40,e,1.08,1.42,1.66,e,e,e,e,e,e,e,e,e,e,e,e,e,e,e,e,e,e,e,e,e,e,e,e,e,e,e,e,e,e,e,e,e,e,e,e,e,e,e,e,e,e,e,e,e,e,e,e,e,e,e,e,e,e,e,e,e,e,e,e,e,e,e,e
194.00,194.19,194.64,195.11,196.06,197.56,197.66,197.21,197.84,199.40,199.06,197.81,197.97,199.50,199.46,197.82,197.45,197.23,197.42,197.60,197.51,197.35,196.51,195.57,194.01,193.67,192.02,191.80,193.46,195.70,197.41,198.67,201.04,204.31,205.49,205.86,206.26,206.30,206.07,205.86,203.52,200.88,196.83,192.16,187.60,182.74,177.45,171.85,169.00,167.09,165.10,163.53,161.58,161.09,163.50,165.87,167.77,166.49,164.03,163.66,168.34,169.98,164.87,166.09,171.68,174.39,175.38,176.06,175.83,174.91,173.42,172.11,172.33,173.23,171.12,168.11,165.24,162.26,158.91,154.78,150.76,147.70,145.42,143.34,142.26,142.75,144.33,147.63,151.25,154.56,154.87,154.89,155.14,155.44,155.95,155.91,155.42,153.09,150.14,145.96,141.25,136.66,131.92,125.31,116.15,107.85,101.52,96.03,90.74,86.02,81.31,79.25,78.31,77.37,76.50,75.66,74.85,74.54,74.68,74.62,74.61,74.53,74.00,73.28,72.51,71.61,70.63,69.22,67.74,66.45,65.38,64.52,64.03,62.78,61.36,60.02,58.83,56.80,54.79,53.27,52.99,51.51,48.57,47.43,46.49,43.29,41.08,41.06,39.48,37.04,37.91,38.74,36.42,34.10,33.05,33.54,34.05,33.33,32.40,31.05,29.32,27.56,26.34,27.73,30.01,32.31,32.40,30.92,28.71,26.27,24.22,22.18,20.19,18.64,19.40,20.67,20.09,19.86,19.25,16.02,14.61,13.77,12.10,10.10,6.91,3.87,3.95,1.85,e,e,e,e,e,e,e,e,e,e,e,e,e,e,e,e,e,e,e,e,e,e,e,e,e,e,e,e,e,e,e,e,e,e,e,e,e,e,e,e,e,e,e,e,e,e,e,e,e,e,e,e,e,e,e,e,e,e,e,e,e,e,e,e,e,e,e,e
191.12,191.57,192.25,192.77,193.95,195.24,194.73,194.61,194.85,196.46,195.88,195.02,196.26,197.66,197.08,195.66,195.22,194.94,195.14,195.39,195.62,195.61,194.78,193.84,192.56,191.19,190.18,192.52,195.28,197.69,199.82,200.19,201.83,203.07,204.42,205.34,205.89,206.16,205.72,205.20,203.56,201.19,197.68,192.79,187.99,183.51,178.57,172.37,167.55,164.14,161.39,160.09,159.25,159.15,161.77,163.98,165.97,164.65,162.03,159.75,162.13,165.19,160.28,162.17,169.67,172.11,173.42,174.36,174.15,173.55,172.20,170.36,169.40,170.28,169.53,167.22,164.36,161.61,158.41,154.02,149.84,146.59,143.56,141.17,140.10,140.35,142.13,146.05,150.02,152.10,151.77,151.69,151.12,151.31,151.98,152.00,152.73,151.74,148.68,144.38,139.97,136.12,132.47,127.58,119.00,111.24,104.11,96.47,89.17,83.52,79.85,78.90,78.02,77.09,76.25,75.42,74.58,73.78,73.37,73.34,73.34,73.31,72.98,72.38,71.65,70.81,69.95,68.84,67.63,66.42,65.18,64.02,63.34,62.05,60.64,58.93,57.40,55.77,54.07,52.43,51.21,50.31,48.08,45.30,42.81,40.34,38.45,38.07,36.88,34.25,34.02,34.30,31.70,30.63,30.87,31.44,31.97,31.14,30.09,28.63,26.65,25.14,24.45,26.24,28.14,29.24,28.96,29.41,28.02,23.65,22.18,21.22,19.44,17.69,18.31,19.52,19.83,19.63,17.09,13.21,11.35,10.71,9.29,6.69,3.37,0.99,0.83,1.25,e,e,e,e,e,e,e,e,e,e,e,e,e,e,e,e,e,e,e,e,e,e,e,e,e,e,e,e,e,e,e,e,e,e,e,e,e,e,e,e,e,e,e,e,e,e,e,e,e,e,e,e,e,e,e,e,e,e,e,e,e,e,e,e,e,e,e,e
188.45,189.54,190.22,190.54,191.78,192.70,191.56,191.96,191.74,193.40,192.78,192.95,194.75,195.72,194.69,193.34,192.95,192.68,192.65,193.02,193.58,193.76,193.05,191.95,191.04,189.57,191.51,196.27,199.82,202.81,206.46,207.26,206.74,205.95,205.62,205.76,206.06,206.43,206.08,205.26,203.39,201.13,197.66,192.58,186.95,181.85,177.12,171.91,167.53,163.91,160.43,157.16,156.11,156.81,160.06,162.50,164.48,163.27,161.00,157.71,158.66,161.44,157.90,159.43,165.69,169.59,171.79,172.59,172.36,172.04,171.06,169.16,167.01,167.25,167.17,166.19,163.80,161.25,157.88,153.50,149.34,145.89,142.43,139.49,137.91,138.09,139.86,143.31,146.78,148.32,147.94,147.66,146.62,146.66,147.86,148.17,149.23,149.34,147.53,143.53,139.65,136.36,133.18,129.19,121.05,112.65,104.68,96.24,87.78,81.74,79.35,78.54,77.70,76.83,76.00,75.17,74.33,73.49,72.69,72.21,72.13,72.11,71.83,71.38,70.73,70.02,69.39,68.68,67.49,66.26,65.05,64.42,64.15,62.88,61.50,60.30,59.39,57.84,55.19,52.52,50.61,48.27,46.02,44.10,42.03,39.25,36.54,34.99,33.62,31.62,30.43,30.68,29.25,28.44,28.52,29.11,29.44,28.21,26.54,25.43,23.80,22.34,22.40,24.12,25.65,26.69,25.55,24.18,21.98,19.74,19.32,19.19,18.09,16.51,17.41,18.72,19.40,20.27,16.92,10.77,9.35,8.99,7.53,4.27,1.19,0.40,e,e,e,e,e,e,e,e,e,e,e,e,e,e,e,e,e,e,e,e,e,e,e,e,e,e,e,e,e,e,e,e,e,e,e,e,e,e,e,e,e,e,e,e,e,e,e,e,e,e,e,e,e,e,e,e,e,e,e,e,e,e,e,e,e,e,e,e,e,e
186.14,187.36,187.77,188.49,189.36,190.21,188.94,189.14,188.94,190.45,190.14,191.60,192.98,193.77,192.49,191.08,190.68,190.43,190.06,190.99,191.59,191.94,191.47,189.89,188.65,189.33,194.71,203.43,209.44,214.43,217.76,215.66,214.15,212.51,210.36,207.81,207.20,207.19,206.70,205.49,203.28,200.59,195.73,190.68,185.86,180.31,175.57,171.08,166.82,163.12,159.47,155.56,153.01,154.80,159.46,161.82,162.90,162.47,160.34,155.63,154.85,157.41,155.46,156.80,161.67,166.15,169.77,170.66,170.45,170.41,169.25,167.23,164.89,164.28,164.41,164.11,163.03,160.64,157.05,152.85,148.89,145.41,141.91,138.97,136.52,136.10,137.95,140.30,143.04,143.90,143.30,142.50,141.63,141.78,143.61,144.48,146.04,146.96,146.25,143.30,139.69,136.36,133.11,129.34,122.27,111.93,103.98,95.74,86.86,80.72,79.08,78.23,77.41,76.58,75.75,74.92,74.09,73.25,72.42,71.61,71.06,70.92,70.62,70.28,69.79,69.32,68.85,68.27,67.33,66.11,65.23,65.20,64.99,63.71,62.30,61.33,62.95,59.60,56.33,53.50,50.79,47.97,44.81,41.82,39.67,37.90,35.31,32.91,31.04,29.42,28.76,28.81,28.44,27.37,26.21,26.26,25.75,24.42,22.54,21.79,20.74,19.88,20.38,21.73,23.39,24.34,23.25,21.76,19.84,18.57,17.74,17.20,16.48,15.41,16.29,16.40,15.82,17.84,17.77,11.28,9.08,8.00,6.89,3.42,0.90,e,e,e,e,e,e,e,e,e,e,e,e,e,e,e,e,e,e,e,e,e,e,e,e,e,e,e,e,e,e,e,e,e,e,e,e,e,e,e,e,e,e,e,e,e,e,e,e,e,e,e,e,e,e,e,e,e,e,e,e,e,e,e,e,e,e,e,e,e,e,e
183.92,184.99,185.41,186.50,187.27,188.12,186.92,186.40,186.59,187.70,188.11,189.78,191.15,191.76,190.52,188.88,188.31,187.92,186.98,187.95,188.48,188.97,188.43,186.50,188.40,193.36,204.24,218.31,223.44,226.50,230.10,227.35,224.43,223.27,220.62,213.47,209.32,208.20,206.19,204.11,201.71,198.34,192.63,187.21,183.51,178.57,173.40,168.88,164.97,161.69,158.20,154.24,150.80,152.84,157.60,160.10,160.73,160.71,158.14,152.49,150.75,153.16,152.14,153.16,158.23,163.07,166.41,167.03,167.17,168.03,166.96,164.87,162.69,161.63,161.68,161.55,160.97,159.24,155.68,151.81,148.19,144.97,141.74,138.64,135.57,133.86,135.39,137.29,139.36,140.03,139.68,138.85,138.18,138.27,139.97,141.27,143.38,144.61,144.34,143.12,140.07,136.27,132.78,128.45,122.07,111.54,103.83,95.47,86.17,80.23,78.90,77.97,77.09,76.23,75.43,74.67,73.95,73.11,72.23,71.39,70.56,69.89,69.31,69.19,68.98,68.53,68.21,67.73,67.08,66.11,65.92,66.02,65.80,64.53,62.96,61.41,65.96,61.87,57.24,54.35,51.35,48.16,45.03,41.87,38.64,36.12,33.79,31.71,29.84,28.45,27.54,27.30,27.22,26.73,25.32,23.72,22.38,21.02,19.50,19.12,18.68,18.07,18.50,19.74,21.53,22.12,21.55,20.38,19.90,18.86,17.34,16.01,14.88,14.07,13.51,12.45,11.27,11.58,13.21,13.45,10.06,8.01,6.31,3.44,1.00,e,e,e,e,e,e,e,e,e,e,e,e,e,e,e,e,e,e,e,e,e,e,e,e,e,e,e,e,e,e,e,e,e,e,e,e,e,e,e,e,e,e,e,e,e,e,e,e,e,e,e,e,e,e,e,e,e,e,e,e,e,e,e,e,e,e,e,e,e,e,e
181.89,182.51,183.32,184.40,185.46,186.11,184.89,183.80,184.23,185.17,186.03,187.59,188.61,188.25,187.87,186.74,185.87,185.59,184.18,183.16,182.71,182.90,184.19,188.05,193.59,201.92,219.37,230.81,235.81,237.57,240.16,240.11,235.17,231.08,227.27,223.58,216.27,209.11,205.09,200.88,196.33,191.63,187.98,182.88,179.03,173.61,167.47,163.15,159.97,157.18,155.41,152.78,148.87,149.72,153.66,156.12,157.57,158.14,155.65,150.43,147.39,149.00,149.22,149.33,153.88,159.51,162.11,162.21,163.35,164.98,164.59,162.71,160.62,159.22,159.01,159.07,158.70,157.37,154.01,150.62,147.51,144.47,141.37,137.98,134.41,131.53,132.03,134.26,136.45,137.98,137.70,136.69,135.75,136.00,137.19,139.13,141.06,142.30,142.12,141.06,138.52,134.81,131.36,126.41,119.28,109.62,102.83,94.46,85.56,79.80,78.51,77.58,76.66,75.80,74.98,74.15,73.80,73.30,72.44,71.55,70.68,70.26,69.24,68.53,68.23,67.72,67.41,67.09,66.68,66.61,66.72,66.83,66.64,65.36,63.28,61.35,67.50,65.74,58.12,55.23,52.20,48.86,44.68,41.06,37.88,35.11,32.75,30.72,29.29,28.20,27.11,26.14,25.77,25.55,24.89,23.23,21.44,19.76,18.27,17.52,17.03,16.75,17.96,19.45,20.48,20.80,20.62,20.31,20.10,19.24,17.75,16.29,14.93,13.75,12.14,10.77,9.49,8.73,8.93,10.01,10.54,8.53,6.05,3.15,1.10,e,e,e,e,e,e,e,e,e,e,e,e,e,e,e,e,e,e,e,e,e,e,e,e,e,e,e,e,e,e,e,e,e,e,e,e,e,e,e,e,e,e,e,e,e,e,e,e,e,e,e,e,e,e,e,e,e,e,e,e,e,e,e,e,e,e,e,e,e,e,e
179.62,180.23,181.40,182.22,183.66,183.94,182.78,181.59,181.96,182.81,183.87,184.73,183.40,182.58,183.47,184.20,183.42,183.20,181.94,179.72,179.56,182.38,187.87,194.63,202.83,218.03,232.50,243.43,249.01,249.90,251.72,251.54,245.65,243.20,238.83,231.41,223.73,214.13,206.94,200.52,191.10,186.19,182.27,178.27,173.04,170.00,169.13,165.24,159.27,153.10,150.09,149.83,147.14,146.13,149.15,152.24,154.11,155.00,154.66,150.80,145.50,144.79,145.72,146.96,150.33,155.46,157.84,157.90,160.04,162.10,162.24,160.63,158.78,157.10,156.56,156.68,156.63,155.67,152.89,149.90,146.94,143.93,140.82,136.82,132.67,129.82,129.89,132.25,134.71,136.37,135.50,134.40,133.34,133.57,135.26,137.19,139.07,140.00,139.81,138.55,135.84,132.15,128.30,123.24,116.08,108.00,101.29,93.18,85.48,79.89,78.23,77.19,76.25,75.37,74.53,73.64,73.02,72.96,72.63,71.84,71.17,71.23,69.75,68.19,67.70,67.37,67.28,67.08,66.88,67.31,67.53,67.65,67.45,66.05,63.39,61.29,65.90,64.74,58.58,55.29,51.82,47.16,41.61,38.52,36.48,33.98,31.82,29.95,28.85,27.86,26.79,25.73,24.72,24.17,23.89,23.22,21.41,19.48,18.05,16.64,15.48,15.77,17.22,18.59,19.65,20.18,20.35,20.28,20.06,19.32,17.94,16.52,15.70,14.63,12.70,10.91,9.35,7.65,6.74,6.87,7.25,6.12,3.20,1.39,0.57,e,e,e,e,e,e,e,e,e,e,e,e,e,e,e,e,e,e,e,e,e,e,e,e,e,e,e,e,e,e,e,e,e,e,e,e,e,e,e,e,e,e,e,e,e,e,e,e,e,e,e,e,e,e,e,e,e,e,e,e,e,e,e,e,e,e,e,e,e,e,e
177.50,178.19,179.27,179.94,182.00,181.69,180.54,179.31,179.78,180.69,181.80,181.76,179.37,178.18,179.95,181.31,181.01,180.51,179.00,177.70,183.43,190.28,197.55,207.56,218.80,231.72,244.07,253.93,261.39,265.26,264.19,263.55,259.63,255.24,249.21,241.37,230.52,222.20,213.65,205.99,197.56,192.40,186.86,184.32,179.61,177.25,174.49,169.13,160.90,153.60,148.12,146.01,145.55,142.81,144.53,148.43,150.35,151.75,152.98,151.04,144.04,141.33,142.72,145.23,148.51,152.53,153.99,153.95,156.34,158.97,159.64,158.47,156.88,155.18,154.08,154.12,154.34,153.91,152.18,149.27,146.50,143.69,140.74,136.57,131.85,128.85,129.03,131.18,133.46,134.71,133.19,131.74,130.80,131.47,134.23,136.77,138.14,138.42,138.10,137.27,134.46,131.00,127.06,122.50,116.05,108.33,101.70,93.39,86.40,80.77,78.30,77.06,75.97,74.95,74.04,73.20,72.37,72.16,72.10,71.97,71.91,71.48,69.83,68.00,67.94,67.91,67.06,67.81,67.96,67.94,68.32,68.46,68.28,66.44,63.48,60.83,61.66,62.40,58.75,55.40,51.66,45.70,39.83,37.35,35.19,33.05,30.92,29.39,28.41,27.40,26.40,25.33,24.30,23.32,22.61,22.24,21.58,20.08,18.57,16.27,14.33,14.62,15.79,16.98,18.16,19.57,20.21,19.89,18.89,19.05,18.14,17.08,16.79,15.52,13.56,11.60,9.67,7.72,4.97,3.89,3.83,2.32,0.90,e,e,e,e,e,e,e,e,e,e,e,e,e,e,e,e,e,e,e,e,e,e,e,e,e,e,e,e,e,e,e,e,e,e,e,e,e,e,e,e,e,e,e,e,e,e,e,e,e,e,e,e,e,e,e,e,e,e,e,e,e,e,e,e,e,e,e,e,e,e,e,e,e
175.42,176.18,176.66,178.19,180.14,178.70,177.48,176.83,177.99,178.92,179.32,178.59,176.64,175.81,177.60,177.96,176.71,175.11,176.18,182.01,194.00,207.09,215.31,222.69,232.58,244.06,255.81,267.31,275.37,279.92,277.76,272.59,269.79,265.83,258.67,249.79,241.25,231.24,220.92,213.34,206.67,202.05,195.85,191.62,186.36,182.16,176.78,168.62,159.20,151.88,147.17,143.43,142.60,141.09,140.31,143.45,146.28,148.61,150.73,149.33,141.34,138.72,140.43,143.30,146.79,149.60,149.56,149.74,152.73,155.81,156.94,156.29,154.77,153.11,151.75,151.41,152.11,151.77,150.82,148.77,146.22,143.47,140.87,137.07,132.07,128.53,127.91,130.20,132.34,133.02,131.32,129.75,129.07,129.94,132.91,136.42,138.78,140.21,141.56,140.29,136.89,133.18,129.56,125.53,120.56,112.75,105.78,98.22,90.99,84.05,79.36,77.50,75.95,74.66,73.60,72.70,71.84,71.35,71.32,71.48,72.31,71.66,69.88,68.03,68.43,68.74,67.25,66.68,67.93,68.75,69.01,69.27,69.05,66.78,63.95,60.25,58.64,59.08,58.55,55.05,47.57,40.91,38.26,36.27,34.12,32.08,30.14,28.92,27.94,26.95,25.97,24.93,23.93,22.96,21.99,21.15,20.58,19.66,17.88,15.55,13.39,13.61,14.69,16.07,18.16,19.72,20.05,16.33,14.63,17.79,18.13,18.13,17.85,16.39,14.43,12.48,10.36,7.69,4.22,1.95,1.01,0.67,e,e,e,e,e,e,e,e,e,e,e,e,e,e,e,e,e,e,e,e,e,e,e,e,e,e,e,e,e,e,e,e,e,e,e,e,e,e,e,e,e,e,e,e,e,e,e,e,e,e,e,e,e,e,e,e,e,e,e,e,e,e,e,e,e,e,e,e,e,e,e,e,e,e
173.32,173.92,174.16,177.17,176.46,174.48,173.92,174.80,176.22,177.03,176.30,175.12,173.43,173.49,175.02,173.55,171.61,175.13,182.69,193.04,209.88,223.31,232.19,240.73,250.55,261.54,272.14,280.33,287.75,291.53,292.58,287.64,282.69,278.15,269.21,260.00,250.09,237.28,226.53,219.58,210.73,204.67,198.97,193.28,187.57,182.39,175.81,166.32,157.61,150.57,146.51,142.54,139.42,138.63,138.77,141.72,144.68,146.98,148.26,145.75,139.63,136.41,138.08,141.53,144.04,143.53,143.03,145.63,149.91,153.21,153.88,153.52,152.58,150.91,149.44,148.76,149.81,149.47,148.51,147.69,145.91,143.45,141.19,137.64,132.57,128.51,126.70,129.07,131.32,131.22,129.61,128.37,128.13,129.64,133.15,136.76,140.78,147.11,149.94,148.17,143.16,139.00,135.56,131.48,127.09,120.34,113.04,105.42,98.20,90.64,83.45,78.91,76.91,74.85,73.20,72.19,71.32,70.64,70.50,71.03,72.34,72.52,72.11,71.47,70.42,69.78,67.77,66.36,66.54,68.04,69.57,72.21,72.84,69.73,64.94,59.41,58.14,59.38,60.73,59.32,50.45,40.80,37.60,35.56,33.43,31.36,29.65,28.62,27.66,26.71,25.72,24.75,23.80,22.83,21.86,20.92,19.74,17.48,15.75,13.77,12.14,12.64,14.24,17.01,19.50,20.03,18.88,11.01,10.63,15.27,17.33,18.94,18.90,17.33,15.56,13.57,11.19,7.81,3.90,0.80,0.27,e,e,e,e,e,e,e,e,e,e,e,e,e,e,e,e,e,e,e,e,e,e,e,e,e,e,e,e,e,e,e,e,e,e,e,e,e,e,e,e,e,e,e,e,e,e,e,e,e,e,e,e,e,e,e,e,e,e,e,e,e,e,e,e,e,e,e,e,e,e,e,e,e,e,e
171.13,171.24,172.59,174.44,170.93,170.32,171.43,173.22,174.72,174.57,173.10,171.75,170.30,171.34,172.00,170.53,170.57,178.55,189.89,203.81,220.21,233.39,245.09,256.44,264.95,273.17,280.54,286.85,292.32,296.65,301.42,300.33,294.13,287.17,276.18,263.62,251.11,239.45,229.02,222.70,213.35,205.67,199.41,193.79,187.19,180.13,171.70,163.70,155.40,148.85,144.99,141.47,137.78,135.65,138.03,140.99,142.80,144.48,144.80,142.92,138.44,134.50,136.12,139.61,140.15,138.61,138.52,141.31,146.41,150.77,150.66,150.01,150.13,147.98,146.39,146.22,146.99,146.51,145.93,145.44,144.95,143.51,141.32,137.91,133.17,128.84,125.76,127.46,129.96,129.43,127.67,126.56,127.67,129.84,135.22,140.62,148.10,152.87,153.27,152.11,150.85,148.35,143.13,138.11,133.44,127.41,119.41,111.96,102.94,95.03,88.26,80.63,77.53,75.21,72.99,71.40,70.52,70.02,69.96,70.46,71.92,74.25,76.11,77.27,77.63,73.16,67.73,66.57,66.62,68.01,71.33,78.60,80.36,75.53,67.62,60.11,57.85,59.21,60.80,60.65,57.80,46.07,38.72,36.48,34.30,32.07,30.00,28.90,27.94,26.98,26.05,25.07,24.06,23.05,22.08,21.09,19.88,17.04,14.10,11.96,10.85,12.01,13.96,15.80,19.73,19.13,14.64,7.53,8.18,12.60,15.76,18.69,20.01,18.71,16.71,14.56,11.89,7.29,2.27,1.08,e,e,e,e,e,e,e,e,e,e,e,e,e,e,e,e,e,e,e,e,e,e,e,e,e,e,e,e,e,e,e,e,e,e,e,e,e,e,e,e,e,e,e,e,e,e,e,e,e,e,e,e,e,e,e,e,e,e,e,e,e,e,e,e,e,e,e,e,e,e,e,e,e,e,e,e
168.19,168.83,171.92,170.20,168.23,168.27,169.83,171.59,173.11,172.26,170.54,168.91,167.57,168.81,167.69,169.11,173.52,181.55,195.52,215.65,230.71,243.76,254.16,262.60,267.66,272.97,278.32,284.17,288.91,296.35,306.67,310.52,307.67,295.29,275.25,261.97,250.31,240.61,229.64,222.97,215.11,206.71,199.17,192.20,184.69,175.72,168.25,161.44,151.86,145.94,142.05,139.25,136.84,133.99,134.61,137.49,140.19,141.50,141.33,139.84,135.58,131.76,133.15,136.23,136.48,135.39,135.76,138.28,142.25,146.00,145.15,144.85,145.77,144.35,143.20,143.81,143.84,143.23,142.81,142.95,142.67,142.22,140.69,137.33,133.33,129.33,125.41,125.25,127.66,126.98,125.22,125.42,128.13,131.60,139.59,148.34,154.25,153.08,150.03,147.46,146.05,144.60,142.52,141.47,138.31,132.68,125.64,116.12,103.15,95.29,88.53,81.05,77.85,75.54,73.30,71.09,69.94,69.84,69.85,70.00,71.98,75.02,78.09,80.75,82.12,78.14,67.16,66.18,66.17,67.48,70.67,77.68,79.90,76.08,69.20,62.84,58.63,56.85,56.32,54.88,52.64,46.87,39.85,36.88,34.07,31.77,29.91,28.97,28.11,27.22,26.30,25.32,24.27,23.21,22.17,21.14,19.87,16.43,12.87,10.58,9.61,10.29,9.18,8.93,13.62,9.93,5.16,3.26,3.98,7.59,11.40,15.89,20.03,19.99,17.74,14.27,10.34,4.20,0.53,e,e,e,e,e,e,e,e,e,e,e,e,e,e,e,e,e,e,e,e,e,e,e,e,e,e,e,e,e,e,e,e,e,e,e,e,e,e,e,e,e,e,e,e,e,e,e,e,e,e,e,e,e,e,e,e,e,e,e,e,e,e,e,e,e,e,e,e,e,e,e,e,e,e,e,e,e
166.04,169.03,170.61,168.06,166.42,167.00,168.63,170.12,171.16,170.69,168.94,166.60,165.01,164.40,167.84,175.67,184.53,196.05,208.80,224.88,237.35,249.18,256.50,258.80,261.35,265.54,269.13,274.06,279.51,287.59,297.67,307.27,309.33,296.05,273.04,259.64,248.98,241.98,230.19,222.34,214.22,205.74,196.55,188.69,183.31,176.32,166.88,158.24,149.25,143.29,139.11,136.42,134.55,132.83,131.26,133.77,137.48,138.42,137.60,136.89,133.19,129.10,130.06,132.85,133.13,132.23,132.83,135.78,138.42,139.50,139.13,139.70,141.23,140.53,140.05,141.25,140.77,139.64,139.63,140.37,140.30,139.92,138.87,136.70,133.08,129.73,125.71,123.35,125.29,124.43,122.96,125.38,129.41,135.47,145.74,154.80,151.83,141.41,135.10,130.46,129.50,129.24,129.43,130.72,133.72,132.41,125.77,112.78,100.44,93.80,86.74,80.02,77.89,75.86,73.67,71.63,70.06,69.79,69.81,70.34,72.35,74.84,77.52,80.46,84.16,81.56,72.64,68.08,65.87,66.08,68.63,73.14,75.06,72.23,68.09,64.41,60.48,56.00,51.65,48.69,46.65,43.40,38.97,35.29,31.96,30.02,29.25,28.55,27.79,27.02,26.23,25.42,24.52,23.57,22.57,21.58,20.54,17.90,10.78,7.05,6.92,7.56,5.36,3.08,3.77,2.84,2.18,0.63,1.19,1.58,4.56,8.32,14.64,17.68,14.53,9.38,4.29,0.79,e,e,e,e,e,e,e,e,e,e,e,e,e,e,e,e,e,e,e,e,e,e,e,e,e,e,e,e,e,e,e,e,e,e,e,e,e,e,e,e,e,e,e,e,e,e,e,e,e,e,e,e,e,e,e,e,e,e,e,e,e,e,e,e,e,e,e,e,e,e,e,e,e,e,e,e,e,e
165.63,169.17,168.55,165.38,164.61,166.19,167.73,168.82,169.02,167.96,167.17,164.94,162.58,162.77,170.89,184.10,196.67,206.74,217.65,229.83,241.88,251.47,252.36,252.01,253.78,255.58,255.99,260.94,268.08,275.41,282.18,289.38,294.86,288.98,271.98,259.80,250.53,242.85,229.77,221.08,211.78,203.36,194.19,186.75,181.83,174.89,164.85,156.06,146.73,139.65,136.29,133.45,131.15,130.28,129.31,131.46,135.11,134.92,133.65,132.84,132.33,128.01,127.05,129.50,129.99,129.19,129.83,132.92,134.74,135.31,135.09,135.83,136.58,136.47,136.18,136.67,135.91,135.27,136.25,137.34,137.72,137.86,136.99,135.66,133.19,130.21,125.96,122.16,123.04,121.88,121.27,126.40,132.17,140.24,152.63,156.15,141.96,125.72,118.45,113.26,109.16,107.00,111.17,114.89,117.59,122.76,121.40,108.47,98.18,91.84,83.72,78.92,77.33,75.72,74.07,72.49,70.79,69.75,69.77,71.89,74.33,76.11,77.97,81.11,85.83,87.25,81.61,71.40,67.36,65.36,65.87,68.06,69.82,66.41,62.83,62.63,60.83,55.02,49.60,46.16,43.41,40.64,37.18,33.43,30.29,29.31,28.70,28.02,27.30,26.52,25.73,24.92,24.19,23.45,22.70,21.88,20.97,19.21,8.25,2.78,2.41,4.54,2.08,0.58,0.58,e,2.40,e,e,e,1.58,5.18,10.63,12.30,8.27,2.70,1.21,e,e,e,e,e,e,e,e,e,e,e,e,e,e,e,e,e,e,e,e,e,e,e,e,e,e,e,e,e,e,e,e,e,e,e,e,e,e,e,e,e,e,e,e,e,e,e,e,e,e,e,e,e,e,e,e,e,e,e,e,e,e,e,e,e,e,e,e,e,e,e,e,e,e,e,e,e,e,e
164.38,166.14,164.27,162.58,163.77,165.35,166.50,167.43,166.75,164.80,163.78,163.24,160.57,162.34,173.42,189.36,203.20,211.97,220.59,232.13,243.93,249.51,247.50,245.59,246.09,247.66,245.79,248.59,256.25,264.10,270.83,277.38,283.44,282.24,270.91,260.24,251.56,242.04,227.56,217.40,208.50,200.91,191.73,184.84,177.81,168.89,160.08,153.21,143.27,136.73,133.59,130.74,128.48,127.21,127.38,130.69,132.93,131.88,130.26,128.73,129.47,126.62,123.69,125.56,126.73,126.13,127.37,129.74,131.07,131.38,131.13,131.73,131.87,132.14,131.97,130.99,129.48,131.50,133.24,134.25,134.54,135.34,135.08,133.87,132.55,129.97,125.57,121.21,120.87,119.76,121.31,128.63,136.19,147.06,158.20,152.86,133.60,117.03,105.82,98.57,94.23,91.01,94.80,98.76,101.85,106.61,109.34,102.78,95.82,89.43,81.53,78.47,76.85,75.15,73.94,72.59,71.09,70.13,70.60,73.61,76.19,77.48,78.79,79.66,82.53,87.69,86.19,77.27,69.61,66.03,68.81,67.38,63.39,59.38,58.40,59.86,57.84,51.72,48.51,44.97,41.31,38.54,35.20,31.54,29.55,28.85,28.18,27.51,26.82,26.02,25.19,24.36,23.59,22.88,22.13,21.35,20.12,12.99,4.23,e,0.70,1.95,1.15,e,e,e,e,e,e,e,0.71,2.28,5.26,4.89,2.73,e,e,e,e,e,e,e,e,e,e,e,e,e,e,e,e,e,e,e,e,e,e,e,e,e,e,e,e,e,e,e,e,e,e,e,e,e,e,e,e,e,e,e,e,e,e,e,e,e,e,e,e,e,e,e,e,e,e,e,e,e,e,e,e,e,e,e,e,e,e,e,e,e,e,e,e,e,e,e,e,e
162.27,160.97,159.97,161.48,162.98,163.95,165.03,165.85,164.44,162.32,160.36,160.65,158.51,160.70,172.08,188.87,203.13,212.53,220.28,232.47,242.11,245.97,245.47,241.63,238.98,241.42,239.69,241.08,245.89,251.07,260.68,268.60,273.39,274.75,267.86,259.10,250.51,238.06,223.71,213.73,205.50,196.82,188.22,182.55,174.39,165.18,157.35,150.82,141.45,134.34,130.82,128.49,126.42,124.66,125.36,128.74,129.94,129.08,127.79,125.89,125.55,124.21,120.81,121.97,123.54,123.15,124.02,126.10,127.27,127.42,127.02,127.00,126.20,125.45,124.73,123.61,122.47,126.36,130.23,131.13,131.31,132.68,133.14,131.85,130.72,128.37,124.48,120.40,118.88,118.71,122.26,131.06,140.24,152.34,160.57,149.99,130.20,113.76,99.87,89.86,84.73,81.67,83.71,87.86,92.99,96.91,98.21,96.66,92.19,86.07,80.28,77.97,76.21,74.45,73.48,72.89,71.55,71.14,72.94,76.02,78.45,78.89,78.76,77.19,75.46,77.81,77.26,73.05,68.03,64.60,69.54,69.26,62.41,57.59,56.03,56.67,52.66,47.83,46.83,44.89,40.10,36.85,33.82,30.79,29.33,28.65,28.10,27.69,27.16,26.25,25.23,24.29,23.30,22.29,21.41,20.51,13.96,2.78,0.99,e,e,0.60,0.63,e,e,e,e,e,e,e,e,e,0.68,e,e,e,e,e,e,e,e,e,e,e,e,e,e,e,e,e,e,e,e,e,e,e,e,e,e,e,e,e,e,e,e,e,e,e,e,e,e,e,e,e,e,e,e,e,e,e,e,e,e,e,e,e,e,e,e,e,e,e,e,e,e,e,e,e,e,e,e,e,e,e,e,e,e,e,e,e,e,e,e,e,e,e
159.07,157.18,158.30,160.68,161.38,162.39,163.56,164.34,163.09,161.19,158.56,157.55,156.18,157.51,165.80,183.79,197.15,206.83,217.31,229.20,238.89,242.55,243.58,240.84,233.58,233.74,230.51,229.62,235.38,238.84,247.39,256.29,262.92,266.00,261.48,252.33,245.17,232.29,217.44,209.13,200.41,191.39,184.55,178.50,169.84,161.94,154.87,147.84,139.64,131.50,128.47,126.63,124.51,122.39,123.09,126.50,127.21,126.34,125.31,123.51,121.81,121.31,118.56,118.93,120.31,120.13,120.53,122.37,123.32,123.50,122.98,121.92,119.72,117.38,116.59,116.72,117.31,119.89,125.65,127.55,128.21,130.32,131.09,129.65,128.16,125.94,122.92,119.72,117.82,118.33,122.10,131.83,141.55,153.56,161.70,151.74,133.11,114.62,100.15,86.78,78.76,73.38,72.49,77.08,84.57,89.57,91.44,91.30,87.69,82.09,78.90,77.26,75.50,73.74,72.73,72.50,71.95,71.75,73.20,76.55,80.04,80.79,79.79,75.11,69.29,66.08,62.98,60.13,56.87,56.71,60.83,63.17,60.35,56.55,53.79,53.48,49.28,44.16,42.25,44.75,40.57,36.98,34.07,31.28,29.62,29.17,28.82,28.51,28.20,27.62,26.71,25.80,24.56,23.10,21.70,18.68,5.25,0.96,e,e,e,0.17,0.22,e,e,e,e,e,e,e,e,e,e,e,e,e,e,e,e,e,e,e,e,e,e,e,e,e,e,e,e,e,e,e,e,e,e,e,e,e,e,e,e,e,e,e,e,e,e,e,e,e,e,e,e,e,e,e,e,e,e,e,e,e,e,e,e,e,e,e,e,e,e,e,e,e,e,e,e,e,e,e,e,e,e,e,e,e,e,e,e,e,e,e,e,e
154.81,154.15,156.31,158.41,159.66,161.04,162.30,162.82,161.63,160.09,158.05,155.29,153.24,154.58,164.88,179.88,190.53,198.14,210.36,223.04,233.10,239.50,241.37,236.97,225.34,222.55,219.06,219.52,223.21,226.34,236.62,244.79,250.65,256.06,252.64,245.20,237.99,224.39,211.97,204.41,195.98,186.19,178.12,170.90,164.80,158.18,151.23,142.79,135.37,129.02,126.25,124.80,122.67,120.48,121.23,124.55,124.55,123.63,122.64,121.28,119.36,118.59,117.18,115.27,115.81,115.91,116.99,118.63,119.38,119.71,119.32,117.69,115.00,112.24,111.04,112.15,113.65,117.67,122.26,123.72,125.12,127.24,128.19,126.88,125.26,123.25,120.92,118.39,116.79,117.80,121.08,131.41,140.90,151.95,161.88,156.41,138.77,118.86,101.89,88.43,76.62,68.24,66.18,67.78,75.40,83.30,86.99,87.50,83.19,79.38,77.81,76.41,74.79,73.02,71.97,71.70,71.56,71.62,72.25,75.75,79.94,81.99,82.34,78.55,67.84,58.91,51.15,48.86,46.88,47.30,50.98,54.30,55.04,53.73,51.62,50.38,46.41,41.15,39.27,42.86,39.89,37.43,34.63,32.02,30.56,29.96,29.61,29.39,29.15,28.95,28.46,27.60,26.15,24.56,22.62,16.69,3.61,e,e,e,e,e,e,e,e,e,e,e,e,e,e,e,e,e,e,e,e,e,e,e,e,e,e,e,e,e,e,e,e,e,e,e,e,e,e,e,e,e,e,e,e,e,e,e,e,e,e,e,e,e,e,e,e,e,e,e,e,e,e,e,e,e,e,e,e,e,e,e,e,e,e,e,e,e,e,e,e,e,e,e,e,e,e,e,e,e,e,e,e,e,e,e,e,e,e,e
150.89,152.24,154.49,156.66,158.72,159.93,161.02,160.94,159.93,158.57,157.10,155.08,152.41,150.37,158.45,172.57,183.98,191.10,201.61,215.90,227.71,234.44,235.70,228.20,218.72,215.37,212.84,208.10,209.88,216.84,226.18,235.27,241.85,244.97,243.90,238.13,229.52,218.71,208.64,199.86,189.81,178.63,168.96,164.85,160.24,154.07,145.67,136.93,130.90,125.67,123.20,122.97,121.26,119.03,120.86,122.37,121.84,121.04,120.06,119.09,117.86,116.48,115.85,113.46,111.49,111.69,113.56,114.97,115.58,115.69,115.41,113.97,111.45,108.76,107.44,108.73,109.94,114.03,118.62,120.19,121.62,123.61,124.70,123.74,122.58,120.97,118.95,116.51,115.40,117.98,122.06,130.00,138.44,149.77,159.69,158.36,143.64,124.38,105.65,92.75,79.64,69.30,65.42,64.72,68.02,78.02,84.43,85.11,80.55,78.09,76.60,75.24,73.95,72.31,71.24,70.91,70.73,70.67,71.08,73.58,76.72,80.59,83.03,81.19,69.95,57.69,48.87,44.86,41.30,40.64,43.52,46.98,47.97,47.95,47.27,45.58,42.34,38.68,38.77,42.10,39.34,37.38,35.13,33.29,32.36,31.53,30.79,30.51,30.31,30.05,29.89,29.29,27.25,23.71,16.12,6.03,1.49,e,e,e,e,e,e,e,e,e,e,e,e,e,e,e,e,e,e,e,e,e,e,e,e,e,e,e,e,e,e,e,e,e,e,e,e,e,e,e,e,e,e,e,e,e,e,e,e,e,e,e,e,e,e,e,e,e,e,e,e,e,e,e,e,e,e,e,e,e,e,e,e,e,e,e,e,e,e,e,e,e,e,e,e,e,e,e,e,e,e,e,e,e,e,e,e,e,e,e
149.47,151.76,154.27,156.34,157.87,158.25,158.67,158.38,157.07,156.05,154.71,153.68,152.38,149.64,152.41,166.83,180.06,186.64,195.88,209.66,220.85,227.15,226.61,219.48,211.67,210.13,206.41,198.57,200.63,208.14,218.50,225.23,232.25,234.60,232.03,225.44,218.82,212.58,203.67,192.16,182.71,173.70,164.80,159.23,154.48,147.53,137.51,130.35,125.47,120.75,119.88,120.45,119.24,116.97,118.77,119.21,119.14,118.71,117.96,117.28,116.38,114.83,113.87,112.87,109.87,108.16,110.27,111.09,111.73,111.53,111.14,110.74,108.55,106.20,104.47,104.61,106.13,109.71,113.36,115.97,118.55,120.36,121.45,120.94,119.90,118.45,116.65,114.58,113.98,117.30,121.62,128.33,136.12,146.65,154.69,154.22,144.87,125.44,107.54,95.56,85.77,77.71,69.85,66.20,67.24,75.06,82.73,83.50,79.28,76.97,75.37,73.95,72.74,71.52,70.47,69.78,68.22,67.40,67.40,68.36,70.84,74.33,77.59,75.62,67.70,60.17,53.37,49.36,44.50,40.35,39.31,40.07,39.73,40.50,40.79,40.25,37.56,36.70,39.91,41.36,38.97,36.86,35.01,34.77,34.12,33.32,32.48,31.92,31.76,31.41,30.85,29.79,24.73,15.29,4.54,1.57,e,e,e,e,e,e,e,e,e,e,e,e,e,e,e,e,e,e,e,e,e,e,e,e,e,e,e,e,e,e,e,e,e,e,e,e,e,e,e,e,e,e,e,e,e,e,e,e,e,e,e,e,e,e,e,e,e,e,e,e,e,e,e,e,e,e,e,e,e,e,e,e,e,e,e,e,e,e,e,e,e,e,e,e,e,e,e,e,e,e,e,e,e,e,e,e,e,e,e,e
150.12,152.09,154.33,155.85,155.72,155.59,155.60,154.95,153.81,153.19,152.08,150.96,150.69,148.60,149.22,163.41,175.25,182.63,192.37,204.74,213.70,218.63,218.26,212.24,202.73,200.43,197.18,191.68,193.85,198.41,207.09,214.92,219.81,222.12,220.31,213.34,207.51,203.43,194.80,185.27,176.11,169.05,163.21,155.15,148.35,141.42,130.72,125.30,121.07,117.92,117.67,118.49,117.93,115.66,115.39,116.29,116.64,116.57,115.92,115.27,114.59,113.42,111.96,111.36,109.12,105.31,106.03,106.83,107.70,107.22,106.51,106.13,104.53,103.30,101.75,100.65,102.36,105.67,109.41,112.91,115.58,116.28,116.82,116.94,116.66,115.80,114.02,112.21,112.06,115.28,119.37,127.37,134.88,142.54,148.83,146.69,137.12,119.44,104.34,95.07,88.33,82.72,77.49,71.20,70.72,75.85,81.73,82.59,79.09,76.15,74.17,72.68,71.33,69.56,66.36,62.72,58.42,58.09,60.08,61.88,64.16,65.71,66.23,64.54,61.41,57.58,55.23,53.20,51.28,48.59,43.53,38.66,36.58,36.18,36.26,35.96,34.41,37.55,40.48,40.27,37.60,34.49,34.38,35.25,35.09,34.60,34.05,33.40,32.82,31.76,30.63,26.37,15.97,4.47,e,e,e,e,e,e,e,e,e,e,e,e,e,e,e,e,e,e,e,e,e,e,e,e,e,e,e,e,e,e,e,e,e,e,e,e,e,e,e,e,e,e,e,e,e,e,e,e,e,e,e,e,e,e,e,e,e,e,e,e,e,e,e,e,e,e,e,e,e,e,e,e,e,e,e,e,e,e,e,e,e,e,e,e,e,e,e,e,e,e,e,e,e,e,e,e,e,e,e,e,e,e
150.59,152.41,154.06,153.96,153.36,152.95,152.70,151.30,150.43,150.15,149.46,147.69,146.67,145.12,148.17,157.49,167.92,177.64,190.30,200.51,206.42,209.86,210.66,205.41,193.81,190.93,189.28,185.41,188.02,191.96,198.10,204.80,208.63,210.57,208.14,203.03,197.69,193.57,186.96,178.90,169.06,163.44,158.29,150.38,144.55,136.46,125.76,121.12,118.14,115.67,115.91,116.84,116.61,115.01,113.32,113.38,114.21,114.46,113.89,113.22,112.52,111.92,110.32,108.65,106.48,102.67,101.57,102.58,103.50,102.90,101.94,101.11,100.40,100.23,99.60,98.79,99.66,102.75,106.97,110.79,111.88,109.85,110.32,112.34,112.77,113.03,111.69,109.97,109.80,112.98,118.70,126.36,133.32,138.98,143.30,139.63,124.80,108.47,98.73,91.48,87.45,84.69,81.34,76.86,75.12,77.83,81.33,82.03,80.44,76.66,72.10,70.24,66.82,60.22,54.31,49.40,44.34,44.35,48.50,51.03,53.03,54.00,53.61,52.83,50.98,47.32,45.23,42.94,43.41,45.90,46.82,41.02,35.74,32.52,32.24,31.98,32.18,35.46,37.90,37.49,34.10,33.03,34.03,35.11,35.65,35.27,34.82,34.13,32.57,31.22,28.35,16.21,4.36,e,e,e,e,e,e,e,e,e,e,e,e,e,e,e,e,e,e,e,e,e,e,e,e,e,e,e,e,e,e,e,e,e,e,e,e,e,e,e,e,e,e,e,e,e,e,e,e,e,e,e,e,e,e,e,e,e,e,e,e,e,e,e,e,e,e,e,e,e,e,e,e,e,e,e,e,e,e,e,e,e,e,e,e,e,e,e,e,e,e,e,e,e,e,e,e,e,e,e,e,e,e,e
150.03,151.90,152.85,152.03,151.15,150.43,149.67,148.27,147.35,147.37,146.89,144.76,142.14,142.64,146.51,151.51,165.40,177.49,187.53,194.97,198.73,199.86,200.36,196.38,186.45,181.67,177.69,177.50,180.77,183.71,189.81,195.46,198.89,198.35,195.55,191.38,187.41,184.04,178.28,170.12,163.74,157.83,151.33,145.47,140.43,131.29,121.12,117.66,115.41,113.49,114.11,115.19,115.14,114.26,112.57,111.19,111.76,112.31,111.92,111.23,110.36,109.94,108.63,105.94,103.21,100.22,98.41,99.22,99.81,99.54,99.05,98.67,98.56,98.77,98.66,98.14,98.42,100.33,104.06,107.45,106.34,100.01,99.21,105.07,108.22,109.59,108.66,107.18,107.77,111.89,119.06,125.49,130.62,134.91,137.81,132.10,116.39,102.09,93.41,87.63,83.73,81.79,81.42,79.18,77.04,77.52,78.18,78.35,77.35,72.13,65.02,60.28,53.39,46.20,41.22,36.40,30.95,30.08,34.09,38.51,40.33,39.71,38.49,38.20,37.53,34.94,32.60,30.80,32.13,35.49,37.72,37.15,33.72,29.41,28.14,29.01,29.85,31.42,32.83,33.33,31.83,32.64,33.70,34.77,35.77,35.94,35.44,34.16,32.27,30.45,20.20,4.58,0.86,e,e,e,e,e,e,e,e,e,e,e,e,e,e,e,e,e,e,e,e,e,e,e,e,e,e,e,e,e,e,e,e,e,e,e,e,e,e,e,e,e,e,e,e,e,e,e,e,e,e,e,e,e,e,e,e,e,e,e,e,e,e,e,e,e,e,e,e,e,e,e,e,e,e,e,e,e,e,e,e,e,e,e,e,e,e,e,e,e,e,e,e,e,e,e,e,e,e,e,e,e,e,e
149.20,151.00,151.50,150.57,149.10,147.76,146.82,145.58,144.52,144.46,144.18,142.86,140.03,141.50,145.38,150.69,167.67,178.02,184.32,188.90,192.31,193.19,192.22,188.47,178.89,171.08,167.67,168.22,171.49,175.07,179.31,185.22,188.04,187.57,185.69,182.84,178.60,175.31,169.03,163.66,158.62,152.99,145.91,140.44,135.42,127.96,119.78,115.59,112.83,111.39,112.42,113.68,113.54,113.07,111.65,109.92,109.42,109.99,109.88,109.04,107.94,107.44,106.91,104.46,101.67,98.83,96.69,97.05,97.61,97.77,97.47,97.17,97.27,97.65,97.62,97.39,97.32,98.61,100.06,101.66,100.27,95.75,93.56,97.12,100.15,102.65,103.47,104.60,108.04,112.83,119.56,124.66,127.27,128.80,130.00,123.36,110.06,98.35,89.37,84.45,80.44,78.51,78.69,77.20,74.61,73.09,71.31,69.61,66.54,59.05,51.29,45.51,39.23,33.27,26.80,21.24,16.82,16.34,18.33,20.75,22.62,23.64,22.10,20.04,19.73,18.97,17.71,16.66,16.69,19.49,23.90,26.58,26.50,24.69,23.88,25.14,26.54,27.78,28.77,30.42,31.27,32.30,33.38,34.42,35.49,36.36,35.80,33.98,32.05,28.23,9.81,1.39,e,e,e,e,e,e,e,e,e,e,e,e,e,e,e,e,e,e,e,e,e,e,e,e,e,e,e,e,e,e,e,e,e,e,e,e,e,e,e,e,e,e,e,e,e,e,e,e,e,e,e,e,e,e,e,e,e,e,e,e,e,e,e,e,e,e,e,e,e,e,e,e,e,e,e,e,e,e,e,e,e,e,e,e,e,e,e,e,e,e,e,e,e,e,e,e,e,e,e,e,e,e,e,e
147.80,149.31,149.68,148.50,146.36,145.07,144.12,143.02,141.80,141.36,141.24,140.48,139.18,140.89,145.63,152.36,167.79,174.54,178.46,181.91,183.94,183.95,183.13,181.09,174.15,162.89,160.81,161.36,163.03,165.18,170.59,176.28,178.75,178.60,178.02,175.01,172.03,168.19,161.98,157.95,154.00,147.45,139.93,135.63,131.54,125.21,118.62,113.58,110.56,109.35,111.01,112.20,111.93,111.60,110.59,108.70,107.13,107.27,107.16,106.44,105.36,104.83,104.78,103.34,100.60,97.79,95.20,94.97,95.53,95.97,95.88,95.82,96.32,96.92,97.43,97.24,96.64,96.78,96.30,96.85,95.84,92.21,89.74,92.36,95.08,97.32,100.69,105.01,109.25,113.80,119.25,122.22,122.20,121.62,119.47,113.34,106.04,97.81,87.72,82.47,78.92,76.83,75.39,73.75,71.40,68.04,64.11,61.54,57.03,47.07,38.90,32.21,26.27,19.89,14.52,11.08,9.88,9.89,10.29,10.53,10.51,10.48,10.04,9.77,9.77,9.77,9.77,9.77,9.77,10.09,10.67,11.95,14.05,16.52,18.84,21.25,23.12,24.71,26.89,29.73,31.65,32.75,33.81,34.87,35.94,36.88,35.86,33.77,31.69,25.05,5.95,1.90,e,e,e,e,e,e,e,e,e,e,e,e,e,e,e,e,e,e,e,e,e,e,e,e,e,e,e,e,e,e,e,e,e,e,e,e,e,e,e,e,e,e,e,e,e,e,e,e,e,e,e,e,e,e,e,e,e,e,e,e,e,e,e,e,e,e,e,e,e,e,e,e,e,e,e,e,e,e,e,e,e,e,e,e,e,e,e,e,e,e,e,e,e,e,e,e,e,e,e,e,e,e,e,e
145.13,146.05,146.03,144.78,143.00,142.14,141.32,140.46,139.20,138.63,138.66,137.68,137.83,140.89,146.06,152.44,160.44,164.66,167.23,169.19,171.22,172.15,172.79,173.23,170.27,160.16,155.22,155.47,156.20,157.60,161.47,165.84,166.81,165.49,165.27,165.37,165.35,160.74,154.84,152.73,148.09,140.21,134.64,131.63,128.22,122.83,116.15,110.44,108.31,106.85,108.78,110.19,110.20,109.79,109.06,107.93,106.02,104.63,104.35,103.81,102.72,102.19,102.21,101.96,99.83,96.87,93.89,92.98,93.52,94.13,94.25,95.42,96.78,97.61,98.37,98.49,97.73,97.09,93.02,92.67,91.98,89.69,88.10,89.22,91.10,95.47,101.20,105.66,110.02,113.70,115.92,117.16,115.81,113.47,110.91,106.47,102.64,97.19,89.52,84.14,79.72,77.91,75.92,73.10,69.17,62.71,55.91,51.14,48.57,38.58,26.51,19.50,15.48,11.12,9.71,9.37,9.36,9.43,9.52,9.62,9.66,9.66,9.65,9.57,9.55,9.55,9.55,9.55,9.55,9.64,9.66,9.66,9.75,10.31,12.37,16.19,20.25,23.25,26.74,29.98,32.53,34.24,35.32,36.43,37.53,37.78,36.14,34.05,31.85,23.01,3.96,e,e,e,e,e,e,e,e,e,e,e,e,e,e,e,e,e,e,e,e,e,e,e,e,e,e,e,e,e,e,e,e,e,e,e,e,e,e,e,e,e,e,e,e,e,e,e,e,e,e,e,e,e,e,e,e,e,e,e,e,e,e,e,e,e,e,e,e,e,e,e,e,e,e,e,e,e,e,e,e,e,e,e,e,e,e,e,e,e,e,e,e,e,e,e,e,e,e,e,e,e,e,e,e,e
142.09,142.44,141.89,140.55,139.60,139.01,138.28,137.52,136.44,136.58,136.20,135.15,136.34,140.20,145.39,149.87,150.49,149.97,151.00,151.18,153.84,156.38,162.17,165.19,163.87,157.73,150.78,150.13,151.08,152.24,154.11,154.88,155.54,155.78,156.69,158.29,159.70,155.19,149.07,147.02,141.21,136.26,132.27,127.78,123.92,119.45,114.49,109.00,105.93,104.19,105.18,106.60,107.36,107.38,106.98,106.44,105.34,103.40,101.91,101.17,100.15,99.58,99.63,99.56,98.28,95.42,92.38,91.08,91.70,92.47,92.63,94.00,97.66,98.60,99.51,100.38,101.06,100.79,95.31,90.21,88.80,87.60,86.47,87.22,89.73,96.00,101.76,105.68,108.59,110.46,110.84,110.93,109.32,106.06,103.19,100.30,99.05,97.47,93.48,89.77,85.88,81.93,79.01,73.57,67.24,60.61,53.20,45.05,39.11,32.38,20.64,12.52,9.90,9.47,9.16,9.00,9.09,9.19,9.29,9.36,9.38,9.38,9.36,9.33,9.33,9.33,9.33,9.33,9.35,9.43,9.44,9.51,9.53,9.58,9.82,11.97,18.04,23.05,27.10,30.87,33.64,35.83,37.09,38.12,38.94,38.22,36.44,34.62,32.48,21.49,3.65,e,e,e,e,e,e,e,e,e,e,e,e,e,e,e,e,e,e,e,e,e,e,e,e,e,e,e,e,e,e,e,e,e,e,e,e,e,e,e,e,e,e,e,e,e,e,e,e,e,e,e,e,e,e,e,e,e,e,e,e,e,e,e,e,e,e,e,e,e,e,e,e,e,e,e,e,e,e,e,e,e,e,e,e,e,e,e,e,e,e,e,e,e,e,e,e,e,e,e,e,e,e,e,e,e
138.48,138.88,138.03,135.73,136.25,136.11,135.08,134.33,133.69,134.56,133.84,132.78,135.35,139.08,141.35,142.09,140.75,140.82,142.00,142.47,142.86,146.86,155.13,158.92,158.02,153.33,147.98,146.12,146.55,146.76,147.47,147.07,147.60,149.41,152.39,154.84,155.12,150.55,146.67,143.20,139.47,135.50,131.73,126.74,121.00,117.41,113.31,109.20,104.91,101.79,101.51,102.81,103.85,104.75,104.45,103.64,103.72,102.88,100.60,98.73,97.90,97.23,97.17,97.14,96.40,94.02,91.02,89.29,89.95,90.83,91.00,91.93,96.97,100.95,106.52,110.80,114.42,113.39,109.25,99.39,91.78,88.33,85.83,85.70,89.35,95.63,101.10,103.58,104.63,105.52,104.42,103.17,102.38,100.97,99.49,98.66,97.36,96.20,94.64,92.49,90.24,85.20,77.53,67.84,57.74,51.62,47.21,41.79,32.63,26.33,18.92,10.91,9.62,9.21,8.87,8.77,8.87,8.97,9.07,9.12,9.12,9.12,9.12,9.12,9.12,9.12,9.12,9.12,9.14,9.21,9.22,9.31,9.32,9.40,9.63,10.27,16.63,23.06,27.15,31.11,34.34,37.31,39.21,39.73,39.85,39.15,38.00,35.91,32.45,16.50,2.70,e,e,e,e,e,e,e,e,e,e,e,e,e,e,e,e,e,e,e,e,e,e,e,e,e,e,e,e,e,e,e,e,e,e,e,e,e,e,e,e,e,e,e,e,e,e,e,e,e,e,e,e,e,e,e,e,e,e,e,e,e,e,e,e,e,e,e,e,e,e,e,e,e,e,e,e,e,e,e,e,e,e,e,e,e,e,e,e,e,e,e,e,e,e,e,e,e,e,e,e,e,e,e,e,e
134.22,135.20,134.05,131.06,132.53,133.11,131.89,131.13,131.29,132.50,131.54,130.85,134.15,135.33,134.93,133.57,131.50,131.58,132.08,134.32,136.19,145.11,152.94,155.67,155.31,151.37,146.51,142.63,141.96,141.65,141.31,140.42,140.43,142.19,147.67,151.91,151.44,148.26,145.16,141.85,137.63,133.03,129.06,124.91,120.05,116.90,113.36,110.00,105.18,100.46,98.84,99.64,100.97,102.05,101.99,100.72,101.20,101.66,99.55,97.27,95.73,94.98,94.79,94.73,94.36,92.78,90.16,87.88,87.90,88.87,89.13,90.59,99.19,111.03,121.50,126.69,128.92,126.46,119.67,110.67,98.71,90.71,86.14,83.59,87.90,93.79,98.67,100.05,100.16,100.40,99.33,98.53,99.06,99.01,98.54,97.89,96.60,95.08,93.47,91.88,89.16,81.83,70.42,58.55,45.03,37.50,34.48,30.54,25.69,17.66,13.00,10.03,9.39,8.95,8.59,8.55,8.65,8.75,8.85,8.88,8.88,8.88,8.88,8.88,8.88,8.90,8.90,8.90,8.90,8.93,8.99,9.09,9.13,9.24,9.48,9.74,13.48,21.53,24.93,27.98,31.77,37.44,40.95,40.30,40.45,41.95,40.55,35.66,30.24,9.50,e,e,e,e,e,e,e,e,e,e,e,e,e,e,e,e,e,e,e,e,e,e,e,e,e,e,e,e,e,e,e,e,e,e,e,e,e,e,e,e,e,e,e,e,e,e,e,e,e,e,e,e,e,e,e,e,e,e,e,e,e,e,e,e,e,e,e,e,e,e,e,e,e,e,e,e,e,e,e,e,e,e,e,e,e,e,e,e,e,e,e,e,e,e,e,e,e,e,e,e,e,e,e,e,e,e
129.61,131.50,131.20,127.68,130.17,130.04,129.00,128.45,129.06,130.31,128.88,130.23,131.79,130.33,129.02,128.03,126.86,126.02,125.71,127.56,131.94,143.02,149.69,152.62,153.50,150.83,144.61,139.13,137.64,137.32,137.64,135.38,134.62,136.61,141.57,147.88,148.97,146.42,143.62,140.39,135.59,130.75,126.69,122.71,118.97,116.08,113.16,110.29,105.51,100.39,97.53,97.11,98.42,99.27,99.20,98.11,99.41,100.06,98.47,96.27,94.09,92.84,92.57,92.54,92.27,91.00,89.08,86.73,85.77,86.73,88.28,95.19,108.79,125.17,135.73,142.46,144.80,138.09,127.08,115.54,103.17,93.58,85.66,80.41,83.66,91.18,95.52,96.96,96.86,96.86,96.55,96.53,97.73,97.93,97.52,97.03,96.02,94.71,93.19,91.20,86.81,75.74,60.74,47.34,33.45,24.91,20.59,17.21,15.43,11.21,9.60,9.44,9.10,8.69,8.32,8.32,8.43,8.54,8.59,8.58,8.58,8.58,8.58,8.58,8.58,8.64,8.68,8.68,8.68,8.71,8.78,8.84,8.92,9.07,9.32,9.60,10.27,16.55,22.04,26.44,31.51,37.47,41.26,40.84,42.03,44.08,40.65,33.38,23.45,4.97,e,e,e,e,e,e,e,e,e,e,e,e,e,e,e,e,e,e,e,e,e,e,e,e,e,e,e,e,e,e,e,e,e,e,e,e,e,e,e,e,e,e,e,e,e,e,e,e,e,e,e,e,e,e,e,e,e,e,e,e,e,e,e,e,e,e,e,e,e,e,e,e,e,e,e,e,e,e,e,e,e,e,e,e,e,e,e,e,e,e,e,e,e,e,e,e,e,e,e,e,e,e,e,e,e,e
123.03,124.96,124.57,123.16,126.38,126.85,126.30,126.00,126.85,127.46,126.03,128.37,128.38,126.76,125.39,124.14,123.34,121.97,121.94,128.33,133.66,139.30,145.37,149.46,150.90,149.55,143.74,137.50,133.36,133.02,134.54,131.70,130.09,133.19,138.89,144.63,147.31,144.77,142.00,138.12,132.46,128.33,125.02,121.25,117.78,114.66,111.69,108.92,104.93,100.55,97.16,95.13,96.05,96.03,95.69,95.33,96.77,97.43,96.91,95.31,93.04,90.97,90.30,90.45,90.05,88.94,87.30,85.32,84.61,86.94,90.61,103.78,118.90,134.72,143.71,148.44,149.91,144.56,132.13,117.88,105.28,94.90,85.63,78.54,80.18,88.13,93.05,93.94,93.77,93.74,93.74,94.77,96.21,96.81,96.37,95.84,95.38,94.41,93.08,91.23,86.23,70.98,53.59,38.48,24.43,16.75,12.23,10.06,9.78,9.49,9.21,9.05,8.74,8.40,8.05,8.08,8.21,8.32,8.37,8.37,8.37,8.37,8.37,8.37,8.37,8.37,8.38,8.42,8.46,8.48,8.57,8.64,8.80,9.01,9.22,9.48,9.72,11.23,19.95,26.35,32.23,38.22,41.33,42.91,44.52,43.45,36.87,29.17,21.12,5.43,0.57,e,e,e,e,e,e,e,e,e,e,e,e,e,e,e,e,e,e,e,e,e,e,e,e,e,e,e,e,e,e,e,e,e,e,e,e,e,e,e,e,e,e,e,e,e,e,e,e,e,e,e,e,e,e,e,e,e,e,e,e,e,e,e,e,e,e,e,e,e,e,e,e,e,e,e,e,e,e,e,e,e,e,e,e,e,e,e,e,e,e,e,e,e,e,e,e,e,e,e,e,e,e,e,e,e
118.83,119.32,119.04,120.33,122.54,123.56,123.51,123.56,124.32,124.08,123.55,126.29,125.51,123.77,122.03,120.30,119.70,119.31,120.69,128.66,133.94,138.48,143.27,146.19,147.77,147.38,143.68,138.40,131.24,129.81,132.00,129.59,128.25,131.17,138.43,143.35,146.10,143.44,140.19,135.27,129.73,126.37,123.28,119.84,116.23,112.81,109.98,107.54,103.95,100.31,96.26,93.29,93.04,92.77,92.55,92.53,93.85,94.31,94.40,93.73,92.15,89.84,88.01,87.91,87.30,86.34,85.12,83.61,83.66,87.46,93.34,107.00,124.03,138.56,142.58,141.33,143.16,144.10,134.72,121.36,106.69,95.22,85.48,77.28,77.46,84.18,90.36,90.88,90.65,90.67,91.33,92.81,94.68,95.61,95.00,94.46,94.13,93.91,92.86,91.15,83.88,65.62,48.89,33.55,19.80,12.89,9.58,9.00,9.12,9.04,8.80,8.67,8.37,8.05,7.79,7.86,7.99,8.07,8.09,8.09,8.11,8.14,8.14,8.14,8.14,8.14,8.14,8.14,8.17,8.27,8.43,8.60,8.81,9.03,9.23,9.44,9.62,10.30,20.45,27.12,33.36,38.66,41.04,43.50,45.09,40.56,32.07,26.79,21.85,10.43,2.53,0.90,e,e,e,e,e,e,e,e,e,e,e,e,e,e,e,e,e,e,e,e,e,e,e,e,e,e,e,e,e,e,e,e,e,e,e,e,e,e,e,e,e,e,e,e,e,e,e,e,e,e,e,e,e,e,e,e,e,e,e,e,e,e,e,e,e,e,e,e,e,e,e,e,e,e,e,e,e,e,e,e,e,e,e,e,e,e,e,e,e,e,e,e,e,e,e,e,e,e,e,e,e,e,e,e
117.27,117.62,117.23,118.43,119.61,120.58,120.78,121.11,121.70,121.12,121.99,124.43,122.99,120.95,119.43,118.61,117.42,117.46,119.72,126.33,132.14,136.75,140.76,143.13,144.42,145.13,142.59,137.12,129.39,127.61,129.38,127.49,126.73,129.99,138.27,143.14,144.73,141.87,137.82,132.92,128.38,125.03,121.78,118.46,114.95,111.34,107.99,106.01,103.24,99.75,94.63,91.52,91.67,91.36,90.98,90.70,91.36,91.75,91.86,91.22,90.45,88.57,86.40,85.20,84.44,83.52,82.57,81.40,81.97,87.02,94.13,105.49,119.66,132.79,137.45,135.05,138.45,141.46,133.34,121.85,107.63,95.12,83.44,75.82,75.36,79.71,84.60,86.77,86.73,87.32,89.25,91.41,93.68,94.52,93.66,93.08,92.72,92.66,92.24,90.29,80.25,62.35,47.63,31.52,18.00,10.81,8.99,8.45,8.59,8.54,8.41,8.28,8.00,7.71,7.54,7.64,7.78,7.83,7.83,7.83,7.83,7.90,7.93,7.93,7.93,7.93,7.93,7.93,8.04,8.26,8.45,8.65,8.86,9.07,9.27,9.49,9.67,10.97,21.94,28.14,37.59,41.07,41.11,42.18,42.63,35.90,29.42,26.02,23.09,18.94,7.54,1.51,0.34,e,e,e,e,e,e,e,e,e,e,e,e,e,e,e,e,e,e,e,e,e,e,e,e,e,e,e,e,e,e,e,e,e,e,e,e,e,e,e,e,e,e,e,e,e,e,e,e,e,e,e,e,e,e,e,e,e,e,e,e,e,e,e,e,e,e,e,e,e,e,e,e,e,e,e,e,e,e,e,e,e,e,e,e,e,e,e,e,e,e,e,e,e,e,e,e,e,e,e,e,e,e,e
115.72,115.91,115.54,116.72,117.62,117.93,117.99,118.30,118.63,119.10,121.16,122.39,120.79,119.08,117.78,117.23,116.09,115.95,118.11,121.72,127.88,132.85,136.85,139.69,141.05,142.34,141.69,135.60,128.51,125.27,124.92,123.84,125.28,130.11,138.45,142.79,143.18,139.98,135.20,130.49,126.31,123.02,120.06,117.36,114.39,111.19,107.13,103.60,102.12,98.37,91.98,89.77,90.63,90.62,90.28,89.43,88.92,89.46,89.57,88.90,88.00,86.68,84.71,82.95,81.84,80.81,79.95,79.43,79.69,84.93,93.21,101.38,113.45,123.43,129.32,127.71,131.77,133.56,126.41,117.97,106.47,93.84,80.09,73.75,72.56,75.95,79.41,82.27,83.75,87.61,89.93,91.19,92.90,93.46,92.49,91.71,91.33,91.28,91.21,89.72,78.85,61.66,48.08,31.04,17.12,9.76,8.32,7.88,8.09,8.04,8.04,7.93,7.70,7.43,7.30,7.41,7.56,7.61,7.61,7.61,7.61,7.62,7.69,7.70,7.70,7.70,7.71,7.81,8.05,8.28,8.51,8.72,8.90,9.11,9.31,9.53,9.72,12.44,22.37,30.29,43.34,45.08,42.05,42.22,40.48,34.52,29.45,26.81,24.40,22.10,15.77,4.62,0.58,e,e,e,e,e,e,e,e,e,e,e,e,e,e,e,e,e,e,e,e,e,e,e,e,e,e,e,e,e,e,e,e,e,e,e,e,e,e,e,e,e,e,e,e,e,e,e,e,e,e,e,e,e,e,e,e,e,e,e,e,e,e,e,e,e,e,e,e,e,e,e,e,e,e,e,e,e,e,e,e,e,e,e,e,e,e,e,e,e,e,e,e,e,e,e,e,e,e,e,e,e,e,e
114.14,114.09,113.82,115.07,115.47,115.13,115.14,115.25,116.28,118.67,120.02,120.35,119.03,117.64,116.27,115.64,114.81,114.30,115.84,116.23,121.06,127.19,132.25,134.59,136.22,138.61,139.31,132.78,127.27,124.57,121.81,120.55,122.58,128.49,138.04,142.16,141.89,138.25,132.35,127.26,123.31,120.18,117.78,115.53,113.02,110.09,105.93,101.47,97.82,93.23,89.28,88.18,89.27,89.61,89.02,87.94,87.11,87.63,87.84,86.88,85.67,84.51,82.85,81.19,80.03,79.06,78.14,77.48,78.22,81.50,89.41,95.89,105.72,112.71,116.51,117.59,121.52,122.86,118.60,111.36,101.59,89.51,76.56,70.68,69.56,71.52,74.63,78.36,82.57,87.91,90.31,91.10,91.83,91.76,91.06,90.28,89.73,89.39,89.33,87.00,78.60,63.49,49.89,31.71,16.93,9.25,7.72,7.31,7.57,7.58,7.65,7.56,7.34,7.12,7.07,7.19,7.31,7.38,7.38,7.38,7.38,7.38,7.42,7.48,7.48,7.49,7.59,7.83,8.07,8.29,8.53,8.77,8.97,9.15,9.36,9.56,9.77,11.64,17.98,34.30,47.02,45.48,41.35,40.67,39.27,34.50,30.16,27.58,25.20,22.80,18.69,6.58,1.07,e,e,e,e,e,e,e,e,e,e,e,e,e,e,e,e,e,e,e,e,e,e,e,e,e,e,e,e,e,e,e,e,e,e,e,e,e,e,e,e,e,e,e,e,e,e,e,e,e,e,e,e,e,e,e,e,e,e,e,e,e,e,e,e,e,e,e,e,e,e,e,e,e,e,e,e,e,e,e,e,e,e,e,e,e,e,e,e,e,e,e,e,e,e,e,e,e,e,e,e,e,e,e
112.67,112.35,112.16,113.38,113.20,112.28,112.13,113.38,116.06,117.47,118.07,118.24,117.39,116.04,114.67,113.89,113.57,112.48,113.05,110.32,113.11,120.17,125.84,128.94,130.64,134.36,136.31,130.06,122.65,122.32,120.93,118.83,119.36,124.69,133.83,140.92,140.71,136.05,129.80,124.35,119.91,117.58,115.43,113.27,111.08,108.61,104.81,100.52,94.67,89.63,87.50,86.64,87.44,87.95,87.43,86.45,85.44,85.82,86.02,84.82,83.47,82.21,80.87,79.70,78.72,77.75,76.79,75.84,76.92,79.33,84.58,89.90,95.77,101.62,104.76,107.74,111.66,112.70,109.77,102.91,93.76,83.45,73.85,68.53,67.01,68.17,70.01,73.20,79.43,84.59,87.14,88.36,89.28,89.62,89.06,87.87,87.03,86.41,86.50,84.73,79.47,68.01,52.30,33.50,18.27,8.98,7.13,6.80,7.09,7.14,7.25,7.18,6.96,6.79,6.86,6.99,7.08,7.10,7.17,7.17,7.17,7.17,7.17,7.20,7.27,7.37,7.60,7.85,8.07,8.31,8.55,8.79,9.02,9.22,9.43,9.62,9.82,12.35,20.18,38.41,46.51,42.37,40.18,40.02,39.02,35.02,30.72,27.92,25.59,23.41,21.28,13.75,4.76,1.49,e,e,e,e,e,e,e,e,e,e,e,e,e,e,e,e,e,e,e,e,e,e,e,e,e,e,e,e,e,e,e,e,e,e,e,e,e,e,e,e,e,e,e,e,e,e,e,e,e,e,e,e,e,e,e,e,e,e,e,e,e,e,e,e,e,e,e,e,e,e,e,e,e,e,e,e,e,e,e,e,e,e,e,e,e,e,e,e,e,e,e,e,e,e,e,e,e,e,e,e,e,e
110.98,110.68,110.53,111.42,110.74,110.00,110.73,113.49,114.87,115.51,115.85,115.94,115.62,114.35,112.97,112.06,112.21,111.00,110.64,108.78,108.42,112.22,118.83,123.53,126.98,131.84,134.31,128.79,119.56,118.95,118.67,117.13,117.86,121.67,129.42,138.75,138.08,132.10,127.01,122.11,118.03,115.35,113.18,111.04,109.14,107.15,104.34,100.86,95.16,89.56,86.91,85.05,85.50,86.13,85.81,84.93,83.84,84.06,84.21,82.56,81.28,80.13,79.19,78.51,77.68,76.55,75.52,74.50,75.19,77.99,81.69,85.86,89.48,93.60,96.56,99.38,101.69,102.31,99.62,93.60,86.13,78.48,71.33,67.09,64.62,65.42,66.78,68.55,74.24,80.33,83.13,84.80,86.28,87.58,86.87,85.40,84.22,83.39,83.27,83.34,80.17,70.31,53.63,36.23,20.63,9.47,6.45,6.27,6.59,6.72,6.87,6.79,6.60,6.55,6.64,6.77,6.85,6.85,6.89,6.94,6.95,6.95,6.95,6.98,7.15,7.39,7.63,7.86,8.09,8.33,8.57,8.80,9.04,9.29,9.48,9.67,10.00,13.97,24.15,39.31,44.59,41.49,40.07,40.00,39.64,35.99,31.39,28.45,26.44,24.65,23.02,20.87,10.38,2.60,e,e,e,e,e,e,e,e,e,e,e,e,e,e,e,e,e,e,e,e,e,e,e,e,e,e,e,e,e,e,e,e,e,e,e,e,e,e,e,e,e,e,e,e,e,e,e,e,e,e,e,e,e,e,e,e,e,e,e,e,e,e,e,e,e,e,e,e,e,e,e,e,e,e,e,e,e,e,e,e,e,e,e,e,e,e,e,e,e,e,e,e,e,e,e,e,e,e,e,e,e,e
108.61,108.88,108.35,108.36,107.37,109.83,111.55,112.36,112.41,113.27,113.29,113.41,113.61,112.66,111.23,110.21,110.34,109.49,108.63,107.58,106.39,108.33,112.97,120.03,125.24,129.94,132.44,128.23,118.91,115.82,115.73,115.09,116.77,119.01,124.22,132.72,133.38,128.77,124.78,120.60,116.85,113.48,111.14,109.10,107.42,105.58,103.38,100.72,94.90,89.14,86.18,83.76,83.81,84.34,84.17,83.44,82.33,82.16,82.64,80.72,79.22,78.60,77.84,77.22,76.59,75.62,74.35,73.26,73.42,76.44,79.78,83.36,86.42,89.11,91.19,93.48,94.48,93.92,91.22,86.84,81.20,74.90,69.27,65.43,62.30,62.59,63.90,66.18,69.77,75.06,78.97,81.54,83.35,85.23,84.66,83.03,81.57,80.53,80.08,80.60,79.19,70.95,55.26,39.98,25.45,12.03,5.77,5.73,6.12,6.30,6.47,6.42,6.33,6.29,6.43,6.54,6.59,6.63,6.63,6.67,6.73,6.73,6.77,6.92,7.16,7.41,7.64,7.88,8.11,8.37,8.59,8.83,9.07,9.31,9.53,9.74,10.55,16.04,25.80,39.30,45.00,44.75,41.40,40.01,39.90,37.13,32.21,29.00,27.29,25.19,23.22,20.96,10.33,1.53,e,e,e,e,e,e,e,e,e,e,e,e,e,e,e,e,e,e,e,e,e,e,e,e,e,e,e,e,e,e,e,e,e,e,e,e,e,e,e,e,e,e,e,e,e,e,e,e,e,e,e,e,e,e,e,e,e,e,e,e,e,e,e,e,e,e,e,e,e,e,e,e,e,e,e,e,e,e,e,e,e,e,e,e,e,e,e,e,e,e,e,e,e,e,e,e,e,e,e,e,e,e
106.99,106.21,105.70,105.24,106.43,109.37,110.03,109.66,110.48,111.02,110.70,111.10,111.48,110.97,109.64,108.42,108.35,108.00,107.08,106.23,104.95,106.39,109.51,116.14,121.61,126.14,129.47,127.38,118.69,113.27,112.75,113.42,115.42,117.58,120.98,127.23,129.35,126.26,122.44,118.71,115.16,111.79,109.23,107.29,105.63,104.02,102.17,99.53,93.28,87.93,84.92,82.36,82.11,82.58,82.52,81.91,80.88,80.20,80.96,79.58,77.64,77.09,76.49,75.82,75.15,74.49,73.33,72.08,71.36,73.78,77.55,81.36,84.44,87.10,87.88,87.70,87.34,85.53,83.70,81.99,77.17,71.39,67.14,63.30,60.04,59.86,61.02,62.90,66.31,70.05,73.90,77.80,80.91,83.21,82.86,80.81,79.16,77.97,77.33,77.53,76.66,71.23,60.23,45.25,32.16,18.60,7.87,5.37,5.65,5.87,6.12,6.13,6.08,6.06,6.21,6.31,6.32,6.38,6.42,6.42,6.46,6.53,6.55,6.72,7.00,7.29,7.56,7.84,8.13,8.38,8.60,8.85,9.10,9.32,9.55,9.79,11.56,17.96,27.48,40.20,46.18,46.27,42.51,40.07,39.98,37.76,33.05,29.55,27.34,24.15,21.89,16.42,4.84,0.61,e,e,e,e,e,e,e,e,e,e,e,e,e,e,e,e,e,e,e,e,e,e,e,e,e,e,e,e,e,e,e,e,e,e,e,e,e,e,e,e,e,e,e,e,e,e,e,e,e,e,e,e,e,e,e,e,e,e,e,e,e,e,e,e,e,e,e,e,e,e,e,e,e,e,e,e,e,e,e,e,e,e,e,e,e,e,e,e,e,e,e,e,e,e,e,e,e,e,e,e,e,e
105.27,103.36,103.07,103.37,105.98,108.09,108.19,108.11,109.01,109.16,108.74,109.17,109.41,109.09,107.91,106.69,106.51,106.35,105.69,104.69,103.64,104.15,107.04,111.74,117.44,122.33,126.23,124.50,117.20,110.77,110.70,112.17,114.45,117.31,120.44,124.76,127.42,124.45,121.05,117.43,113.50,110.13,107.41,105.17,103.58,102.27,100.55,97.51,92.20,87.10,83.22,80.80,80.41,80.78,80.83,80.30,79.36,77.98,78.70,78.11,76.16,75.23,74.96,74.33,73.58,72.96,72.50,71.04,69.81,71.39,75.66,79.92,83.05,85.06,83.50,81.51,79.83,78.55,77.97,76.97,72.94,68.53,65.10,61.38,58.38,57.17,58.20,59.51,61.74,64.78,69.65,74.42,78.28,80.93,81.43,79.09,76.85,75.47,74.69,74.55,74.36,71.67,64.55,52.47,40.24,27.83,15.06,7.45,5.31,5.40,5.71,5.87,5.80,5.86,6.01,6.09,6.09,6.10,6.17,6.20,6.28,6.40,6.40,6.32,6.25,6.27,6.46,6.77,7.19,7.59,7.99,8.39,8.77,9.11,9.42,9.72,11.89,17.97,27.30,38.34,45.32,44.97,41.98,40.11,39.98,38.28,34.27,30.41,26.94,23.31,18.63,7.24,1.32,e,e,e,e,e,e,e,e,e,e,e,e,e,e,e,e,e,e,e,e,e,e,e,e,e,e,e,e,e,e,e,e,e,e,e,e,e,e,e,e,e,e,e,e,e,e,e,e,e,e,e,e,e,e,e,e,e,e,e,e,e,e,e,e,e,e,e,e,e,e,e,e,e,e,e,e,e,e,e,e,e,e,e,e,e,e,e,e,e,e,e,e,e,e,e,e,e,e,e,e,e,e,e
103.03,100.64,100.82,102.65,105.37,106.44,106.43,106.79,107.70,107.82,107.26,107.41,107.58,107.36,106.20,104.95,104.58,104.66,104.15,103.30,102.28,101.43,103.15,108.73,114.62,120.18,123.66,121.77,114.22,109.21,109.25,110.82,113.96,118.51,121.45,124.46,126.53,124.25,121.08,116.80,111.94,108.17,105.04,102.67,101.34,100.13,98.38,95.59,91.83,86.19,80.58,78.60,78.63,78.97,79.05,78.80,78.11,76.17,75.36,75.47,74.41,73.34,73.21,72.83,71.99,71.31,71.10,69.78,68.35,70.70,75.29,79.70,82.47,82.77,80.67,77.57,75.81,74.89,74.27,72.65,69.30,66.19,63.08,59.81,57.00,54.81,55.27,56.37,57.79,60.21,66.11,71.65,75.06,77.96,79.28,77.33,74.53,72.98,72.10,71.64,71.41,70.67,65.55,57.58,50.01,38.79,26.36,15.10,7.96,5.49,5.36,5.54,5.57,5.67,5.78,5.80,5.87,5.88,5.95,6.04,6.18,6.29,6.28,6.25,6.15,6.04,5.97,5.88,5.86,5.97,6.22,6.63,7.07,7.51,7.96,8.44,8.80,11.94,22.63,30.51,38.76,43.53,42.78,40.42,40.13,38.60,35.03,31.58,26.91,20.94,10.22,1.61,e,e,e,e,e,e,e,e,e,e,e,e,e,e,e,e,e,e,e,e,e,e,e,e,e,e,e,e,e,e,e,e,e,e,e,e,e,e,e,e,e,e,e,e,e,e,e,e,e,e,e,e,e,e,e,e,e,e,e,e,e,e,e,e,e,e,e,e,e,e,e,e,e,e,e,e,e,e,e,e,e,e,e,e,e,e,e,e,e,e,e,e,e,e,e,e,e,e,e,e,e,e,e,e
100.47,98.67,100.14,102.47,104.39,104.63,104.75,105.44,106.34,106.43,105.83,105.62,105.75,105.63,104.53,103.23,102.58,102.95,102.50,101.94,100.89,99.96,99.98,105.06,110.87,117.93,121.75,119.04,110.80,108.39,108.00,109.46,113.16,118.49,122.27,124.64,125.13,124.30,121.48,116.44,110.41,106.21,102.63,99.83,98.58,97.27,95.75,93.55,90.50,84.17,79.09,77.11,76.79,77.14,77.31,77.18,76.84,75.02,72.90,72.30,72.35,71.45,71.36,71.39,70.50,69.61,68.90,67.20,67.24,70.65,74.77,78.47,80.64,80.35,77.93,74.44,72.22,71.32,70.68,69.11,66.62,63.79,60.84,58.14,55.50,52.86,52.20,53.35,54.78,57.60,62.56,68.40,70.73,72.55,73.88,73.37,71.59,70.44,69.60,68.92,67.94,66.13,62.61,59.16,54.97,48.11,38.40,26.98,15.46,8.86,5.88,5.24,5.29,5.45,5.55,5.56,5.63,5.70,5.81,5.97,6.08,6.18,6.17,6.15,6.08,5.99,5.91,5.80,5.70,5.60,5.53,5.47,5.50,5.71,6.06,6.60,6.90,5.70,10.94,22.22,32.26,39.74,42.78,40.71,40.57,38.74,33.88,29.40,22.86,12.05,4.45,1.03,e,e,e,e,e,e,e,e,e,e,e,e,e,e,e,e,e,e,e,e,e,e,e,e,e,e,e,e,e,e,e,e,e,e,e,e,e,e,e,e,e,e,e,e,e,e,e,e,e,e,e,e,e,e,e,e,e,e,e,e,e,e,e,e,e,e,e,e,e,e,e,e,e,e,e,e,e,e,e,e,e,e,e,e,e,e,e,e,e,e,e,e,e,e,e,e,e,e,e,e,e,e,e,e
97.79,97.84,100.63,102.13,102.70,102.84,103.23,104.09,105.02,105.01,104.39,103.92,103.96,103.92,102.83,101.55,100.70,101.17,100.86,100.38,99.62,98.70,99.12,101.81,106.56,113.39,119.87,114.94,108.28,106.82,106.80,108.67,112.25,118.57,122.00,123.45,123.19,123.09,121.59,117.03,111.00,106.21,101.36,97.41,95.46,94.30,92.87,90.97,86.13,80.32,77.85,75.90,74.96,75.28,75.54,75.50,75.38,74.27,71.82,70.03,69.90,69.53,69.53,69.59,68.81,67.84,66.92,65.37,65.86,69.11,72.21,75.19,77.53,77.97,74.82,71.31,68.99,68.12,67.14,65.61,63.77,61.28,58.69,56.21,53.77,51.20,49.70,50.26,51.70,54.98,59.57,64.25,66.73,68.17,69.01,69.18,68.87,68.15,67.27,66.29,64.81,62.40,58.05,55.92,56.31,53.31,47.31,40.59,29.43,17.73,10.71,6.77,5.23,5.22,5.33,5.39,5.48,5.59,5.74,5.86,5.98,6.07,6.06,6.03,6.00,5.94,5.83,5.73,5.63,5.55,5.46,5.35,5.25,5.16,5.09,5.32,5.79,4.80,5.76,15.58,26.91,34.47,38.88,40.35,40.00,36.51,30.77,23.35,11.84,3.90,2.06,e,e,e,e,e,e,e,e,e,e,e,e,e,e,e,e,e,e,e,e,e,e,e,e,e,e,e,e,e,e,e,e,e,e,e,e,e,e,e,e,e,e,e,e,e,e,e,e,e,e,e,e,e,e,e,e,e,e,e,e,e,e,e,e,e,e,e,e,e,e,e,e,e,e,e,e,e,e,e,e,e,e,e,e,e,e,e,e,e,e,e,e,e,e,e,e,e,e,e,e,e,e,e,e,e
95.16,96.73,99.38,100.57,100.98,101.31,101.85,102.70,103.71,103.54,102.88,102.38,102.20,102.20,101.26,99.84,98.98,99.35,99.21,98.86,98.41,97.73,98.26,99.58,103.32,110.17,116.70,111.01,107.04,104.92,106.21,108.84,113.28,119.28,121.66,121.53,120.37,120.87,121.20,118.19,112.48,106.48,100.71,96.32,92.80,91.37,90.16,86.57,80.77,78.08,76.30,74.48,73.18,73.33,73.69,73.74,73.70,73.49,71.78,70.21,68.66,67.61,67.78,67.96,67.27,66.20,65.13,63.88,63.91,66.40,69.06,71.95,74.07,75.60,72.90,69.45,66.89,65.08,63.53,61.95,60.42,58.91,56.75,54.25,51.79,49.70,48.22,47.75,49.19,52.20,56.88,61.08,63.68,65.21,66.09,66.24,66.10,65.73,64.96,63.63,62.20,59.77,54.81,50.93,51.01,53.86,53.28,48.14,41.86,31.19,21.73,13.99,8.29,5.36,5.16,5.24,5.36,5.52,5.66,5.75,5.88,5.94,5.94,5.92,5.88,5.83,5.76,5.66,5.58,5.49,5.38,5.28,5.20,5.11,4.98,4.81,4.82,4.53,4.58,10.25,22.54,31.10,35.56,38.15,37.31,33.44,26.33,12.40,2.83,0.42,e,e,e,e,e,e,e,e,e,e,e,e,e,e,e,e,e,e,e,e,e,e,e,e,e,e,e,e,e,e,e,e,e,e,e,e,e,e,e,e,e,e,e,e,e,e,e,e,e,e,e,e,e,e,e,e,e,e,e,e,e,e,e,e,e,e,e,e,e,e,e,e,e,e,e,e,e,e,e,e,e,e,e,e,e,e,e,e,e,e,e,e,e,e,e,e,e,e,e,e,e,e,e,e,e,e
92.99,95.39,97.40,98.71,99.22,99.89,100.42,101.40,102.50,102.13,101.43,100.91,100.54,100.44,99.75,98.38,97.42,97.75,97.63,97.27,96.94,96.61,97.45,98.64,101.72,110.39,115.01,109.23,105.60,103.24,105.23,107.85,111.93,117.77,120.64,119.56,116.70,118.25,119.63,116.84,112.12,104.84,98.29,94.44,90.74,87.94,85.49,81.39,78.42,76.65,74.82,73.03,71.54,71.41,71.93,71.87,71.82,71.81,71.19,69.90,68.10,66.31,66.04,66.32,65.76,64.67,63.53,62.38,61.74,63.71,66.34,68.92,71.36,73.32,71.85,69.03,66.11,62.96,60.59,58.96,57.73,56.58,54.93,52.48,50.08,48.36,46.96,45.86,47.25,49.90,54.04,58.07,60.94,62.42,63.25,63.35,63.29,63.06,62.81,61.55,59.84,56.71,52.16,48.21,47.51,49.38,52.59,52.80,49.17,41.65,31.70,23.83,17.90,10.12,5.38,5.12,5.29,5.45,5.54,5.65,5.78,5.83,5.83,5.80,5.77,5.73,5.68,5.60,5.51,5.41,5.31,5.21,5.14,4.97,4.61,4.24,4.13,3.99,4.21,6.53,18.17,29.23,34.37,38.05,38.41,32.60,20.53,4.20,1.42,e,e,e,e,e,e,e,e,e,e,e,e,e,e,e,e,e,e,e,e,e,e,e,e,e,e,e,e,e,e,e,e,e,e,e,e,e,e,e,e,e,e,e,e,e,e,e,e,e,e,e,e,e,e,e,e,e,e,e,e,e,e,e,e,e,e,e,e,e,e,e,e,e,e,e,e,e,e,e,e,e,e,e,e,e,e,e,e,e,e,e,e,e,e,e,e,e,e,e,e,e,e,e,e,e,e,e
91.61,93.83,95.56,96.83,97.67,98.30,98.80,100.21,101.09,100.62,99.95,99.44,98.83,98.60,98.16,96.95,95.90,96.16,96.06,95.69,95.35,95.80,97.51,98.88,101.91,109.48,112.70,105.70,102.24,101.20,102.55,105.25,109.74,115.40,117.81,115.61,112.57,114.49,114.99,112.89,108.97,102.08,96.27,91.91,88.65,85.34,82.06,78.82,76.85,75.22,73.41,71.58,70.00,69.69,70.13,70.02,69.82,69.68,69.30,68.46,66.93,65.22,64.35,64.64,64.25,63.10,61.97,60.78,59.89,60.88,63.18,65.84,68.46,70.81,70.98,68.49,65.10,61.77,59.05,57.10,55.52,54.32,53.05,51.18,49.15,47.29,45.64,44.27,45.07,47.83,51.17,54.66,57.42,59.21,60.13,60.22,60.26,60.40,60.32,58.91,56.47,53.59,49.68,46.01,45.33,47.28,49.42,52.13,51.92,47.45,40.98,32.47,26.79,21.20,8.93,5.06,5.23,5.34,5.43,5.56,5.70,5.72,5.72,5.68,5.66,5.62,5.58,5.54,5.44,5.34,5.24,5.15,4.93,4.53,4.08,3.69,3.52,3.39,3.74,4.92,13.04,26.73,34.93,39.99,40.85,31.46,13.58,2.09,e,e,e,e,e,e,e,e,e,e,e,e,e,e,e,e,e,e,e,e,e,e,e,e,e,e,e,e,e,e,e,e,e,e,e,e,e,e,e,e,e,e,e,e,e,e,e,e,e,e,e,e,e,e,e,e,e,e,e,e,e,e,e,e,e,e,e,e,e,e,e,e,e,e,e,e,e,e,e,e,e,e,e,e,e,e,e,e,e,e,e,e,e,e,e,e,e,e,e,e,e,e,e,e,e,e,e,e
90.00,92.08,94.09,95.34,96.30,96.73,97.83,98.83,98.75,98.37,98.41,97.96,97.20,96.75,96.50,95.36,94.33,94.56,94.49,94.12,94.04,95.56,97.61,99.55,103.80,110.06,110.96,102.54,99.05,99.11,99.77,103.12,108.94,114.00,114.20,110.55,109.15,110.28,109.76,108.86,106.53,102.75,98.01,91.49,87.56,83.97,80.31,77.32,75.42,73.85,72.13,70.48,69.05,68.24,68.14,67.75,67.62,67.63,67.30,66.70,65.49,63.85,62.77,63.02,62.80,61.60,60.39,59.04,57.74,58.54,60.25,62.64,65.40,68.28,69.11,66.97,64.03,60.73,58.05,55.77,53.74,52.11,50.82,49.54,48.15,46.59,44.68,42.91,42.36,44.62,47.65,50.96,52.81,53.95,54.88,54.98,55.30,56.07,56.11,54.33,51.90,49.51,45.62,42.62,43.19,45.20,47.13,49.46,51.51,50.42,46.23,40.59,34.51,28.35,15.60,5.22,5.15,5.22,5.31,5.46,5.59,5.61,5.61,5.57,5.55,5.52,5.47,5.45,5.37,5.27,5.16,4.85,4.43,3.99,3.57,3.14,2.90,2.75,3.21,4.33,8.80,24.36,36.33,42.00,40.67,27.39,9.17,0.26,e,e,e,e,e,e,e,e,e,e,e,e,e,e,e,e,e,e,e,e,e,e,e,e,e,e,e,e,e,e,e,e,e,e,e,e,e,e,e,e,e,e,e,e,e,e,e,e,e,e,e,e,e,e,e,e,e,e,e,e,e,e,e,e,e,e,e,e,e,e,e,e,e,e,e,e,e,e,e,e,e,e,e,e,e,e,e,e,e,e,e,e,e,e,e,e,e,e,e,e,e,e,e,e,e,e,e,e
88.27,90.89,92.83,94.14,94.75,95.57,96.64,97.06,96.16,95.74,96.16,96.39,95.70,95.01,94.78,93.63,92.68,92.94,92.89,92.60,92.85,94.91,97.27,99.85,104.99,110.52,109.35,101.61,97.75,96.46,97.88,101.42,107.95,112.33,112.34,109.24,106.93,106.83,105.92,104.84,104.00,102.28,98.08,91.65,87.43,83.87,79.67,77.53,77.22,75.86,73.37,70.59,69.10,67.90,66.57,65.64,65.55,65.61,65.26,64.83,63.93,62.43,61.25,61.33,61.31,60.05,58.54,57.17,55.92,56.72,58.17,59.84,62.62,65.38,67.09,65.06,62.53,59.80,57.25,54.84,52.51,50.42,48.81,47.73,46.54,45.28,43.91,42.04,40.36,40.88,43.73,47.15,48.25,48.39,48.60,48.64,49.40,50.90,50.96,48.65,45.21,42.22,39.80,39.36,40.88,42.62,44.29,46.59,49.13,50.55,49.35,44.59,39.00,33.03,21.73,6.96,5.06,5.11,5.23,5.37,5.47,5.51,5.51,5.46,5.43,5.41,5.36,5.32,5.29,5.14,4.78,4.33,3.90,3.45,3.03,2.59,2.30,2.13,2.67,3.86,7.75,25.87,37.93,41.97,35.45,18.55,4.95,e,e,e,e,e,e,e,e,e,e,e,e,e,e,e,e,e,e,e,e,e,e,e,e,e,e,e,e,e,e,e,e,e,e,e,e,e,e,e,e,e,e,e,e,e,e,e,e,e,e,e,e,e,e,e,e,e,e,e,e,e,e,e,e,e,e,e,e,e,e,e,e,e,e,e,e,e,e,e,e,e,e,e,e,e,e,e,e,e,e,e,e,e,e,e,e,e,e,e,e,e,e,e,e,e,e,e,e,e
86.98,90.19,91.73,92.75,93.36,94.38,95.17,94.71,93.55,93.06,93.62,94.57,94.32,93.25,93.03,91.91,91.03,91.32,91.30,91.21,91.47,92.56,95.02,97.82,103.56,109.88,106.66,99.30,96.19,94.46,96.83,100.32,106.24,110.56,111.09,108.89,106.08,103.95,102.41,100.88,100.07,98.88,95.70,90.78,86.99,83.58,79.76,79.43,80.18,79.56,77.06,73.75,71.13,69.37,67.70,65.80,64.00,63.57,63.24,62.87,62.18,61.03,59.83,59.23,58.95,57.63,55.95,54.82,53.94,54.87,56.34,58.41,61.06,63.45,65.38,63.95,61.56,59.20,56.54,54.02,51.59,49.37,47.61,46.05,44.72,43.42,42.23,41.29,39.46,38.51,40.93,43.11,43.34,43.01,42.10,41.49,42.36,42.88,41.63,40.37,38.69,37.86,36.91,37.09,38.48,39.74,41.22,43.34,46.02,48.05,48.83,46.12,41.94,36.42,26.58,10.69,6.15,5.09,5.13,5.28,5.34,5.38,5.38,5.35,5.32,5.29,5.25,5.21,5.04,4.67,4.24,3.82,3.36,2.94,2.48,2.06,1.71,1.55,2.14,3.37,8.17,28.74,35.45,33.33,20.20,8.69,0.84,e,e,e,e,e,e,e,e,e,e,e,e,e,e,e,e,e,e,e,e,e,e,e,e,e,e,e,e,e,e,e,e,e,e,e,e,e,e,e,e,e,e,e,e,e,e,e,e,e,e,e,e,e,e,e,e,e,e,e,e,e,e,e,e,e,e,e,e,e,e,e,e,e,e,e,e,e,e,e,e,e,e,e,e,e,e,e,e,e,e,e,e,e,e,e,e,e,e,e,e,e,e,e,e,e,e,e,e,e
85.46,88.44,90.51,91.29,92.14,92.91,93.57,92.35,90.94,90.52,91.44,92.70,92.86,91.51,91.20,90.43,89.46,89.70,89.73,90.00,90.37,90.64,91.98,93.59,98.71,106.81,102.11,95.78,93.18,92.28,95.45,99.61,104.42,108.51,108.62,106.97,105.13,102.85,100.64,98.31,96.32,94.76,92.33,88.84,85.48,82.85,81.25,82.16,83.22,82.70,80.59,77.86,74.91,72.10,69.30,67.04,64.52,62.15,61.33,60.92,60.33,59.50,58.43,57.15,56.12,54.78,53.19,52.04,51.91,53.06,54.88,57.84,60.56,62.44,63.98,63.14,61.29,59.10,56.12,53.12,50.60,48.60,46.82,45.02,43.30,41.75,40.22,39.18,37.93,36.46,37.99,38.96,39.06,38.45,37.41,36.67,36.84,36.75,35.50,34.91,34.85,34.66,34.27,34.83,35.90,36.99,38.32,40.30,42.84,45.11,46.66,45.78,42.96,39.73,29.35,13.00,7.70,5.75,5.04,5.18,5.23,5.25,5.28,5.23,5.21,5.18,5.10,4.88,4.49,4.08,3.68,3.28,2.84,2.40,1.95,1.52,1.13,0.94,1.62,2.48,5.13,21.05,23.01,15.18,8.60,3.10,e,e,e,e,e,e,e,e,e,e,e,e,e,e,e,e,e,e,e,e,e,e,e,e,e,e,e,e,e,e,e,e,e,e,e,e,e,e,e,e,e,e,e,e,e,e,e,e,e,e,e,e,e,e,e,e,e,e,e,e,e,e,e,e,e,e,e,e,e,e,e,e,e,e,e,e,e,e,e,e,e,e,e,e,e,e,e,e,e,e,e,e,e,e,e,e,e,e,e,e,e,e,e,e,e,e,e,e,e,e
84.09,86.64,88.67,89.91,90.61,91.38,91.83,90.42,88.80,88.60,89.55,90.63,91.02,89.81,89.35,89.26,88.31,88.44,88.53,88.88,89.20,89.48,89.48,89.76,95.57,104.38,97.85,91.28,89.67,89.38,92.32,98.04,102.94,105.98,104.45,103.06,102.62,101.29,99.01,96.23,93.64,91.24,89.83,87.72,84.65,83.70,84.22,84.97,85.20,84.42,82.32,80.64,78.51,75.13,71.25,68.15,65.16,61.98,60.27,59.37,58.51,57.84,56.92,55.87,54.43,52.53,50.63,49.86,50.13,51.17,53.61,57.21,60.20,61.82,62.78,61.95,60.61,58.38,55.43,52.36,49.86,48.09,46.24,44.40,42.51,40.73,38.74,37.18,36.13,34.63,34.36,35.01,35.57,34.79,33.62,32.73,32.34,32.28,31.10,30.38,31.21,31.52,31.84,32.29,33.20,34.31,35.87,37.92,40.29,42.74,44.31,44.55,43.01,40.89,32.05,14.00,8.26,6.58,5.25,5.11,5.13,5.15,5.17,5.13,5.10,5.00,4.70,4.29,3.90,3.50,3.09,2.70,2.29,1.86,1.44,0.99,0.55,0.32,0.73,0.69,3.14,7.13,5.18,4.55,1.25,e,e,e,e,e,e,e,e,e,e,e,e,e,e,e,e,e,e,e,e,e,e,e,e,e,e,e,e,e,e,e,e,e,e,e,e,e,e,e,e,e,e,e,e,e,e,e,e,e,e,e,e,e,e,e,e,e,e,e,e,e,e,e,e,e,e,e,e,e,e,e,e,e,e,e,e,e,e,e,e,e,e,e,e,e,e,e,e,e,e,e,e,e,e,e,e,e,e,e,e,e,e,e,e,e,e,e,e,e,e,e
82.57,84.92,87.02,88.46,89.04,89.82,90.15,89.13,87.46,86.84,87.70,88.50,88.69,88.12,87.98,88.13,87.22,87.26,87.44,87.75,88.02,88.36,88.66,89.52,97.44,102.32,92.82,87.86,87.56,87.61,88.91,94.61,101.47,103.59,100.85,98.23,97.97,96.66,96.12,94.03,91.64,89.25,87.84,87.54,86.44,85.85,85.85,85.28,84.83,84.19,83.12,81.84,80.40,77.03,72.72,68.89,65.62,62.36,59.67,58.41,57.15,56.16,55.38,54.37,53.30,51.77,49.81,48.55,48.52,49.62,52.23,55.83,59.36,61.11,61.46,60.66,59.13,56.80,54.06,51.34,49.16,47.49,45.82,44.11,42.16,40.18,38.37,36.54,34.79,33.28,32.08,31.88,32.29,31.44,30.28,29.47,29.02,28.81,27.97,27.49,28.32,29.01,29.71,29.98,30.49,31.73,33.66,35.76,38.12,40.56,42.09,43.52,43.24,41.19,33.84,15.77,8.83,7.31,5.93,5.21,5.04,5.04,5.05,5.01,4.86,4.50,4.10,3.71,3.30,2.89,2.50,2.10,1.71,1.31,0.89,0.45,0.17,0.02,e,0.30,1.83,3.90,0.85,e,e,e,e,e,e,e,e,e,e,e,e,e,e,e,e,e,e,e,e,e,e,e,e,e,e,e,e,e,e,e,e,e,e,e,e,e,e,e,e,e,e,e,e,e,e,e,e,e,e,e,e,e,e,e,e,e,e,e,e,e,e,e,e,e,e,e,e,e,e,e,e,e,e,e,e,e,e,e,e,e,e,e,e,e,e,e,e,e,e,e,e,e,e,e,e,e,e,e,e,e,e,e,e,e,e,e,e,e,e,e,e,e
81.34,84.07,86.12,87.05,87.81,88.63,88.75,87.65,86.09,85.08,85.78,86.54,86.79,86.45,86.64,86.92,86.13,86.08,86.31,86.60,86.86,87.30,88.35,90.36,100.23,97.53,89.51,86.79,89.53,89.70,86.89,89.55,98.28,101.48,98.54,92.66,90.96,90.32,91.61,91.29,89.39,87.07,85.27,85.19,85.96,86.28,85.53,84.00,83.12,82.62,82.09,81.29,80.17,77.55,73.69,70.45,67.79,64.57,61.17,59.30,57.66,55.73,54.11,52.88,51.85,50.73,49.20,47.72,47.13,48.38,50.10,53.06,56.43,58.85,59.55,58.63,56.99,55.01,52.60,49.99,47.39,45.46,43.97,43.22,41.95,40.04,38.24,36.51,34.67,32.75,30.94,29.34,29.20,28.89,28.23,27.49,26.91,26.36,25.41,25.08,25.81,26.56,27.29,27.62,28.15,29.61,31.36,33.50,35.96,38.62,40.93,42.99,43.55,41.42,35.17,18.13,9.45,7.93,6.60,5.92,5.56,5.30,5.00,4.73,4.34,3.97,3.57,3.19,2.78,2.37,1.98,1.58,1.19,0.79,0.38,0.14,0.00,e,e,e,0.98,1.62,0.48,e,e,e,e,e,e,e,e,e,e,e,e,e,e,e,e,e,e,e,e,e,e,e,e,e,e,e,e,e,e,e,e,e,e,e,e,e,e,e,e,e,e,e,e,e,e,e,e,e,e,e,e,e,e,e,e,e,e,e,e,e,e,e,e,e,e,e,e,e,e,e,e,e,e,e,e,e,e,e,e,e,e,e,e,e,e,e,e,e,e,e,e,e,e,e,e,e,e,e,e,e,e,e,e,e,e,e,e,e,e,e,e,e
81.19,83.67,85.16,85.54,86.79,87.44,87.45,86.11,84.49,83.29,83.83,84.61,84.83,84.78,85.32,85.71,85.01,84.94,85.20,85.47,85.88,87.13,88.55,91.19,97.39,89.97,84.70,86.39,93.63,93.35,85.61,84.67,90.99,97.00,94.77,89.72,88.48,88.71,89.03,89.16,88.37,85.60,84.46,84.01,84.19,84.92,85.17,83.62,81.66,80.75,80.44,80.12,79.23,77.85,74.97,72.50,70.65,67.43,63.96,60.87,58.47,56.46,54.40,52.45,50.88,49.40,48.00,46.72,45.71,46.45,47.94,49.80,52.37,54.54,55.20,54.67,54.23,52.68,50.77,48.06,44.99,42.80,41.44,40.43,39.13,37.49,36.59,35.95,34.61,32.71,30.50,27.43,26.68,26.72,26.35,25.71,24.92,23.97,23.01,22.69,23.37,24.12,24.85,25.42,26.57,28.00,29.32,31.48,34.36,37.32,40.14,42.49,43.68,41.61,35.87,20.48,9.72,8.42,7.26,6.73,6.38,5.88,5.22,4.66,4.23,3.81,3.39,2.99,2.57,2.16,1.74,1.33,0.92,0.52,0.17,e,e,e,e,e,e,e,e,e,e,e,e,e,e,e,e,e,e,e,e,e,e,e,e,e,e,e,e,e,e,e,e,e,e,e,e,e,e,e,e,e,e,e,e,e,e,e,e,e,e,e,e,e,e,e,e,e,e,e,e,e,e,e,e,e,e,e,e,e,e,e,e,e,e,e,e,e,e,e,e,e,e,e,e,e,e,e,e,e,e,e,e,e,e,e,e,e,e,e,e,e,e,e,e,e,e,e,e,e,e,e,e,e,e,e,e,e,e,e,e,e
80.70,83.12,83.50,84.41,85.72,86.24,85.97,84.19,82.44,81.49,81.89,82.59,82.84,83.13,83.97,84.50,83.87,83.85,84.11,84.47,85.73,87.40,89.06,92.81,89.97,81.32,80.44,87.11,99.46,95.99,85.14,80.24,84.14,90.48,91.20,88.39,87.23,87.42,87.64,87.87,87.92,86.23,85.00,84.05,82.96,83.27,84.00,83.12,80.99,79.15,78.06,77.75,77.06,76.52,75.90,74.08,71.60,68.51,65.28,61.84,58.96,56.86,54.77,52.69,50.65,48.47,47.08,45.89,44.71,44.45,45.82,47.27,48.66,50.13,50.50,50.44,50.83,50.16,48.31,45.36,42.22,38.98,35.57,29.73,26.80,28.40,30.62,32.34,33.03,32.26,29.67,25.76,24.20,24.30,24.36,23.90,23.04,22.00,20.74,20.40,21.01,21.79,22.72,23.70,25.14,26.66,28.28,30.10,32.88,35.99,39.31,42.00,43.68,41.64,35.59,22.01,9.79,8.51,7.89,7.39,6.78,6.14,5.54,5.01,4.54,4.12,3.69,3.28,2.86,2.43,1.98,1.51,0.97,0.41,0.04,e,e,e,e,e,e,e,e,e,e,e,e,e,e,e,e,e,e,e,e,e,e,e,e,e,e,e,e,e,e,e,e,e,e,e,e,e,e,e,e,e,e,e,e,e,e,e,e,e,e,e,e,e,e,e,e,e,e,e,e,e,e,e,e,e,e,e,e,e,e,e,e,e,e,e,e,e,e,e,e,e,e,e,e,e,e,e,e,e,e,e,e,e,e,e,e,e,e,e,e,e,e,e,e,e,e,e,e,e,e,e,e,e,e,e,e,e,e,e,e,e
80.94,81.79,82.00,83.50,84.40,84.91,84.72,82.21,80.37,79.68,80.01,80.56,81.01,81.63,82.64,83.28,82.76,82.76,83.07,84.29,86.14,87.95,90.01,91.22,82.17,78.38,78.98,87.90,100.19,96.34,82.82,78.03,78.53,82.81,86.24,86.22,86.16,86.47,86.80,87.27,87.17,86.54,85.73,84.80,82.94,81.94,82.57,82.60,80.98,79.57,77.40,75.35,74.55,74.08,74.06,73.83,71.16,68.46,65.78,62.41,59.22,57.20,55.30,53.00,50.80,48.75,46.88,45.24,43.88,42.87,43.08,44.26,45.58,46.80,47.28,47.37,47.84,47.42,45.94,42.81,38.03,30.94,22.94,16.07,15.10,17.34,22.40,27.63,30.83,31.18,28.30,23.31,21.73,21.92,22.34,22.07,21.28,20.35,19.45,18.98,19.26,19.93,20.98,22.50,24.18,25.84,27.46,29.07,31.44,34.81,38.27,41.36,43.62,41.91,35.74,21.81,9.96,8.90,8.33,7.63,7.03,6.52,6.05,5.61,5.20,4.69,4.23,3.71,3.18,2.60,1.97,1.34,0.70,0.17,e,e,e,e,e,e,e,e,e,e,e,e,e,e,e,e,e,e,e,e,e,e,e,e,e,e,e,e,e,e,e,e,e,e,e,e,e,e,e,e,e,e,e,e,e,e,e,e,e,e,e,e,e,e,e,e,e,e,e,e,e,e,e,e,e,e,e,e,e,e,e,e,e,e,e,e,e,e,e,e,e,e,e,e,e,e,e,e,e,e,e,e,e,e,e,e,e,e,e,e,e,e,e,e,e,e,e,e,e,e,e,e,e,e,e,e,e,e,e,e,e,e
80.10,79.93,81.02,82.72,82.79,83.17,83.65,81.11,78.94,77.62,78.17,78.55,79.38,80.18,81.38,82.12,81.67,81.70,82.42,84.14,86.06,88.05,90.33,87.32,79.00,76.93,77.97,84.03,94.19,89.82,79.34,75.85,76.48,79.21,82.06,83.86,85.34,85.83,86.37,86.74,86.24,85.55,84.42,83.78,82.40,80.91,81.27,81.63,81.04,80.18,78.00,74.83,72.41,71.65,71.77,72.66,71.13,68.58,66.21,63.83,60.92,58.62,57.08,54.66,51.80,49.03,47.05,45.23,43.55,42.06,41.00,41.27,42.47,43.81,44.38,44.52,45.06,44.66,43.60,40.59,30.30,21.62,12.88,9.64,9.55,10.15,12.80,19.79,27.21,29.24,24.89,20.23,19.35,19.66,20.20,20.19,19.74,19.13,18.51,17.95,18.04,18.78,20.00,21.73,23.43,25.15,26.76,28.40,30.40,33.72,37.20,40.45,43.19,42.55,37.55,22.26,10.33,9.13,8.48,7.91,7.45,7.04,6.62,6.21,5.75,5.14,4.54,3.90,3.28,2.62,1.92,1.24,0.52,0.15,e,e,e,e,e,e,e,e,e,e,e,e,e,e,e,e,e,e,e,e,e,e,e,e,e,e,e,e,e,e,e,e,e,e,e,e,e,e,e,e,e,e,e,e,e,e,e,e,e,e,e,e,e,e,e,e,e,e,e,e,e,e,e,e,e,e,e,e,e,e,e,e,e,e,e,e,e,e,e,e,e,e,e,e,e,e,e,e,e,e,e,e,e,e,e,e,e,e,e,e,e,e,e,e,e,e,e,e,e,e,e,e,e,e,e,e,e,e,e,e,e,e
78.28,78.49,80.44,81.64,81.12,81.30,82.45,80.77,78.39,76.02,76.36,76.88,77.86,78.93,80.35,80.93,80.53,80.84,82.10,83.77,84.33,84.75,85.83,81.47,77.80,75.73,76.46,79.53,84.78,80.63,74.95,73.10,74.36,76.79,78.84,81.32,84.47,85.48,86.01,86.41,86.04,85.63,84.09,81.79,81.05,79.81,79.74,80.02,79.67,78.92,77.61,74.59,71.37,69.84,69.77,70.75,70.89,69.10,67.20,65.79,63.81,60.61,58.98,56.47,53.04,49.62,47.74,46.79,45.34,42.92,40.60,39.31,39.73,40.89,41.50,41.72,42.29,41.91,40.95,37.48,26.81,17.04,10.19,8.88,8.56,8.65,9.20,13.16,21.40,25.59,22.43,18.87,17.26,17.53,18.16,18.46,18.25,17.91,17.44,16.95,17.38,18.48,19.67,21.27,22.97,24.68,26.37,28.06,29.77,32.60,35.95,39.26,42.33,43.25,39.09,23.76,10.95,9.26,8.77,8.30,7.86,7.45,7.05,6.66,6.25,5.58,4.92,4.18,3.42,2.63,1.85,1.08,0.33,e,e,e,e,e,e,e,e,e,e,e,e,e,e,e,e,e,e,e,e,e,e,e,e,e,e,e,e,e,e,e,e,e,e,e,e,e,e,e,e,e,e,e,e,e,e,e,e,e,e,e,e,e,e,e,e,e,e,e,e,e,e,e,e,e,e,e,e,e,e,e,e,e,e,e,e,e,e,e,e,e,e,e,e,e,e,e,e,e,e,e,e,e,e,e,e,e,e,e,e,e,e,e,e,e,e,e,e,e,e,e,e,e,e,e,e,e,e,e,e,e,e,e
76.31,77.74,79.80,79.92,79.08,80.50,81.25,79.73,76.72,74.31,74.62,75.45,76.70,78.21,79.44,79.69,79.20,79.96,80.97,81.17,80.22,79.63,79.51,78.49,76.89,74.84,73.96,75.96,77.03,72.22,70.23,70.58,72.29,74.61,77.18,80.34,83.71,85.39,86.10,86.41,85.95,85.78,83.08,79.81,79.19,78.41,78.45,78.38,78.22,77.89,76.67,74.25,70.73,69.09,68.41,69.14,69.80,69.07,67.77,66.36,64.79,62.50,60.65,58.61,55.12,51.73,49.85,49.74,49.50,47.09,42.28,38.88,37.78,38.44,38.78,39.22,39.73,39.74,38.36,33.96,29.00,18.84,10.45,9.05,8.26,7.62,8.22,10.30,17.75,22.59,21.50,18.04,15.56,15.82,16.30,16.73,16.70,16.39,16.01,16.13,17.19,18.42,19.64,21.14,22.79,24.46,26.05,27.53,29.02,31.36,34.78,38.27,41.58,43.53,40.03,25.52,12.70,9.56,9.12,8.68,8.21,7.73,7.30,6.83,6.37,5.87,5.20,4.44,3.59,2.76,1.91,1.07,0.29,e,e,e,e,e,e,e,e,e,e,e,e,e,e,e,e,e,e,e,e,e,e,e,e,e,e,e,e,e,e,e,e,e,e,e,e,e,e,e,e,e,e,e,e,e,e,e,e,e,e,e,e,e,e,e,e,e,e,e,e,e,e,e,e,e,e,e,e,e,e,e,e,e,e,e,e,e,e,e,e,e,e,e,e,e,e,e,e,e,e,e,e,e,e,e,e,e,e,e,e,e,e,e,e,e,e,e,e,e,e,e,e,e,e,e,e,e,e,e,e,e,e,e
74.85,76.77,78.41,77.54,77.47,79.36,79.00,77.30,74.44,72.58,73.17,74.40,75.94,77.41,78.39,78.41,77.87,78.48,78.89,78.84,78.30,77.75,77.50,76.87,75.84,74.13,72.52,71.69,71.35,69.80,69.61,69.81,71.26,74.26,77.41,80.48,83.64,85.49,86.30,86.39,85.63,84.43,81.09,78.68,78.13,79.29,79.88,79.91,79.88,79.55,77.55,74.84,71.38,69.41,67.84,67.28,67.70,67.54,67.19,66.00,64.60,63.19,61.68,60.21,57.43,54.40,52.54,51.72,51.29,48.95,43.80,39.39,37.02,36.08,36.64,37.29,37.82,38.30,36.59,33.48,31.06,26.49,17.02,10.48,8.81,7.26,6.78,8.38,12.63,18.60,19.28,16.23,13.76,14.00,14.43,14.88,15.11,14.82,15.00,15.85,16.90,18.17,19.47,20.94,22.51,23.93,25.35,26.88,28.49,30.70,34.07,37.56,40.96,43.50,41.19,29.06,14.94,9.66,9.25,8.79,8.17,7.46,6.87,6.37,5.89,5.58,5.27,4.61,3.73,2.86,1.94,1.06,0.30,e,e,e,e,e,e,e,e,e,e,e,e,e,e,e,e,e,e,e,e,e,e,e,e,e,e,e,e,e,e,e,e,e,e,e,e,e,e,e,e,e,e,e,e,e,e,e,e,e,e,e,e,e,e,e,e,e,e,e,e,e,e,e,e,e,e,e,e,e,e,e,e,e,e,e,e,e,e,e,e,e,e,e,e,e,e,e,e,e,e,e,e,e,e,e,e,e,e,e,e,e,e,e,e,e,e,e,e,e,e,e,e,e,e,e,e,e,e,e,e,e,e,e
73.92,75.90,76.48,75.25,75.70,76.55,75.81,74.17,71.97,70.97,72.10,73.65,75.19,76.37,77.27,77.13,76.56,77.08,77.43,77.34,76.78,76.13,75.74,75.14,74.39,73.25,71.69,70.33,69.76,69.47,69.37,69.70,71.00,74.19,77.47,80.79,84.21,86.31,86.64,86.32,86.06,83.72,80.74,78.40,78.51,79.93,80.00,80.00,80.00,80.00,79.95,78.13,74.52,70.87,68.16,66.02,65.43,65.40,65.68,65.21,64.02,62.84,61.56,60.29,58.68,56.60,54.92,53.46,51.63,48.79,44.34,40.24,37.55,35.04,34.80,35.38,35.99,36.62,36.19,33.77,31.91,30.24,24.02,15.31,9.95,7.20,5.21,5.52,7.75,12.69,14.68,13.06,12.05,12.47,12.79,13.09,13.45,13.85,14.71,15.64,16.61,17.83,19.13,20.36,21.69,23.06,24.65,26.58,28.56,30.88,34.06,37.36,40.64,43.47,41.89,33.15,17.92,9.94,9.32,8.70,8.03,7.28,6.52,5.88,5.37,5.02,4.81,4.57,3.78,2.86,1.98,1.13,0.34,e,e,e,e,e,e,e,e,e,e,e,e,e,e,e,e,e,e,e,e,e,e,e,e,e,e,e,e,e,e,e,e,e,e,e,e,e,e,e,e,e,e,e,e,e,e,e,e,e,e,e,e,e,e,e,e,e,e,e,e,e,e,e,e,e,e,e,e,e,e,e,e,e,e,e,e,e,e,e,e,e,e,e,e,e,e,e,e,e,e,e,e,e,e,e,e,e,e,e,e,e,e,e,e,e,e,e,e,e,e,e,e,e,e,e,e,e,e,e,e,e,e,e
73.21,74.81,74.27,73.07,73.61,73.21,72.47,71.17,69.74,69.89,71.42,73.05,73.96,75.00,76.04,75.85,75.23,75.64,75.98,75.87,75.27,74.59,74.01,73.48,72.78,71.96,70.71,69.76,69.44,69.16,69.21,69.59,70.63,73.95,77.48,80.78,83.53,85.44,86.56,85.93,84.76,82.47,79.61,77.73,78.08,79.63,80.00,80.00,80.00,80.00,79.89,78.13,74.42,70.98,68.26,66.01,64.05,62.64,62.62,62.59,62.16,61.76,60.96,59.58,57.84,56.10,54.72,53.14,51.57,48.88,44.92,41.16,37.94,34.95,33.13,33.55,34.14,34.84,35.45,34.27,32.63,31.29,27.01,17.82,11.27,6.77,4.92,4.86,5.47,8.30,9.56,9.68,10.51,11.16,11.49,11.92,12.57,13.52,14.48,15.41,16.35,17.48,18.69,19.61,20.70,22.15,24.10,26.46,28.75,31.31,34.37,37.43,40.49,43.31,42.39,37.08,22.40,10.98,9.26,8.55,7.89,7.17,6.39,5.60,4.93,4.52,4.19,4.29,4.06,3.33,2.59,1.68,0.51,e,e,e,e,e,e,e,e,e,e,e,e,e,e,e,e,e,e,e,e,e,e,e,e,e,e,e,e,e,e,e,e,e,e,e,e,e,e,e,e,e,e,e,e,e,e,e,e,e,e,e,e,e,e,e,e,e,e,e,e,e,e,e,e,e,e,e,e,e,e,e,e,e,e,e,e,e,e,e,e,e,e,e,e,e,e,e,e,e,e,e,e,e,e,e,e,e,e,e,e,e,e,e,e,e,e,e,e,e,e,e,e,e,e,e,e,e,e,e,e,e,e,e
72.47,72.97,72.04,71.13,71.30,70.13,69.68,69.22,68.51,69.36,70.91,71.84,72.36,73.56,74.86,74.58,73.92,74.24,74.49,74.38,73.81,73.14,72.41,71.82,71.16,70.41,69.76,69.33,68.98,68.78,69.04,69.50,70.44,74.39,78.35,81.14,83.33,84.78,86.36,86.04,84.21,82.05,79.38,78.22,77.12,77.59,79.14,79.97,79.70,79.56,78.88,77.53,74.80,71.68,69.23,67.31,65.23,61.42,59.71,59.65,59.86,59.95,59.55,58.17,56.34,54.75,53.57,52.12,50.60,48.34,45.03,41.67,38.50,35.25,32.30,31.67,32.30,33.15,33.88,34.01,32.80,31.41,26.06,16.00,9.75,5.83,4.85,4.78,4.86,5.36,5.88,6.32,7.90,9.69,10.65,11.38,12.29,13.25,14.19,15.17,16.12,17.13,18.12,18.94,19.83,21.35,23.63,25.98,28.33,30.91,33.90,36.98,40.06,42.85,43.11,40.34,31.44,16.95,9.52,8.72,8.01,7.26,6.44,5.59,4.85,4.41,4.07,4.29,4.58,4.22,3.31,2.20,1.10,0.45,e,e,e,e,e,e,e,e,e,e,e,e,e,e,e,e,e,e,e,e,e,e,e,e,e,e,e,e,e,e,e,e,e,e,e,e,e,e,e,e,e,e,e,e,e,e,e,e,e,e,e,e,e,e,e,e,e,e,e,e,e,e,e,e,e,e,e,e,e,e,e,e,e,e,e,e,e,e,e,e,e,e,e,e,e,e,e,e,e,e,e,e,e,e,e,e,e,e,e,e,e,e,e,e,e,e,e,e,e,e,e,e,e,e,e,e,e,e,e,e,e,e
70.89,71.15,70.06,69.20,69.27,68.58,68.18,67.85,67.52,68.64,69.58,70.05,70.99,72.53,73.75,73.29,72.59,72.85,73.04,72.93,72.38,71.68,70.97,70.23,69.66,69.28,68.92,68.68,68.42,68.47,68.95,69.48,70.72,75.22,79.79,82.11,83.48,85.00,86.55,86.53,85.75,83.32,81.45,79.88,77.92,76.94,79.29,79.36,78.19,78.08,77.58,76.73,75.58,73.29,70.79,68.63,66.24,63.05,59.91,58.37,57.92,57.83,57.38,56.49,54.80,53.42,52.32,51.03,49.23,46.82,43.89,41.38,39.57,36.96,32.70,30.11,30.53,31.59,32.46,32.77,31.76,30.00,20.49,11.68,6.64,4.97,4.78,4.71,4.75,4.81,4.81,4.84,5.17,7.30,10.11,11.05,12.00,12.99,13.95,14.87,15.79,16.69,17.57,18.48,19.36,20.69,22.95,25.27,27.61,30.14,33.23,36.41,39.56,42.24,43.77,42.56,39.21,29.62,14.76,9.49,8.63,7.93,7.23,6.43,5.63,4.96,4.59,4.97,5.40,5.19,4.39,3.23,2.25,1.28,0.38,e,e,e,e,e,e,e,e,e,e,e,e,e,e,e,e,e,e,e,e,e,e,e,e,e,e,e,e,e,e,e,e,e,e,e,e,e,e,e,e,e,e,e,e,e,e,e,e,e,e,e,e,e,e,e,e,e,e,e,e,e,e,e,e,e,e,e,e,e,e,e,e,e,e,e,e,e,e,e,e,e,e,e,e,e,e,e,e,e,e,e,e,e,e,e,e,e,e,e,e,e,e,e,e,e,e,e,e,e,e,e,e,e,e,e,e,e,e,e,e,e
69.02,69.20,68.65,67.63,67.69,67.34,66.82,66.51,66.72,67.71,68.29,69.00,70.35,71.72,72.64,71.98,71.27,71.42,71.56,71.48,71.02,70.34,69.63,69.00,68.49,68.14,67.95,67.82,67.95,68.39,68.91,69.49,71.35,76.72,81.40,84.17,85.10,87.42,87.83,85.58,83.98,82.35,81.58,80.84,78.86,76.05,77.58,77.92,76.81,76.35,76.19,75.19,74.12,73.13,71.88,69.66,68.05,67.57,62.87,58.77,57.07,56.13,55.28,54.53,53.35,52.18,51.13,49.88,47.62,45.56,43.67,42.38,41.77,40.43,35.50,29.91,28.82,30.23,31.28,31.42,30.46,25.91,15.15,7.82,5.02,4.80,4.69,4.60,4.63,4.66,4.65,4.65,4.69,5.31,8.87,10.76,11.75,12.70,13.61,14.56,15.52,16.52,17.48,18.24,18.91,19.93,21.89,24.22,26.71,29.49,32.69,35.90,39.09,41.98,44.72,46.42,44.75,38.78,27.77,15.19,10.04,9.01,8.53,7.78,7.10,6.33,5.49,6.07,7.07,6.66,5.51,4.21,3.58,3.38,1.98,0.60,e,e,e,e,e,e,e,e,e,e,e,e,e,e,e,e,e,e,e,e,e,e,e,e,e,e,e,e,e,e,e,e,e,e,e,e,e,e,e,e,e,e,e,e,e,e,e,e,e,e,e,e,e,e,e,e,e,e,e,e,e,e,e,e,e,e,e,e,e,e,e,e,e,e,e,e,e,e,e,e,e,e,e,e,e,e,e,e,e,e,e,e,e,e,e,e,e,e,e,e,e,e,e,e,e,e,e,e,e,e,e,e,e,e,e,e,e,e,e,e
67.25,67.42,67.20,66.15,66.23,66.06,65.53,65.25,65.83,66.65,67.28,68.49,69.53,70.78,71.28,70.69,69.76,69.87,70.13,70.00,69.63,69.05,68.40,67.77,67.30,66.95,66.94,67.43,68.20,68.81,69.27,69.73,72.94,78.84,83.36,86.11,87.56,89.39,87.02,83.70,81.85,79.65,78.81,78.88,77.14,74.01,74.97,75.77,75.40,74.62,74.63,73.30,71.50,70.72,71.08,69.98,68.31,68.34,63.42,59.40,58.45,57.06,55.69,54.47,53.29,52.10,50.98,49.63,47.87,46.17,44.84,44.31,43.78,42.02,38.34,31.52,27.56,28.05,29.45,29.57,28.10,22.86,12.52,6.01,4.86,4.72,4.62,4.52,4.51,4.52,4.49,4.49,4.62,4.85,7.74,10.62,11.59,12.61,13.63,14.61,15.60,16.43,16.99,17.41,18.11,19.15,20.63,23.13,25.97,28.96,32.07,35.22,38.27,41.23,44.23,47.23,47.94,43.49,38.68,29.99,20.48,14.19,11.19,9.70,8.76,8.06,7.21,6.83,8.18,9.00,7.73,6.05,5.78,6.09,5.29,1.90,0.30,e,e,e,e,e,e,e,e,e,e,e,e,e,e,e,e,e,e,e,e,e,e,e,e,e,e,e,e,e,e,e,e,e,e,e,e,e,e,e,e,e,e,e,e,e,e,e,e,e,e,e,e,e,e,e,e,e,e,e,e,e,e,e,e,e,e,e,e,e,e,e,e,e,e,e,e,e,e,e,e,e,e,e,e,e,e,e,e,e,e,e,e,e,e,e,e,e,e,e,e,e,e,e,e,e,e,e,e,e,e,e,e,e,e,e,e,e,e,e
65.25,65.52,65.55,64.69,64.76,64.70,64.29,64.12,64.84,65.63,66.67,67.67,68.72,69.58,69.47,69.15,68.13,68.62,68.94,68.52,68.09,67.62,67.05,66.49,66.07,66.26,67.15,68.01,68.75,69.38,70.15,72.13,76.49,81.28,84.69,86.23,87.04,87.91,85.74,82.62,79.93,77.25,75.38,74.64,72.94,71.59,72.36,73.38,73.79,72.94,72.92,72.53,70.59,69.21,69.48,69.24,66.36,64.44,62.29,60.95,59.93,58.43,57.04,55.64,54.36,53.09,51.75,50.42,48.75,47.38,46.80,45.98,44.20,42.40,40.04,33.11,27.48,25.64,26.70,27.55,25.80,21.90,12.99,6.05,4.84,4.72,4.63,4.53,4.38,4.33,4.33,4.39,4.59,4.81,7.46,10.70,11.76,12.79,13.77,14.62,15.14,15.58,16.02,16.48,17.39,18.50,19.67,21.93,24.86,28.08,31.37,34.36,37.10,39.64,42.64,45.47,47.20,45.98,42.60,39.62,33.80,26.93,22.34,18.58,14.78,11.50,9.28,8.12,8.53,10.60,10.74,8.89,8.89,9.21,9.23,2.88,0.34,e,e,e,e,e,e,e,e,e,e,e,e,e,e,e,e,e,e,e,e,e,e,e,e,e,e,e,e,e,e,e,e,e,e,e,e,e,e,e,e,e,e,e,e,e,e,e,e,e,e,e,e,e,e,e,e,e,e,e,e,e,e,e,e,e,e,e,e,e,e,e,e,e,e,e,e,e,e,e,e,e,e,e,e,e,e,e,e,e,e,e,e,e,e,e,e,e,e,e,e,e,e,e,e,e,e,e,e,e,e,e,e,e,e,e,e,e,e,e
62.61,63.04,63.73,63.17,63.22,63.33,63.01,63.17,63.95,64.94,65.80,66.71,67.64,67.89,67.74,67.50,66.88,67.62,67.81,67.23,66.57,66.16,65.61,65.24,65.69,66.82,67.90,68.81,69.52,70.61,73.03,76.25,79.99,83.61,86.97,88.10,87.93,86.90,84.97,82.16,78.84,75.03,72.31,70.75,69.64,69.23,70.13,71.25,72.07,71.40,71.08,71.14,70.29,68.47,68.38,68.81,66.53,65.22,63.92,61.93,60.09,58.57,57.14,55.69,54.24,52.94,51.83,50.97,50.04,49.28,47.95,45.37,42.30,40.78,39.95,33.26,27.55,24.20,24.42,25.29,24.77,21.81,14.52,6.75,4.89,4.78,4.70,4.57,4.37,4.21,4.20,4.31,4.54,4.77,7.06,10.76,11.93,12.84,13.43,13.74,14.01,14.48,14.98,15.65,16.78,17.90,19.02,20.62,23.81,27.39,30.77,33.41,35.87,38.35,41.02,43.06,44.73,45.93,44.64,42.51,40.67,37.38,32.06,28.36,25.32,21.69,16.87,11.57,9.31,10.66,14.17,12.63,12.27,12.11,11.17,4.06,e,e,e,e,e,e,e,e,e,e,e,e,e,e,e,e,e,e,e,e,e,e,e,e,e,e,e,e,e,e,e,e,e,e,e,e,e,e,e,e,e,e,e,e,e,e,e,e,e,e,e,e,e,e,e,e,e,e,e,e,e,e,e,e,e,e,e,e,e,e,e,e,e,e,e,e,e,e,e,e,e,e,e,e,e,e,e,e,e,e,e,e,e,e,e,e,e,e,e,e,e,e,e,e,e,e,e,e,e,e,e,e,e,e,e,e,e,e,e,e
60.11,60.91,62.00,61.69,61.66,61.99,61.85,62.31,63.16,63.96,64.68,65.67,66.00,66.12,66.04,65.83,65.82,66.59,66.67,65.99,65.19,64.63,64.41,65.21,66.47,67.60,68.71,69.81,71.63,73.85,76.24,79.59,82.93,86.73,89.52,88.52,86.68,85.27,83.33,80.48,77.27,73.33,70.31,69.02,68.44,67.73,67.67,68.58,69.84,69.37,69.13,69.39,68.74,67.43,67.25,68.33,67.78,67.06,64.57,60.61,58.96,57.66,56.47,55.39,54.53,53.80,53.09,52.25,50.96,49.57,47.06,44.30,41.32,37.94,36.51,33.21,28.10,23.79,22.43,23.16,23.53,21.53,16.07,8.76,5.73,4.91,4.77,4.59,4.35,4.14,4.05,4.21,4.43,4.69,6.15,10.45,11.58,12.06,12.33,12.55,12.86,13.37,13.82,14.42,15.70,16.98,18.24,19.58,22.53,26.19,29.61,32.21,34.62,37.07,39.27,40.53,41.88,43.15,43.99,43.68,42.38,40.99,38.53,34.43,31.47,29.50,26.56,22.45,18.20,16.79,17.84,16.50,15.21,13.59,11.44,4.97,e,e,e,e,e,e,e,e,e,e,e,e,e,e,e,e,e,e,e,e,e,e,e,e,e,e,e,e,e,e,e,e,e,e,e,e,e,e,e,e,e,e,e,e,e,e,e,e,e,e,e,e,e,e,e,e,e,e,e,e,e,e,e,e,e,e,e,e,e,e,e,e,e,e,e,e,e,e,e,e,e,e,e,e,e,e,e,e,e,e,e,e,e,e,e,e,e,e,e,e,e,e,e,e,e,e,e,e,e,e,e,e,e,e,e,e,e,e,e,e
58.62,59.30,60.17,60.15,60.15,60.62,60.78,61.46,62.22,62.70,63.68,64.06,64.18,64.34,64.43,64.27,64.83,65.54,65.50,64.73,63.94,63.61,64.66,66.00,67.33,68.56,69.78,72.28,75.20,77.53,79.81,83.03,85.90,87.92,88.08,87.40,85.26,83.43,81.53,79.22,76.52,73.58,70.40,68.46,67.39,66.69,65.81,65.39,66.47,65.88,66.69,67.75,67.09,66.12,65.92,66.78,66.82,66.72,64.67,60.11,58.89,58.02,57.27,56.54,55.73,54.75,53.47,51.92,49.96,47.69,45.35,43.00,40.30,35.64,31.90,30.35,27.24,23.22,20.68,21.21,21.75,20.25,16.73,11.34,8.52,5.94,4.86,4.62,4.38,4.12,3.95,4.12,4.33,4.59,5.35,9.36,10.51,10.87,11.15,11.38,11.75,12.23,12.46,12.98,14.18,15.49,16.86,18.62,21.38,24.87,28.20,30.87,33.36,35.88,38.01,38.83,39.45,40.27,41.64,41.95,41.69,41.19,39.88,37.60,34.84,32.99,31.29,29.32,26.14,22.89,19.63,17.72,15.69,13.73,11.68,6.25,1.50,e,e,e,e,e,e,e,e,e,e,e,e,e,e,e,e,e,e,e,e,e,e,e,e,e,e,e,e,e,e,e,e,e,e,e,e,e,e,e,e,e,e,e,e,e,e,e,e,e,e,e,e,e,e,e,e,e,e,e,e,e,e,e,e,e,e,e,e,e,e,e,e,e,e,e,e,e,e,e,e,e,e,e,e,e,e,e,e,e,e,e,e,e,e,e,e,e,e,e,e,e,e,e,e,e,e,e,e,e,e,e,e,e,e,e,e,e,e,e
57.66,58.30,58.93,58.90,58.96,59.33,59.76,60.49,60.88,61.66,62.27,62.11,62.24,62.60,62.98,63.01,63.91,64.47,64.31,63.54,62.92,63.92,65.57,66.90,68.21,69.61,72.29,75.80,78.84,81.22,83.87,85.89,86.61,85.51,85.63,86.09,84.83,83.35,81.93,80.51,77.93,73.64,69.91,68.07,66.56,65.73,64.87,63.77,63.98,63.92,65.37,66.30,65.78,64.89,64.51,64.95,64.78,64.86,65.75,63.54,61.01,59.24,58.32,57.17,55.80,54.40,52.94,51.32,49.60,46.77,43.92,41.52,38.46,33.51,29.06,26.65,24.37,21.39,19.42,19.63,19.85,18.67,16.63,13.46,10.81,7.83,5.23,4.64,4.35,4.08,3.82,3.97,4.21,4.67,5.77,8.47,9.16,9.45,9.56,10.00,10.58,10.88,11.07,11.54,12.66,14.00,15.64,17.63,20.38,23.69,26.98,30.05,32.48,34.86,36.64,37.08,37.30,37.71,39.06,39.44,39.70,39.63,38.62,37.10,35.62,34.20,32.68,31.25,28.60,24.15,20.08,17.75,15.63,13.66,11.73,8.49,2.08,e,e,e,e,e,e,e,e,e,e,e,e,e,e,e,e,e,e,e,e,e,e,e,e,e,e,e,e,e,e,e,e,e,e,e,e,e,e,e,e,e,e,e,e,e,e,e,e,e,e,e,e,e,e,e,e,e,e,e,e,e,e,e,e,e,e,e,e,e,e,e,e,e,e,e,e,e,e,e,e,e,e,e,e,e,e,e,e,e,e,e,e,e,e,e,e,e,e,e,e,e,e,e,e,e,e,e,e,e,e,e,e,e,e,e,e,e,e,e
56.80,57.35,57.95,57.90,57.92,58.19,58.77,59.25,59.68,60.35,60.43,60.18,60.36,61.04,61.56,61.99,63.02,63.43,63.10,62.41,62.87,64.64,66.42,67.89,69.16,71.64,75.75,79.14,81.20,83.52,85.24,85.65,84.74,83.45,83.47,83.79,83.07,81.85,80.97,79.97,77.97,74.06,70.17,67.90,65.95,64.60,63.62,62.51,62.19,62.43,63.97,64.63,64.08,63.73,63.95,63.80,63.84,65.01,66.11,65.40,63.18,60.06,58.44,57.03,55.61,54.19,52.75,50.74,48.47,45.81,43.10,40.38,36.18,31.14,27.29,24.11,21.33,19.46,18.30,18.35,18.60,18.16,16.46,14.29,11.96,9.33,6.10,4.71,4.35,4.00,3.64,3.65,3.93,4.53,5.86,6.84,7.12,6.75,6.22,6.31,7.15,7.64,8.50,9.83,11.08,12.54,14.40,16.69,19.34,22.52,26.08,29.51,31.97,34.13,34.82,34.74,34.90,35.30,36.05,36.58,37.00,36.88,36.21,34.82,33.55,32.20,30.86,29.91,27.84,23.80,20.16,17.74,15.54,13.58,11.67,8.56,2.37,e,e,e,e,e,e,e,e,e,e,e,e,e,e,e,e,e,e,e,e,e,e,e,e,e,e,e,e,e,e,e,e,e,e,e,e,e,e,e,e,e,e,e,e,e,e,e,e,e,e,e,e,e,e,e,e,e,e,e,e,e,e,e,e,e,e,e,e,e,e,e,e,e,e,e,e,e,e,e,e,e,e,e,e,e,e,e,e,e,e,e,e,e,e,e,e,e,e,e,e,e,e,e,e,e,e,e,e,e,e,e,e,e,e,e,e,e,e,e
55.86,56.44,56.98,56.88,56.89,57.15,57.78,58.16,58.64,58.96,59.02,58.83,58.74,59.42,60.22,61.12,62.05,62.32,61.89,61.78,63.58,65.40,67.20,68.88,70.77,74.56,78.69,80.92,82.30,83.18,83.53,83.64,82.88,81.70,81.08,80.97,80.54,79.94,79.33,78.68,77.51,75.03,71.27,68.33,65.87,63.58,62.16,61.20,60.69,60.77,62.02,63.46,64.39,64.86,64.94,64.52,63.64,65.14,65.66,64.27,61.37,59.22,57.82,56.46,55.19,53.95,52.65,50.87,48.69,46.15,43.66,41.02,36.53,30.87,27.20,23.31,19.84,18.47,17.24,17.04,17.37,17.36,16.59,14.54,12.40,10.22,7.38,5.12,4.50,4.02,3.59,3.33,3.61,4.08,4.75,5.42,4.57,3.45,2.68,2.02,1.97,2.21,3.19,5.38,8.38,11.12,13.34,16.12,19.12,22.20,25.50,28.91,31.30,33.10,33.05,32.58,32.50,32.91,33.15,33.70,34.04,33.82,33.44,32.48,31.38,30.01,28.47,27.17,25.58,23.07,19.95,17.61,15.39,13.27,11.19,6.58,1.41,e,e,e,e,e,e,e,e,e,e,e,e,e,e,e,e,e,e,e,e,e,e,e,e,e,e,e,e,e,e,e,e,e,e,e,e,e,e,e,e,e,e,e,e,e,e,e,e,e,e,e,e,e,e,e,e,e,e,e,e,e,e,e,e,e,e,e,e,e,e,e,e,e,e,e,e,e,e,e,e,e,e,e,e,e,e,e,e,e,e,e,e,e,e,e,e,e,e,e,e,e,e,e,e,e,e,e,e,e,e,e,e,e,e,e,e,e,e,e
54.95,55.49,56.01,55.87,55.80,56.16,56.74,57.15,57.51,57.80,57.83,57.64,57.62,58.31,59.21,60.29,60.94,61.20,60.88,61.86,64.20,66.45,68.30,70.16,72.86,76.66,79.93,81.09,81.18,80.80,80.68,80.92,80.59,79.77,79.46,79.17,78.88,78.58,78.55,79.05,78.51,75.89,71.45,68.17,65.60,63.01,60.88,60.07,59.70,59.72,61.32,64.30,65.32,65.52,65.25,64.69,63.32,64.84,65.23,62.38,58.72,57.27,56.11,54.77,53.60,52.48,51.51,49.96,47.78,45.38,42.88,40.63,37.76,33.30,30.12,25.69,20.54,18.72,16.91,15.85,16.16,16.20,16.05,14.92,12.91,10.93,8.94,6.56,4.76,4.22,3.80,3.35,3.01,2.91,3.00,3.25,1.99,1.01,0.48,0.24,e,e,0.65,2.07,5.56,9.85,12.89,16.55,20.06,23.03,25.86,28.66,30.79,31.77,31.30,30.77,30.33,30.25,30.33,30.95,31.26,30.92,30.55,29.83,28.63,26.95,25.54,24.27,23.00,21.35,19.16,17.07,14.87,12.61,10.02,4.37,1.32,e,e,e,e,e,e,e,e,e,e,e,e,e,e,e,e,e,e,e,e,e,e,e,e,e,e,e,e,e,e,e,e,e,e,e,e,e,e,e,e,e,e,e,e,e,e,e,e,e,e,e,e,e,e,e,e,e,e,e,e,e,e,e,e,e,e,e,e,e,e,e,e,e,e,e,e,e,e,e,e,e,e,e,e,e,e,e,e,e,e,e,e,e,e,e,e,e,e,e,e,e,e,e,e,e,e,e,e,e,e,e,e,e,e,e,e,e,e,e
54.02,54.59,55.04,54.85,54.77,55.15,55.65,56.02,56.33,56.63,56.64,56.53,57.13,57.98,58.89,59.59,59.66,60.06,60.40,62.22,64.60,66.99,69.30,71.83,74.63,77.43,79.44,79.92,79.60,78.77,78.22,78.42,78.22,77.62,77.75,77.94,77.66,77.56,78.82,80.03,80.28,77.08,71.33,67.34,64.31,61.52,59.88,59.42,59.17,59.45,60.47,63.04,64.28,64.97,64.53,63.58,63.08,63.57,63.61,60.83,57.16,55.41,54.26,53.04,51.92,50.70,49.56,48.19,46.23,43.73,41.13,38.76,37.09,35.10,32.22,28.41,22.60,18.83,16.51,14.79,14.96,15.02,14.94,14.70,13.21,11.49,10.32,8.28,5.88,4.85,4.43,3.79,2.58,1.61,1.17,0.93,0.50,e,e,e,e,e,e,1.22,3.87,8.93,12.78,16.48,20.01,22.81,25.34,27.65,29.41,30.20,29.75,29.28,28.86,28.64,28.67,29.05,28.95,28.67,28.22,26.50,24.88,23.37,22.15,21.27,20.40,19.04,17.41,15.60,13.76,11.91,8.81,3.02,1.00,e,e,e,e,e,e,e,e,e,e,e,e,e,e,e,e,e,e,e,e,e,e,e,e,e,e,e,e,e,e,e,e,e,e,e,e,e,e,e,e,e,e,e,e,e,e,e,e,e,e,e,e,e,e,e,e,e,e,e,e,e,e,e,e,e,e,e,e,e,e,e,e,e,e,e,e,e,e,e,e,e,e,e,e,e,e,e,e,e,e,e,e,e,e,e,e,e,e,e,e,e,e,e,e,e,e,e,e,e,e,e,e,e,e,e,e,e,e,e
53.13,53.67,54.07,53.81,53.74,54.13,54.59,54.88,55.14,55.44,55.49,55.91,56.83,57.74,58.48,58.72,58.66,59.01,60.15,62.31,64.63,66.93,69.58,72.28,74.70,76.87,77.83,78.30,78.14,77.16,76.23,76.03,75.81,75.39,75.61,76.31,76.41,76.74,78.37,79.87,80.42,77.79,71.51,66.41,62.87,60.25,59.39,58.88,58.77,59.24,59.81,60.79,60.75,60.87,62.36,64.90,64.09,62.38,61.04,59.29,58.10,56.48,54.02,51.62,50.30,49.03,47.79,46.48,44.69,42.32,39.92,37.60,35.50,33.89,32.29,29.05,23.35,18.84,16.26,13.99,13.74,13.83,13.76,13.66,13.28,12.05,10.90,9.77,8.39,6.78,5.20,3.79,2.33,0.97,0.28,e,e,e,e,e,e,e,e,0.77,2.21,7.02,11.67,15.30,19.08,21.93,24.14,26.03,27.61,28.61,28.47,28.03,27.61,27.32,27.32,27.51,27.13,26.71,25.70,23.37,21.24,19.81,19.10,18.74,17.99,16.73,15.15,13.49,11.73,9.63,5.95,1.14,e,e,e,e,e,e,e,e,e,e,e,e,e,e,e,e,e,e,e,e,e,e,e,e,e,e,e,e,e,e,e,e,e,e,e,e,e,e,e,e,e,e,e,e,e,e,e,e,e,e,e,e,e,e,e,e,e,e,e,e,e,e,e,e,e,e,e,e,e,e,e,e,e,e,e,e,e,e,e,e,e,e,e,e,e,e,e,e,e,e,e,e,e,e,e,e,e,e,e,e,e,e,e,e,e,e,e,e,e,e,e,e,e,e,e,e,e,e,e,e
52.22,52.69,53.11,52.79,52.71,53.16,53.61,53.84,54.07,54.31,54.76,55.68,56.59,57.31,57.71,57.73,57.73,58.50,59.59,61.50,63.94,66.41,69.37,71.82,74.06,75.44,76.01,76.54,76.65,75.62,74.51,73.70,73.40,73.11,73.39,74.19,74.93,75.95,77.34,78.14,77.98,75.12,70.20,65.47,61.83,59.73,59.07,58.47,58.35,58.79,59.23,59.43,59.38,59.24,60.28,63.00,63.83,62.82,61.01,60.09,60.04,58.81,55.73,51.62,49.03,47.27,46.04,44.85,43.38,41.44,39.09,36.74,34.39,32.09,30.34,27.60,22.84,19.04,16.46,13.29,12.54,12.64,12.53,12.37,12.37,11.85,10.92,10.36,9.80,7.87,5.53,3.73,2.15,0.68,0.02,e,e,e,e,e,e,e,e,e,0.75,3.79,8.85,12.77,16.69,20.45,22.58,24.25,25.76,26.97,27.08,26.74,26.39,26.04,25.95,25.83,25.41,25.02,23.82,21.23,18.33,17.09,16.75,16.62,15.84,14.58,12.92,11.14,7.98,3.64,2.37,1.20,e,e,e,e,e,e,e,e,e,e,e,e,e,e,e,e,e,e,e,e,e,e,e,e,e,e,e,e,e,e,e,e,e,e,e,e,e,e,e,e,e,e,e,e,e,e,e,e,e,e,e,e,e,e,e,e,e,e,e,e,e,e,e,e,e,e,e,e,e,e,e,e,e,e,e,e,e,e,e,e,e,e,e,e,e,e,e,e,e,e,e,e,e,e,e,e,e,e,e,e,e,e,e,e,e,e,e,e,e,e,e,e,e,e,e,e,e,e,e,e
51.30,51.75,52.15,51.77,51.71,52.19,52.65,52.88,53.09,53.55,54.43,55.40,56.15,56.57,56.80,56.75,57.09,58.11,59.14,60.38,62.33,65.06,68.42,71.11,72.98,73.36,73.92,74.52,75.03,74.01,72.85,71.80,71.09,70.81,71.24,72.19,73.39,74.69,75.28,75.41,74.69,71.78,68.25,64.14,60.67,59.46,58.85,58.24,57.86,58.24,58.61,58.65,58.64,58.58,59.14,59.93,61.65,62.35,61.81,61.08,60.67,60.09,56.73,51.58,48.10,45.73,44.24,43.10,41.89,40.25,38.09,35.83,33.47,30.95,28.50,25.95,22.59,19.59,16.03,12.33,11.33,11.45,11.23,11.03,11.28,11.13,10.46,10.20,9.86,7.89,5.40,3.66,2.13,0.72,0.04,e,e,e,e,e,e,e,e,e,e,2.09,4.92,9.41,13.10,17.62,20.82,22.44,23.94,25.30,25.52,25.40,25.17,24.73,24.55,24.26,23.91,23.58,22.80,20.82,16.58,14.64,14.46,14.45,13.77,12.53,10.78,6.96,1.93,e,e,e,e,e,e,e,e,e,e,e,e,e,e,e,e,e,e,e,e,e,e,e,e,e,e,e,e,e,e,e,e,e,e,e,e,e,e,e,e,e,e,e,e,e,e,e,e,e,e,e,e,e,e,e,e,e,e,e,e,e,e,e,e,e,e,e,e,e,e,e,e,e,e,e,e,e,e,e,e,e,e,e,e,e,e,e,e,e,e,e,e,e,e,e,e,e,e,e,e,e,e,e,e,e,e,e,e,e,e,e,e,e,e,e,e,e,e,e,e,e,e,e
50.24,50.81,51.15,50.74,50.70,51.26,51.70,51.91,52.40,53.29,54.19,54.87,55.38,55.77,55.83,55.87,56.67,57.70,58.73,59.47,60.05,62.50,66.30,69.75,71.10,71.21,71.75,72.54,73.50,72.59,71.25,70.14,69.37,68.94,69.54,70.84,72.12,72.95,72.42,72.25,72.14,69.71,66.65,62.61,59.81,59.16,58.60,58.02,57.48,57.69,57.90,57.87,57.86,57.90,58.34,58.99,59.78,60.52,60.95,60.96,60.69,59.88,55.80,50.35,46.92,44.30,42.47,41.34,40.15,38.30,36.12,34.03,32.18,30.06,27.77,25.20,22.52,19.52,15.30,11.30,10.07,10.14,9.83,9.69,10.40,10.22,9.96,9.46,8.45,6.58,4.65,3.55,2.48,1.29,0.33,e,e,e,e,e,e,e,e,e,e,e,2.32,4.02,6.49,12.65,17.73,20.86,22.36,23.72,23.96,24.01,23.89,23.49,23.23,22.87,22.49,22.14,21.37,19.23,14.27,12.12,12.19,12.29,11.74,10.39,7.40,3.91,0.52,e,e,e,e,e,e,e,e,e,e,e,e,e,e,e,e,e,e,e,e,e,e,e,e,e,e,e,e,e,e,e,e,e,e,e,e,e,e,e,e,e,e,e,e,e,e,e,e,e,e,e,e,e,e,e,e,e,e,e,e,e,e,e,e,e,e,e,e,e,e,e,e,e,e,e,e,e,e,e,e,e,e,e,e,e,e,e,e,e,e,e,e,e,e,e,e,e,e,e,e,e,e,e,e,e,e,e,e,e,e,e,e,e,e,e,e,e,e,e,e,e,e,e
49.19,49.83,49.90,49.64,49.66,50.28,50.74,51.19,52.13,53.04,53.60,53.97,54.50,54.86,54.85,55.26,56.29,57.36,58.38,58.87,58.73,59.97,63.16,66.40,68.15,68.88,69.67,70.88,71.92,71.16,69.86,68.84,68.05,67.45,67.91,69.31,70.58,70.56,69.81,69.25,69.31,67.64,64.76,60.91,59.45,58.89,58.32,57.74,57.18,57.07,57.13,57.10,57.13,57.16,57.51,58.01,58.48,58.85,59.19,59.78,60.06,58.94,55.04,50.53,45.83,42.42,40.33,38.84,37.44,35.77,33.69,31.63,29.67,27.88,26.24,24.48,22.07,19.03,14.78,10.50,8.46,7.74,7.10,7.08,7.89,7.81,7.61,7.21,6.37,5.05,4.07,3.09,2.02,1.01,0.21,e,e,e,e,e,e,e,e,e,e,e,0.53,0.87,1.78,5.50,11.91,17.55,20.78,22.28,22.44,22.60,22.60,22.29,21.91,21.55,21.10,20.62,18.10,12.13,7.62,7.32,9.02,9.88,9.05,6.23,2.89,2.03,0.77,e,e,e,e,e,e,e,e,e,e,e,e,e,e,e,e,e,e,e,e,e,e,e,e,e,e,e,e,e,e,e,e,e,e,e,e,e,e,e,e,e,e,e,e,e,e,e,e,e,e,e,e,e,e,e,e,e,e,e,e,e,e,e,e,e,e,e,e,e,e,e,e,e,e,e,e,e,e,e,e,e,e,e,e,e,e,e,e,e,e,e,e,e,e,e,e,e,e,e,e,e,e,e,e,e,e,e,e,e,e,e,e,e,e,e,e,e,e,e,e,e,e,e
48.58,49.05,48.95,48.64,48.47,49.14,49.98,50.91,51.89,52.40,52.57,53.07,53.73,53.90,54.01,54.89,55.97,57.05,57.91,57.74,57.24,58.21,59.79,62.75,65.20,66.62,67.84,69.19,69.86,69.32,68.49,67.56,66.70,65.83,65.94,67.39,68.97,68.50,67.48,66.60,66.30,65.39,62.50,59.87,59.18,58.62,58.03,57.47,56.89,56.47,56.45,56.47,56.48,56.43,56.61,56.81,57.06,56.62,56.23,56.14,56.95,56.42,53.91,50.27,43.35,38.84,36.45,34.80,33.57,32.87,31.09,28.16,25.71,24.15,22.85,21.89,20.57,17.34,14.21,11.04,7.96,5.18,4.28,4.12,4.43,4.67,4.83,4.82,4.53,3.95,3.29,2.75,1.94,0.76,0.10,e,e,e,e,e,e,e,e,e,e,e,e,e,e,2.52,8.77,14.53,18.95,20.68,20.97,21.25,21.30,21.07,20.63,19.94,18.07,14.70,8.20,4.31,1.88,2.45,3.20,5.86,4.67,2.21,0.93,e,e,e,e,e,e,e,e,e,e,e,e,e,e,e,e,e,e,e,e,e,e,e,e,e,e,e,e,e,e,e,e,e,e,e,e,e,e,e,e,e,e,e,e,e,e,e,e,e,e,e,e,e,e,e,e,e,e,e,e,e,e,e,e,e,e,e,e,e,e,e,e,e,e,e,e,e,e,e,e,e,e,e,e,e,e,e,e,e,e,e,e,e,e,e,e,e,e,e,e,e,e,e,e,e,e,e,e,e,e,e,e,e,e,e,e,e,e,e,e,e,e,e,e,e
47.91,48.35,48.18,47.87,47.71,48.47,49.44,50.54,51.20,51.27,51.63,52.39,52.93,52.91,53.41,54.60,55.68,56.73,56.84,56.18,55.68,56.62,58.21,61.00,63.37,64.78,66.07,67.20,67.77,67.55,66.89,66.11,65.35,64.55,64.64,66.13,67.85,67.31,65.67,64.26,63.76,62.74,60.45,59.23,58.84,58.30,57.74,57.17,56.63,56.11,55.90,55.88,55.91,55.73,55.70,55.66,55.62,54.56,52.25,51.38,52.04,53.13,51.60,46.02,37.95,33.65,31.51,30.16,29.10,25.91,23.40,21.54,20.61,19.74,18.90,17.70,15.73,12.64,9.33,6.79,5.23,2.84,2.04,2.28,2.66,2.95,3.11,3.27,3.16,2.80,2.27,1.74,1.39,0.75,0.06,e,e,e,e,e,e,e,e,e,e,e,e,e,0.72,3.26,9.35,13.46,15.17,16.83,18.45,19.48,19.68,19.38,18.29,16.10,12.56,6.25,2.15,e,e,e,0.79,1.72,1.49,1.10,e,e,e,e,e,e,e,e,e,e,e,e,e,e,e,e,e,e,e,e,e,e,e,e,e,e,e,e,e,e,e,e,e,e,e,e,e,e,e,e,e,e,e,e,e,e,e,e,e,e,e,e,e,e,e,e,e,e,e,e,e,e,e,e,e,e,e,e,e,e,e,e,e,e,e,e,e,e,e,e,e,e,e,e,e,e,e,e,e,e,e,e,e,e,e,e,e,e,e,e,e,e,e,e,e,e,e,e,e,e,e,e,e,e,e,e,e,e,e,e,e,e,e,e,e,e
47.27,47.66,47.42,47.07,47.14,48.02,48.88,49.58,49.92,50.20,50.93,51.79,51.97,52.07,53.01,54.27,55.41,56.30,55.53,54.58,54.13,55.08,57.52,60.47,62.14,63.30,64.32,65.19,65.83,65.75,65.26,64.71,63.84,63.31,64.58,65.95,67.13,66.71,65.37,63.32,61.64,60.37,58.94,58.29,58.21,57.89,57.33,56.81,56.34,55.81,55.50,55.35,55.28,54.89,54.39,54.23,53.81,51.52,46.49,43.54,44.16,47.44,46.33,35.84,30.12,27.91,26.22,24.55,23.19,18.01,15.40,15.51,15.16,14.64,13.72,12.13,9.46,4.53,2.73,1.01,1.34,1.25,0.37,0.69,1.00,1.28,1.51,1.73,1.73,1.47,1.13,0.69,0.40,0.40,e,e,e,e,e,e,e,e,e,e,e,e,e,e,e,3.41,7.03,9.23,9.86,11.41,13.97,16.02,16.42,16.01,14.96,12.53,8.87,2.27,e,e,e,e,e,e,e,e,e,e,e,e,e,e,e,e,e,e,e,e,e,e,e,e,e,e,e,e,e,e,e,e,e,e,e,e,e,e,e,e,e,e,e,e,e,e,e,e,e,e,e,e,e,e,e,e,e,e,e,e,e,e,e,e,e,e,e,e,e,e,e,e,e,e,e,e,e,e,e,e,e,e,e,e,e,e,e,e,e,e,e,e,e,e,e,e,e,e,e,e,e,e,e,e,e,e,e,e,e,e,e,e,e,e,e,e,e,e,e,e,e,e,e,e,e,e,e,e,e,e,e,e,e,e
46.67,46.94,46.63,46.30,46.64,47.50,48.33,48.75,48.83,49.41,50.42,50.97,51.00,51.46,52.64,53.92,55.14,55.57,54.40,53.12,52.54,53.59,56.21,59.16,60.73,61.84,62.78,63.60,64.17,64.21,64.05,63.78,62.99,62.35,64.25,65.65,66.06,66.09,65.22,62.80,59.98,57.60,56.16,56.48,57.13,57.28,56.93,56.37,55.92,55.50,55.10,54.50,53.62,52.25,51.70,52.10,51.91,49.37,41.27,36.03,35.25,34.14,30.49,26.84,24.89,22.95,19.49,14.31,11.44,10.17,9.51,9.76,9.35,8.38,7.14,4.61,1.62,1.07,e,e,e,e,e,e,0.03,0.37,0.34,0.40,0.49,0.27,0.43,0.14,e,e,e,e,e,e,e,e,e,e,e,e,e,e,e,e,e,1.66,1.16,3.90,2.46,5.92,10.22,12.47,12.79,12.32,11.50,9.01,4.66,1.81,e,e,e,e,e,e,e,e,e,e,e,e,e,e,e,e,e,e,e,e,e,e,e,e,e,e,e,e,e,e,e,e,e,e,e,e,e,e,e,e,e,e,e,e,e,e,e,e,e,e,e,e,e,e,e,e,e,e,e,e,e,e,e,e,e,e,e,e,e,e,e,e,e,e,e,e,e,e,e,e,e,e,e,e,e,e,e,e,e,e,e,e,e,e,e,e,e,e,e,e,e,e,e,e,e,e,e,e,e,e,e,e,e,e,e,e,e,e,e,e,e,e,e,e,e,e,e,e,e,e,e,e,e,e
46.08,46.18,45.83,45.56,46.12,46.97,47.66,47.84,48.07,48.96,49.68,49.86,50.09,51.03,52.26,53.56,54.79,54.60,53.29,51.90,50.92,52.10,54.59,57.33,59.02,60.31,61.36,62.34,62.85,62.96,62.92,62.83,62.31,61.25,62.23,63.78,64.62,64.35,62.89,60.64,56.97,54.36,53.39,54.74,55.92,56.23,56.38,55.95,55.41,54.62,52.99,51.44,50.27,48.63,48.15,49.31,48.88,43.35,34.86,29.95,29.08,27.08,24.61,22.34,18.18,12.28,7.45,4.54,3.07,3.31,3.18,3.47,2.67,2.15,1.40,0.83,e,e,e,e,e,e,e,e,e,e,e,e,e,e,e,e,e,e,e,e,e,e,e,e,e,e,e,e,e,e,e,e,e,0.80,e,e,0.82,2.91,7.59,9.26,9.44,8.31,7.73,4.03,1.49,0.82,e,e,e,e,e,e,e,e,e,e,e,e,e,e,e,e,e,e,e,e,e,e,e,e,e,e,e,e,e,e,e,e,e,e,e,e,e,e,e,e,e,e,e,e,e,e,e,e,e,e,e,e,e,e,e,e,e,e,e,e,e,e,e,e,e,e,e,e,e,e,e,e,e,e,e,e,e,e,e,e,e,e,e,e,e,e,e,e,e,e,e,e,e,e,e,e,e,e,e,e,e,e,e,e,e,e,e,e,e,e,e,e,e,e,e,e,e,e,e,e,e,e,e,e,e,e,e,e,e,e,e,e,e,e
45.41,45.39,45.04,44.90,45.59,46.39,46.85,46.93,47.55,48.31,48.64,48.74,49.17,50.43,51.65,53.08,54.15,53.66,52.19,50.57,48.25,50.79,53.27,55.41,57.04,58.57,60.16,61.11,61.55,61.70,61.71,61.79,61.66,60.53,59.46,60.75,62.29,61.42,59.14,56.74,53.02,50.61,50.81,52.33,54.03,54.77,55.32,55.14,53.70,50.95,48.09,46.13,45.43,44.38,43.35,42.48,39.00,32.95,28.69,26.20,24.43,22.50,18.04,11.82,7.36,3.91,1.66,2.02,0.64,e,e,e,e,e,e,e,e,e,e,e,e,e,e,e,e,e,e,e,e,e,e,e,e,e,e,e,e,e,e,e,e,e,e,e,e,e,e,e,e,e,e,e,0.74,3.35,4.40,5.61,6.01,3.73,3.31,1.81,e,e,e,e,e,e,e,e,e,e,e,e,e,e,e,e,e,e,e,e,e,e,e,e,e,e,e,e,e,e,e,e,e,e,e,e,e,e,e,e,e,e,e,e,e,e,e,e,e,e,e,e,e,e,e,e,e,e,e,e,e,e,e,e,e,e,e,e,e,e,e,e,e,e,e,e,e,e,e,e,e,e,e,e,e,e,e,e,e,e,e,e,e,e,e,e,e,e,e,e,e,e,e,e,e,e,e,e,e,e,e,e,e,e,e,e,e,e,e,e,e,e,e,e,e,e,e,e,e,e,e,e,e,e,e,e
44.76,44.59,44.25,44.25,45.03,45.74,45.94,46.20,46.90,47.41,47.57,47.68,48.17,49.30,50.71,52.38,52.98,53.24,51.87,49.39,44.88,48.72,51.79,53.47,55.02,56.56,58.16,59.49,60.14,60.38,60.57,60.74,60.69,59.60,56.82,57.13,59.80,58.47,55.63,52.77,48.92,45.80,46.44,48.04,50.27,51.44,51.93,51.13,48.57,45.37,42.04,39.73,39.54,39.39,36.84,32.98,29.79,27.55,25.38,23.06,19.63,12.61,7.67,4.78,2.30,1.32,e,e,e,e,e,e,e,e,e,e,e,e,e,e,e,e,e,e,e,e,e,e,e,e,e,e,e,e,e,e,e,e,e,e,e,e,e,e,e,e,e,e,e,e,e,e,0.71,1.75,1.11,2.08,3.04,0.95,0.43,0.55,e,e,e,e,e,e,e,e,e,e,e,e,e,e,e,e,e,e,e,e,e,e,e,e,e,e,e,e,e,e,e,e,e,e,e,e,e,e,e,e,e,e,e,e,e,e,e,e,e,e,e,e,e,e,e,e,e,e,e,e,e,e,e,e,e,e,e,e,e,e,e,e,e,e,e,e,e,e,e,e,e,e,e,e,e,e,e,e,e,e,e,e,e,e,e,e,e,e,e,e,e,e,e,e,e,e,e,e,e,e,e,e,e,e,e,e,e,e,e,e,e,e,e,e,e,e,e,e,e,e,e,e,e,e,e,e
44.07,43.81,43.47,43.66,44.47,44.97,45.05,45.49,46.04,46.40,46.54,47.07,47.98,49.08,50.33,50.79,51.03,52.26,51.39,47.31,40.47,42.25,48.44,51.50,52.87,54.15,55.52,56.56,56.72,57.17,58.03,58.61,58.28,56.81,54.28,52.75,54.16,53.34,51.04,47.13,42.53,40.63,40.71,41.03,43.38,45.73,46.53,45.45,42.66,39.88,37.02,34.35,32.55,30.73,28.60,27.68,26.23,24.45,22.18,17.11,9.69,5.64,2.88,1.20,e,e,e,e,e,e,e,e,e,e,e,e,e,e,e,e,e,e,e,e,e,e,e,e,e,e,e,e,e,e,e,e,e,e,e,e,e,e,e,e,e,e,e,e,e,e,e,e,e,0.10,e,0.80,1.17,0.54,e,e,e,e,e,e,e,e,e,e,e,e,e,e,e,e,e,e,e,e,e,e,e,e,e,e,e,e,e,e,e,e,e,e,e,e,e,e,e,e,e,e,e,e,e,e,e,e,e,e,e,e,e,e,e,e,e,e,e,e,e,e,e,e,e,e,e,e,e,e,e,e,e,e,e,e,e,e,e,e,e,e,e,e,e,e,e,e,e,e,e,e,e,e,e,e,e,e,e,e,e,e,e,e,e,e,e,e,e,e,e,e,e,e,e,e,e,e,e,e,e,e,e,e,e,e,e,e,e,e,e,e,e,e,e,e,e,e
43.34,43.01,42.69,43.12,43.87,44.06,44.22,44.62,45.11,45.43,46.04,46.93,48.00,49.10,49.82,49.51,50.52,51.60,50.47,43.64,37.33,36.81,40.37,46.05,50.44,51.99,53.00,52.76,52.07,52.20,53.28,54.02,54.13,53.25,51.48,47.41,44.59,43.91,41.88,39.90,38.76,38.27,38.21,38.12,38.88,39.93,40.79,40.13,38.42,37.05,34.81,31.53,30.71,28.64,26.37,24.66,23.51,21.37,15.41,7.63,3.92,1.53,0.84,e,e,e,e,e,e,e,e,e,e,e,e,e,e,e,e,e,e,e,e,e,e,e,e,e,e,e,e,e,e,e,e,e,e,e,e,e,e,e,e,e,e,e,e,e,e,e,e,e,e,e,e,0.23,0.14,e,e,e,e,e,e,e,e,e,e,e,e,e,e,e,e,e,e,e,e,e,e,e,e,e,e,e,e,e,e,e,e,e,e,e,e,e,e,e,e,e,e,e,e,e,e,e,e,e,e,e,e,e,e,e,e,e,e,e,e,e,e,e,e,e,e,e,e,e,e,e,e,e,e,e,e,e,e,e,e,e,e,e,e,e,e,e,e,e,e,e,e,e,e,e,e,e,e,e,e,e,e,e,e,e,e,e,e,e,e,e,e,e,e,e,e,e,e,e,e,e,e,e,e,e,e,e,e,e,e,e,e,e,e,e,e,e,e,e
42.56,42.22,41.99,42.57,43.09,43.17,43.43,43.81,44.29,45.05,45.91,46.89,47.92,48.45,48.33,49.14,50.71,50.53,46.89,38.94,34.26,32.38,34.51,37.87,43.11,47.66,49.00,47.49,44.15,42.78,45.49,48.44,49.22,47.42,44.10,39.30,37.42,38.70,38.95,38.28,37.30,36.62,36.42,36.30,36.76,37.01,37.19,36.55,35.46,34.35,33.27,31.87,32.20,30.44,27.05,22.33,20.34,13.64,6.45,2.79,1.12,e,e,e,e,e,e,e,e,e,e,e,e,e,e,e,e,e,e,e,e,e,e,e,e,e,e,e,e,e,e,e,e,e,e,e,e,e,e,e,e,e,e,e,e,e,e,e,e,e,e,e,e,e,e,e,e,e,e,e,e,e,e,e,e,e,e,e,e,e,e,e,e,e,e,e,e,e,e,e,e,e,e,e,e,e,e,e,e,e,e,e,e,e,e,e,e,e,e,e,e,e,e,e,e,e,e,e,e,e,e,e,e,e,e,e,e,e,e,e,e,e,e,e,e,e,e,e,e,e,e,e,e,e,e,e,e,e,e,e,e,e,e,e,e,e,e,e,e,e,e,e,e,e,e,e,e,e,e,e,e,e,e,e,e,e,e,e,e,e,e,e,e,e,e,e,e,e,e,e,e,e,e,e,e,e,e,e,e,e,e,e,e,e,e,e
41.78,41.41,41.34,41.98,42.21,42.33,42.69,43.15,43.97,44.92,45.79,46.65,47.06,46.98,47.56,49.40,49.40,46.34,40.61,34.95,30.62,28.72,30.00,32.44,35.24,37.94,38.52,36.69,33.67,32.69,35.90,38.86,38.21,35.30,33.84,33.95,34.14,36.34,37.75,37.02,36.00,35.05,34.63,34.39,34.44,34.52,33.86,33.14,32.30,31.39,30.25,28.88,28.22,26.20,22.59,17.04,10.59,5.03,1.93,1.25,e,e,e,e,e,e,e,e,e,e,e,e,e,e,e,e,e,e,e,e,e,e,e,e,e,e,e,e,e,e,e,e,e,e,e,e,e,e,e,e,e,e,e,e,e,e,e,e,e,e,e,e,e,e,e,e,e,e,e,e,e,e,e,e,e,e,e,e,e,e,e,e,e,e,e,e,e,e,e,e,e,e,e,e,e,e,e,e,e,e,e,e,e,e,e,e,e,e,e,e,e,e,e,e,e,e,e,e,e,e,e,e,e,e,e,e,e,e,e,e,e,e,e,e,e,e,e,e,e,e,e,e,e,e,e,e,e,e,e,e,e,e,e,e,e,e,e,e,e,e,e,e,e,e,e,e,e,e,e,e,e,e,e,e,e,e,e,e,e,e,e,e,e,e,e,e,e,e,e,e,e,e,e,e,e,e,e,e,e,e,e,e,e,e,e,e
40.95,40.61,40.73,41.26,41.29,41.59,42.07,42.80,43.72,44.68,45.35,45.73,45.68,46.26,48.07,48.48,44.61,40.25,35.21,30.62,27.53,26.08,27.36,28.70,29.40,30.14,31.04,29.85,28.54,28.17,29.29,29.77,29.42,28.99,29.14,29.89,31.63,34.44,36.52,35.53,34.46,33.47,32.89,32.57,32.37,32.20,30.74,28.22,25.56,22.56,19.26,16.43,14.38,11.20,8.16,5.19,2.94,1.78,0.40,e,e,e,e,e,e,e,e,e,e,e,e,e,e,e,e,e,e,e,e,e,e,e,e,e,e,e,e,e,e,e,e,e,e,e,e,e,e,e,e,e,e,e,e,e,e,e,e,e,e,e,e,e,e,e,e,e,e,e,e,e,e,e,e,e,e,e,e,e,e,e,e,e,e,e,e,e,e,e,e,e,e,e,e,e,e,e,e,e,e,e,e,e,e,e,e,e,e,e,e,e,e,e,e,e,e,e,e,e,e,e,e,e,e,e,e,e,e,e,e,e,e,e,e,e,e,e,e,e,e,e,e,e,e,e,e,e,e,e,e,e,e,e,e,e,e,e,e,e,e,e,e,e,e,e,e,e,e,e,e,e,e,e,e,e,e,e,e,e,e,e,e,e,e,e,e,e,e,e,e,e,e,e,e,e,e,e,e,e,e,e,e,e,e,e,e,e
39.73,39.24,39.92,40.36,40.49,41.01,41.69,42.57,43.41,44.04,44.44,44.42,45.05,46.93,47.98,45.26,38.92,33.63,29.43,26.31,24.03,23.66,25.17,26.45,26.98,27.46,27.66,27.10,26.14,25.84,26.61,27.12,27.39,27.54,28.12,29.26,31.09,33.80,35.53,34.18,32.86,31.88,31.27,30.14,28.25,23.73,17.78,12.86,9.04,5.64,4.59,4.60,3.60,2.28,1.07,e,e,e,e,e,e,e,e,e,e,e,e,e,e,e,e,e,e,e,e,e,e,e,e,e,e,e,e,e,e,e,e,e,e,e,e,e,e,e,e,e,e,e,e,e,e,e,e,e,e,e,e,e,e,e,e,e,e,e,e,e,e,e,e,e,e,e,e,e,e,e,e,e,e,e,e,e,e,e,e,e,e,e,e,e,e,e,e,e,e,e,e,e,e,e,e,e,e,e,e,e,e,e,e,e,e,e,e,e,e,e,e,e,e,e,e,e,e,e,e,e,e,e,e,e,e,e,e,e,e,e,e,e,e,e,e,e,e,e,e,e,e,e,e,e,e,e,e,e,e,e,e,e,e,e,e,e,e,e,e,e,e,e,e,e,e,e,e,e,e,e,e,e,e,e,e,e,e,e,e,e,e,e,e,e,e,e,e,e,e,e,e,e,e,e,e,e,e,e,e,e
37.71,37.35,38.43,38.87,39.64,40.59,41.35,42.12,42.68,43.13,43.15,43.89,45.87,47.30,45.66,41.87,33.98,27.72,24.41,21.78,20.55,21.43,22.98,24.21,24.78,25.14,25.18,24.75,23.80,23.44,24.16,24.78,25.60,26.95,28.41,29.82,31.94,33.96,34.12,32.80,31.20,27.69,20.95,13.19,7.18,4.79,4.20,1.65,e,e,e,e,e,e,e,e,e,e,e,e,e,e,e,e,e,e,e,e,e,e,e,e,e,e,e,e,e,e,e,e,e,e,e,e,e,e,e,e,e,e,e,e,e,e,e,e,e,e,e,e,e,e,e,e,e,e,e,e,e,e,e,e,e,e,e,e,e,e,e,e,e,e,e,e,e,e,e,e,e,e,e,e,e,e,e,e,e,e,e,e,e,e,e,e,e,e,e,e,e,e,e,e,e,e,e,e,e,e,e,e,e,e,e,e,e,e,e,e,e,e,e,e,e,e,e,e,e,e,e,e,e,e,e,e,e,e,e,e,e,e,e,e,e,e,e,e,e,e,e,e,e,e,e,e,e,e,e,e,e,e,e,e,e,e,e,e,e,e,e,e,e,e,e,e,e,e,e,e,e,e,e,e,e,e,e,e,e,e,e,e,e,e,e,e,e,e,e,e,e,e,e,e,e,e,e,e
35.44,35.59,36.52,37.05,38.54,40.01,40.66,41.21,41.77,41.85,42.61,44.78,46.49,45.30,42.72,38.45,30.93,24.35,20.15,18.49,17.93,19.46,21.10,21.96,22.54,22.79,22.75,22.42,21.51,21.18,22.20,23.88,25.99,27.82,29.16,30.75,32.62,32.61,31.69,27.39,17.77,8.34,3.24,1.69,e,e,e,e,e,e,e,e,e,e,e,e,e,e,e,e,e,e,e,e,e,e,e,e,e,e,e,e,e,e,e,e,e,e,e,e,e,e,e,e,e,e,e,e,e,e,e,e,e,e,e,e,e,e,e,e,e,e,e,e,e,e,e,e,e,e,e,e,e,e,e,e,e,e,e,e,e,e,e,e,e,e,e,e,e,e,e,e,e,e,e,e,e,e,e,e,e,e,e,e,e,e,e,e,e,e,e,e,e,e,e,e,e,e,e,e,e,e,e,e,e,e,e,e,e,e,e,e,e,e,e,e,e,e,e,e,e,e,e,e,e,e,e,e,e,e,e,e,e,e,e,e,e,e,e,e,e,e,e,e,e,e,e,e,e,e,e,e,e,e,e,e,e,e,e,e,e,e,e,e,e,e,e,e,e,e,e,e,e,e,e,e,e,e,e,e,e,e,e,e,e,e,e,e,e,e,e,e,e,e,e,e
33.31,33.81,34.61,35.82,37.36,38.31,39.25,40.38,40.55,41.14,43.40,45.61,44.89,42.36,39.63,35.44,29.01,21.56,18.34,16.56,15.95,17.46,18.92,19.63,20.27,20.30,20.15,19.84,19.51,20.49,22.73,24.95,27.09,29.07,30.19,31.35,30.99,27.69,18.30,8.81,3.77,2.21,e,e,e,e,e,e,e,e,e,e,e,e,e,e,e,e,e,e,e,e,e,e,e,e,e,e,e,e,e,e,e,e,e,e,e,e,e,e,e,e,e,e,e,e,e,e,e,e,e,e,e,e,e,e,e,e,e,e,e,e,e,e,e,e,e,e,e,e,e,e,e,e,e,e,e,e,e,e,e,e,e,e,e,e,e,e,e,e,e,e,e,e,e,e,e,e,e,e,e,e,e,e,e,e,e,e,e,e,e,e,e,e,e,e,e,e,e,e,e,e,e,e,e,e,e,e,e,e,e,e,e,e,e,e,e,e,e,e,e,e,e,e,e,e,e,e,e,e,e,e,e,e,e,e,e,e,e,e,e,e,e,e,e,e,e,e,e,e,e,e,e,e,e,e,e,e,e,e,e,e,e,e,e,e,e,e,e,e,e,e,e,e,e,e,e,e,e,e,e,e,e,e,e,e,e,e,e,e,e,e,e,e,e,e
31.48,32.18,33.17,34.52,35.49,36.59,38.01,39.17,39.39,40.38,42.51,45.02,43.41,39.90,36.28,32.51,26.58,19.55,17.09,15.04,13.87,15.18,16.57,17.29,17.52,16.84,16.96,18.46,20.29,21.86,23.97,26.11,27.99,29.59,30.22,29.10,23.28,12.44,4.99,2.21,1.52,e,e,e,e,e,e,e,e,e,e,e,e,e,e,e,e,e,e,e,e,e,e,e,e,e,e,e,e,e,e,e,e,e,e,e,e,e,e,e,e,e,e,e,e,e,e,e,e,e,e,e,e,e,e,e,e,e,e,e,e,e,e,e,e,e,e,e,e,e,e,e,e,e,e,e,e,e,e,e,e,e,e,e,e,e,e,e,e,e,e,e,e,e,e,e,e,e,e,e,e,e,e,e,e,e,e,e,e,e,e,e,e,e,e,e,e,e,e,e,e,e,e,e,e,e,e,e,e,e,e,e,e,e,e,e,e,e,e,e,e,e,e,e,e,e,e,e,e,e,e,e,e,e,e,e,e,e,e,e,e,e,e,e,e,e,e,e,e,e,e,e,e,e,e,e,e,e,e,e,e,e,e,e,e,e,e,e,e,e,e,e,e,e,e,e,e,e,e,e,e,e,e,e,e,e,e,e,e,e,e,e,e,e,e,e
30.04,30.69,31.77,32.83,34.02,35.34,36.59,37.74,38.63,39.51,41.10,44.15,42.88,39.25,37.02,33.29,25.43,18.16,15.39,12.78,11.72,12.96,14.27,14.77,14.72,14.82,17.43,20.20,21.73,23.18,24.47,24.85,25.00,25.58,24.58,18.97,8.80,3.84,1.46,e,e,e,e,e,e,e,e,e,e,e,e,e,e,e,e,e,e,e,e,e,e,e,e,e,e,e,e,e,e,e,e,e,e,e,e,e,e,e,e,e,e,e,e,e,e,e,e,e,e,e,e,e,e,e,e,e,e,e,e,e,e,e,e,e,e,e,e,e,e,e,e,e,e,e,e,e,e,e,e,e,e,e,e,e,e,e,e,e,e,e,e,e,e,e,e,e,e,e,e,e,e,e,e,e,e,e,e,e,e,e,e,e,e,e,e,e,e,e,e,e,e,e,e,e,e,e,e,e,e,e,e,e,e,e,e,e,e,e,e,e,e,e,e,e,e,e,e,e,e,e,e,e,e,e,e,e,e,e,e,e,e,e,e,e,e,e,e,e,e,e,e,e,e,e,e,e,e,e,e,e,e,e,e,e,e,e,e,e,e,e,e,e,e,e,e,e,e,e,e,e,e,e,e,e,e,e,e,e,e,e,e,e,e,e,e,e
29.62,29.87,30.61,31.98,33.49,35.13,36.75,38.24,39.25,40.27,41.89,43.52,43.48,41.14,40.23,35.54,27.07,18.75,14.13,10.32,9.72,10.83,12.02,12.29,13.00,15.06,18.01,20.27,21.25,22.32,22.57,21.71,19.62,14.80,10.03,4.56,2.00,e,e,e,e,e,e,e,e,e,e,e,e,e,e,e,e,e,e,e,e,e,e,e,e,e,e,e,e,e,e,e,e,e,e,e,e,e,e,e,e,e,e,e,e,e,e,e,e,e,e,e,e,e,e,e,e,e,e,e,e,e,e,e,e,e,e,e,e,e,e,e,e,e,e,e,e,e,e,e,e,e,e,e,e,e,e,e,e,e,e,e,e,e,e,e,e,e,e,e,e,e,e,e,e,e,e,e,e,e,e,e,e,e,e,e,e,e,e,e,e,e,e,e,e,e,e,e,e,e,e,e,e,e,e,e,e,e,e,e,e,e,e,e,e,e,e,e,e,e,e,e,e,e,e,e,e,e,e,e,e,e,e,e,e,e,e,e,e,e,e,e,e,e,e,e,e,e,e,e,e,e,e,e,e,e,e,e,e,e,e,e,e,e,e,e,e,e,e,e,e,e,e,e,e,e,e,e,e,e,e,e,e,e,e,e,e,e,e,e
29.63,29.99,30.98,32.64,34.28,35.98,37.73,39.27,40.16,40.71,41.20,41.20,42.45,43.04,40.80,36.23,31.57,25.07,17.35,10.57,9.04,9.53,10.18,10.87,12.56,14.86,16.89,18.45,18.77,20.65,19.58,12.71,4.74,2.35,e,e,e,e,e,e,e,e,e,e,e,e,e,e,e,e,e,e,e,e,e,e,e,e,e,e,e,e,e,e,e,e,e,e,e,e,e,e,e,e,e,e,e,e,e,e,e,e,e,e,e,e,e,e,e,e,e,e,e,e,e,e,e,e,e,e,e,e,e,e,e,e,e,e,e,e,e,e,e,e,e,e,e,e,e,e,e,e,e,e,e,e,e,e,e,e,e,e,e,e,e,e,e,e,e,e,e,e,e,e,e,e,e,e,e,e,e,e,e,e,e,e,e,e,e,e,e,e,e,e,e,e,e,e,e,e,e,e,e,e,e,e,e,e,e,e,e,e,e,e,e,e,e,e,e,e,e,e,e,e,e,e,e,e,e,e,e,e,e,e,e,e,e,e,e,e,e,e,e,e,e,e,e,e,e,e,e,e,e,e,e,e,e,e,e,e,e,e,e,e,e,e,e,e,e,e,e,e,e,e,e,e,e,e,e,e,e,e,e,e,e,e
29.92,30.73,31.80,33.42,35.07,36.55,37.74,38.69,39.46,39.20,39.25,39.26,40.13,42.19,41.04,37.63,33.92,30.24,22.56,13.23,9.53,8.77,8.96,9.71,11.11,13.16,14.37,14.67,14.24,13.35,6.57,2.98,e,e,e,e,e,e,e,e,e,e,e,e,e,e,e,e,e,e,e,e,e,e,e,e,e,e,e,e,e,e,e,e,e,e,e,e,e,e,e,e,e,e,e,e,e,e,e,e,e,e,e,e,e,e,e,e,e,e,e,e,e,e,e,e,e,e,e,e,e,e,e,e,e,e,e,e,e,e,e,e,e,e,e,e,e,e,e,e,e,e,e,e,e,e,e,e,e,e,e,e,e,e,e,e,e,e,e,e,e,e,e,e,e,e,e,e,e,e,e,e,e,e,e,e,e,e,e,e,e,e,e,e,e,e,e,e,e,e,e,e,e,e,e,e,e,e,e,e,e,e,e,e,e,e,e,e,e,e,e,e,e,e,e,e,e,e,e,e,e,e,e,e,e,e,e,e,e,e,e,e,e,e,e,e,e,e,e,e,e,e,e,e,e,e,e,e,e,e,e,e,e,e,e,e,e,e,e,e,e,e,e,e,e,e,e,e,e,e,e,e,e,e,e,e
30.39,31.34,32.49,33.75,34.73,35.72,36.76,37.74,38.46,37.95,37.18,37.43,38.75,40.70,41.67,39.31,35.51,32.27,26.30,16.98,11.17,8.87,7.65,7.01,8.55,10.51,10.91,10.17,7.74,3.82,2.50,e,e,e,e,e,e,e,e,e,e,e,e,e,e,e,e,e,e,e,e,e,e,e,e,e,e,e,e,e,e,e,e,e,e,e,e,e,e,e,e,e,e,e,e,e,e,e,e,e,e,e,e,e,e,e,e,e,e,e,e,e,e,e,e,e,e,e,e,e,e,e,e,e,e,e,e,e,e,e,e,e,e,e,e,e,e,e,e,e,e,e,e,e,e,e,e,e,e,e,e,e,e,e,e,e,e,e,e,e,e,e,e,e,e,e,e,e,e,e,e,e,e,e,e,e,e,e,e,e,e,e,e,e,e,e,e,e,e,e,e,e,e,e,e,e,e,e,e,e,e,e,e,e,e,e,e,e,e,e,e,e,e,e,e,e,e,e,e,e,e,e,e,e,e,e,e,e,e,e,e,e,e,e,e,e,e,e,e,e,e,e,e,e,e,e,e,e,e,e,e,e,e,e,e,e,e,e,e,e,e,e,e,e,e,e,e,e,e,e,e,e,e,e,e,e
29.88,30.67,31.74,32.62,33.43,34.47,35.59,36.68,37.48,36.81,35.80,35.88,38.03,40.15,41.40,38.95,34.35,31.89,27.39,21.09,15.57,9.90,6.89,3.77,4.02,4.18,4.42,4.92,2.91,e,e,e,e,e,e,e,e,e,e,e,e,e,e,e,e,e,e,e,e,e,e,e,e,e,e,e,e,e,e,e,e,e,e,e,e,e,e,e,e,e,e,e,e,e,e,e,e,e,e,e,e,e,e,e,e,e,e,e,e,e,e,e,e,e,e,e,e,e,e,e,e,e,e,e,e,e,e,e,e,e,e,e,e,e,e,e,e,e,e,e,e,e,e,e,e,e,e,e,e,e,e,e,e,e,e,e,e,e,e,e,e,e,e,e,e,e,e,e,e,e,e,e,e,e,e,e,e,e,e,e,e,e,e,e,e,e,e,e,e,e,e,e,e,e,e,e,e,e,e,e,e,e,e,e,e,e,e,e,e,e,e,e,e,e,e,e,e,e,e,e,e,e,e,e,e,e,e,e,e,e,e,e,e,e,e,e,e,e,e,e,e,e,e,e,e,e,e,e,e,e,e,e,e,e,e,e,e,e,e,e,e,e,e,e,e,e,e,e,e,e,e,e,e,e,e,e
28.91,29.54,30.48,31.25,32.14,33.24,34.44,35.76,36.49,35.69,34.70,34.33,37.30,40.32,40.89,36.15,29.34,28.34,26.39,23.22,18.57,12.30,7.21,2.11,0.76,e,e,e,e,e,e,e,e,e,e,e,e,e,e,e,e,e,e,e,e,e,e,e,e,e,e,e,e,e,e,e,e,e,e,e,e,e,e,e,e,e,e,e,e,e,e,e,e,e,e,e,e,e,e,e,e,e,e,e,e,e,e,e,e,e,e,e,e,e,e,e,e,e,e,e,e,e,e,e,e,e,e,e,e,e,e,e,e,e,e,e,e,e,e,e,e,e,e,e,e,e,e,e,e,e,e,e,e,e,e,e,e,e,e,e,e,e,e,e,e,e,e,e,e,e,e,e,e,e,e,e,e,e,e,e,e,e,e,e,e,e,e,e,e,e,e,e,e,e,e,e,e,e,e,e,e,e,e,e,e,e,e,e,e,e,e,e,e,e,e,e,e,e,e,e,e,e,e,e,e,e,e,e,e,e,e,e,e,e,e,e,e,e,e,e,e,e,e,e,e,e,e,e,e,e,e,e,e,e,e,e,e,e,e,e,e,e,e,e,e,e,e,e,e,e,e,e,e,e,e,e
29.68,30.09,29.78,30.02,31.04,32.45,33.97,35.32,35.50,34.61,33.65,32.97,36.20,40.09,40.30,34.30,27.49,24.25,22.66,20.89,18.27,14.39,10.02,3.55,0.62,e,e,e,e,e,e,e,e,e,e,e,e,e,e,e,e,e,e,e,e,e,e,e,e,e,e,e,e,e,e,e,e,e,e,e,e,e,e,e,e,e,e,e,e,e,e,e,e,e,e,e,e,e,e,e,e,e,e,e,e,e,e,e,e,e,e,e,e,e,e,e,e,e,e,e,e,e,e,e,e,e,e,e,e,e,e,e,e,e,e,e,e,e,e,e,e,e,e,e,e,e,e,e,e,e,e,e,e,e,e,e,e,e,e,e,e,e,e,e,e,e,e,e,e,e,e,e,e,e,e,e,e,e,e,e,e,e,e,e,e,e,e,e,e,e,e,e,e,e,e,e,e,e,e,e,e,e,e,e,e,e,e,e,e,e,e,e,e,e,e,e,e,e,e,e,e,e,e,e,e,e,e,e,e,e,e,e,e,e,e,e,e,e,e,e,e,e,e,e,e,e,e,e,e,e,e,e,e,e,e,e,e,e,e,e,e,e,e,e,e,e,e,e,e,e,e,e,e,e,e,e
29.86,30.41,30.76,30.58,31.07,32.35,33.77,34.58,34.50,33.69,32.80,31.71,31.96,37.01,37.57,29.02,23.96,20.88,19.47,17.97,16.00,13.65,10.15,5.48,1.70,e,e,e,e,e,e,e,e,e,e,e,e,e,e,e,e,e,e,e,e,e,e,e,e,e,e,e,e,e,e,e,e,e,e,e,e,e,e,e,e,e,e,e,e,e,e,e,e,e,e,e,e,e,e,e,e,e,e,e,e,e,e,e,e,e,e,e,e,e,e,e,e,e,e,e,e,e,e,e,e,e,e,e,e,e,e,e,e,e,e,e,e,e,e,e,e,e,e,e,e,e,e,e,e,e,e,e,e,e,e,e,e,e,e,e,e,e,e,e,e,e,e,e,e,e,e,e,e,e,e,e,e,e,e,e,e,e,e,e,e,e,e,e,e,e,e,e,e,e,e,e,e,e,e,e,e,e,e,e,e,e,e,e,e,e,e,e,e,e,e,e,e,e,e,e,e,e,e,e,e,e,e,e,e,e,e,e,e,e,e,e,e,e,e,e,e,e,e,e,e,e,e,e,e,e,e,e,e,e,e,e,e,e,e,e,e,e,e,e,e,e,e,e,e,e,e,e,e,e,e,e
28.03,28.57,29.61,30.70,31.93,32.64,33.12,33.52,33.60,32.88,31.92,30.75,29.53,30.14,29.37,22.53,19.09,17.82,16.82,15.45,13.73,11.55,6.76,4.24,1.63,e,e,e,e,e,e,e,e,e,e,e,e,e,e,e,e,e,e,e,e,e,e,e,e,e,e,e,e,e,e,e,e,e,e,e,e,e,e,e,e,e,e,e,e,e,e,e,e,e,e,e,e,e,e,e,e,e,e,e,e,e,e,e,e,e,e,e,e,e,e,e,e,e,e,e,e,e,e,e,e,e,e,e,e,e,e,e,e,e,e,e,e,e,e,e,e,e,e,e,e,e,e,e,e,e,e,e,e,e,e,e,e,e,e,e,e,e,e,e,e,e,e,e,e,e,e,e,e,e,e,e,e,e,e,e,e,e,e,e,e,e,e,e,e,e,e,e,e,e,e,e,e,e,e,e,e,e,e,e,e,e,e,e,e,e,e,e,e,e,e,e,e,e,e,e,e,e,e,e,e,e,e,e,e,e,e,e,e,e,e,e,e,e,e,e,e,e,e,e,e,e,e,e,e,e,e,e,e,e,e,e,e,e,e,e,e,e,e,e,e,e,e,e,e,e,e,e,e,e,e,e
25.27,25.34,25.41,26.28,29.53,30.99,31.70,32.42,32.68,32.11,31.07,29.98,28.66,27.38,25.00,20.57,17.77,15.87,14.39,12.89,11.29,6.67,2.92,1.66,e,e,e,e,e,e,e,e,e,e,e,e,e,e,e,e,e,e,e,e,e,e,e,e,e,e,e,e,e,e,e,e,e,e,e,e,e,e,e,e,e,e,e,e,e,e,e,e,e,e,e,e,e,e,e,e,e,e,e,e,e,e,e,e,e,e,e,e,e,e,e,e,e,e,e,e,e,e,e,e,e,e,e,e,e,e,e,e,e,e,e,e,e,e,e,e,e,e,e,e,e,e,e,e,e,e,e,e,e,e,e,e,e,e,e,e,e,e,e,e,e,e,e,e,e,e,e,e,e,e,e,e,e,e,e,e,e,e,e,e,e,e,e,e,e,e,e,e,e,e,e,e,e,e,e,e,e,e,e,e,e,e,e,e,e,e,e,e,e,e,e,e,e,e,e,e,e,e,e,e,e,e,e,e,e,e,e,e,e,e,e,e,e,e,e,e,e,e,e,e,e,e,e,e,e,e,e,e,e,e,e,e,e,e,e,e,e,e,e,e,e,e,e,e,e,e,e,e,e,e,e,e
24.99,23.71,24.10,25.50,27.27,29.12,30.50,31.35,31.77,31.27,30.23,28.53,27.07,24.89,20.91,18.65,17.30,15.62,13.84,11.89,9.18,2.71,e,e,e,e,e,e,e,e,e,e,e,e,e,e,e,e,e,e,e,e,e,e,e,e,e,e,e,e,e,e,e,e,e,e,e,e,e,e,e,e,e,e,e,e,e,e,e,e,e,e,e,e,e,e,e,e,e,e,e,e,e,e,e,e,e,e,e,e,e,e,e,e,e,e,e,e,e,e,e,e,e,e,e,e,e,e,e,e,e,e,e,e,e,e,e,e,e,e,e,e,e,e,e,e,e,e,e,e,e,e,e,e,e,e,e,e,e,e,e,e,e,e,e,e,e,e,e,e,e,e,e,e,e,e,e,e,e,e,e,e,e,e,e,e,e,e,e,e,e,e,e,e,e,e,e,e,e,e,e,e,e,e,e,e,e,e,e,e,e,e,e,e,e,e,e,e,e,e,e,e,e,e,e,e,e,e,e,e,e,e,e,e,e,e,e,e,e,e,e,e,e,e,e,e,e,e,e,e,e,e,e,e,e,e,e,e,e,e,e,e,e,e,e,e,e,e,e,e,e,e,e,e,e,e
24.87,23.11,24.62,26.14,27.41,28.56,29.63,30.52,30.87,30.59,29.64,26.78,24.65,21.87,18.50,15.86,14.86,13.84,12.61,11.09,7.16,1.77,e,e,e,e,e,e,e,e,e,e,e,e,e,e,e,e,e,e,e,e,e,e,e,e,e,e,e,e,e,e,e,e,e,e,e,e,e,e,e,e,e,e,e,e,e,e,e,e,e,e,e,e,e,e,e,e,e,e,e,e,e,e,e,e,e,e,e,e,e,e,e,e,e,e,e,e,e,e,e,e,e,e,e,e,e,e,e,e,e,e,e,e,e,e,e,e,e,e,e,e,e,e,e,e,e,e,e,e,e,e,e,e,e,e,e,e,e,e,e,e,e,e,e,e,e,e,e,e,e,e,e,e,e,e,e,e,e,e,e,e,e,e,e,e,e,e,e,e,e,e,e,e,e,e,e,e,e,e,e,e,e,e,e,e,e,e,e,e,e,e,e,e,e,e,e,e,e,e,e,e,e,e,e,e,e,e,e,e,e,e,e,e,e,e,e,e,e,e,e,e,e,e,e,e,e,e,e,e,e,e,e,e,e,e,e,e,e,e,e,e,e,e,e,e,e,e,e,e,e,e,e,e,e,e
23.56,22.38,24.40,25.36,25.98,26.80,27.84,29.22,29.42,29.08,27.68,24.77,22.70,20.49,17.31,13.89,11.54,11.21,9.65,6.23,1.64,e,e,e,e,e,e,e,e,e,e,e,e,e,e,e,e,e,e,e,e,e,e,e,e,e,e,e,e,e,e,e,e,e,e,e,e,e,e,e,e,e,e,e,e,e,e,e,e,e,e,e,e,e,e,e,e,e,e,e,e,e,e,e,e,e,e,e,e,e,e,e,e,e,e,e,e,e,e,e,e,e,e,e,e,e,e,e,e,e,e,e,e,e,e,e,e,e,e,e,e,e,e,e,e,e,e,e,e,e,e,e,e,e,e,e,e,e,e,e,e,e,e,e,e,e,e,e,e,e,e,e,e,e,e,e,e,e,e,e,e,e,e,e,e,e,e,e,e,e,e,e,e,e,e,e,e,e,e,e,e,e,e,e,e,e,e,e,e,e,e,e,e,e,e,e,e,e,e,e,e,e,e,e,e,e,e,e,e,e,e,e,e,e,e,e,e,e,e,e,e,e,e,e,e,e,e,e,e,e,e,e,e,e,e,e,e,e,e,e,e,e,e,e,e,e,e,e,e,e,e,e,e,e,e,e
22.01,21.23,23.01,24.12,24.19,24.83,25.58,26.32,26.85,26.74,25.52,23.74,21.87,19.70,16.47,12.95,9.21,6.17,2.92,0.93,0.22,e,e,e,e,e,e,e,e,e,e,e,e,e,e,e,e,e,e,e,e,e,e,e,e,e,e,e,e,e,e,e,e,e,e,e,e,e,e,e,e,e,e,e,e,e,e,e,e,e,e,e,e,e,e,e,e,e,e,e,e,e,e,e,e,e,e,e,e,e,e,e,e,e,e,e,e,e,e,e,e,e,e,e,e,e,e,e,e,e,e,e,e,e,e,e,e,e,e,e,e,e,e,e,e,e,e,e,e,e,e,e,e,e,e,e,e,e,e,e,e,e,e,e,e,e,e,e,e,e,e,e,e,e,e,e,e,e,e,e,e,e,e,e,e,e,e,e,e,e,e,e,e,e,e,e,e,e,e,e,e,e,e,e,e,e,e,e,e,e,e,e,e,e,e,e,e,e,e,e,e,e,e,e,e,e,e,e,e,e,e,e,e,e,e,e,e,e,e,e,e,e,e,e,e,e,e,e,e,e,e,e,e,e,e,e,e,e,e,e,e,e,e,e,e,e,e,e,e,e,e,e,e,e,e,e
19.96,20.15,21.95,22.49,22.03,22.80,23.94,24.24,24.62,24.89,24.39,23.06,21.30,18.92,15.53,12.21,8.74,5.29,2.23,0.45,e,e,e,e,e,e,e,e,e,e,e,e,e,e,e,e,e,e,e,e,e,e,e,e,e,e,e,e,e,e,e,e,e,e,e,e,e,e,e,e,e,e,e,e,e,e,e,e,e,e,e,e,e,e,e,e,e,e,e,e,e,e,e,e,e,e,e,e,e,e,e,e,e,e,e,e,e,e,e,e,e,e,e,e,e,e,e,e,e,e,e,e,e,e,e,e,e,e,e,e,e,e,e,e,e,e,e,e,e,e,e,e,e,e,e,e,e,e,e,e,e,e,e,e,e,e,e,e,e,e,e,e,e,e,e,e,e,e,e,e,e,e,e,e,e,e,e,e,e,e,e,e,e,e,e,e,e,e,e,e,e,e,e,e,e,e,e,e,e,e,e,e,e,e,e,e,e,e,e,e,e,e,e,e,e,e,e,e,e,e,e,e,e,e,e,e,e,e,e,e,e,e,e,e,e,e,e,e,e,e,e,e,e,e,e,e,e,e,e,e,e,e,e,e,e,e,e,e,e,e,e,e,e,e,e,e
17.77,20.13,21.40,20.93,19.89,21.27,22.52,22.57,22.95,23.58,23.27,22.49,20.91,17.95,13.63,9.91,5.19,2.54,1.64,0.17,e,e,e,e,e,e,e,e,e,e,e,e,e,e,e,e,e,e,e,e,e,e,e,e,e,e,e,e,e,e,e,e,e,e,e,e,e,e,e,e,e,e,e,e,e,e,e,e,e,e,e,e,e,e,e,e,e,e,e,e,e,e,e,e,e,e,e,e,e,e,e,e,e,e,e,e,e,e,e,e,e,e,e,e,e,e,e,e,e,e,e,e,e,e,e,e,e,e,e,e,e,e,e,e,e,e,e,e,e,e,e,e,e,e,e,e,e,e,e,e,e,e,e,e,e,e,e,e,e,e,e,e,e,e,e,e,e,e,e,e,e,e,e,e,e,e,e,e,e,e,e,e,e,e,e,e,e,e,e,e,e,e,e,e,e,e,e,e,e,e,e,e,e,e,e,e,e,e,e,e,e,e,e,e,e,e,e,e,e,e,e,e,e,e,e,e,e,e,e,e,e,e,e,e,e,e,e,e,e,e,e,e,e,e,e,e,e,e,e,e,e,e,e,e,e,e,e,e,e,e,e,e,e,e,e,e
16.44,19.75,20.37,19.32,18.15,20.67,21.09,20.77,21.36,22.25,21.88,21.49,20.68,17.52,12.42,7.10,2.68,e,e,e,e,e,e,e,e,e,e,e,e,e,e,e,e,e,e,e,e,e,e,e,e,e,e,e,e,e,e,e,e,e,e,e,e,e,e,e,e,e,e,e,e,e,e,e,e,e,e,e,e,e,e,e,e,e,e,e,e,e,e,e,e,e,e,e,e,e,e,e,e,e,e,e,e,e,e,e,e,e,e,e,e,e,e,e,e,e,e,e,e,e,e,e,e,e,e,e,e,e,e,e,e,e,e,e,e,e,e,e,e,e,e,e,e,e,e,e,e,e,e,e,e,e,e,e,e,e,e,e,e,e,e,e,e,e,e,e,e,e,e,e,e,e,e,e,e,e,e,e,e,e,e,e,e,e,e,e,e,e,e,e,e,e,e,e,e,e,e,e,e,e,e,e,e,e,e,e,e,e,e,e,e,e,e,e,e,e,e,e,e,e,e,e,e,e,e,e,e,e,e,e,e,e,e,e,e,e,e,e,e,e,e,e,e,e,e,e,e,e,e,e,e,e,e,e,e,e,e,e,e,e,e,e,e,e,e,e
13.92,15.64,17.29,16.30,16.15,19.36,19.52,18.70,20.13,21.06,20.47,19.69,19.40,16.57,13.08,8.36,2.21,e,e,e,e,e,e,e,e,e,e,e,e,e,e,e,e,e,e,e,e,e,e,e,e,e,e,e,e,e,e,e,e,e,e,e,e,e,e,e,e,e,e,e,e,e,e,e,e,e,e,e,e,e,e,e,e,e,e,e,e,e,e,e,e,e,e,e,e,e,e,e,e,e,e,e,e,e,e,e,e,e,e,e,e,e,e,e,e,e,e,e,e,e,e,e,e,e,e,e,e,e,e,e,e,e,e,e,e,e,e,e,e,e,e,e,e,e,e,e,e,e,e,e,e,e,e,e,e,e,e,e,e,e,e,e,e,e,e,e,e,e,e,e,e,e,e,e,e,e,e,e,e,e,e,e,e,e,e,e,e,e,e,e,e,e,e,e,e,e,e,e,e,e,e,e,e,e,e,e,e,e,e,e,e,e,e,e,e,e,e,e,e,e,e,e,e,e,e,e,e,e,e,e,e,e,e,e,e,e,e,e,e,e,e,e,e,e,e,e,e,e,e,e,e,e,e,e,e,e,e,e,e,e,e,e,e,e,e,e
12.06,11.22,13.07,12.48,13.94,17.23,17.19,16.76,18.80,19.35,17.51,15.63,15.13,12.89,10.56,7.47,1.96,e,e,e,e,e,e,e,e,e,e,e,e,e,e,e,e,e,e,e,e,e,e,e,e,e,e,e,e,e,e,e,e,e,e,e,e,e,e,e,e,e,e,e,e,e,e,e,e,e,e,e,e,e,e,e,e,e,e,e,e,e,e,e,e,e,e,e,e,e,e,e,e,e,e,e,e,e,e,e,e,e,e,e,e,e,e,e,e,e,e,e,e,e,e,e,e,e,e,e,e,e,e,e,e,e,e,e,e,e,e,e,e,e,e,e,e,e,e,e,e,e,e,e,e,e,e,e,e,e,e,e,e,e,e,e,e,e,e,e,e,e,e,e,e,e,e,e,e,e,e,e,e,e,e,e,e,e,e,e,e,e,e,e,e,e,e,e,e,e,e,e,e,e,e,e,e,e,e,e,e,e,e,e,e,e,e,e,e,e,e,e,e,e,e,e,e,e,e,e,e,e,e,e,e,e,e,e,e,e,e,e,e,e,e,e,e,e,e,e,e,e,e,e,e,e,e,e,e,e,e,e,e,e,e,e,e,e,e,e
9.86,8.98,9.63,9.81,11.91,15.08,14.69,14.46,15.71,16.16,13.52,10.81,9.58,8.46,6.31,3.45,1.50,e,e,e,e,e,e,e,e,e,e,e,e,e,e,e,e,e,e,e,e,e,e,e,e,e,e,e,e,e,e,e,e,e,e,e,e,e,e,e,e,e,e,e,e,e,e,e,e,e,e,e,e,e,e,e,e,e,e,e,e,e,e,e,e,e,e,e,e,e,e,e,e,e,e,e,e,e,e,e,e,e,e,e,e,e,e,e,e,e,e,e,e,e,e,e,e,e,e,e,e,e,e,e,e,e,e,e,e,e,e,e,e,e,e,e,e,e,e,e,e,e,e,e,e,e,e,e,e,e,e,e,e,e,e,e,e,e,e,e,e,e,e,e,e,e,e,e,e,e,e,e,e,e,e,e,e,e,e,e,e,e,e,e,e,e,e,e,e,e,e,e,e,e,e,e,e,e,e,e,e,e,e,e,e,e,e,e,e,e,e,e,e,e,e,e,e,e,e,e,e,e,e,e,e,e,e,e,e,e,e,e,e,e,e,e,e,e,e,e,e,e,e,e,e,e,e,e,e,e,e,e,e,e,e,e,e,e,e,e
9.24,7.54,7.38,8.77,10.92,13.17,12.23,11.86,12.73,13.07,10.07,4.87,2.88,2.70,2.22,0.92,3.80,e,e,e,e,e,e,e,e,e,e,e,e,e,e,e,e,e,e,e,e,e,e,e,e,e,e,e,e,e,e,e,e,e,e,e,e,e,e,e,e,e,e,e,e,e,e,e,e,e,e,e,e,e,e,e,e,e,e,e,e,e,e,e,e,e,e,e,e,e,e,e,e,e,e,e,e,e,e,e,e,e,e,e,e,e,e,e,e,e,e,e,e,e,e,e,e,e,e,e,e,e,e,e,e,e,e,e,e,e,e,e,e,e,e,e,e,e,e,e,e,e,e,e,e,e,e,e,e,e,e,e,e,e,e,e,e,e,e,e,e,e,e,e,e,e,e,e,e,e,e,e,e,e,e,e,e,e,e,e,e,e,e,e,e,e,e,e,e,e,e,e,e,e,e,e,e,e,e,e,e,e,e,e,e,e,e,e,e,e,e,e,e,e,e,e,e,e,e,e,e,e,e,e,e,e,e,e,e,e,e,e,e,e,e,e,e,e,e,e,e,e,e,e,e,e,e,e,e,e,e,e,e,e,e,e,e,e,e,e
7.62,6.12,6.20,8.04,10.08,10.87,8.93,8.19,9.04,9.71,6.39,2.02,e,e,e,e,e,e,e,e,e,e,e,e,e,e,e,e,e,e,e,e,e,e,e,e,e,e,e,e,e,e,e,e,e,e,e,e,e,e,e,e,e,e,e,e,e,e,e,e,e,e,e,e,e,e,e,e,e,e,e,e,e,e,e,e,e,e,e,e,e,e,e,e,e,e,e,e,e,e,e,e,e,e,e,e,e,e,e,e,e,e,e,e,e,e,e,e,e,e,e,e,e,e,e,e,e,e,e,e,e,e,e,e,e,e,e,e,e,e,e,e,e,e,e,e,e,e,e,e,e,e,e,e,e,e,e,e,e,e,e,e,e,e,e,e,e,e,e,e,e,e,e,e,e,e,e,e,e,e,e,e,e,e,e,e,e,e,e,e,e,e,e,e,e,e,e,e,e,e,e,e,e,e,e,e,e,e,e,e,e,e,e,e,e,e,e,e,e,e,e,e,e,e,e,e,e,e,e,e,e,e,e,e,e,e,e,e,e,e,e,e,e,e,e,e,e,e,e,e,e,e,e,e,e,e,e,e,e,e,e,e,e,e,e,e
8.05,5.94,4.40,5.34,7.39,7.46,3.55,2.45,3.01,4.25,2.97,1.36,e,e,e,e,e,e,e,e,e,e,e,e,e,e,e,e,e,e,e,e,e,e,e,e,e,e,e,e,e,e,e,e,e,e,e,e,e,e,e,e,e,e,e,e,e,e,e,e,e,e,e,e,e,e,e,e,e,e,e,e,e,e,e,e,e,e,e,e,e,e,e,e,e,e,e,e,e,e,e,e,e,e,e,e,e,e,e,e,e,e,e,e,e,e,e,e,e,e,e,e,e,e,e,e,e,e,e,e,e,e,e,e,e,e,e,e,e,e,e,e,e,e,e,e,e,e,e,e,e,e,e,e,e,e,e,e,e,e,e,e,e,e,e,e,e,e,e,e,e,e,e,e,e,e,e,e,e,e,e,e,e,e,e,e,e,e,e,e,e,e,e,e,e,e,e,e,e,e,e,e,e,e,e,e,e,e,e,e,e,e,e,e,e,e,e,e,e,e,e,e,e,e,e,e,e,e,e,e,e,e,e,e,e,e,e,e,e,e,e,e,e,e,e,e,e,e,e,e,e,e,e,e,e,e,e,e,e,e,e,e,e,e,e,e
7.37,5.77,3.83,2.36,3.41,2.58,1.42,e,e,1.09,0.52,e,e,e,e,e,e,e,e,e,e,e,e,e,e,e,e,e,e,e,e,e,e,e,e,e,e,e,e,e,e,e,e,e,e,e,e,e,e,e,e,e,e,e,e,e,e,e,e,e,e,e,e,e,e,e,e,e,e,e,e,e,e,e,e,e,e,e,e,e,e,e,e,e,e,e,e,e,e,e,e,e,e,e,e,e,e,e,e,e,e,e,e,e,e,e,e,e,e,e,e,e,e,e,e,e,e,e,e,e,e,e,e,e,e,e,e,e,e,e,e,e,e,e,e,e,e,e,e,e,e,e,e,e,e,e,e,e,e,e,e,e,e,e,e,e,e,e,e,e,e,e,e,e,e,e,e,e,e,e,e,e,e,e,e,e,e,e,e,e,e,e,e,e,e,e,e,e,e,e,e,e,e,e,e,e,e,e,e,e,e,e,e,e,e,e,e,e,e,e,e,e,e,e,e,e,e,e,e,e,e,e,e,e,e,e,e,e,e,e,e,e,e,e,e,e,e,e,e,e,e,e,e,e,e,e,e,e,e,e,e,e,e,e,e,e
5.58,3.93,3.10,1.63,0.88,e,e,e,e,e,e,e,e,e,e,e,e,e,e,e,e,e,e,e,e,e,e,e,e,e,e,e,e,e,e,e,e,e,e,e,e,e,e,e,e,e,e,e,e,e,e,e,e,e,e,e,e,e,e,e,e,e,e,e,e,e,e,e,e,e,e,e,e,e,e,e,e,e,e,e,e,e,e,e,e,e,e,e,e,e,e,e,e,e,e,e,e,e,e,e,e,e,e,e,e,e,e,e,e,e,e,e,e,e,e,e,e,e,e,e,e,e,e,e,e,e,e,e,e,e,e,e,e,e,e,e,e,e,e,e,e,e,e,e,e,e,e,e,e,e,e,e,e,e,e,e,e,e,e,e,e,e,e,e,e,e,e,e,e,e,e,e,e,e,e,e,e,e,e,e,e,e,e,e,e,e,e,e,e,e,e,e,e,e,e,e,e,e,e,e,e,e,e,e,e,e,e,e,e,e,e,e,e,e,e,e,e,e,e,e,e,e,e,e,e,e,e,e,e,e,e,e,e,e,e,e,e,e,e,e,e,e,e,e,e,e,e,e,e,e,e,e,e,e,e,e
3.46,1.56,1.08,0.93,e,e,e,e,e,e,e,e,e,e,e,e,e,e,e,e,e,e,e,e,e,e,e,e,e,e,e,e,e,e,e,e,e,e,e,e,e,e,e,e,e,e,e,e,e,e,e,e,e,e,e,e,e,e,e,e,e,e,e,e,e,e,e,e,e,e,e,e,e,e,e,e,e,e,e,e,e,e,e,e,e,e,e,e,e,e,e,e,e,e,e,e,e,e,e,e,e,e,e,e,e,e,e,e,e,e,e,e,e,e,e,e,e,e,e,e,e,e,e,e,e,e,e,e,e,e,e,e,e,e,e,e,e,e,e,e,e,e,e,e,e,e,e,e,e,e,e,e,e,e,e,e,e,e,e,e,e,e,e,e,e,e,e,e,e,e,e,e,e,e,e,e,e,e,e,e,e,e,e,e,e,e,e,e,e,e,e,e,e,e,e,e,e,e,e,e,e,e,e,e,e,e,e,e,e,e,e,e,e,e,e,e,e,e,e,e,e,e,e,e,e,e,e,e,e,e,e,e,e,e,e,e,e,e,e,e,e,e,e,e,e,e,e,e,e,e,e,e,e,e,e,e
1.48,0.53,0.43,e,e,e,e,e,e,e,e,e,e,e,e,e,e,e,e,e,e,e,e,e,e,e,e,e,e,e,e,e,e,e,e,e,e,e,e,e,e,e,e,e,e,e,e,e,e,e,e,e,e,e,e,e,e,e,e,e,e,e,e,e,e,e,e,e,e,e,e,e,e,e,e,e,e,e,e,e,e,e,e,e,e,e,e,e,e,e,e,e,e,e,e,e,e,e,e,e,e,e,e,e,e,e,e,e,e,e,e,e,e,e,e,e,e,e,e,e,e,e,e,e,e,e,e,e,e,e,e,e,e,e,e,e,e,e,e,e,e,e,e,e,e,e,e,e,e,e,e,e,e,e,e,e,e,e,e,e,e,e,e,e,e,e,e,e,e,e,e,e,e,e,e,e,e,e,e,e,e,e,e,e,e,e,e,e,e,e,e,e,e,e,e,e,e,e,e,e,e,e,e,e,e,e,e,e,e,e,e,e,e,e,e,e,e,e,e,e,e,e,e,e,e,e,e,e,e,e,e,e,e,e,e,e,e,e,e,e,e,e,e,e,e,e,e,e,e,e,e,e,e,e,e,e
0.51,0.12,e,e,e,e,e,e,e,e,e,e,e,e,e,e,e,e,e,e,e,e,e,e,e,e,e,e,e,e,e,e,e,e,e,e,e,e,e,e,e,e,e,e,e,e,e,e,e,e,e,e,e,e,e,e,e,e,e,e,e,e,e,e,e,e,e,e,e,e,e,e,e,e,e,e,e,e,e,e,e,e,e,e,e,e,e,e,e,e,e,e,e,e,e,e,e,e,e,e,e,e,e,e,e,e,e,e,e,e,e,e,e,e,e,e,e,e,e,e,e,e,e,e,e,e,e,e,e,e,e,e,e,e,e,e,e,e,e,e,e,e,e,e,e,e,e,e,e,e,e,e,e,e,e,e,e,e,e,e,e,e,e,e,e,e,e,e,e,e,e,e,e,e,e,e,e,e,e,e,e,e,e,e,e,e,e,e,e,e,e,e,e,e,e,e,e,e,e,e,e,e,e,e,e,e,e,e,e,e,e,e,e,e,e,e,e,e,e,e,e,e,e,e,e,e,e,e,e,e,e,e,e,e,e,e,e,e,e,e,e,e,e,e,e,e,e,e,e,e,e,e,e,e,e,e
e,e,e,e,e,e,e,e,e,e,e,e,e,e,e,e,e,e,e,e,e,e,e,e,e,e,e,e,e,e,e,e,e,e,e,e,e,e,e,e,e,e,e,e,e,e,e,e,e,e,e,e,e,e,e,e,e,e,e,e,e,e,e,e,e,e,e,e,e,e,e,e,e,e,e,e,e,e,e,e,e,e,e,e,e,e,e,e,e,e,e,e,e,e,e,e,e,e,e,e,e,e,e,e,e,e,e,e,e,e,e,e,e,e,e,e,e,e,e,e,e,e,e,e,e,e,e,e,e,e,e,e,e,e,e,e,e,e,e,e,e,e,e,e,e,e,e,e,e,e,e,e,e,e,e,e,e,e,e,e,e,e,e,e,e,e,e,e,e,e,e,e,e,e,e,e,e,e,e,e,e,e,e,e,e,e,e,e,e,e,e,e,e,e,e,e,e,e,e,e,e,e,e,e,e,e,e,e,e,e,e,e,e,e,e,e,e,e,e,e,e,e,e,e,e,e,e,e,e,e,e,e,e,e,e,e,e,e,e,e,e,e,e,e,e,e,e,e,e,e,e,e,e,e,e,e
e,e,e,e,e,e,e,e,e,e,e,e,e,e,e,e,e,e,e,e,e,e,e,e,e,e,e,e,e,e,e,e,e,e,e,e,e,e,e,e,e,e,e,e,e,e,e,e,e,e,e,e,e,e,e,e,e,e,e,e,e,e,e,e,e,e,e,e,e,e,e,e,e,e,e,e,e,e,e,e,e,e,e,e,e,e,e,e,e,e,e,e,e,e,e,e,e,e,e,e,e,e,e,e,e,e,e,e,e,e,e,e,e,e,e,e,e,e,e,e,e,e,e,e,e,e,e,e,e,e,e,e,e,e,e,e,e,e,e,e,e,e,e,e,e,e,e,e,e,e,e,e,e,e,e,e,e,e,e,e,e,e,e,e,e,e,e,e,e,e,e,e,e,e,e,e,e,e,e,e,e,e,e,e,e,e,e,e,e,e,e,e,e,e,e,e,e,e,e,e,e,e,e,e,e,e,e,e,e,e,e,e,e,e,e,e,e,e,e,e,e,e,e,e,e,e,e,e,e,e,e,e,e,e,e,e,e,e,e,e,e,e,e,e,e,e,e,e,e,e,e,e,e,e,e,e
e,e,e,e,e,e,e,e,e,e,e,e,e,e,e,e,e,e,e,e,e,e,e,e,e,e,e,e,e,e,e,e,e,e,e,e,e,e,e,e,e,e,e,e,e,e,e,e,e,e,e,e,e,e,e,e,e,e,e,e,e,e,e,e,e,e,e,e,e,e,e,e,e,e,e,e,e,e,e,e,e,e,e,e,e,e,e,e,e,e,e,e,e,e,e,e,e,e,e,e,e,e,e,e,e,e,e,e,e,e,e,e,e,e,e,e,e,e,e,e,e,e,e,e,e,e,e,e,e,e,e,e,e,e,e,e,e,e,e,e,e,e,e,e,e,e,e,e,e,e,e,e,e,e,e,e,e,e,e,e,e,e,e,e,e,e,e,e,e,e,e,e,e,e,e,e,e,e,e,e,e,e,e,e,e,e,e,e,e,e,e,e,e,e,e,e,e,e,e,e,e,e,e,e,e,e,e,e,e,e,e,e,e,e,e,e,e,e,e,e,e,e,e,e,e,e,e,e,e,e,e,e,e,e,e,e,e,e,e,e,e,e,e,e,e,e,e,e,e,e,e,e,e,e,e,e
e,e,e,e,e,e,e,e,e,e,e,e,e,e,e,e,e,e,e,e,e,e,e,e,e,e,e,e,e,e,e,e,e,e,e,e,e,e,e,e,e,e,e,e,e,e,e,e,e,e,e,e,e,e,e,e,e,e,e,e,e,e,e,e,e,e,e,e,e,e,e,e,e,e,e,e,e,e,e,e,e,e,e,e,e,e,e,e,e,e,e,e,e,e,e,e,e,e,e,e,e,e,e,e,e,e,e,e,e,e,e,e,e,e,e,e,e,e,e,e,e,e,e,e,e,e,e,e,e,e,e,e,e,e,e,e,e,e,e,e,e,e,e,e,e,e,e,e,e,e,e,e,e,e,e,e,e,e,e,e,e,e,e,e,e,e,e,e,e,e,e,e,e,e,e,e,e,e,e,e,e,e,e,e,e,e,e,e,e,e,e,e,e,e,e,e,e,e,e,e,e,e,e,e,e,e,e,e,e,e,e,e,e,e,e,e,e,e,e,e,e,e,e,e,e,e,e,e,e,e,e,e,e,e,e,e,e,e,e,e,e,e,e,e,e,e,e,e,e,e,e,e,e,e,e,e
e,e,e,e,e,e,e,e,e,e,e,e,e,e,e,e,e,e,e,e,e,e,e,e,e,e,e,e,e,e,e,e,e,e,e,e,e,e,e,e,e,e,e,e,e,e,e,e,e,e,e,e,e,e,e,e,e,e,e,e,e,e,e,e,e,e,e,e,e,e,e,e,e,e,e,e,e,e,e,e,e,e,e,e,e,e,e,e,e,e,e,e,e,e,e,e,e,e,e,e,e,e,e,e,e,e,e,e,e,e,e,e,e,e,e,e,e,e,e,e,e,e,e,e,e,e,e,e,e,e,e,e,e,e,e,e,e,e,e,e,e,e,e,e,e,e,e,e,e,e,e,e,e,e,e,e,e,e,e,e,e,e,e,e,e,e,e,e,e,e,e,e,e,e,e,e,e,e,e,e,e,e,e,e,e,e,e,e,e,e,e,e,e,e,e,e,e,e,e,e,e,e,e,e,e,e,e,e,e,e,e,e,e,e,e,e,e,e,e,e,e,e,e,e,e,e,e,e,e,e,e,e,e,e,e,e,e,e,e,e,e,e,e,e,e,e,e,e,e,e,e,e,e,e,e,e
e,e,e,e,e,e,e,e,e,e,e,e,e,e,e,e,e,e,e,e,e,e,e,e,e,e,e,e,e,e,e,e,e,e,e,e,e,e,e,e,e,e,e,e,e,e,e,e,e,e,e,e,e,e,e,e,e,e,e,e,e,e,e,e,e,e,e,e,e,e,e,e,e,e,e,e,e,e,e,e,e,e,e,e,e,e,e,e,e,e,e,e,e,e,e,e,e,e,e,e,e,e,e,e,e,e,e,e,e,e,e,e,e,e,e,e,e,e,e,e,e,e,e,e,e,e,e,e,e,e,e,e,e,e,e,e,e,e,e,e,e,e,e,e,e,e,e,e,e,e,e,e,e,e,e,e,e,e,e,e,e,e,e,e,e,e,e,e,e,e,e,e,e,e,e,e,e,e,e,e,e,e,e,e,e,e,e,e,e,e,e,e,e,e,e,e,e,e,e,e,e,e,e,e,e,e,e,e,e,e,e,e,e,e,e,e,e,e,e,e,e,e,e,e,e,e,e,e,e,e,e,e,e,e,e,e,e,e,e,e,e,e,e,e,e,e,e,e,e,e,e,e,e,e,e,e
e,e,e,e,e,e,e,e,e,e,e,e,e,e,e,e,e,e,e,e,e,e,e,e,e,e,e,e,e,e,e,e,e,e,e,e,e,e,e,e,e,e,e,e,e,e,e,e,e,e,e,e,e,e,e,e,e,e,e,e,e,e,e,e,e,e,e,e,e,e,e,e,e,e,e,e,e,e,e,e,e,e,e,e,e,e,e,e,e,e,e,e,e,e,e,e,e,e,e,e,e,e,e,e,e,e,e,e,e,e,e,e,e,e,e,e,e,e,e,e,e,e,e,e,e,e,e,e,e,e,e,e,e,e,e,e,e,e,e,e,e,e,e,e,e,e,e,e,e,e,e,e,e,e,e,e,e,e,e,e,e,e,e,e,e,e,e,e,e,e,e,e,e,e,e,e,e,e,e,e,e,e,e,e,e,e,e,e,e,e,e,e,e,e,e,e,e,e,e,e,e,e,e,e,e,e,e,e,e,e,e,e,e,e,e,e,e,e,e,e,e,e,e,e,e,e,e,e,e,e,e,e,e,e,e,e,e,e,e,e,e,e,e,e,e,e,e,e,e,e,e,e,e,e,e,e
e,e,e,e,e,e,e,e,e,e,e,e,e,e,e,e,e,e,e,e,e,e,e,e,e,e,e,e,e,e,e,e,e,e,e,e,e,e,e,e,e,e,e,e,e,e,e,e,e,e,e,e,e,e,e,e,e,e,e,e,e,e,e,e,e,e,e,e,e,e,e,e,e,e,e,e,e,e,e,e,e,e,e,e,e,e,e,e,e,e,e,e,e,e,e,e,e,e,e,e,e,e,e,e,e,e,e,e,e,e,e,e,e,e,e,e,e,e,e,e,e,e,e,e,e,e,e,e,e,e,e,e,e,e,e,e,e,e,e,e,e,e,e,e,e,e,e,e,e,e,e,e,e,e,e,e,e,e,e,e,e,e,e,e,e,e,e,e,e,e,e,e,e,e,e,e,e,e,e,e,e,e,e,e,e,e,e,e,e,e,e,e,e,e,e,e,e,e,e,e,e,e,e,e,e,e,e,e,e,e,e,e,e,e,e,e,e,e,e,e,e,e,e,e,e,e,e,e,e,e,e,e,e,e,e,e,e,e,e,e,e,e,e,e,e,e,e,e,e,e,e,e,e,e,e,e
e,e,e,e,e,e,e,e,e,e,e,e,e,e,e,e,e,e,e,e,e,e,e,e,e,e,e,e,e,e,e,e,e,e,e,e,e,e,e,e,e,e,e,e,e,e,e,e,e,e,e,e,e,e,e,e,e,e,e,e,e,e,e,e,e,e,e,e,e,e,e,e,e,e,e,e,e,e,e,e,e,e,e,e,e,e,e,e,e,e,e,e,e,e,e,e,e,e,e,e,e,e,e,e,e,e,e,e,e,e,e,e,e,e,e,e,e,e,e,e,e,e,e,e,e,e,e,e,e,e,e,e,e,e,e,e,e,e,e,e,e,e,e,e,e,e,e,e,e,e,e,e,e,e,e,e,e,e,e,e,e,e,e,e,e,e,e,e,e,e,e,e,e,e,e,e,e,e,e,e,e,e,e,e,e,e,e,e,e,e,e,e,e,e,e,e,e,e,e,e,e,e,e,e,e,e,e,e,e,e,e,e,e,e,e,e,e,e,e,e,e,e,e,e,e,e,e,e,e,e,e,e,e,e,e,e,e,e,e,e,e,e,e,e,e,e,e,e,e,e,e,e,e,e,e,e
e,e,e,e,e,e,e,e,e,e,e,e,e,e,e,e,e,e,e,e,e,e,e,e,e,e,e,e,e,e,e,e,e,e,e,e,e,e,e,e,e,e,e,e,e,e,e,e,e,e,e,e,e,e,e,e,e,e,e,e,e,e,e,e,e,e,e,e,e,e,e,e,e,e,e,e,e,e,e,e,e,e,e,e,e,e,e,e,e,e,e,e,e,e,e,e,e,e,e,e,e,e,e,e,e,e,e,e,e,e,e,e,e,e,e,e,e,e,e,e,e,e,e,e,e,e,e,e,e,e,e,e,e,e,e,e,e,e,e,e,e,e,e,e,e,e,e,e,e,e,e,e,e,e,e,e,e,e,e,e,e,e,e,e,e,e,e,e,e,e,e,e,e,e,e,e,e,e,e,e,e,e,e,e,e,e,e,e,e,e,e,e,e,e,e,e,e,e,e,e,e,e,e,e,e,e,e,e,e,e,e,e,e,e,e,e,e,e,e,e,e,e,e,e,e,e,e,e,e,e,e,e,e,e,e,e,e,e,e,e,e,e,e,e,e,e,e,e,e,e,e,e,e,e,e,e
e,e,e,e,e,e,e,e,e,e,e,e,e,e,e,e,e,e,e,e,e,e,e,e,e,e,e,e,e,e,e,e,e,e,e,e,e,e,e,e,e,e,e,e,e,e,e,e,e,e,e,e,e,e,e,e,e,e,e,e,e,e,e,e,e,e,e,e,e,e,e,e,e,e,e,e,e,e,e,e,e,e,e,e,e,e,e,e,e,e,e,e,e,e,e,e,e,e,e,e,e,e,e,e,e,e,e,e,e,e,e,e,e,e,e,e,e,e,e,e,e,e,e,e,e,e,e,e,e,e,e,e,e,e,e,e,e,e,e,e,e,e,e,e,e,e,e,e,e,e,e,e,e,e,e,e,e,e,e,e,e,e,e,e,e,e,e,e,e,e,e,e,e,e,e,e,e,e,e,e,e,e,e,e,e,e,e,e,e,e,e,e,e,e,e,e,e,e,e,e,e,e,e,e,e,e,e,e,e,e,e,e,e,e,e,e,e,e,e,e,e,e,e,e,e,e,e,e,e,e,e,e,e,e,e,e,e,e,e,e,e,e,e,e,e,e,e,e,e,e,e,e,e,e,e,e
e,e,e,e,e,e,e,e,e,e,e,e,e,e,e,e,e,e,e,e,e,e,e,e,e,e,e,e,e,e,e,e,e,e,e,e,e,e,e,e,e,e,e,e,e,e,e,e,e,e,e,e,e,e,e,e,e,e,e,e,e,e,e,e,e,e,e,e,e,e,e,e,e,e,e,e,e,e,e,e,e,e,e,e,e,e,e,e,e,e,e,e,e,e,e,e,e,e,e,e,e,e,e,e,e,e,e,e,e,e,e,e,e,e,e,e,e,e,e,e,e,e,e,e,e,e,e,e,e,e,e,e,e,e,e,e,e,e,e,e,e,e,e,e,e,e,e,e,e,e,e,e,e,e,e,e,e,e,e,e,e,e,e,e,e,e,e,e,e,e,e,e,e,e,e,e,e,e,e,e,e,e,e,e,e,e,e,e,e,e,e,e,e,e,e,e,e,e,e,e,e,e,e,e,e,e,e,e,e,e,e,e,e,e,e,e,e,e,e,e,e,e,e,e,e,e,e,e,e,e,e,e,e,e,e,e,e,e,e,e,e,e,e,e,e,e,e,e,e,e,e,e,e,e,e,e
e,e,e,e,e,e,e,e,e,e,e,e,e,e,e,e,e,e,e,e,e,e,e,e,e,e,e,e,e,e,e,e,e,e,e,e,e,e,e,e,e,e,e,e,e,e,e,e,e,e,e,e,e,e,e,e,e,e,e,e,e,e,e,e,e,e,e,e,e,e,e,e,e,e,e,e,e,e,e,e,e,e,e,e,e,e,e,e,e,e,e,e,e,e,e,e,e,e,e,e,e,e,e,e,e,e,e,e,e,e,e,e,e,e,e,e,e,e,e,e,e,e,e,e,e,e,e,e,e,e,e,e,e,e,e,e,e,e,e,e,e,e,e,e,e,e,e,e,e,e,e,e,e,e,e,e,e,e,e,e,e,e,e,e,e,e,e,e,e,e,e,e,e,e,e,e,e,e,e,e,e,e,e,e,e,e,e,e,e,e,e,e,e,e,e,e,e,e,e,e,e,e,e,e,e,e,e,e,e,e,e,e,e,e,e,e,e,e,e,e,e,e,e,e,e,e,e,e,e,e,e,e,e,e,e,e,e,e,e,e,e,e,e,e,e,e,e,e,e,e,e,e,e,e,e,e
e,e,e,e,e,e,e,e,e,e,e,e,e,e,e,e,e,e,e,e,e,e,e,e,e,e,e,e,e,e,e,e,e,e,e,e,e,e,e,e,e,e,e,e,e,e,e,e,e,e,e,e,e,e,e,e,e,e,e,e,e,e,e,e,e,e,e,e,e,e,e,e,e,e,e,e,e,e,e,e,e,e,e,e,e,e,e,e,e,e,e,e,e,e,e,e,e,e,e,e,e,e,e,e,e,e,e,e,e,e,e,e,e,e,e,e,e,e,e,e,e,e,e,e,e,e,e,e,e,e,e,e,e,e,e,e,e,e,e,e,e,e,e,e,e,e,e,e,e,e,e,e,e,e,e,e,e,e,e,e,e,e,e,e,e,e,e,e,e,e,e,e,e,e,e,e,e,e,e,e,e,e,e,e,e,e,e,e,e,e,e,e,e,e,e,e,e,e,e,e,e,e,e,e,e,e,e,e,e,e,e,e,e,e,e,e,e,e,e,e,e,e,e,e,e,e,e,e,e,e,e,e,e,e,e,e,e,e,e,e,e,e,e,e,e,e,e,e,e,e,e,e,e,e,e,e
e,e,e,e,e,e,e,e,e,e,e,e,e,e,e,e,e,e,e,e,e,e,e,e,e,e,e,e,e,e,e,e,e,e,e,e,e,e,e,e,e,e,e,e,e,e,e,e,e,e,e,e,e,e,e,e,e,e,e,e,e,e,e,e,e,e,e,e,e,e,e,e,e,e,e,e,e,e,e,e,e,e,e,e,e,e,e,e,e,e,e,e,e,e,e,e,e,e,e,e,e,e,e,e,e,e,e,e,e,e,e,e,e,e,e,e,e,e,e,e,e,e,e,e,e,e,e,e,e,e,e,e,e,e,e,e,e,e,e,e,e,e,e,e,e,e,e,e,e,e,e,e,e,e,e,e,e,e,e,e,e,e,e,e,e,e,e,e,e,e,e,e,e,e,e,e,e,e,e,e,e,e,e,e,e,e,e,e,e,e,e,e,e,e,e,e,e,e,e,e,e,e,e,e,e,e,e,e,e,e,e,e,e,e,e,e,e,e,e,e,e,e,e,e,e,e,e,e,e,e,e,e,e,e,e,e,e,e,e,e,e,e,e,e,e,e,e,e,e,e,e,e,e,e,e,e
e,e,e,e,e,e,e,e,e,e,e,e,e,e,e,e,e,e,e,e,e,e,e,e,e,e,e,e,e,e,e,e,e,e,e,e,e,e,e,e,e,e,e,e,e,e,e,e,e,e,e,e,e,e,e,e,e,e,e,e,e,e,e,e,e,e,e,e,e,e,e,e,e,e,e,e,e,e,e,e,e,e,e,e,e,e,e,e,e,e,e,e,e,e,e,e,e,e,e,e,e,e,e,e,e,e,e,e,e,e,e,e,e,e,e,e,e,e,e,e,e,e,e,e,e,e,e,e,e,e,e,e,e,e,e,e,e,e,e,e,e,e,e,e,e,e,e,e,e,e,e,e,e,e,e,e,e,e,e,e,e,e,e,e,e,e,e,e,e,e,e,e,e,e,e,e,e,e,e,e,e,e,e,e,e,e,e,e,e,e,e,e,e,e,e,e,e,e,e,e,e,e,e,e,e,e,e,e,e,e,e,e,e,e,e,e,e,e,e,e,e,e,e,e,e,e,e,e,e,e,e,e,e,e,e,e,e,e,e,e,e,e,e,e,e,e,e,e,e,e,e,e,e,e,e,e
e,e,e,e,e,e,e,e,e,e,e,e,e,e,e,e,e,e,e,e,e,e,e,e,e,e,e,e,e,e,e,e,e,e,e,e,e,e,e,e,e,e,e,e,e,e,e,e,e,e,e,e,e,e,e,e,e,e,e,e,e,e,e,e,e,e,e,e,e,e,e,e,e,e,e,e,e,e,e,e,e,e,e,e,e,e,e,e,e,e,e,e,e,e,e,e,e,e,e,e,e,e,e,e,e,e,e,e,e,e,e,e,e,e,e,e,e,e,e,e,e,e,e,e,e,e,e,e,e,e,e,e,e,e,e,e,e,e,e,e,e,e,e,e,e,e,e,e,e,e,e,e,e,e,e,e,e,e,e,e,e,e,e,e,e,e,e,e,e,e,e,e,e,e,e,e,e,e,e,e,e,e,e,e,e,e,e,e,e,e,e,e,e,e,e,e,e,e,e,e,e,e,e,e,e,e,e,e,e,e,e,e,e,e,e,e,e,e,e,e,e,e,e,e,e,e,e,e,e,e,e,e,e,e,e,e,e,e,e,e,e,e,e,e,e,e,e,e,e,e,e,e,e,e,e,e
e,e,e,e,e,e,e,e,e,e,e,e,e,e,e,e,e,e,e,e,e,e,e,e,e,e,e,e,e,e,e,e,e,e,e,e,e,e,e,e,e,e,e,e,e,e,e,e,e,e,e,e,e,e,e,e,e,e,e,e,e,e,e,e,e,e,e,e,e,e,e,e,e,e,e,e,e,e,e,e,e,e,e,e,e,e,e,e,e,e,e,e,e,e,e,e,e,e,e,e,e,e,e,e,e,e,e,e,e,e,e,e,e,e,e,e,e,e,e,e,e,e,e,e,e,e,e,e,e,e,e,e,e,e,e,e,e,e,e,e,e,e,e,e,e,e,e,e,e,e,e,e,e,e,e,e,e,e,e,e,e,e,e,e,e,e,e,e,e,e,e,e,e,e,e,e,e,e,e,e,e,e,e,e,e,e,e,e,e,e,e,e,e,e,e,e,e,e,e,e,e,e,e,e,e,e,e,e,e,e,e,e,e,e,e,e,e,e,e,e,e,e,e,e,e,e,e,e,e,e,e,e,e,e,e,e,e,e,e,e,e,e,e,e,e,e,e,e,e,e,e,e,e,e,e,e
e,e,e,e,e,e,e,e,e,e,e,e,e,e,e,e,e,e,e,e,e,e,e,e,e,e,e,e,e,e,e,e,e,e,e,e,e,e,e,e,e,e,e,e,e,e,e,e,e,e,e,e,e,e,e,e,e,e,e,e,e,e,e,e,e,e,e,e,e,e,e,e,e,e,e,e,e,e,e,e,e,e,e,e,e,e,e,e,e,e,e,e,e,e,e,e,e,e,e,e,e,e,e,e,e,e,e,e,e,e,e,e,e,e,e,e,e,e,e,e,e,e,e,e,e,e,e,e,e,e,e,e,e,e,e,e,e,e,e,e,e,e,e,e,e,e,e,e,e,e,e,e,e,e,e,e,e,e,e,e,e,e,e,e,e,e,e,e,e,e,e,e,e,e,e,e,e,e,e,e,e,e,e,e,e,e,e,e,e,e,e,e,e,e,e,e,e,e,e,e,e,e,e,e,e,e,e,e,e,e,e,e,e,e,e,e,e,e,e,e,e,e,e,e,e,e,e,e,e,e,e,e,e,e,e,e,e,e,e,e,e,e,e,e,e,e,e,e,e,e,e,e,e,e,e,e
e,e,e,e,e,e,e,e,e,e,e,e,e,e,e,e,e,e,e,e,e,e,e,e,e,e,e,e,e,e,e,e,e,e,e,e,e,e,e,e,e,e,e,e,e,e,e,e,e,e,e,e,e,e,e,e,e,e,e,e,e,e,e,e,e,e,e,e,e,e,e,e,e,e,e,e,e,e,e,e,e,e,e,e,e,e,e,e,e,e,e,e,e,e,e,e,e,e,e,e,e,e,e,e,e,e,e,e,e,e,e,e,e,e,e,e,e,e,e,e,e,e,e,e,e,e,e,e,e,e,e,e,e,e,e,e,e,e,e,e,e,e,e,e,e,e,e,e,e,e,e,e,e,e,e,e,e,e,e,e,e,e,e,e,e,e,e,e,e,e,e,e,e,e,e,e,e,e,e,e,e,e,e,e,e,e,e,e,e,e,e,e,e,e,e,e,e,e,e,e,e,e,e,e,e,e,e,e,e,e,e,e,e,e,e,e,e,e,e,e,e,e,e,e,e,e,e,e,e,e,e,e,e,e,e,e,e,e,e,e,e,e,e,e,e,e,e,e,e,e,e,e,e,e,e,e
e,e,e,e,e,e,e,e,e,e,e,e,e,e,e,e,e,e,e,e,e,e,e,e,e,e,e,e,e,e,e,e,e,e,e,e,e,e,e,e,e,e,e,e,e,e,e,e,e,e,e,e,e,e,e,e,e,e,e,e,e,e,e,e,e,e,e,e,e,e,e,e,e,e,e,e,e,e,e,e,e,e,e,e,e,e,e,e,e,e,e,e,e,e,e,e,e,e,e,e,e,e,e,e,e,e,e,e,e,e,e,e,e,e,e,e,e,e,e,e,e,e,e,e,e,e,e,e,e,e,e,e,e,e,e,e,e,e,e,e,e,e,e,e,e,e,e,e,e,e,e,e,e,e,e,e,e,e,e,e,e,e,e,e,e,e,e,e,e,e,e,e,e,e,e,e,e,e,e,e,e,e,e,e,e,e,e,e,e,e,e,e,e,e,e,e,e,e,e,e,e,e,e,e,e,e,e,e,e,e,e,e,e,e,e,e,e,e,e,e,e,e,e,e,e,e,e,e,e,e,e,e,e,e,e,e,e,e,e,e,e,e,e,e,e,e,e,e,e,e,e,e,e,e,e,e
e,e,e,e,e,e,e,e,e,e,e,e,e,e,e,e,e,e,e,e,e,e,e,e,e,e,e,e,e,e,e,e,e,e,e,e,e,e,e,e,e,e,e,e,e,e,e,e,e,e,e,e,e,e,e,e,e,e,e,e,e,e,e,e,e,e,e,e,e,e,e,e,e,e,e,e,e,e,e,e,e,e,e,e,e,e,e,e,e,e,e,e,e,e,e,e,e,e,e,e,e,e,e,e,e,e,e,e,e,e,e,e,e,e,e,e,e,e,e,e,e,e,e,e,e,e,e,e,e,e,e,e,e,e,e,e,e,e,e,e,e,e,e,e,e,e,e,e,e,e,e,e,e,e,e,e,e,e,e,e,e,e,e,e,e,e,e,e,e,e,e,e,e,e,e,e,e,e,e,e,e,e,e,e,e,e,e,e,e,e,e,e,e,e,e,e,e,e,e,e,e,e,e,e,e,e,e,e,e,e,e,e,e,e,e,e,e,e,e,e,e,e,e,e,e,e,e,e,e,e,e,e,e,e,e,e,e,e,e,e,e,e,e,e,e,e,e,e,e,e,e,e,e,e,e,e
e,e,e,e,e,e,e,e,e,e,e,e,e,e,e,e,e,e,e,e,e,e,e,e,e,e,e,e,e,e,e,e,e,e,e,e,e,e,e,e,e,e,e,e,e,e,e,e,e,e,e,e,e,e,e,e,e,e,e,e,e,e,e,e,e,e,e,e,e,e,e,e,e,e,e,e,e,e,e,e,e,e,e,e,e,e,e,e,e,e,e,e,e,e,e,e,e,e,e,e,e,e,e,e,e,e,e,e,e,e,e,e,e,e,e,e,e,e,e,e,e,e,e,e,e,e,e,e,e,e,e,e,e,e,e,e,e,e,e,e,e,e,e,e,e,e,e,e,e,e,e,e,e,e,e,e,e,e,e,e,e,e,e,e,e,e,e,e,e,e,e,e,e,e,e,e,e,e,e,e,e,e,e,e,e,e,e,e,e,e,e,e,e,e,e,e,e,e,e,e,e,e,e,e,e,e,e,e,e,e,e,e,e,e,e,e,e,e,e,e,e,e,e,e,e,e,e,e,e,e,e,e,e,e,e,e,e,e,e,e,e,e,e,e,e,e,e,e,e,e,e,e,e,e,e,e
e,e,e,e,e,e,e,e,e,e,e,e,e,e,e,e,e,e,e,e,e,e,e,e,e,e,e,e,e,e,e,e,e,e,e,e,e,e,e,e,e,e,e,e,e,e,e,e,e,e,e,e,e,e,e,e,e,e,e,e,e,e,e,e,e,e,e,e,e,e,e,e,e,e,e,e,e,e,e,e,e,e,e,e,e,e,e,e,e,e,e,e,e,e,e,e,e,e,e,e,e,e,e,e,e,e,e,e,e,e,e,e,e,e,e,e,e,e,e,e,e,e,e,e,e,e,e,e,e,e,e,e,e,e,e,e,e,e,e,e,e,e,e,e,e,e,e,e,e,e,e,e,e,e,e,e,e,e,e,e,e,e,e,e,e,e,e,e,e,e,e,e,e,e,e,e,e,e,e,e,e,e,e,e,e,e,e,e,e,e,e,e,e,e,e,e,e,e,e,e,e,e,e,e,e,e,e,e,e,e,e,e,e,e,e,e,e,e,e,e,e,e,e,e,e,e,e,e,e,e,e,e,e,e,e,e,e,e,e,e,e,e,e,e,e,e,e,e,e,e,e,e,e,e,e,e
e,e,e,e,e,e,e,e,e,e,e,e,e,e,e,e,e,e,e,e,e,e,e,e,e,e,e,e,e,e,e,e,e,e,e,e,e,e,e,e,e,e,e,e,e,e,e,e,e,e,e,e,e,e,e,e,e,e,e,e,e,e,e,e,e,e,e,e,e,e,e,e,e,e,e,e,e,e,e,e,e,e,e,e,e,e,e,e,e,e,e,e,e,e,e,e,e,e,e,e,e,e,e,e,e,e,e,e,e,e,e,e,e,e,e,e,e,e,e,e,e,e,e,e,e,e,e,e,e,e,e,e,e,e,e,e,e,e,e,e,e,e,e,e,e,e,e,e,e,e,e,e,e,e,e,e,e,e,e,e,e,e,e,e,e,e,e,e,e,e,e,e,e,e,e,e,e,e,e,e,e,e,e,e,e,e,e,e,e,e,e,e,e,e,e,e,e,e,e,e,e,e,e,e,e,e,e,e,e,e,e,e,e,e,e,e,e,e,e,e,e,e,e,e,e,e,e,e,e,e,e,e,e,e,e,e,e,e,e,e,e,e,e,e,e,e,e,e,e,e,e,e,e,e,e,e
e,e,e,e,e,e,e,e,e,e,e,e,e,e,e,e,e,e,e,e,e,e,e,e,e,e,e,e,e,e,e,e,e,e,e,e,e,e,e,e,e,e,e,e,e,e,e,e,e,e,e,e,e,e,e,e,e,e,e,e,e,e,e,e,e,e,e,e,e,e,e,e,e,e,e,e,e,e,e,e,e,e,e,e,e,e,e,e,e,e,e,e,e,e,e,e,e,e,e,e,e,e,e,e,e,e,e,e,e,e,e,e,e,e,e,e,e,e,e,e,e,e,e,e,e,e,e,e,e,e,e,e,e,e,e,e,e,e,e,e,e,e,e,e,e,e,e,e,e,e,e,e,e,e,e,e,e,e,e,e,e,e,e,e,e,e,e,e,e,e,e,e,e,e,e,e,e,e,e,e,e,e,e,e,e,e,e,e,e,e,e,e,e,e,e,e,e,e,e,e,e,e,e,e,e,e,e,e,e,e,e,e,e,e,e,e,e,e,e,e,e,e,e,e,e,e,e,e,e,e,e,e,e,e,e,e,e,e,e,e,e,e,e,e,e,e,e,e,e,e,e,e,e,e,e,e
e,e,e,e,e,e,e,e,e,e,e,e,e,e,e,e,e,e,e,e,e,e,e,e,e,e,e,e,e,e,e,e,e,e,e,e,e,e,e,e,e,e,e,e,e,e,e,e,e,e,e,e,e,e,e,e,e,e,e,e,e,e,e,e,e,e,e,e,e,e,e,e,e,e,e,e,e,e,e,e,e,e,e,e,e,e,e,e,e,e,e,e,e,e,e,e,e,e,e,e,e,e,e,e,e,e,e,e,e,e,e,e,e,e,e,e,e,e,e,e,e,e,e,e,e,e,e,e,e,e,e,e,e,e,e,e,e,e,e,e,e,e,e,e,e,e,e,e,e,e,e,e,e,e,e,e,e,e,e,e,e,e,e,e,e,e,e,e,e,e,e,e,e,e,e,e,e,e,e,e,e,e,e,e,e,e,e,e,e,e,e,e,e,e,e,e,e,e,e,e,e,e,e,e,e,e,e,e,e,e,e,e,e,e,e,e,e,e,e,e,e,e,e,e,e,e,e,e,e,e,e,e,e,e,e,e,e,e,e,e,e,e,e,e,e,e,e,e,e,e,e,e,e,e,e,e
e,e,e,e,e,e,e,e,e,e,e,e,e,e,e,e,e,e,e,e,e,e,e,e,e,e,e,e,e,e,e,e,e,e,e,e,e,e,e,e,e,e,e,e,e,e,e,e,e,e,e,e,e,e,e,e,e,e,e,e,e,e,e,e,e,e,e,e,e,e,e,e,e,e,e,e,e,e,e,e,e,e,e,e,e,e,e,e,e,e,e,e,e,e,e,e,e,e,e,e,e,e,e,e,e,e,e,e,e,e,e,e,e,e,e,e,e,e,e,e,e,e,e,e,e,e,e,e,e,e,e,e,e,e,e,e,e,e,e,e,e,e,e,e,e,e,e,e,e,e,e,e,e,e,e,e,e,e,e,e,e,e,e,e,e,e,e,e,e,e,e,e,e,e,e,e,e,e,e,e,e,e,e,e,e,e,e,e,e,e,e,e,e,e,e,e,e,e,e,e,e,e,e,e,e,e,e,e,e,e,e,e,e,e,e,e,e,e,e,e,e,e,e,e,e,e,e,e,e,e,e,e,e,e,e,e,e,e,e,e,e,e,e,e,e,e,e,e,e,e,e,e,e,e,e,e
e,e,e,e,e,e,e,e,e,e,e,e,e,e,e,e,e,e,e,e,e,e,e,e,e,e,e,e,e,e,e,e,e,e,e,e,e,e,e,e,e,e,e,e,e,e,e,e,e,e,e,e,e,e,e,e,e,e,e,e,e,e,e,e,e,e,e,e,e,e,e,e,e,e,e,e,e,e,e,e,e,e,e,e,e,e,e,e,e,e,e,e,e,e,e,e,e,e,e,e,e,e,e,e,e,e,e,e,e,e,e,e,e,e,e,e,e,e,e,e,e,e,e,e,e,e,e,e,e,e,e,e,e,e,e,e,e,e,e,e,e,e,e,e,e,e,e,e,e,e,e,e,e,e,e,e,e,e,e,e,e,e,e,e,e,e,e,e,e,e,e,e,e,e,e,e,e,e,e,e,e,e,e,e,e,e,e,e,e,e,e,e,e,e,e,e,e,e,e,e,e,e,e,e,e,e,e,e,e,e,e,e,e,e,e,e,e,e,e,e,e,e,e,e,e,e,e,e,e,e,e,e,e,e,e,e,e,e,e,e,e,e,e,e,e,e,e,e,e,e,e,e,e,e,e,e
e,e,e,e,e,e,e,e,e,e,e,e,e,e,e,e,e,e,e,e,e,e,e,e,e,e,e,e,e,e,e,e,e,e,e,e,e,e,e,e,e,e,e,e,e,e,e,e,e,e,e,e,e,e,e,e,e,e,e,e,e,e,e,e,e,e,e,e,e,e,e,e,e,e,e,e,e,e,e,e,e,e,e,e,e,e,e,e,e,e,e,e,e,e,e,e,e,e,e,e,e,e,e,e,e,e,e,e,e,e,e,e,e,e,e,e,e,e,e,e,e,e,e,e,e,e,e,e,e,e,e,e,e,e,e,e,e,e,e,e,e,e,e,e,e,e,e,e,e,e,e,e,e,e,e,e,e,e,e,e,e,e,e,e,e,e,e,e,e,e,e,e,e,e,e,e,e,e,e,e,e,e,e,e,e,e,e,e,e,e,e,e,e,e,e,e,e,e,e,e,e,e,e,e,e,e,e,e,e,e,e,e,e,e,e,e,e,e,e,e,e,e,e,e,e,e,e,e,e,e,e,e,e,e,e,e,e,e,e,e,e,e,e,e,e,e,e,e,e,e,e,e,e,e,e,e
e,e,e,e,e,e,e,e,e,e,e,e,e,e,e,e,e,e,e,e,e,e,e,e,e,e,e,e,e,e,e,e,e,e,e,e,e,e,e,e,e,e,e,e,e,e,e,e,e,e,e,e,e,e,e,e,e,e,e,e,e,e,e,e,e,e,e,e,e,e,e,e,e,e,e,e,e,e,e,e,e,e,e,e,e,e,e,e,e,e,e,e,e,e,e,e,e,e,e,e,e,e,e,e,e,e,e,e,e,e,e,e,e,e,e,e,e,e,e,e,e,e,e,e,e,e,e,e,e,e,e,e,e,e,e,e,e,e,e,e,e,e,e,e,e,e,e,e,e,e,e,e,e,e,e,e,e,e,e,e,e,e,e,e,e,e,e,e,e,e,e,e,e,e,e,e,e,e,e,e,e,e,e,e,e,e,e,e,e,e,e,e,e,e,e,e,e,e,e,e,e,e,e,e,e,e,e,e,e,e,e,e,e,e,e,e,e,e,e,e,e,e,e,e,e,e,e,e,e,e,e,e,e,e,e,e,e,e,e,e,e,e,e,e,e,e,e,e,e,e,e,e,e,e,e,e
e,e,e,e,e,e,e,e,e,e,e,e,e,e,e,e,e,e,e,e,e,e,e,e,e,e,e,e,e,e,e,e,e,e,e,e,e,e,e,e,e,e,e,e,e,e,e,e,e,e,e,e,e,e,e,e,e,e,e,e,e,e,e,e,e,e,e,e,e,e,e,e,e,e,e,e,e,e,e,e,e,e,e,e,e,e,e,e,e,e,e,e,e,e,e,e,e,e,e,e,e,e,e,e,e,e,e,e,e,e,e,e,e,e,e,e,e,e,e,e,e,e,e,e,e,e,e,e,e,e,e,e,e,e,e,e,e,e,e,e,e,e,e,e,e,e,e,e,e,e,e,e,e,e,e,e,e,e,e,e,e,e,e,e,e,e,e,e,e,e,e,e,e,e,e,e,e,e,e,e,e,e,e,e,e,e,e,e,e,e,e,e,e,e,e,e,e,e,e,e,e,e,e,e,e,e,e,e,e,e,e,e,e,e,e,e,e,e,e,e,e,e,e,e,e,e,e,e,e,e,e,e,e,e,e,e,e,e,e,e,e,e,e,e,e,e,e,e,e,e,e,e,e,e,e,e
e,e,e,e,e,e,e,e,e,e,e,e,e,e,e,e,e,e,e,e,e,e,e,e,e,e,e,e,e,e,e,e,e,e,e,e,e,e,e,e,e,e,e,e,e,e,e,e,e,e,e,e,e,e,e,e,e,e,e,e,e,e,e,e,e,e,e,e,e,e,e,e,e,e,e,e,e,e,e,e,e,e,e,e,e,e,e,e,e,e,e,e,e,e,e,e,e,e,e,e,e,e,e,e,e,e,e,e,e,e,e,e,e,e,e,e,e,e,e,e,e,e,e,e,e,e,e,e,e,e,e,e,e,e,e,e,e,e,e,e,e,e,e,e,e,e,e,e,e,e,e,e,e,e,e,e,e,e,e,e,e,e,e,e,e,e,e,e,e,e,e,e,e,e,e,e,e,e,e,e,e,e,e,e,e,e,e,e,e,e,e,e,e,e,e,e,e,e,e,e,e,e,e,e,e,e,e,e,e,e,e,e,e,e,e,e,e,e,e,e,e,e,e,e,e,e,e,e,e,e,e,e,e,e,e,e,e,e,e,e,e,e,e,e,e,e,e,e,e,e,e,e,e,e,e,e
e,e,e,e,e,e,e,e,e,e,e,e,e,e,e,e,e,e,e,e,e,e,e,e,e,e,e,e,e,e,e,e,e,e,e,e,e,e,e,e,e,e,e,e,e,e,e,e,e,e,e,e,e,e,e,e,e,e,e,e,e,e,e,e,e,e,e,e,e,e,e,e,e,e,e,e,e,e,e,e,e,e,e,e,e,e,e,e,e,e,e,e,e,e,e,e,e,e,e,e,e,e,e,e,e,e,e,e,e,e,e,e,e,e,e,e,e,e,e,e,e,e,e,e,e,e,e,e,e,e,e,e,e,e,e,e,e,e,e,e,e,e,e,e,e,e,e,e,e,e,e,e,e,e,e,e,e,e,e,e,e,e,e,e,e,e,e,e,e,e,e,e,e,e,e,e,e,e,e,e,e,e,e,e,e,e,e,e,e,e,e,e,e,e,e,e,e,e,e,e,e,e,e,e,e,e,e,e,e,e,e,e,e,e,e,e,e,e,e,e,e,e,e,e,e,e,e,e,e,e,e,e,e,e,e,e,e,e,e,e,e,e,e,e,e,e,e,e,e,e,e,e,e,e,e,e
e,e,e,e,e,e,e,e,e,e,e,e,e,e,e,e,e,e,e,e,e,e,e,e,e,e,e,e,e,e,e,e,e,e,e,e,e,e,e,e,e,e,e,e,e,e,e,e,e,e,e,e,e,e,e,e,e,e,e,e,e,e,e,e,e,e,e,e,e,e,e,e,e,e,e,e,e,e,e,e,e,e,e,e,e,e,e,e,e,e,e,e,e,e,e,e,e,e,e,e,e,e,e,e,e,e,e,e,e,e,e,e,e,e,e,e,e,e,e,e,e,e,e,e,e,e,e,e,e,e,e,e,e,e,e,e,e,e,e,e,e,e,e,e,e,e,e,e,e,e,e,e,e,e,e,e,e,e,e,e,e,e,e,e,e,e,e,e,e,e,e,e,e,e,e,e,e,e,e,e,e,e,e,e,e,e,e,e,e,e,e,e,e,e,e,e,e,e,e,e,e,e,e,e,e,e,e,e,e,e,e,e,e,e,e,e,e,e,e,e,e,e,e,e,e,e,e,e,e,e,e,e,e,e,e,e,e,e,e,e,e,e,e,e,e,e,e,e,e,e,e,e,e,e,e,e
e,e,e,e,e,e,e,e,e,e,e,e,e,e,e,e,e,e,e,e,e,e,e,e,e,e,e,e,e,e,e,e,e,e,e,e,e,e,e,e,e,e,e,e,e,e,e,e,e,e,e,e,e,e,e,e,e,e,e,e,e,e,e,e,e,e,e,e,e,e,e,e,e,e,e,e,e,e,e,e,e,e,e,e,e,e,e,e,e,e,e,e,e,e,e,e,e,e,e,e,e,e,e,e,e,e,e,e,e,e,e,e,e,e,e,e,e,e,e,e,e,e,e,e,e,e,e,e,e,e,e,e,e,e,e,e,e,e,e,e,e,e,e,e,e,e,e,e,e,e,e,e,e,e,e,e,e,e,e,e,e,e,e,e,e,e,e,e,e,e,e,e,e,e,e,e,e,e,e,e,e,e,e,e,e,e,e,e,e,e,e,e,e,e,e,e,e,e,e,e,e,e,e,e,e,e,e,e,e,e,e,e,e,e,e,e,e,e,e,e,e,e,e,e,e,e,e,e,e,e,e,e,e,e,e,e,e,e,e,e,e,e,e,e,e,e,e,e,e,e,e,e,e,e,e,e
