e,e,0.64,3.26,7.02,10.70,22.38,38.28,41.19,41.31,40.70,39.57,37.67,35.44,34.19,31.97,29.82,30.31,35.00,37.07,39.25,46.88,51.16,55.68,59.83,61.49,62.92,64.07,65.28,67.20,69.09,70.90,73.00,75.06,77.11,78.94,81.30,84.38,87.61,90.59,93.15,94.26,94.57,96.51,99.69,101.88,103.77,105.56,107.29,109.14,110.87,112.49,113.93,115.66,117.48,119.28,121.44,123.70,125.96,128.15,130.42,132.24,133.91,135.85,138.03,140.36,142.53,144.64,147.22,149.78,152.41,155.17,157.93,160.57,162.75,164.92,167.20,169.47,171.41,173.17,175.10,177.14,179.18,181.51,184.13,186.79,189.38,192.35,196.82,200.55,202.71,204.73,206.62,208.45,210.27,212.53,214.51,216.70,218.74,221.02,223.14,225.11,227.07,228.98,231.06,233.40,235.63,237.67,239.13,241.42,244.35,247.18,248.93,248.91,248.45,248.88,250.52,252.72,255.82,257.99,259.44,260.88,262.24,264.02,266.07,268.17,270.31,272.40,274.40,276.25,278.19,280.22,282.27,284.21,285.94,287.53,289.05,290.39,291.78,293.49,295.96,298.80,301.65,303.32,303.94,304.50,305.71,306.62,306.25,305.50,307.01,308.09,308.43,308.87,309.46,309.70,311.88,314.12,316.10,315.40,315.71,316.57,317.53,320.23,326.43,332.50,335.34,337.10,336.67,338.58,339.99,341.86,344.98,348.36,351.83,355.28,358.35,361.47,364.88,368.22,371.51,374.83,378.98,394.05,409.24,410.90,409.26,396.64,394.32,397.98,401.50,404.59,406.83,408.56,410.05,411.14,413.06,415.41,417.56,418.88,420.37,423.32,426.77,430.32,432.25,432.75,430.97,433.25,435.60,436.79,438.41,440.01,439.50,439.28,438.54,439.75,441.63,440.91,437.61,431.94,431.87,432.75,434.28,438.52,443.30,448.01,454.93,461.09,465.64,467.19,469.50,471.91,475.32,481.40,488.64,493.26,495.31,496.43,494.81,488.94,486.01,490.66,492.49,493.06,493.03,492.28,489.61,483.93,476.35,477.60,481.92,485.37,489.47,494.39,501.75,510.64
e,e,0.73,3.03,4.26,6.88,12.67,23.97,34.95,35.96,34.84,35.47,35.01,32.98,31.53,29.49,27.17,27.89,35.19,42.28,48.61,51.84,53.79,57.31,59.37,60.98,62.72,64.19,65.73,67.30,68.73,70.25,72.18,74.19,76.21,78.33,80.77,83.92,87.11,90.05,91.90,91.40,90.90,93.99,97.97,100.42,102.17,103.89,105.67,107.46,109.12,110.53,112.06,113.81,115.80,118.00,120.15,122.29,124.49,126.72,128.86,130.45,132.45,134.89,137.49,139.93,142.00,144.00,146.41,148.72,150.96,153.75,156.62,159.33,161.62,163.88,166.21,168.55,170.39,172.04,174.06,176.11,178.19,180.43,183.04,185.66,188.20,191.46,196.42,200.75,202.79,204.09,205.70,207.46,209.22,211.10,213.01,215.01,217.38,219.83,221.91,223.86,225.59,227.10,229.00,231.34,233.57,235.62,237.38,239.46,241.93,243.36,244.53,244.89,245.25,246.52,248.34,250.55,253.33,255.22,256.86,258.25,259.85,261.86,264.01,266.08,268.15,270.17,271.98,273.49,275.53,277.88,280.36,282.27,283.90,285.50,287.00,288.10,289.15,290.51,292.57,294.98,297.49,299.37,300.29,301.07,302.26,302.76,301.68,302.65,305.25,305.66,305.96,306.37,306.59,307.00,308.50,310.48,312.67,312.15,312.80,313.68,316.64,320.89,325.26,328.08,330.39,331.61,334.02,336.22,337.65,340.75,344.39,347.70,350.70,353.89,356.86,359.79,362.97,366.26,369.24,372.37,378.17,394.91,405.08,405.01,397.36,388.76,391.27,395.19,398.96,401.49,403.06,404.46,405.90,407.35,409.48,412.13,413.89,415.13,416.77,419.32,422.90,426.05,427.36,427.50,427.32,429.13,430.48,432.34,433.89,434.62,434.63,434.16,433.17,432.50,434.14,433.22,429.67,426.28,426.31,427.31,428.54,433.11,438.14,442.71,448.99,454.85,457.35,457.57,459.84,461.33,466.86,475.01,481.54,485.56,488.30,489.98,488.75,484.59,479.61,483.63,485.91,485.46,485.82,485.61,483.77,480.01,471.04,469.21,470.78,474.16,478.18,483.84,491.76,501.35
e,e,0.84,1.27,1.22,4.07,9.00,15.38,22.66,26.24,28.07,31.41,31.86,30.37,29.15,26.63,24.45,29.86,42.38,48.87,51.77,53.49,55.24,56.98,58.60,60.30,61.93,63.48,65.17,66.81,68.27,69.72,71.51,73.38,75.33,77.60,80.05,83.03,85.92,88.47,89.36,87.97,90.33,94.00,96.98,98.76,100.48,102.26,104.00,105.70,107.29,108.78,110.31,112.37,114.56,116.77,118.96,121.09,123.12,125.25,127.38,129.83,132.30,134.72,137.05,139.28,141.39,143.41,145.62,147.74,149.80,152.42,155.16,157.86,160.43,162.80,165.20,167.52,169.20,170.99,173.06,175.13,177.28,179.56,181.77,184.11,186.98,190.68,195.40,199.51,201.13,202.42,204.17,205.94,207.72,209.51,211.38,213.31,215.76,218.25,220.45,222.13,223.45,225.05,227.16,229.51,231.67,233.53,235.08,236.92,238.61,239.35,240.29,241.21,242.48,244.28,246.24,248.53,250.79,252.71,254.33,255.91,257.83,260.00,262.02,264.01,265.97,267.89,269.38,270.64,273.06,275.58,278.05,280.23,281.90,283.62,284.96,285.98,287.03,288.25,289.38,290.99,293.18,295.41,296.60,297.70,298.99,299.12,298.22,301.08,303.15,303.20,303.56,303.81,303.77,303.93,304.90,307.11,309.08,308.63,309.86,311.48,315.17,318.32,320.33,322.84,326.08,329.99,332.52,334.13,337.52,340.90,343.63,346.75,349.80,352.84,355.66,358.09,360.58,363.57,366.18,369.23,375.74,390.19,395.59,390.39,387.37,385.82,389.07,392.73,395.72,397.46,398.95,400.22,401.97,404.08,406.28,408.68,410.15,411.71,413.49,416.09,419.45,422.44,423.65,423.57,423.83,424.64,425.21,427.32,428.93,429.18,429.50,429.11,428.27,427.15,427.73,426.34,423.93,420.80,421.98,423.04,424.60,428.96,432.76,435.53,442.33,447.00,447.34,448.08,451.08,452.89,459.32,468.17,474.36,477.37,479.90,482.07,481.88,478.25,473.36,477.60,479.13,477.89,477.84,478.48,476.55,473.47,468.80,462.61,462.95,466.33,469.98,473.83,479.53,487.41
e,e,e,e,e,1.80,5.41,10.60,18.86,23.04,26.03,28.09,27.36,25.23,23.66,22.85,22.32,34.56,43.98,48.50,51.23,53.09,54.81,56.41,58.01,59.61,61.27,62.92,64.63,66.31,67.78,69.16,70.68,72.50,74.37,76.53,78.96,81.54,84.22,85.10,83.81,86.09,91.27,93.61,95.40,97.14,98.98,100.75,102.39,104.02,105.62,107.16,108.89,110.79,112.86,115.42,117.74,120.12,122.23,124.52,126.95,129.46,131.74,134.02,136.28,138.44,140.55,142.77,144.85,146.86,148.75,150.98,153.71,156.55,159.61,162.07,164.37,166.46,168.25,170.06,172.17,174.33,176.43,178.10,179.73,182.87,186.65,190.46,194.03,197.12,198.95,200.83,202.64,204.31,206.07,207.85,209.70,211.54,213.80,216.05,218.28,219.93,221.18,223.06,225.30,227.59,229.68,230.88,232.07,233.75,235.17,236.29,237.25,238.49,240.10,242.02,244.27,246.65,248.65,250.36,252.00,253.86,256.01,258.15,260.23,262.07,263.79,265.26,266.79,268.53,270.75,272.95,275.41,277.70,279.96,281.72,282.86,283.84,285.01,286.29,287.36,288.30,289.63,291.68,293.12,294.47,295.58,294.44,294.94,298.77,300.46,300.72,301.08,301.25,301.10,300.89,301.20,303.36,304.62,305.06,307.19,310.13,313.02,315.77,318.11,321.16,325.54,328.55,330.60,333.67,336.48,339.11,341.83,345.50,349.35,352.13,354.41,356.56,358.19,360.62,362.91,365.40,371.48,381.11,383.38,379.85,380.76,383.09,386.66,389.96,391.42,392.45,394.22,396.19,398.51,400.66,402.66,404.50,406.22,408.05,409.81,412.07,415.43,418.35,419.84,419.78,419.98,419.96,419.88,421.54,423.55,423.55,423.60,423.42,423.28,422.79,421.69,419.52,417.77,415.91,417.44,418.61,420.15,423.69,426.51,429.45,436.04,436.94,436.73,438.55,440.48,444.90,453.34,460.23,466.68,470.61,473.42,474.94,473.96,470.10,466.96,470.96,471.30,470.76,469.29,470.49,469.63,467.40,463.69,458.66,457.24,459.27,461.79,464.73,467.89,471.21
e,e,e,e,e,1.73,1.90,5.94,11.94,20.36,23.36,23.18,22.39,20.27,18.28,18.43,23.10,38.29,44.18,48.02,50.86,52.64,54.24,55.85,57.45,59.09,60.81,62.47,64.14,65.75,67.05,68.15,69.50,71.52,73.41,75.27,77.62,80.16,82.38,81.45,80.26,85.29,89.88,91.96,93.85,95.80,97.73,99.44,100.93,102.42,103.94,105.05,106.62,108.77,111.43,114.13,116.81,119.47,121.80,124.13,126.42,128.63,130.88,133.16,135.42,137.68,139.93,142.00,143.75,145.82,147.83,149.80,152.39,155.59,159.13,161.72,163.14,165.25,167.38,169.22,171.29,173.38,174.95,176.49,179.10,182.68,186.17,189.41,191.96,194.49,196.82,199.05,200.90,202.66,204.43,206.22,207.94,209.55,211.46,213.68,215.75,217.27,218.88,221.07,223.15,225.16,226.85,227.95,229.12,230.47,232.12,233.55,234.42,235.78,237.65,240.01,242.43,244.78,246.72,248.27,249.88,251.81,253.69,255.50,257.54,260.03,261.82,263.06,264.74,266.90,268.44,270.36,272.75,275.13,277.45,279.28,280.65,281.73,283.05,284.29,285.00,285.70,286.96,288.38,289.81,291.31,292.16,290.23,291.57,294.39,295.54,295.36,295.88,296.75,296.75,297.14,297.69,299.62,300.69,302.94,306.53,310.09,312.96,315.66,318.39,321.41,323.74,325.50,329.27,331.49,333.78,336.52,339.83,345.55,351.03,354.07,356.22,355.93,354.88,357.16,359.26,361.50,366.79,373.29,375.93,375.58,377.77,380.86,384.28,386.44,387.34,388.16,390.10,392.32,394.37,396.48,398.50,400.32,402.25,404.12,405.73,407.75,410.66,413.20,414.87,414.75,415.82,416.27,416.20,417.03,418.00,418.25,418.04,417.71,417.96,418.14,416.90,415.32,412.02,410.87,412.72,414.02,415.60,418.05,420.89,424.52,426.98,427.57,428.86,431.13,431.65,436.76,445.99,454.71,459.35,463.87,467.25,468.00,467.08,463.98,461.05,464.91,465.27,465.24,463.65,463.56,464.21,463.16,460.13,455.37,452.86,452.84,454.36,456.35,457.46,459.53
e,e,e,e,e,2.90,0.72,2.32,6.13,12.05,17.80,17.50,17.61,16.23,14.96,19.76,30.08,41.38,45.02,48.31,50.43,52.09,53.70,55.30,56.90,58.64,60.49,62.23,63.75,64.42,64.39,65.10,66.85,69.67,71.73,72.47,74.25,76.75,79.22,77.63,80.94,84.67,88.11,90.62,92.73,94.75,96.41,97.62,98.69,100.69,101.68,102.55,104.99,107.76,110.74,113.66,116.51,119.00,121.27,123.48,125.65,127.84,130.04,132.25,134.48,136.69,138.93,140.69,142.39,144.47,146.63,148.85,151.08,154.07,157.16,159.64,161.10,163.72,166.39,168.33,170.31,171.80,173.42,176.11,179.31,182.51,185.42,187.95,190.04,192.48,194.81,196.94,199.04,200.92,202.73,204.40,205.89,207.44,209.20,211.32,213.25,214.64,216.56,218.67,220.54,222.43,223.89,225.14,226.46,227.78,229.33,230.78,231.59,233.13,235.39,238.28,241.06,243.01,244.72,246.34,247.94,249.44,250.83,252.33,254.52,257.32,259.46,261.06,263.11,264.52,266.33,268.23,270.40,272.45,273.69,275.01,277.00,279.38,281.30,282.17,282.39,283.04,284.13,285.34,286.57,288.06,288.84,287.37,288.44,289.98,290.15,289.29,289.57,290.54,291.67,293.05,294.79,296.59,298.79,302.18,305.90,309.54,312.50,315.27,317.50,319.02,320.75,324.33,327.29,329.00,330.95,333.75,338.36,345.85,352.19,356.23,358.95,353.67,351.38,354.02,356.32,358.49,362.68,368.97,370.95,372.04,375.06,378.56,381.66,382.75,383.57,384.69,386.60,388.23,389.91,392.06,394.14,396.03,397.88,399.99,401.67,404.11,406.59,408.59,409.75,410.00,410.86,412.55,412.64,412.10,412.19,413.24,412.92,412.19,411.50,411.79,412.09,411.39,408.62,407.19,408.42,409.61,411.07,413.72,416.72,418.82,418.75,419.03,421.53,422.36,423.09,430.06,437.71,447.97,452.95,457.93,460.80,461.32,461.11,458.44,456.82,459.73,459.95,460.22,459.07,457.04,458.45,457.90,453.86,448.92,446.41,445.46,447.68,449.87,452.59,455.67
e,e,e,e,e,e,e,0.85,2.33,5.72,8.88,11.53,12.98,11.82,14.44,25.51,38.36,42.94,45.49,47.58,49.58,51.37,53.04,54.71,56.33,58.07,59.84,61.60,62.18,62.07,61.67,61.73,62.86,63.59,65.89,67.13,68.53,70.09,72.54,76.96,81.66,84.65,87.68,89.67,91.72,93.52,93.79,94.01,94.97,97.05,99.74,102.43,105.46,108.19,110.80,113.31,115.73,118.14,120.46,122.60,124.72,126.90,129.16,131.33,133.46,135.52,137.28,139.06,141.08,143.28,145.42,147.50,149.35,151.54,154.16,156.56,159.23,162.27,165.15,167.09,168.38,170.26,172.83,175.91,179.07,181.73,184.18,186.34,188.38,190.57,192.76,194.84,196.95,199.02,200.89,202.25,203.60,205.21,207.04,208.95,210.65,212.11,214.01,215.94,217.90,219.65,220.98,222.56,224.00,225.16,226.50,227.73,228.79,230.71,233.38,236.31,238.92,240.91,242.65,244.37,245.80,247.01,248.13,249.38,251.47,254.30,256.63,259.31,260.77,261.66,264.03,265.99,267.94,269.32,269.72,270.60,272.83,275.80,278.44,279.74,279.90,280.25,281.14,282.12,283.28,284.72,285.76,284.34,285.23,287.08,286.78,286.23,286.74,287.46,288.59,290.33,292.20,294.64,297.89,301.32,305.01,308.68,311.88,313.45,314.67,317.92,321.06,323.29,325.25,327.00,328.59,331.17,337.84,346.47,352.47,356.56,357.72,349.44,349.74,352.91,355.70,358.64,362.46,365.17,366.65,369.37,372.69,375.60,377.81,378.86,379.73,381.20,382.73,383.89,385.55,387.69,389.73,391.28,392.90,394.83,397.23,400.46,402.76,404.06,403.93,405.92,406.08,408.22,408.48,407.50,407.39,408.69,408.38,407.50,406.52,406.48,407.39,407.35,405.04,403.55,404.46,405.51,407.42,410.10,412.96,415.12,413.39,412.07,414.02,414.71,417.31,424.52,432.73,439.67,445.94,452.74,455.45,456.19,455.55,452.38,453.28,454.86,454.84,455.02,454.26,450.76,451.82,451.42,444.28,439.12,438.63,439.58,442.74,446.38,450.23,453.48
e,e,e,e,e,e,e,e,0.66,1.94,4.70,7.48,8.71,8.77,14.61,27.91,40.75,42.59,43.49,45.01,47.44,50.23,52.14,53.53,53.89,55.20,57.63,59.54,58.30,55.47,53.91,53.80,55.20,56.76,58.86,62.25,67.63,70.49,74.40,79.91,82.58,85.11,86.66,87.95,90.00,91.08,90.49,90.38,92.42,96.75,101.19,103.62,105.77,107.83,109.86,112.10,114.52,116.95,119.31,121.48,123.69,125.94,128.11,130.21,132.08,133.65,135.45,137.65,140.03,141.94,143.85,145.86,147.55,149.52,152.40,155.60,159.09,162.01,163.63,164.64,166.63,169.50,172.34,175.27,178.01,180.56,182.78,184.86,186.75,188.66,190.59,192.73,194.67,196.58,198.42,200.03,201.32,202.96,204.55,206.17,207.80,209.47,211.31,213.31,215.34,217.06,218.50,220.18,221.49,222.33,223.45,224.68,226.46,228.57,231.08,233.86,236.23,238.52,240.66,242.27,243.47,244.61,245.81,247.34,249.27,251.98,254.68,256.64,257.68,259.86,261.90,263.62,265.39,266.75,267.01,267.62,269.33,271.65,274.53,276.30,276.91,277.44,278.34,279.19,280.08,281.39,282.82,281.41,282.06,284.25,283.80,283.54,284.19,285.01,286.38,288.11,290.35,293.45,296.74,300.00,303.52,307.10,309.51,311.11,314.25,317.03,319.14,321.06,323.05,325.01,326.76,328.78,334.28,343.72,350.23,352.77,349.36,344.76,348.32,351.15,351.66,355.11,358.79,361.05,363.35,366.45,369.12,371.24,373.27,374.44,375.39,377.37,378.56,379.53,381.25,383.23,385.08,386.56,388.00,389.78,392.42,395.99,398.77,399.75,399.94,401.76,401.49,402.96,403.27,402.90,403.22,404.58,404.41,403.43,402.34,401.73,402.47,403.25,401.29,399.89,400.47,401.72,404.39,407.20,409.84,411.84,410.85,407.92,408.45,409.60,414.62,422.58,429.70,435.09,438.98,445.46,450.53,451.42,449.35,444.29,449.07,449.82,449.13,448.64,447.43,442.98,440.64,441.60,437.61,435.07,434.57,436.70,440.19,444.25,448.00,451.24
e,e,e,e,e,e,e,e,e,0.31,1.48,3.98,5.07,7.37,11.07,17.29,28.43,35.80,39.99,42.08,44.63,48.38,50.72,50.26,49.96,48.84,47.46,47.18,46.22,46.47,49.89,54.77,58.38,61.04,66.25,70.50,72.07,73.65,76.87,80.31,83.05,84.13,83.69,83.76,85.39,85.80,87.89,91.20,93.92,97.73,100.48,102.63,104.66,106.66,108.68,110.91,113.38,115.81,118.16,120.45,122.68,124.80,126.67,128.49,129.97,131.82,134.12,136.49,138.90,140.88,142.59,144.45,146.86,149.41,152.34,155.36,158.20,160.38,160.89,162.81,165.68,168.57,171.36,174.03,176.64,179.14,181.31,183.09,184.74,186.57,188.57,190.50,191.87,193.86,196.10,197.50,198.79,200.31,201.62,203.19,205.19,206.87,208.73,210.80,212.95,214.70,216.23,217.78,218.95,219.56,220.53,221.96,224.01,226.36,228.97,231.24,233.51,235.93,238.18,239.86,241.10,242.32,243.85,245.75,247.86,250.04,251.89,253.35,255.25,257.61,259.67,261.36,263.08,264.28,264.47,265.03,266.69,268.70,271.36,272.77,273.79,274.78,275.72,276.74,277.59,278.71,279.97,278.85,279.95,281.75,280.85,280.91,281.66,282.64,284.22,286.41,289.13,292.29,295.46,298.61,301.89,304.79,307.07,310.49,313.07,315.19,317.16,318.94,320.94,322.99,325.01,327.25,330.21,339.23,345.23,344.55,340.15,341.47,345.33,346.98,347.58,351.54,355.28,357.84,360.18,362.87,365.28,367.49,369.00,369.96,371.24,373.49,374.44,375.63,377.39,378.94,380.51,382.15,384.15,386.38,388.81,391.78,394.74,395.67,396.41,397.40,396.39,397.24,397.93,398.40,399.08,400.49,400.39,399.29,398.13,397.04,397.80,398.86,396.98,396.11,396.64,398.51,401.50,403.42,405.46,407.30,406.76,404.81,405.54,407.99,413.57,420.68,426.44,430.65,434.13,437.96,441.57,442.95,442.14,437.29,440.94,443.15,441.85,439.69,438.58,437.67,435.24,434.84,431.66,431.10,430.72,432.86,437.50,441.82,445.16,448.62
e,e,e,e,e,e,e,e,e,e,e,0.98,2.54,4.90,6.96,9.19,13.06,17.68,24.13,32.99,39.48,43.80,42.46,39.21,36.95,35.53,37.50,41.41,46.48,53.32,59.96,61.77,63.67,66.77,70.03,72.13,73.90,75.68,77.78,79.75,81.97,81.85,79.78,78.69,80.19,85.27,90.47,92.64,94.52,97.33,99.42,101.44,103.45,105.52,107.72,110.01,112.44,114.82,117.12,119.34,121.43,123.16,124.77,126.47,128.43,130.70,133.03,135.38,137.70,139.68,141.47,143.51,145.95,148.60,151.19,153.69,156.01,157.22,158.94,161.91,164.77,167.49,170.08,172.56,174.94,177.24,179.31,180.85,182.63,184.55,186.35,187.66,189.28,191.84,193.38,194.36,195.87,197.25,198.72,200.80,202.66,204.29,206.36,208.66,210.75,212.36,213.84,215.28,216.55,217.38,218.38,219.69,221.74,224.40,227.01,228.88,230.95,233.16,235.16,237.03,238.94,240.36,242.11,244.02,245.76,247.59,249.32,250.98,253.01,255.38,257.48,259.19,261.00,261.87,261.87,262.30,264.21,266.50,268.49,269.81,270.96,272.07,273.10,274.18,275.17,276.19,276.57,275.77,277.72,278.46,277.87,278.20,279.16,280.37,282.49,285.31,288.49,291.56,294.51,297.43,300.11,302.04,304.81,308.54,311.38,313.50,315.37,316.87,318.90,321.05,323.06,325.28,327.65,331.97,335.86,335.77,335.63,338.83,341.60,342.72,345.84,349.70,352.77,355.31,357.48,359.56,361.94,364.01,364.87,365.79,367.94,369.72,370.45,371.97,373.68,375.20,376.67,378.40,381.13,383.57,386.18,388.82,391.31,391.91,392.54,392.88,391.31,391.49,393.22,394.23,394.85,395.75,395.51,394.75,393.92,392.48,392.10,392.40,391.86,391.94,392.94,395.42,397.80,399.17,400.25,401.65,401.89,401.72,403.62,407.31,412.13,417.80,422.26,426.31,430.59,434.31,435.80,435.98,435.76,432.51,435.75,436.88,436.44,435.04,433.84,433.94,431.92,430.55,427.64,426.84,426.80,429.25,433.67,438.25,441.96,445.25
e,e,e,e,e,e,e,e,e,e,e,e,0.50,1.92,3.69,5.62,7.54,10.00,13.87,19.43,25.39,29.62,27.40,26.81,29.12,34.55,42.82,48.07,52.54,58.74,61.58,63.66,65.64,67.48,69.23,71.07,72.70,74.46,76.38,78.58,80.63,78.49,70.99,77.59,82.72,86.44,88.38,90.13,92.52,96.15,98.36,100.23,102.40,104.66,106.93,109.21,111.53,113.80,115.96,118.02,119.90,121.41,123.02,125.13,127.41,129.65,131.94,134.20,136.47,138.45,140.34,142.58,144.93,147.30,149.29,151.39,152.89,154.80,157.96,161.04,163.69,166.29,168.66,170.69,172.85,174.95,176.78,178.69,180.55,182.27,183.61,185.01,187.23,189.35,190.16,191.33,192.91,194.56,196.55,198.55,199.97,202.10,204.52,206.84,208.67,209.97,211.37,212.72,214.07,215.43,216.98,218.50,220.26,222.75,225.07,226.89,228.58,230.25,232.27,234.60,236.93,238.51,240.08,241.63,243.34,245.18,247.08,248.83,250.75,253.19,254.93,256.40,257.95,258.78,258.58,259.69,261.88,263.79,265.56,267.06,268.16,269.24,270.59,271.76,272.34,273.26,272.58,272.82,274.17,274.58,274.73,275.62,276.72,278.38,281.24,284.46,287.68,290.73,293.31,295.56,297.88,299.47,302.10,306.12,309.84,311.89,313.36,314.74,316.60,318.94,320.98,322.91,324.77,326.92,328.48,329.79,332.24,335.82,337.52,340.36,343.70,347.21,350.54,352.97,354.89,357.10,359.21,360.55,360.90,362.22,364.78,366.07,367.08,368.60,370.11,371.57,373.07,375.06,377.84,380.87,383.57,385.80,387.79,387.47,388.44,388.52,387.69,387.76,389.06,389.97,390.27,390.73,390.50,389.94,389.23,387.19,385.80,386.66,387.13,387.32,389.51,392.38,394.45,395.17,395.97,397.39,398.54,399.32,402.06,406.36,411.23,415.31,418.70,422.93,427.48,430.67,431.30,430.64,430.15,428.14,430.96,431.33,431.66,430.73,429.05,429.32,428.73,425.77,423.77,422.54,423.32,426.32,429.92,434.14,438.07,441.63
e,e,e,e,e,e,e,e,e,e,e,e,e,0.74,0.97,2.37,4.25,6.06,8.28,10.72,14.78,19.50,20.68,25.42,34.23,43.98,50.15,52.71,55.23,58.55,60.32,62.45,64.39,66.19,67.95,68.99,70.64,72.58,74.47,76.15,77.05,72.49,70.49,80.78,83.23,83.58,85.86,90.27,92.89,95.31,97.33,99.21,101.31,103.59,105.86,108.19,110.38,112.50,114.50,116.37,118.05,119.75,121.63,123.88,126.20,128.58,130.95,133.13,135.33,137.36,139.37,141.54,143.57,145.31,147.09,148.70,150.55,153.68,156.92,159.98,162.49,164.99,167.11,168.72,170.58,172.56,174.69,176.82,178.57,179.71,180.88,182.76,184.70,185.96,186.96,188.63,190.58,192.50,194.35,196.26,198.13,200.50,202.80,205.00,206.55,207.69,208.96,210.36,211.99,213.25,215.53,217.21,219.19,221.44,223.15,224.81,226.39,227.87,229.98,232.50,234.83,236.61,238.09,239.37,241.00,243.01,244.90,246.73,248.92,251.16,251.74,252.31,253.42,254.38,255.53,257.48,259.37,260.72,262.82,263.91,264.77,265.67,267.38,268.86,269.43,270.18,269.29,270.31,270.58,270.91,271.79,272.86,274.56,277.32,280.30,283.47,286.54,289.41,291.63,293.56,295.88,298.44,300.91,304.87,308.37,309.81,310.98,312.29,314.41,316.78,318.48,319.74,321.19,323.19,324.86,326.68,329.56,332.39,333.85,337.25,340.32,343.88,347.60,350.17,352.40,354.62,355.85,356.58,357.22,359.44,361.48,362.63,364.00,365.61,367.00,368.49,369.68,371.15,373.97,377.71,380.44,382.44,383.63,382.03,383.66,384.19,384.46,384.16,384.64,384.73,384.86,385.63,385.90,385.03,383.02,380.90,380.15,381.90,382.29,382.87,386.98,389.62,390.87,391.19,392.21,394.01,395.63,397.42,399.93,404.31,409.00,411.63,414.83,419.43,422.61,424.40,424.52,424.21,424.20,422.59,424.48,426.50,426.83,425.60,423.54,422.80,422.75,421.20,419.83,418.74,420.12,423.57,427.07,430.82,434.87,438.42
e,e,e,e,e,e,e,e,e,e,e,e,e,e,0.10,0.64,1.27,2.37,4.11,5.75,7.26,9.91,13.80,24.41,37.49,50.58,52.48,54.25,55.80,57.33,58.95,61.15,63.17,65.07,66.44,66.14,67.20,68.80,70.08,70.48,69.16,65.83,71.56,79.50,79.46,81.08,85.73,89.92,92.33,94.34,96.31,98.22,100.19,102.44,104.77,107.08,109.08,110.98,112.89,114.71,116.56,118.39,120.32,122.59,125.06,127.69,130.29,132.43,134.49,136.31,138.08,139.92,141.32,143.08,144.90,147.00,149.54,152.48,155.60,158.77,161.48,163.52,164.82,166.38,168.45,170.75,172.89,174.98,176.58,177.66,178.86,180.35,181.40,182.52,184.11,186.23,188.47,190.59,192.45,194.30,196.50,198.78,201.21,203.11,204.24,205.45,206.78,208.32,209.84,210.75,213.32,215.76,217.78,219.63,221.14,222.70,224.07,225.84,228.15,230.84,232.23,234.22,236.19,237.74,239.37,241.17,242.90,244.63,246.72,247.83,248.68,248.83,249.63,251.51,253.36,255.09,256.91,258.46,260.31,260.63,261.08,261.94,263.96,265.41,266.49,266.72,265.98,267.58,267.49,267.95,268.88,270.52,273.68,276.98,279.53,282.15,284.83,287.42,289.94,292.11,295.65,299.46,302.02,304.33,305.75,306.79,307.94,309.90,312.35,314.50,315.77,317.00,318.35,319.81,321.55,323.86,326.73,328.83,331.45,334.95,337.85,340.80,343.67,346.59,349.78,351.40,351.90,352.51,354.36,356.67,357.90,359.22,361.05,362.69,364.27,365.88,366.69,367.55,370.83,374.45,376.90,378.64,379.46,378.36,379.37,380.38,381.24,380.71,380.13,379.25,379.31,380.62,381.30,380.91,378.67,376.85,376.49,377.71,377.97,382.00,385.39,387.03,387.09,387.20,388.77,391.37,393.23,395.45,397.89,401.53,404.48,406.73,410.79,414.90,416.82,417.80,417.69,417.78,418.37,417.49,420.03,421.90,422.09,420.49,418.40,416.72,416.30,415.97,415.30,415.37,418.06,421.51,425.17,428.75,432.07,435.12
e,e,e,e,e,e,e,e,e,e,e,e,e,e,e,e,0.10,0.98,1.13,1.73,3.12,4.77,7.50,11.86,22.31,45.46,51.27,52.89,54.34,55.94,58.06,60.27,62.16,64.02,64.19,63.07,59.07,54.10,55.44,57.88,59.36,63.77,70.58,75.17,79.52,82.69,85.92,89.07,91.27,93.26,95.26,97.20,99.16,101.34,103.65,105.80,107.69,109.56,111.51,113.41,115.29,117.16,119.07,121.32,123.89,126.51,129.24,131.42,132.83,134.42,136.12,137.70,139.21,141.34,143.71,146.27,148.54,151.00,154.14,157.31,160.01,161.19,162.26,164.50,166.90,169.30,171.39,173.25,174.37,175.47,176.71,177.98,178.74,179.72,181.57,183.86,186.32,188.67,190.68,192.54,194.66,196.95,199.36,200.82,201.82,202.91,204.50,205.86,206.77,208.70,211.82,214.13,215.98,217.63,219.10,220.43,221.78,223.56,225.19,227.37,229.61,232.42,233.77,235.72,237.52,239.30,240.68,242.12,243.06,243.55,245.48,246.18,247.68,249.69,251.46,253.06,254.57,256.17,257.40,257.65,257.87,258.93,260.66,262.00,263.28,262.97,262.57,264.42,264.36,265.27,267.83,270.86,273.81,276.39,278.34,280.26,282.63,285.13,288.08,290.96,294.54,297.59,300.13,301.34,302.26,303.58,305.50,308.04,310.46,311.96,312.88,314.22,315.94,317.37,319.18,321.25,323.67,326.56,330.19,333.19,335.62,337.60,339.74,342.91,345.90,347.19,347.58,349.02,351.94,352.79,353.92,355.53,357.63,360.05,361.96,363.32,363.11,364.69,368.34,371.36,373.67,375.16,375.59,375.31,376.05,376.56,376.98,376.50,375.63,374.07,373.88,375.15,376.17,376.00,374.60,373.49,372.90,372.95,375.20,381.36,383.44,384.08,383.19,382.36,385.29,388.80,390.90,392.93,395.50,398.16,399.51,402.05,406.53,409.89,411.40,412.41,412.33,412.27,413.08,412.26,415.49,417.15,417.24,416.00,414.00,411.88,410.50,410.38,410.81,412.80,416.18,419.61,423.02,426.11,428.84,431.23
e,e,e,e,e,e,e,e,e,e,e,e,e,e,e,e,e,e,e,e,0.40,1.24,2.79,4.92,7.03,17.78,42.32,51.13,52.78,54.54,56.65,58.98,61.20,62.41,61.35,55.88,46.39,48.11,55.22,58.55,63.76,69.70,72.46,78.77,81.80,84.14,86.40,88.37,90.29,92.23,94.19,96.10,98.10,100.26,102.19,104.06,106.16,108.27,110.29,112.19,114.04,115.86,117.78,119.81,122.25,124.90,127.40,129.45,130.78,132.40,134.16,135.93,138.01,140.63,143.16,145.34,147.45,149.59,152.36,155.05,157.06,158.31,160.80,163.14,165.52,167.75,169.79,171.24,171.97,173.13,174.52,175.70,176.71,178.01,179.66,181.92,184.44,186.70,188.76,190.72,192.78,194.93,196.65,198.16,199.19,200.27,202.02,202.74,203.67,207.00,210.35,212.36,214.00,215.50,216.98,218.30,219.28,220.38,222.24,224.78,227.91,230.48,231.04,233.23,235.21,236.82,238.14,239.03,238.97,240.31,242.75,243.79,245.58,247.61,249.71,251.16,252.22,253.50,254.49,254.77,255.05,256.11,257.38,258.78,260.28,259.97,259.84,261.13,261.67,264.22,268.09,271.17,272.87,274.66,276.73,278.50,280.24,282.79,286.08,289.38,292.23,294.82,297.11,298.29,299.24,301.20,303.47,305.66,307.45,308.88,309.59,311.12,313.34,315.39,317.41,319.38,321.87,325.16,328.39,330.86,332.64,334.36,336.41,339.16,341.59,342.43,342.95,346.02,348.56,349.16,350.14,351.68,353.70,356.62,359.23,360.27,359.76,362.92,366.35,368.84,370.42,371.63,372.01,372.23,372.67,371.68,371.94,371.57,371.17,369.46,368.89,369.78,370.65,370.41,370.03,369.94,369.43,368.52,371.54,378.68,380.89,381.15,379.61,378.44,381.99,385.46,388.93,390.31,392.28,394.28,395.19,397.66,401.82,404.90,406.05,405.76,405.79,406.42,407.47,407.50,410.58,412.28,412.19,411.28,409.69,408.14,407.04,406.75,407.89,410.49,413.89,417.33,420.31,423.44,425.84,427.77
e,e,e,e,e,e,e,e,e,e,e,e,e,e,e,e,e,e,e,e,e,e,0.52,1.58,3.40,6.62,19.40,42.58,51.07,53.08,54.80,56.10,57.94,55.49,45.29,39.24,41.28,51.18,61.99,68.38,71.61,73.72,76.40,79.24,81.46,83.31,85.39,87.42,89.27,91.13,92.94,93.84,95.89,98.10,100.14,102.34,104.64,106.90,109.02,110.89,112.63,114.51,116.45,118.32,120.36,122.78,125.10,127.13,128.80,130.73,132.58,134.81,137.61,140.28,142.26,144.02,146.11,148.15,150.19,152.10,153.97,156.61,159.58,161.76,163.89,165.91,167.81,168.95,169.63,171.00,172.31,173.52,174.83,176.64,178.25,180.38,182.76,184.95,186.94,188.63,190.43,192.47,193.97,195.44,196.74,198.47,199.54,199.72,201.37,205.13,208.36,210.39,211.56,212.99,214.73,216.19,217.03,218.16,220.62,223.19,225.90,227.29,228.66,231.08,232.67,234.22,235.01,235.33,236.14,238.36,240.31,241.47,243.05,245.24,247.40,248.69,249.56,250.82,251.50,251.70,252.19,252.78,254.04,255.62,257.13,257.20,257.06,258.25,260.21,262.94,265.83,268.52,270.54,272.65,274.89,276.84,278.17,281.15,284.58,287.20,289.50,292.09,294.15,295.79,297.58,299.43,301.23,302.26,303.51,304.90,306.34,309.06,311.57,313.08,315.20,317.63,320.30,323.24,325.90,327.78,329.37,330.89,332.76,335.03,336.90,337.81,339.87,342.59,344.82,346.05,347.04,348.14,349.86,352.31,354.46,355.33,358.44,362.45,364.95,366.26,366.84,367.74,368.75,369.14,368.81,367.10,366.90,366.70,366.13,365.11,364.88,365.41,365.37,365.00,365.41,366.03,365.88,364.78,367.92,374.36,376.58,376.61,375.20,374.77,378.90,384.12,388.77,387.31,388.68,389.94,390.40,392.48,396.77,399.77,400.47,399.03,399.00,400.80,401.56,402.84,405.89,407.63,407.05,406.00,405.15,404.27,403.56,403.46,405.18,408.17,411.71,414.78,417.76,420.74,422.90,424.49
e,e,e,e,e,e,e,e,e,e,e,e,e,e,e,e,e,e,e,e,e,e,e,0.30,1.15,3.71,7.99,19.36,41.05,50.89,49.98,42.02,36.52,33.53,29.82,34.04,47.56,59.77,65.47,70.17,72.67,74.70,76.70,78.48,80.09,82.05,84.25,86.29,87.87,89.34,90.52,91.31,93.78,96.25,98.85,101.34,103.57,105.74,107.72,109.45,111.22,113.16,115.01,116.86,118.76,120.73,123.02,125.12,127.14,129.13,130.90,133.62,136.51,139.07,140.92,142.62,144.60,146.33,148.09,149.91,152.48,155.47,157.96,160.08,162.02,164.02,165.64,166.53,167.51,168.88,170.27,171.53,172.30,174.73,176.72,179.04,181.32,183.24,185.03,186.73,188.40,190.10,191.62,193.17,195.11,196.67,196.98,197.85,200.45,203.64,205.87,207.72,208.85,210.45,212.50,214.00,214.79,216.56,218.96,221.22,222.85,224.07,226.47,228.54,230.06,231.65,231.63,232.24,233.97,236.13,237.86,239.13,240.67,242.98,244.72,245.46,246.37,247.70,248.65,249.09,249.58,249.72,250.85,252.53,254.03,254.28,254.42,256.18,258.15,259.84,262.48,265.62,268.26,270.85,273.22,274.76,276.22,279.83,282.36,284.47,287.07,289.88,292.07,294.13,295.78,297.25,298.47,298.98,299.91,301.35,303.31,306.17,308.79,310.00,312.28,315.23,318.18,320.83,322.89,324.51,326.11,327.57,328.94,330.64,332.17,333.74,336.28,338.74,341.17,342.74,343.55,344.80,346.38,348.17,349.66,351.99,357.62,361.11,362.44,363.13,362.66,363.25,364.26,364.13,363.16,361.67,362.07,361.94,361.01,360.37,360.29,361.06,360.45,359.74,361.07,362.07,361.96,361.50,362.45,369.25,370.47,370.43,369.95,370.51,375.33,382.73,386.47,382.83,384.48,385.00,384.91,386.94,390.34,392.59,393.38,393.49,395.03,396.73,396.42,398.77,401.82,403.22,402.18,400.61,400.16,399.92,399.72,400.26,402.43,405.78,409.23,412.12,415.19,417.84,419.70,420.86
e,e,e,e,e,e,e,e,e,e,e,e,e,e,e,e,e,e,e,e,e,e,e,e,0.30,1.22,3.58,8.12,19.50,32.50,29.64,22.20,22.21,25.14,31.35,46.91,58.43,63.24,66.77,69.82,72.11,74.09,75.08,76.47,78.35,81.07,83.29,83.97,84.65,86.02,88.48,91.63,94.06,96.27,98.52,100.47,102.58,104.54,106.41,108.12,109.91,111.70,113.57,115.52,117.43,119.41,121.57,123.48,125.36,127.23,129.47,132.47,135.07,137.29,139.26,141.05,142.66,144.23,145.98,148.57,151.56,153.97,156.16,158.18,160.10,162.07,163.40,164.17,165.18,166.37,167.70,168.93,169.85,172.53,175.16,177.53,179.76,181.56,183.23,184.83,186.47,188.14,189.73,191.58,193.64,194.28,194.72,196.84,199.40,201.49,203.05,204.75,206.28,208.57,210.73,211.77,212.63,214.40,216.60,218.59,219.89,221.68,224.09,226.04,227.44,228.60,228.59,230.22,231.94,233.78,235.29,236.74,238.84,240.96,241.84,242.09,243.03,244.46,245.70,246.72,247.15,247.29,248.41,250.31,251.40,251.74,251.97,254.01,255.79,257.63,260.11,263.25,266.37,269.54,271.69,272.11,274.43,277.60,279.64,281.92,284.87,287.97,290.69,292.20,293.24,294.58,295.61,296.23,297.30,298.73,300.38,302.75,305.00,307.05,310.17,312.96,314.74,317.10,319.37,321.20,322.96,324.37,325.79,327.39,328.93,330.43,332.56,335.22,337.90,339.25,339.73,341.08,342.70,344.58,346.54,349.30,353.90,357.48,359.43,359.70,358.40,358.80,359.71,359.37,358.66,357.21,357.68,357.26,356.10,355.41,354.94,356.59,355.99,354.69,355.81,357.55,358.01,357.40,358.92,361.39,361.72,363.63,364.44,366.86,372.28,379.96,380.61,378.15,379.88,379.92,379.51,380.64,382.69,385.40,387.22,388.78,391.42,392.40,391.79,394.68,397.63,398.40,397.29,395.61,395.17,395.03,395.29,397.17,399.84,403.13,406.46,409.55,412.49,414.55,416.03,417.04
e,e,e,e,e,e,e,e,e,e,e,e,e,e,e,e,e,e,e,e,e,e,e,e,e,0.10,1.26,4.39,9.26,13.18,15.17,18.66,24.65,33.74,49.04,58.34,62.74,65.16,67.20,69.01,71.14,72.40,72.19,72.93,75.14,79.15,81.30,80.74,82.18,85.28,88.75,91.73,93.61,95.63,97.63,99.46,101.30,103.16,105.05,106.77,108.44,110.32,112.28,114.21,116.18,118.19,120.18,122.06,123.98,126.26,128.73,131.24,133.33,135.38,137.35,139.28,140.88,142.25,144.32,147.21,149.99,152.22,154.30,156.27,158.25,159.98,161.03,162.16,163.03,163.93,165.01,166.35,168.78,171.42,173.71,175.99,177.96,179.86,181.38,182.85,184.54,186.28,188.11,190.12,191.82,191.84,192.98,195.17,197.41,199.00,200.30,202.08,204.26,206.55,208.45,209.37,210.60,212.39,214.32,216.05,217.48,219.66,221.87,223.22,224.15,225.17,226.08,227.99,229.74,231.26,232.83,234.82,236.99,238.35,239.00,239.00,239.83,241.48,242.84,244.09,244.52,244.83,246.49,248.48,249.69,249.42,249.63,251.80,253.54,255.78,258.52,261.35,264.37,267.48,269.03,269.89,272.99,275.30,277.39,279.72,282.64,285.69,288.23,289.67,290.68,291.81,292.74,293.57,294.80,296.40,297.85,299.52,301.97,304.96,308.09,309.79,310.32,312.61,315.31,317.71,319.88,321.22,322.82,324.65,326.38,327.71,329.24,332.16,334.31,334.86,335.74,337.29,339.43,341.49,343.80,346.99,350.24,353.33,355.25,355.13,353.92,354.70,355.64,355.79,355.30,353.63,353.38,352.56,351.19,350.56,349.97,352.21,351.61,350.09,350.21,352.19,353.87,353.21,355.21,355.45,356.60,358.35,359.95,364.03,369.51,374.66,374.43,372.70,374.37,374.49,374.47,375.18,376.76,379.63,382.16,383.32,386.63,387.63,387.83,390.76,393.17,392.53,391.55,390.60,390.17,390.14,392.38,395.18,397.71,400.54,404.05,406.97,409.33,410.95,412.24,413.07
e,e,e,e,e,e,e,e,e,e,e,e,e,e,e,e,e,e,e,e,e,e,e,e,e,e,e,1.79,5.88,9.09,13.37,24.40,39.20,51.45,56.54,61.11,62.67,63.31,64.41,65.85,68.71,68.56,65.20,67.54,70.65,73.43,77.03,79.84,82.56,85.69,88.38,90.13,91.96,94.31,96.52,98.29,100.04,101.89,103.62,105.22,107.18,109.20,111.12,112.90,114.93,117.02,119.07,121.19,123.05,125.30,127.59,129.65,131.58,133.30,135.03,136.94,138.50,140.30,143.07,145.76,148.27,150.37,152.38,154.33,155.90,157.23,158.62,160.26,161.13,161.89,162.84,165.10,167.80,170.07,172.22,174.24,176.05,177.87,179.32,180.93,182.85,184.84,186.78,188.13,188.89,189.84,191.40,193.38,195.25,196.63,197.97,199.97,202.09,204.05,205.80,207.07,208.61,210.25,212.06,213.48,215.26,217.44,219.45,220.06,221.09,222.25,223.68,225.59,227.27,228.88,230.92,233.08,234.44,235.46,236.06,236.16,237.10,238.92,240.62,241.79,241.52,242.34,244.07,245.40,246.59,246.30,246.77,249.25,251.42,253.63,256.39,259.43,262.57,265.20,266.00,268.16,271.21,273.08,275.25,277.63,280.25,283.16,285.59,286.98,288.10,288.91,289.82,290.97,292.49,294.03,295.31,296.81,299.82,303.06,304.87,305.84,307.01,309.19,311.68,314.41,316.77,318.34,320.07,322.10,323.54,324.48,325.71,328.62,330.01,330.61,331.99,333.80,336.21,338.57,341.40,344.30,347.21,349.95,350.59,350.32,349.76,350.83,351.67,352.01,351.58,350.46,349.42,348.54,346.92,346.24,346.40,348.16,347.90,346.90,347.25,348.94,350.22,349.55,350.13,351.05,352.84,354.49,357.49,362.16,367.37,369.72,368.77,367.14,368.77,369.10,369.31,370.21,372.02,375.06,377.21,377.66,380.77,382.17,384.16,387.06,388.58,387.38,386.31,385.31,385.25,387.40,390.56,392.87,395.27,398.48,401.41,403.77,405.69,406.93,408.13,408.98
e,e,e,e,e,e,e,e,e,e,e,e,e,e,e,e,e,e,e,e,e,e,e,e,e,e,e,0.96,4.05,9.58,21.68,38.89,51.73,53.10,57.23,60.19,57.86,57.92,59.77,60.63,61.42,58.28,60.60,67.97,69.40,72.01,78.11,81.49,83.49,85.42,87.07,88.64,90.64,92.95,95.28,97.13,98.88,100.40,101.94,103.53,105.58,107.63,109.60,111.20,113.63,115.98,118.20,120.35,122.09,124.26,126.19,127.89,129.67,131.06,132.66,134.49,136.48,139.16,141.89,144.41,146.63,148.60,150.46,151.97,153.08,154.62,156.69,157.91,158.74,159.59,161.56,164.13,166.40,168.55,170.50,172.33,174.08,175.63,177.13,179.33,181.58,183.55,184.91,185.08,185.79,188.10,189.68,191.31,192.97,194.28,195.96,197.91,199.81,201.66,203.42,204.82,206.32,207.84,209.54,211.01,212.83,215.02,216.87,217.75,218.78,219.90,221.36,223.24,224.71,226.45,228.86,230.71,231.71,232.57,233.04,233.33,234.30,235.92,237.74,238.91,238.60,239.92,241.10,242.24,243.23,242.82,243.85,246.85,249.35,251.27,254.05,257.59,260.77,262.81,263.19,265.95,268.91,270.86,273.01,275.46,278.16,281.00,283.05,284.55,285.38,285.80,286.58,288.08,290.13,291.55,292.45,294.48,298.02,300.24,301.21,302.50,304.67,306.84,309.00,311.38,313.69,315.64,317.68,319.75,320.62,320.97,321.66,323.38,324.97,326.90,328.58,330.64,333.19,336.19,339.49,341.97,343.91,345.68,346.00,345.99,346.00,346.73,346.94,347.51,347.27,346.05,345.72,344.48,342.86,342.29,342.69,343.59,343.64,343.50,344.43,345.75,346.59,346.02,344.90,346.39,348.98,351.21,356.01,361.48,363.76,362.17,360.69,361.07,363.31,364.19,364.42,365.75,367.69,370.71,371.88,372.65,375.57,377.84,380.57,382.78,383.69,382.41,381.50,380.29,382.02,385.03,387.67,390.23,392.40,395.28,397.93,400.28,401.82,402.47,403.71,404.98
e,e,e,e,e,e,e,e,e,e,e,e,e,e,e,e,e,e,e,e,e,e,e,e,e,e,e,0.12,2.33,7.85,22.59,45.80,50.20,50.27,53.78,52.10,45.42,44.82,46.52,48.28,50.52,56.33,63.73,70.40,73.07,75.60,78.44,80.67,82.41,84.07,85.91,88.02,90.14,92.21,94.16,95.86,97.27,98.49,100.19,101.78,103.87,105.92,107.95,110.29,112.73,114.98,117.22,119.22,120.87,122.66,124.32,125.93,127.51,128.75,130.56,132.63,135.28,138.09,140.70,142.93,144.92,146.77,148.40,149.37,150.63,152.91,154.20,154.84,155.67,157.75,160.44,162.71,164.87,166.91,168.75,170.42,171.78,173.28,175.15,177.82,180.30,182.02,182.08,181.83,183.93,186.09,187.63,189.20,190.69,192.02,193.95,195.94,197.97,199.86,201.44,202.45,203.86,205.28,206.88,208.60,210.39,212.57,214.26,215.09,216.09,217.38,219.24,220.78,221.98,223.03,225.59,227.55,228.75,229.61,230.02,230.45,231.33,232.60,234.12,234.94,236.07,237.81,238.66,239.49,240.04,239.70,242.07,245.39,247.61,249.22,251.68,254.97,258.17,259.82,260.83,264.06,266.59,268.62,270.75,273.38,276.15,278.52,280.71,281.98,282.53,282.62,283.24,284.92,286.79,288.20,289.56,292.93,295.20,296.80,298.03,300.33,302.61,304.70,306.67,308.95,311.06,312.49,314.49,316.08,316.61,316.92,317.66,319.26,321.09,323.67,326.09,328.27,330.55,333.31,336.14,338.69,340.42,341.27,341.58,341.77,342.05,342.04,341.77,341.92,342.08,341.54,342.01,340.39,339.19,339.05,339.65,339.62,339.51,340.31,341.34,342.22,342.61,342.93,340.78,341.61,344.51,347.70,353.74,357.63,357.06,353.75,352.18,354.91,357.71,358.89,359.63,361.58,364.00,366.49,367.38,368.53,371.51,374.50,376.73,377.76,378.45,377.37,376.37,376.07,379.11,381.59,384.59,387.42,389.38,391.59,394.13,396.37,397.67,398.31,399.56,400.99
e,e,e,e,e,e,e,e,e,e,e,e,e,e,e,e,e,e,e,e,e,e,e,e,e,e,e,e,1.26,4.96,12.93,25.22,28.40,32.24,37.81,36.27,36.91,42.59,47.82,52.23,56.29,61.26,64.84,68.60,71.98,75.01,77.37,79.44,81.25,82.83,84.64,87.02,89.33,91.21,92.82,94.14,95.17,96.39,98.13,100.30,102.41,104.70,107.38,109.99,112.06,114.07,116.17,117.83,119.25,120.76,122.30,123.81,125.25,126.82,128.97,131.28,133.99,136.64,139.17,141.27,143.09,144.79,146.27,147.59,149.30,150.91,151.38,151.80,153.53,156.12,158.75,161.18,163.26,165.20,167.03,168.34,169.54,170.95,172.86,175.55,178.01,179.27,179.07,179.83,182.33,183.94,185.41,186.95,188.37,190.02,192.05,194.07,196.12,197.87,199.25,200.13,201.21,202.64,204.31,206.15,208.01,210.30,211.35,212.13,213.49,215.32,217.07,218.23,219.10,219.96,222.30,224.22,225.47,226.45,227.13,227.71,228.60,229.51,230.71,232.25,234.19,235.83,236.62,237.29,237.22,238.54,241.90,244.12,245.82,247.52,249.42,251.99,254.70,256.69,259.48,262.34,264.65,266.73,268.84,271.25,273.31,275.31,277.58,278.97,279.52,279.43,280.00,281.63,283.06,284.37,287.90,290.73,292.25,293.61,295.37,297.93,300.35,302.22,304.05,305.99,307.71,309.01,310.71,311.92,312.13,313.00,314.92,317.08,318.97,321.63,324.16,326.21,327.86,329.67,332.17,334.63,336.33,336.78,337.24,337.83,338.25,338.07,337.33,337.23,337.35,337.22,337.56,336.58,336.04,336.06,336.25,335.55,335.54,336.64,337.87,338.43,338.12,338.99,337.92,337.26,339.84,343.90,349.31,349.73,347.68,346.09,346.59,349.87,351.57,352.82,354.89,357.42,359.95,361.98,363.19,365.31,368.18,371.14,372.01,371.53,372.50,372.37,371.21,372.18,375.60,378.89,382.02,384.37,386.47,388.37,390.54,392.48,393.68,394.42,395.18,396.39
e,e,e,e,e,e,e,e,e,e,e,e,e,e,e,e,e,e,e,e,e,e,e,e,e,e,e,e,0.81,2.46,7.02,12.98,17.76,22.78,27.51,32.34,39.41,48.91,54.44,59.91,62.19,64.32,66.67,69.14,71.75,74.05,76.18,78.24,80.16,81.58,83.16,85.54,87.86,89.78,91.25,91.83,92.81,94.62,96.89,99.18,101.42,103.94,106.64,109.10,111.27,113.22,114.85,115.98,117.09,118.53,120.17,121.69,123.16,125.32,127.58,129.93,132.59,135.28,137.87,139.75,141.50,143.26,144.91,146.60,147.97,148.56,148.88,149.54,152.14,154.75,157.29,159.64,161.68,163.58,165.25,166.61,167.93,169.04,170.61,173.16,175.69,176.25,175.96,177.94,180.24,181.84,183.26,184.72,186.46,188.34,190.30,192.32,194.13,195.49,196.68,197.55,198.59,200.04,202.01,203.83,205.50,207.32,208.32,209.44,211.42,213.37,214.66,215.63,216.37,217.68,219.35,220.97,222.17,223.22,224.29,225.29,226.25,227.14,228.48,230.44,232.42,233.59,234.34,234.81,234.60,236.89,240.43,242.16,243.90,245.90,248.11,250.10,252.41,255.14,258.05,260.71,262.92,265.05,267.12,268.64,270.07,271.81,273.69,275.26,275.99,276.26,277.15,278.43,279.56,282.35,285.31,287.29,289.23,290.65,292.39,294.87,297.34,299.25,300.75,302.47,303.99,305.22,306.87,307.77,308.20,310.09,312.61,315.00,317.40,320.18,322.24,323.44,324.82,326.75,328.90,330.84,332.05,332.39,333.13,333.93,334.07,334.13,333.39,332.86,332.90,332.78,332.55,331.85,332.16,331.86,332.37,331.26,331.65,332.60,333.95,334.54,333.60,334.04,334.82,333.40,336.23,340.19,344.46,342.65,339.79,339.90,341.86,344.44,346.25,348.19,350.75,353.05,355.88,358.13,359.58,361.83,364.50,366.20,367.13,366.73,367.46,367.50,367.26,369.88,373.61,376.88,378.68,381.13,383.49,385.25,387.07,388.98,390.03,390.32,390.46,391.86
e,e,e,e,e,e,e,e,e,e,e,e,e,e,e,e,e,e,e,e,e,e,e,e,e,e,e,e,e,0.92,4.03,8.07,17.79,31.62,36.64,41.39,46.78,51.75,54.84,58.10,60.78,63.70,66.19,68.56,70.86,72.92,74.94,76.86,78.69,80.21,81.69,84.03,86.33,88.06,89.00,89.49,91.36,93.54,95.97,98.37,100.75,103.25,105.83,108.25,110.42,111.99,112.89,113.38,114.52,116.17,117.92,119.44,121.49,123.87,126.34,128.95,131.63,134.28,136.78,138.72,140.67,142.35,143.98,145.38,145.96,146.30,146.63,147.90,150.79,153.35,155.78,158.09,160.23,161.87,163.20,164.93,166.40,167.61,169.16,171.64,173.47,173.00,173.42,175.80,177.94,179.62,181.04,182.75,184.91,186.89,188.79,190.53,191.77,192.93,193.98,194.94,196.21,197.94,199.94,201.54,202.75,204.13,205.49,207.15,209.27,211.04,212.14,213.00,213.93,215.37,216.90,218.14,219.30,220.42,221.67,222.75,223.77,224.85,226.63,228.68,230.63,231.20,232.01,231.88,231.82,234.51,238.15,240.34,242.49,244.77,246.97,248.94,251.15,253.81,256.44,259.02,261.27,263.25,264.69,265.97,267.24,268.62,270.10,271.57,272.38,273.11,274.19,275.36,277.34,280.05,281.75,283.59,285.91,287.57,289.32,291.73,294.37,296.32,297.86,299.22,300.31,301.47,302.96,303.74,305.27,307.95,310.63,313.00,315.49,317.86,319.44,320.39,321.80,324.01,326.38,327.51,328.00,328.42,329.21,329.88,329.92,330.23,329.53,328.73,328.96,329.11,328.83,327.96,328.10,327.93,328.00,327.22,328.09,329.05,330.21,330.55,329.40,329.44,331.25,330.25,333.11,337.06,340.50,336.60,333.71,335.18,337.45,339.62,342.13,344.74,347.10,349.41,352.78,354.82,356.38,358.49,359.83,359.90,361.75,362.66,363.04,362.96,364.79,368.69,371.95,373.07,374.67,377.80,380.47,381.59,383.00,384.51,385.70,386.14,386.33,389.23
e,e,e,e,e,e,e,e,e,e,e,e,e,e,e,e,e,e,e,e,e,e,e,e,e,e,e,e,e,e,1.93,5.91,12.77,27.18,36.60,42.97,50.44,52.84,55.37,57.83,60.28,62.91,65.20,67.35,69.58,71.64,73.50,75.23,77.00,78.50,80.24,82.59,84.59,85.23,86.00,88.03,90.48,92.52,94.97,97.42,99.94,102.34,104.50,106.63,108.70,110.19,110.54,110.79,112.10,113.87,115.69,117.75,120.30,122.94,125.64,128.40,131.03,133.43,135.62,137.73,139.81,141.49,142.91,143.60,143.79,144.09,144.54,146.60,149.34,151.81,154.09,156.30,158.33,159.52,161.27,163.26,164.79,166.13,167.91,169.66,170.67,170.14,171.32,173.60,175.54,177.31,178.93,181.00,183.31,185.24,186.72,188.07,189.19,190.34,191.32,192.53,193.95,195.88,197.68,199.17,200.26,201.47,202.88,203.93,205.79,207.84,209.59,210.73,211.71,213.01,214.32,215.59,216.77,217.91,219.13,220.22,221.25,222.53,224.48,226.54,227.97,228.53,229.60,229.03,229.83,233.18,236.70,239.16,241.53,243.71,245.61,247.56,249.65,252.07,254.65,257.19,259.34,260.80,262.02,263.26,264.52,265.98,267.37,268.90,269.68,270.32,271.27,272.56,274.59,276.67,278.38,280.68,282.71,284.36,286.62,289.16,291.79,293.82,295.43,296.58,297.32,298.21,299.28,300.19,302.09,304.91,307.88,310.58,312.70,314.81,316.00,317.12,319.01,321.54,323.69,323.46,323.95,324.65,324.83,325.19,325.63,326.27,325.80,324.68,325.08,326.00,325.61,324.78,323.67,323.28,323.11,323.37,324.75,325.98,326.23,325.81,324.99,325.91,327.06,326.50,329.47,332.91,332.39,328.77,329.33,331.32,333.57,335.87,338.67,341.30,343.74,346.85,349.83,351.31,352.67,355.00,355.14,354.55,356.36,358.13,358.65,359.69,362.37,366.30,368.06,368.66,370.33,373.32,376.06,377.80,378.88,380.05,381.34,381.96,382.39,385.53
e,e,e,e,e,e,e,e,e,e,e,e,e,e,e,e,e,e,e,e,e,e,e,e,e,e,e,e,e,e,0.73,3.70,7.46,14.31,29.45,45.06,51.51,53.56,55.77,57.88,59.99,62.31,64.41,66.50,68.50,70.26,71.92,73.60,75.34,77.14,79.03,81.25,81.76,82.45,84.64,87.22,89.33,91.48,93.91,96.36,98.59,100.60,102.58,104.63,106.06,106.94,107.49,108.24,110.08,112.26,114.65,117.08,119.53,122.18,125.01,127.75,130.19,132.06,133.63,135.75,138.13,140.28,141.26,141.66,141.79,141.97,142.91,145.32,147.87,150.29,152.44,154.44,155.66,157.33,160.25,161.92,162.93,164.14,165.79,167.20,168.03,167.89,169.39,171.28,173.17,175.06,177.24,179.77,181.72,182.92,184.11,185.32,186.43,187.54,188.76,190.15,191.81,193.67,195.36,196.72,197.89,199.09,200.63,201.14,202.36,204.89,206.72,208.09,209.33,210.54,211.74,213.12,214.34,215.57,216.73,217.84,219.08,220.35,222.26,223.96,224.88,225.67,226.34,226.40,229.68,232.75,235.49,238.14,240.46,241.86,243.39,245.38,247.80,250.45,252.94,255.12,256.59,257.93,259.25,260.51,261.89,263.43,265.17,266.98,267.78,267.56,267.93,269.63,271.36,273.22,275.13,277.32,279.30,281.59,284.47,287.14,289.62,291.68,293.03,293.84,294.48,295.25,296.28,297.43,299.11,301.63,304.81,307.35,309.65,311.50,312.49,314.18,316.85,319.55,320.61,319.55,320.02,320.80,320.22,320.53,321.43,322.29,321.85,320.70,321.54,322.92,322.52,321.89,320.17,319.36,319.23,319.83,321.61,322.58,321.78,321.25,321.11,322.00,322.56,322.78,325.65,327.44,326.86,325.58,326.56,327.96,329.78,332.16,334.96,337.91,340.63,343.12,345.63,347.28,349.34,351.57,350.55,349.48,351.05,353.02,354.90,357.16,359.63,362.13,363.50,364.41,366.34,369.08,371.57,373.70,375.17,376.18,377.44,378.27,378.90,381.42
e,e,e,e,e,e,e,e,e,e,e,e,e,e,e,e,e,e,e,e,e,e,e,e,e,e,e,e,e,e,e,1.50,5.24,10.61,26.35,44.09,50.48,52.93,55.19,57.25,59.40,61.63,63.70,65.58,67.31,68.92,70.50,72.28,74.29,76.27,78.06,79.14,79.45,81.56,83.88,86.07,88.10,90.16,92.55,94.78,97.06,98.99,100.60,102.22,102.18,103.14,104.60,106.93,109.66,112.23,114.58,116.80,118.88,121.16,123.70,126.02,128.25,129.94,131.36,133.41,135.68,137.75,139.04,139.53,139.71,139.75,141.74,144.21,146.54,148.66,150.60,151.78,152.90,155.61,158.06,159.75,160.90,162.03,163.48,164.57,165.46,166.14,167.69,169.29,171.12,173.54,176.15,178.09,179.44,180.60,181.48,182.53,183.61,184.78,186.18,187.76,189.64,191.49,193.02,194.26,195.59,196.97,198.81,200.00,200.52,202.28,203.80,205.28,206.69,208.02,209.33,210.70,211.96,213.19,214.38,215.72,217.34,218.59,220.03,221.16,222.00,222.58,223.02,224.13,228.16,231.38,233.79,236.08,237.95,239.40,241.09,243.47,246.10,248.77,250.97,252.34,253.65,255.08,256.59,258.13,259.53,261.34,263.34,265.24,264.94,263.98,263.90,265.56,267.75,270.21,271.66,273.57,276.37,279.65,282.38,284.43,286.93,289.17,290.36,291.01,291.53,292.30,293.42,294.94,296.63,298.84,301.55,303.85,305.97,307.72,309.31,312.19,314.95,317.13,317.14,316.13,316.54,317.09,316.76,317.18,318.00,318.62,318.20,316.20,318.19,319.78,319.40,318.54,316.87,315.83,315.78,316.94,318.69,318.93,317.70,317.25,317.32,318.06,318.47,319.52,321.37,322.38,322.37,322.44,323.50,324.64,326.32,328.57,331.56,334.93,337.28,339.11,341.54,343.28,345.50,347.91,346.10,345.21,347.32,349.67,351.95,354.38,356.49,358.01,359.19,360.34,363.00,365.65,367.73,370.16,371.40,372.44,373.88,374.99,376.49,378.60
e,e,e,e,e,e,e,e,e,e,e,e,e,e,e,e,e,e,e,e,e,e,e,e,e,e,e,e,e,e,e,0.59,3.13,7.05,16.66,38.55,49.25,52.11,53.90,55.80,58.47,60.85,62.64,64.30,66.00,67.62,69.32,71.28,73.38,75.39,76.39,76.75,78.49,80.84,82.73,84.74,86.83,88.89,91.05,93.32,95.64,97.41,98.40,99.30,98.99,101.11,103.89,106.94,109.83,111.92,113.66,115.71,117.66,119.55,121.69,123.91,126.04,127.61,129.00,130.73,132.82,134.56,136.00,136.47,136.69,137.98,140.37,142.61,144.63,146.44,148.13,148.97,151.11,153.50,155.43,157.18,158.69,159.88,161.04,162.07,163.16,164.50,166.00,167.63,169.91,172.58,174.51,175.87,177.20,178.32,179.08,179.83,180.84,182.14,183.74,185.53,187.26,189.10,190.55,191.88,193.29,194.73,196.43,197.90,198.85,199.61,201.05,202.55,204.10,205.47,206.70,208.00,209.51,210.82,212.27,213.92,215.64,216.94,217.87,218.34,219.90,220.71,220.51,221.77,225.71,229.33,231.28,233.43,235.23,236.97,239.05,241.49,243.96,246.36,248.25,249.48,250.81,252.44,254.16,255.86,257.61,259.90,262.13,263.60,262.44,260.95,259.99,261.63,264.33,266.86,268.56,271.22,274.39,277.29,279.22,281.07,283.57,285.80,286.61,287.28,287.98,289.15,290.72,292.34,294.28,296.69,298.68,300.17,301.95,303.73,306.73,310.31,311.95,314.08,313.65,312.76,312.99,313.36,313.36,314.11,314.87,315.18,314.83,312.18,312.98,315.80,315.60,314.54,313.19,312.06,312.40,313.90,314.43,314.34,313.58,313.38,313.27,314.13,315.31,316.81,317.68,318.20,318.31,319.38,320.37,321.17,322.92,325.49,328.86,331.87,333.58,335.57,338.15,339.31,341.47,344.30,341.73,341.76,344.43,346.91,349.18,351.45,353.07,354.26,355.47,357.26,359.95,362.09,364.17,366.58,367.79,369.07,370.64,372.29,374.24,376.04
e,e,e,e,e,e,e,e,e,e,e,e,e,e,e,e,e,e,e,e,e,e,e,e,e,e,e,e,e,e,e,e,0.86,4.33,10.02,29.98,44.91,49.80,51.70,54.21,57.18,59.79,61.53,63.10,64.69,66.51,68.50,70.57,72.70,73.71,73.92,75.28,77.52,79.42,81.33,83.42,85.55,87.63,89.68,91.98,94.23,94.59,94.96,95.78,97.69,100.81,103.64,106.51,108.50,109.96,111.98,114.13,116.02,117.84,119.72,121.90,123.86,125.38,126.90,128.29,129.84,131.40,132.93,133.33,134.30,136.47,138.73,140.69,142.40,144.11,145.72,147.37,149.25,151.01,152.95,154.83,156.47,157.51,158.69,160.22,161.53,162.91,164.33,166.33,168.94,171.04,172.38,173.70,174.96,176.02,176.91,177.68,178.58,179.78,181.55,183.04,184.69,186.48,188.07,189.56,190.88,192.18,193.85,195.31,196.44,197.37,198.76,200.25,201.69,202.60,203.72,205.35,206.99,208.69,210.65,212.40,213.94,214.97,215.28,215.65,217.36,218.27,218.20,220.25,223.86,227.32,229.04,230.88,232.80,234.76,236.87,239.10,241.59,243.90,245.49,246.84,248.39,250.32,252.05,253.72,256.11,258.82,261.01,261.79,260.53,258.64,257.19,258.77,261.28,263.82,266.66,269.44,272.02,274.26,275.99,277.96,280.54,282.02,282.34,282.85,284.02,285.76,287.67,289.76,292.13,294.50,296.01,297.01,298.53,300.37,303.72,307.25,308.42,311.05,310.35,309.24,310.02,309.95,310.02,310.98,311.72,312.25,312.05,309.68,308.95,311.83,311.66,310.76,309.84,308.29,309.32,310.13,310.03,309.72,309.53,309.65,309.51,311.08,312.84,313.56,314.23,314.57,313.83,315.34,316.64,317.65,319.68,322.16,325.45,328.11,329.95,332.51,334.86,335.65,338.54,341.40,339.01,339.21,341.84,344.20,346.31,348.21,349.36,350.68,352.15,354.11,356.51,358.47,360.70,362.89,364.36,366.01,367.86,369.92,371.58,372.39
e,e,e,e,e,e,e,e,e,e,e,e,e,e,e,e,e,e,e,e,e,e,e,e,e,e,e,e,e,e,e,e,0.45,2.71,7.21,20.23,38.56,45.16,49.28,52.67,55.53,58.09,60.26,61.84,63.26,64.99,67.17,69.13,71.16,71.31,72.33,74.27,76.31,78.27,80.34,82.47,84.54,86.58,88.56,90.72,92.33,91.36,92.08,94.63,97.69,100.73,103.28,105.09,106.59,108.38,110.50,112.51,114.35,116.27,118.13,120.00,121.72,123.31,124.76,125.98,127.34,128.97,129.91,130.78,132.73,135.00,137.09,138.99,140.78,142.41,144.11,145.84,147.49,149.03,150.80,152.90,154.23,154.90,156.12,157.97,159.82,161.22,162.59,164.54,167.03,168.93,170.19,171.51,172.66,173.72,174.69,175.65,176.55,177.83,179.22,180.38,182.19,184.07,185.81,187.24,188.38,189.67,191.40,192.73,193.91,195.07,196.44,197.79,198.99,199.60,201.02,202.95,204.80,206.98,209.18,210.97,212.08,212.61,212.43,212.77,213.67,214.67,217.28,220.65,223.42,225.33,226.84,228.54,230.35,232.18,234.29,236.66,239.24,241.31,242.89,244.38,246.16,248.19,249.98,251.59,253.93,256.70,258.88,259.33,258.23,256.25,254.74,256.45,259.19,262.28,265.29,267.51,269.31,271.10,272.88,274.94,277.53,278.58,278.48,278.98,280.56,282.72,285.05,287.46,290.01,292.19,292.73,293.81,295.29,297.57,301.09,303.79,303.83,306.75,305.73,305.00,306.25,306.85,307.05,307.88,308.71,308.98,308.53,306.01,305.30,307.53,307.35,306.86,306.50,304.87,305.68,306.08,305.95,305.83,305.99,306.21,306.51,308.50,310.16,310.38,310.50,311.12,309.62,311.65,312.75,314.62,316.63,318.81,321.62,324.26,326.74,329.67,331.19,332.02,335.49,338.48,336.73,336.58,339.17,341.36,343.07,344.50,345.70,347.49,349.11,350.75,353.03,355.02,357.18,359.25,361.16,363.10,365.09,367.11,368.41,368.60
e,e,e,e,e,e,e,e,e,e,e,e,e,e,e,e,e,e,e,e,e,e,e,e,e,e,e,e,e,e,e,e,e,1.13,5.78,16.62,38.29,44.34,48.09,50.85,53.16,55.70,58.25,60.44,61.78,63.19,65.00,66.02,67.95,69.33,71.62,73.59,75.62,77.58,79.56,81.56,83.52,85.52,87.39,89.02,89.93,89.07,91.57,94.66,97.55,99.95,101.73,103.42,105.26,107.16,109.01,110.90,112.83,114.75,116.60,118.27,119.76,121.25,122.51,123.72,125.18,126.58,127.33,129.11,131.28,133.40,135.35,137.30,139.22,141.02,142.74,144.44,145.99,147.59,149.26,150.87,151.88,152.20,153.52,155.74,158.04,159.45,160.78,162.75,164.99,166.48,167.56,169.07,170.48,171.62,172.30,173.15,174.41,175.69,176.94,178.31,180.07,182.00,183.61,184.82,185.94,187.35,188.89,190.23,191.53,192.51,193.84,195.07,196.16,197.19,198.94,200.93,203.08,205.10,207.19,208.93,209.90,209.81,209.40,209.44,210.56,213.63,217.30,219.88,221.67,222.81,224.35,226.15,227.90,229.69,231.72,234.20,236.64,238.65,240.39,242.03,243.94,245.96,247.88,249.34,251.15,253.48,255.72,256.37,254.83,253.26,252.14,254.05,257.61,261.37,263.47,264.85,266.34,268.07,269.71,271.97,274.58,275.47,275.27,276.43,278.25,280.33,282.60,284.95,287.67,289.34,289.25,290.49,292.14,294.98,298.49,299.85,300.42,302.35,300.84,300.91,302.25,302.85,303.71,304.07,304.32,304.28,303.89,301.51,301.44,302.81,302.88,302.80,302.94,301.56,301.98,302.07,301.87,302.10,302.55,302.83,303.60,305.49,307.13,307.68,306.95,306.50,305.77,307.95,309.18,311.76,313.79,315.84,318.28,320.88,323.62,325.83,327.27,328.75,331.81,334.27,333.49,334.41,336.72,338.61,340.20,340.87,342.23,344.42,346.41,348.05,349.80,351.54,353.49,355.72,358.02,360.40,362.27,364.16,365.36,365.76
e,e,e,e,e,e,e,e,e,e,e,e,e,e,e,e,e,e,e,e,e,e,e,e,e,e,e,e,e,e,e,e,e,0.56,4.53,13.75,35.91,43.28,46.59,48.75,50.76,53.18,56.00,58.66,60.16,61.29,61.95,62.36,64.49,67.75,70.49,72.50,74.65,76.62,78.56,80.64,82.59,84.37,84.68,85.33,85.88,88.08,91.79,94.63,96.71,98.43,100.42,102.27,104.02,105.67,107.49,109.72,111.60,113.36,114.93,116.42,117.85,119.21,120.41,121.48,123.00,124.05,125.76,127.89,129.81,131.72,133.66,135.60,137.55,139.55,141.38,143.03,144.65,146.24,147.53,148.76,149.33,149.59,151.26,153.74,156.21,157.71,159.02,160.98,162.83,163.60,164.68,166.29,167.88,169.14,169.63,170.70,172.11,173.45,174.95,176.68,178.37,179.96,181.29,182.35,183.48,184.89,186.37,188.04,189.21,190.04,191.23,192.39,193.53,195.18,197.16,199.13,201.01,202.97,204.85,206.44,206.87,206.22,205.78,207.32,211.02,214.11,216.46,217.88,219.07,220.24,221.95,223.80,225.76,227.64,229.43,231.65,233.96,235.93,237.72,239.74,241.97,243.99,245.73,247.00,248.49,250.61,252.82,253.38,251.56,249.75,249.21,251.07,255.07,258.78,260.78,261.85,263.18,264.95,266.95,269.57,271.83,272.24,272.32,274.24,276.05,277.89,279.82,282.39,284.69,285.08,285.19,286.50,288.65,291.72,294.48,296.35,297.70,297.76,296.79,297.39,298.51,299.31,300.47,300.25,299.87,299.72,299.59,297.76,297.80,298.30,298.91,299.08,299.08,298.21,298.01,298.37,298.42,298.76,299.30,299.84,300.67,302.34,303.97,304.96,304.23,302.07,301.97,304.03,305.76,308.75,310.75,312.71,315.02,317.33,319.72,321.47,323.69,325.97,328.50,330.32,330.59,332.08,334.13,335.62,336.92,337.63,339.45,341.86,343.68,345.19,346.74,348.29,350.07,352.38,354.76,356.86,359.04,361.14,362.36,362.74
e,e,e,e,e,e,e,e,e,e,e,e,e,e,e,e,e,e,e,e,e,e,e,e,e,e,e,e,e,e,e,e,e,1.17,4.91,11.85,33.06,42.35,44.74,46.20,47.88,50.57,53.86,55.80,57.13,58.48,58.37,60.35,63.45,66.51,69.36,71.63,73.50,75.19,77.26,79.47,81.51,82.28,81.35,81.59,84.33,88.42,91.81,93.47,95.11,97.05,99.07,100.80,102.16,103.85,106.01,108.26,110.21,111.72,112.73,114.30,115.83,117.19,118.16,119.36,120.69,122.41,124.76,126.77,128.42,130.08,131.97,133.90,135.89,137.99,140.01,141.69,143.12,144.38,145.60,146.40,146.71,147.74,150.02,152.49,154.57,155.93,157.47,159.13,160.20,160.66,161.81,163.44,164.82,165.85,166.76,168.25,169.82,171.48,173.24,175.04,176.56,177.84,179.00,179.92,181.00,182.31,184.06,185.88,187.08,188.05,189.04,190.05,191.25,193.04,195.02,196.92,198.75,200.71,202.42,203.83,203.33,202.46,203.19,208.57,211.62,212.95,214.09,215.45,216.58,217.92,219.70,221.69,223.70,225.61,227.42,229.28,231.31,233.16,235.14,237.59,240.00,241.97,243.42,244.66,246.36,248.62,249.87,249.98,249.06,246.79,246.37,248.59,252.21,255.42,257.21,258.60,260.04,262.00,264.14,266.76,268.31,268.57,269.71,271.97,273.52,275.20,277.27,279.72,281.19,281.23,281.04,282.48,285.38,289.09,292.49,292.96,293.82,293.36,292.98,293.96,295.18,296.53,297.29,296.73,296.09,295.77,295.85,293.86,293.55,294.47,295.38,295.43,294.77,293.95,294.15,294.80,295.20,295.74,296.00,296.26,297.63,299.74,301.40,302.30,302.10,299.40,298.29,300.19,302.02,304.80,307.02,309.31,311.33,313.37,315.76,318.47,320.67,322.84,325.64,327.19,327.74,329.57,331.31,332.21,333.39,334.82,337.21,339.48,340.72,342.16,343.76,345.43,347.30,349.28,350.96,352.70,354.66,357.04,358.69,359.24
e,e,e,e,e,e,e,e,e,e,e,e,e,e,e,e,e,e,e,e,e,e,e,e,e,e,e,e,e,e,e,3.20,0.92,3.14,6.22,10.55,30.66,41.16,41.83,42.69,45.14,49.35,51.52,51.84,53.31,54.99,56.27,60.88,63.77,66.00,67.93,70.13,71.83,73.20,74.71,76.28,78.47,78.95,78.47,81.04,84.82,88.29,90.28,91.86,93.49,95.19,97.15,98.66,100.21,102.12,104.23,106.30,107.96,109.22,110.39,112.06,113.73,115.05,115.95,117.30,119.33,121.73,123.50,124.97,126.64,128.41,130.27,132.23,134.35,136.45,138.39,140.13,141.40,142.57,143.50,143.80,144.80,146.93,149.32,151.57,152.81,154.00,155.34,156.75,157.50,158.01,159.21,160.56,161.66,162.74,164.09,165.70,167.56,169.72,171.67,173.11,174.34,175.65,176.81,177.73,178.68,180.08,181.87,183.73,184.88,185.82,186.80,187.93,189.23,190.91,192.84,194.61,196.43,198.20,199.98,201.17,200.18,199.20,201.13,206.01,208.75,210.26,211.60,213.00,214.20,215.67,217.46,219.70,221.77,223.17,224.75,226.65,228.96,230.56,232.70,235.02,237.44,239.65,241.01,242.28,244.53,246.58,246.97,247.12,246.38,244.06,243.93,246.83,249.65,251.56,253.37,255.07,256.96,259.14,261.13,263.06,264.04,264.58,266.89,269.17,270.79,272.45,274.39,276.34,277.62,277.85,277.75,279.43,282.45,286.63,290.10,289.36,289.86,289.39,289.54,290.81,292.25,293.68,293.94,293.26,292.50,291.91,292.03,290.68,289.32,290.87,291.91,292.01,291.17,290.25,290.54,291.26,292.04,292.60,292.14,292.79,294.83,297.25,298.92,299.54,299.12,295.70,294.60,296.63,298.63,300.89,303.38,305.57,307.46,309.82,313.12,315.87,317.94,320.30,323.01,324.04,324.58,326.28,327.99,329.00,330.52,332.10,334.25,335.91,337.28,339.05,340.86,342.68,344.62,346.13,347.23,349.06,350.30,351.75,353.99,356.54
e,e,e,e,e,e,e,e,e,e,e,e,e,e,e,e,e,e,e,e,e,e,e,e,e,e,e,e,e,e,e,e,0.82,1.63,4.83,9.29,26.36,35.52,37.62,40.24,44.80,44.65,45.47,47.13,49.86,51.65,54.85,60.79,62.20,62.91,64.29,66.09,68.50,70.35,70.04,70.57,72.83,75.50,79.66,82.33,85.24,87.27,88.80,90.32,91.97,93.53,95.20,96.66,98.52,100.33,102.28,103.94,105.30,106.60,108.34,110.18,111.83,112.80,113.94,116.08,118.69,120.43,121.39,122.91,124.79,126.88,128.74,130.72,132.81,134.69,136.20,137.76,139.26,140.49,141.01,141.88,143.93,146.09,148.27,149.83,150.97,152.07,153.03,154.19,154.78,155.60,156.94,158.06,159.06,160.23,161.60,163.32,165.51,167.75,169.70,170.88,172.07,173.45,174.64,175.62,176.82,178.30,179.89,181.58,182.53,183.56,184.75,186.05,187.53,189.04,190.55,192.20,193.78,195.49,197.30,198.00,196.69,196.83,199.99,203.28,205.58,207.41,209.20,210.53,211.88,213.31,215.06,217.36,219.25,220.49,221.93,224.50,227.25,228.65,230.11,232.23,234.41,236.51,238.21,239.93,242.68,243.74,244.09,244.41,243.99,241.58,241.90,245.08,247.21,248.52,250.07,251.82,253.81,256.01,257.92,258.98,259.88,261.16,263.63,265.92,268.00,269.43,270.90,272.63,273.98,274.55,275.62,277.54,279.70,283.16,285.47,284.85,285.30,285.75,286.35,287.73,289.34,290.61,290.61,289.37,288.19,287.92,288.34,288.00,285.80,287.02,288.35,288.66,288.15,287.54,287.47,287.80,289.00,289.43,288.77,289.85,292.33,294.86,295.83,296.23,295.06,291.41,291.54,293.91,295.74,297.52,299.71,301.78,304.40,307.52,310.59,312.56,314.93,317.91,320.30,320.97,321.32,322.68,324.48,326.05,327.80,329.25,330.78,332.06,333.69,335.74,337.83,340.00,341.77,342.36,344.07,346.54,347.22,348.79,352.34,355.30
e,e,e,e,e,e,e,e,e,e,e,e,e,e,e,e,e,e,e,e,e,e,e,e,e,e,e,e,e,e,e,e,e,0.61,3.08,7.62,22.08,35.27,40.69,43.06,39.94,39.17,41.09,43.89,47.05,50.15,54.44,56.64,57.43,58.31,59.74,60.19,61.87,64.57,65.70,68.10,71.23,76.28,80.30,82.54,83.91,85.41,86.95,88.63,90.27,91.78,93.31,94.97,96.77,98.52,100.06,101.47,102.93,104.55,106.36,108.22,109.72,110.74,112.55,114.74,116.94,118.15,119.28,121.18,123.31,125.43,127.36,129.23,130.97,132.47,133.62,134.69,136.15,137.50,138.73,141.10,143.21,145.34,147.34,148.24,148.95,150.15,150.79,151.54,152.16,153.32,154.73,155.86,156.91,158.05,159.34,161.16,163.20,165.14,166.86,168.23,169.76,171.40,172.48,173.70,175.15,176.65,177.99,178.95,180.07,181.51,182.88,184.37,185.88,187.34,188.54,189.65,191.01,192.74,194.54,194.49,193.31,195.13,198.15,200.49,202.82,205.00,206.85,208.09,209.33,210.49,212.32,214.25,215.92,217.69,220.48,223.47,225.50,226.77,227.96,229.50,231.09,233.27,235.32,237.37,239.99,240.67,241.20,241.66,241.47,239.41,240.20,243.13,244.68,245.97,247.33,248.83,250.65,252.87,254.45,255.06,255.88,257.85,260.53,263.05,265.31,266.69,267.97,269.40,270.78,272.00,273.55,275.51,277.30,279.17,280.44,280.50,281.16,282.23,283.13,284.25,285.56,286.31,285.55,283.51,282.47,283.49,285.22,285.54,283.06,283.20,284.43,284.16,283.88,284.49,284.04,284.20,285.29,285.73,285.45,287.28,289.88,292.54,291.54,292.37,292.47,288.71,288.58,291.16,292.38,294.12,296.28,299.13,302.38,305.28,307.63,309.56,312.24,315.40,317.29,317.47,317.96,319.36,321.45,323.37,324.53,325.64,326.73,328.13,330.36,332.62,334.74,336.94,338.23,339.06,342.08,344.11,344.12,347.00,350.82,352.74
e,e,e,e,e,e,e,e,e,e,e,e,e,e,e,e,e,e,e,e,e,e,e,e,e,e,e,e,e,e,e,e,e,e,1.60,6.26,19.80,38.84,42.61,39.81,36.23,41.08,43.61,46.20,48.99,51.11,50.59,49.37,49.41,50.82,52.53,54.67,57.63,62.01,68.24,70.65,73.23,76.76,79.00,80.58,82.02,83.44,85.07,86.76,88.29,89.98,91.69,93.33,95.08,96.62,98.00,99.41,101.09,102.76,104.34,106.09,107.56,109.30,111.36,113.33,114.81,115.98,117.70,119.82,122.04,123.97,125.89,127.71,129.03,129.90,130.53,131.77,133.64,135.68,138.09,140.53,142.52,144.59,145.99,146.35,146.77,147.77,148.35,148.91,149.80,151.14,152.61,153.75,154.79,156.00,157.46,159.01,160.51,162.30,163.92,165.44,167.36,169.04,170.44,171.93,173.45,174.55,175.34,176.27,177.75,179.57,181.21,182.72,184.24,185.51,186.49,187.42,188.59,190.13,191.70,190.91,190.66,193.32,196.18,198.39,200.72,203.02,204.55,205.63,206.80,208.22,209.38,210.83,213.20,216.84,220.56,222.42,223.29,224.52,225.77,227.14,228.67,230.90,232.69,233.20,235.44,237.29,237.39,238.30,238.46,236.42,238.21,240.68,242.07,243.31,244.68,246.16,247.95,249.95,251.09,251.28,252.19,255.07,258.09,260.67,262.78,264.13,265.59,267.15,268.60,269.98,271.44,273.11,274.67,276.16,277.18,277.61,278.22,279.01,279.80,280.61,281.56,281.34,280.28,278.55,278.17,280.61,282.45,283.31,281.31,279.43,280.42,279.95,280.24,281.75,280.77,280.52,281.57,282.02,282.13,283.88,286.27,289.45,288.27,288.54,288.31,284.43,285.82,288.03,288.88,290.88,293.76,296.96,300.03,302.86,305.29,307.63,310.18,313.10,313.76,313.82,314.80,316.66,318.57,320.35,320.98,321.72,322.49,324.05,326.82,329.58,331.67,333.51,334.61,336.80,340.39,341.22,341.17,344.42,347.31,349.78
e,e,e,e,e,e,e,e,e,e,e,e,e,e,e,e,e,e,e,e,e,e,e,e,e,e,e,e,e,e,e,e,e,e,1.26,4.57,14.04,37.08,41.29,36.22,35.67,41.67,44.18,44.50,44.20,44.66,43.95,43.76,45.32,47.55,50.23,57.09,60.85,65.47,70.56,72.52,74.28,75.77,77.16,78.56,80.09,81.54,83.21,84.76,86.42,88.31,90.10,91.66,93.20,94.59,96.00,97.57,99.39,101.02,102.56,104.13,105.87,107.80,109.70,111.37,112.70,114.37,116.39,118.60,120.60,122.37,124.30,126.13,126.96,127.22,128.08,130.90,133.39,135.73,138.03,140.08,141.92,143.51,144.01,144.30,144.55,145.15,145.79,146.63,147.93,149.27,150.61,151.62,152.72,154.08,155.61,157.03,158.37,159.68,161.08,162.78,164.47,166.12,168.07,170.09,171.37,171.57,172.44,173.84,175.68,177.75,179.48,181.13,182.54,183.35,184.22,185.13,186.38,187.76,188.52,187.67,189.01,191.90,194.39,196.72,199.01,200.96,202.15,203.18,204.72,206.48,207.11,209.41,212.47,216.04,218.75,220.09,220.98,222.19,223.22,224.40,226.16,228.80,230.67,230.98,232.04,233.68,233.32,234.46,234.99,233.70,235.59,237.72,239.33,240.61,242.01,243.59,245.48,247.38,248.31,248.30,249.88,253.12,256.13,258.47,260.19,261.81,263.53,265.14,266.45,267.77,269.14,270.42,271.84,273.27,274.17,274.88,275.49,276.14,277.05,277.60,278.12,277.32,276.05,274.94,275.58,277.57,279.39,280.38,279.66,276.89,276.59,276.37,277.45,278.36,277.51,277.22,277.87,278.28,278.71,279.91,282.21,284.70,283.72,282.40,280.65,280.25,283.33,284.63,286.02,288.39,291.29,294.58,297.85,300.55,302.88,305.53,308.11,310.20,310.15,310.35,311.94,313.61,315.09,316.44,317.24,318.24,318.72,320.76,324.21,327.07,328.93,330.55,331.59,333.79,336.50,337.56,338.32,340.88,343.62,347.00
e,e,e,e,e,e,e,e,e,e,e,e,e,e,e,e,e,e,e,e,e,e,e,e,e,e,e,e,e,e,e,e,e,e,1.12,2.88,9.47,26.73,38.81,30.93,34.57,41.26,41.53,39.95,38.54,38.42,39.44,43.93,48.42,50.40,54.14,60.45,63.82,66.53,68.69,70.69,72.27,73.70,75.09,76.51,78.03,79.65,81.23,82.84,84.77,86.67,88.36,89.81,91.21,92.60,94.20,95.91,97.60,99.25,100.89,102.41,104.14,106.01,107.82,109.35,111.19,113.23,114.92,117.00,118.99,120.86,122.86,124.28,124.53,124.66,127.16,130.93,133.07,134.49,136.42,138.68,140.58,141.42,141.48,141.61,141.84,142.54,143.41,144.65,146.20,147.61,148.69,149.57,150.74,152.25,153.78,155.22,156.49,157.60,158.74,160.00,161.49,163.29,165.36,167.49,168.46,168.62,169.97,171.77,173.83,175.92,177.74,179.49,180.53,181.17,181.96,182.85,184.15,185.34,185.50,185.05,187.23,189.99,192.54,194.81,196.86,198.64,199.50,201.13,203.38,204.28,205.78,209.09,212.08,214.30,215.86,217.15,218.36,219.67,220.38,221.56,223.85,226.46,228.27,229.18,229.25,230.00,229.63,230.82,231.93,231.16,233.02,234.62,236.41,237.97,239.39,241.06,243.00,244.88,245.71,245.98,248.63,251.56,253.82,255.58,257.25,259.58,261.69,263.07,264.26,265.37,266.26,267.21,268.77,270.30,271.33,272.24,272.61,273.44,274.48,274.96,275.07,273.72,272.12,271.51,272.15,273.18,274.62,275.65,275.55,273.64,272.95,272.99,273.40,274.06,274.10,273.80,274.02,274.33,275.32,276.67,278.37,279.64,279.15,276.85,276.32,278.13,280.48,281.33,283.68,286.47,289.44,292.55,295.60,298.18,300.81,302.99,304.74,306.09,306.34,307.08,308.72,310.07,311.23,312.44,313.84,315.13,316.27,319.38,322.71,323.95,325.20,327.00,328.21,330.42,332.44,334.14,336.19,338.38,341.15,344.66
e,e,e,e,e,e,e,e,e,e,e,e,e,e,e,e,e,e,e,e,e,e,e,e,e,e,e,e,e,e,e,e,e,e,e,1.27,6.59,16.05,24.81,24.72,33.46,38.71,36.07,33.46,34.29,36.58,40.83,49.19,51.74,53.64,56.93,60.03,61.93,63.76,65.71,67.80,70.00,71.61,72.98,74.38,75.98,77.58,79.33,81.34,83.29,85.00,86.46,87.89,89.26,90.89,92.70,94.36,96.01,97.36,99.02,100.71,102.47,104.24,106.07,108.05,110.28,112.14,113.71,115.44,117.44,119.43,121.50,122.10,122.07,122.32,125.59,129.08,130.66,131.48,133.64,136.31,138.61,139.19,139.18,139.08,139.24,139.98,141.36,142.88,144.49,145.84,146.83,147.81,149.05,150.50,152.05,153.38,154.49,155.62,156.74,157.81,159.00,160.54,162.52,164.16,165.13,166.16,167.99,170.06,172.21,173.98,175.61,177.15,178.20,178.91,179.69,180.59,181.82,182.83,182.57,182.71,185.22,188.19,190.61,192.60,194.54,196.05,197.23,200.00,201.58,202.29,205.02,208.00,210.09,211.52,212.81,214.14,215.55,216.47,217.35,219.11,221.49,223.47,225.04,226.06,226.88,227.08,226.82,228.47,228.88,228.59,230.10,231.47,233.43,235.33,236.72,238.42,240.68,242.60,243.14,244.21,247.12,249.41,251.20,252.23,253.66,256.71,259.32,260.76,261.94,262.54,262.63,263.72,265.34,266.85,268.28,269.42,269.67,270.96,271.94,272.39,272.13,270.53,268.74,268.50,268.85,268.77,269.63,270.63,271.01,270.41,270.09,269.94,270.00,270.45,270.67,270.56,270.40,270.68,272.14,273.57,274.42,275.16,274.38,272.13,273.01,275.72,277.15,279.13,281.97,284.68,287.78,290.82,293.62,296.15,298.21,299.59,300.89,301.82,302.45,303.57,304.94,306.26,307.45,309.32,310.98,312.31,314.64,317.83,320.11,320.67,321.14,323.05,325.73,328.13,330.03,332.14,334.48,337.28,340.18,342.80
e,e,e,e,e,e,e,e,e,e,e,e,e,e,e,e,e,e,e,e,e,e,e,e,e,e,e,e,e,e,e,e,e,e,e,0.76,3.95,8.95,14.87,23.99,31.00,31.36,29.05,29.15,32.94,38.20,44.36,50.77,52.87,54.74,56.50,58.10,59.45,60.75,62.56,64.77,67.09,69.15,70.69,72.10,73.94,75.88,77.89,79.88,81.62,83.12,84.55,85.97,87.50,89.44,91.19,92.76,93.97,95.17,96.86,98.89,100.91,102.80,104.93,107.09,109.20,110.97,112.54,114.14,115.61,117.00,118.73,119.61,119.61,120.16,123.47,127.03,128.44,128.81,131.40,134.23,136.60,136.93,136.93,136.87,137.03,138.27,139.96,141.53,142.89,143.85,144.83,145.74,146.82,148.47,150.19,151.40,152.47,153.62,154.67,155.72,156.93,158.31,159.67,160.88,162.18,164.28,166.42,168.57,170.44,171.71,173.27,174.60,175.71,176.61,177.63,178.87,180.07,180.71,180.23,180.48,183.41,186.50,188.53,190.33,192.35,193.54,195.28,197.87,199.10,201.23,203.73,205.66,207.48,208.88,209.95,211.40,212.59,213.34,214.81,217.08,218.87,220.48,221.95,223.12,224.69,224.22,224.80,226.27,226.24,225.73,227.20,228.76,230.90,232.61,233.93,235.71,238.21,240.02,240.58,242.74,245.26,247.04,248.47,248.87,250.48,253.57,255.99,257.73,258.94,259.28,259.04,260.24,261.80,263.29,264.76,265.45,266.18,267.84,269.09,269.49,268.96,267.60,265.87,265.11,265.08,264.96,265.50,266.32,266.99,267.16,267.02,266.76,266.60,267.04,267.24,267.13,267.06,267.65,269.13,270.10,270.19,271.19,270.64,268.67,270.55,272.89,274.53,277.16,279.62,282.56,285.85,288.95,291.05,293.16,295.47,296.71,297.61,298.36,299.19,300.12,301.13,302.53,304.26,306.44,308.25,310.27,313.05,315.43,316.76,317.52,318.56,321.38,324.06,326.30,328.45,330.66,333.44,336.33,338.74,340.28
e,e,e,e,e,e,e,e,e,e,e,e,e,e,e,e,e,e,e,e,e,e,e,e,e,e,e,e,e,e,e,e,e,e,e,e,2.20,6.08,12.54,20.15,23.77,25.39,26.02,28.43,34.28,41.13,45.67,49.32,51.15,52.84,54.39,55.93,57.39,58.45,59.71,61.54,63.91,66.16,68.20,70.42,72.69,74.71,76.66,78.32,79.83,81.31,82.74,84.04,85.79,87.69,89.44,90.71,91.56,92.86,94.76,97.01,99.46,101.64,103.57,105.52,107.58,109.42,110.93,112.34,112.87,113.43,114.88,116.20,116.78,118.56,121.94,125.38,126.10,127.01,130.03,132.85,134.53,134.39,134.46,134.52,135.15,136.73,138.43,139.90,140.92,141.90,142.63,143.03,144.24,146.02,147.77,149.16,150.47,151.59,152.57,153.60,154.90,156.22,157.40,158.50,160.06,162.40,164.86,166.74,168.10,169.42,170.85,172.06,173.28,174.26,175.45,176.70,177.82,178.34,177.93,179.51,182.54,184.83,186.76,188.64,190.11,191.18,192.92,195.00,197.14,199.54,201.21,203.05,204.88,206.39,207.31,208.46,209.58,210.49,212.85,214.89,216.69,218.21,219.60,220.98,222.40,221.47,222.88,223.43,223.58,222.97,224.19,225.90,228.22,229.84,230.93,232.67,235.05,236.76,238.58,241.00,242.52,244.30,245.59,245.75,248.02,250.35,252.55,253.69,254.20,254.80,255.39,256.81,258.29,259.91,261.29,261.42,262.38,263.87,265.27,265.77,265.27,264.41,262.85,261.79,261.31,261.17,261.48,262.33,263.22,263.80,263.85,263.61,263.22,263.61,263.67,263.51,263.66,264.82,265.60,265.98,266.29,267.40,266.76,265.85,268.03,270.19,272.23,274.75,277.67,280.86,283.96,286.10,287.84,290.39,292.83,293.71,294.56,295.46,296.25,297.39,298.28,299.58,301.38,303.26,305.30,308.11,310.81,312.38,313.47,314.99,317.87,320.27,321.83,324.10,326.63,329.45,332.40,334.83,336.65,338.10
e,e,e,e,e,e,e,e,e,e,e,e,e,e,e,e,e,e,e,e,e,e,e,e,e,e,e,e,e,e,e,e,e,e,e,e,1.12,5.39,10.28,15.39,18.86,23.32,27.23,30.85,37.89,42.37,45.71,47.95,49.28,50.77,52.30,53.83,55.34,56.46,57.55,59.15,61.66,64.36,66.98,69.40,71.64,73.56,75.18,76.58,77.96,79.55,80.82,81.96,83.61,85.63,87.32,88.33,89.32,90.69,92.87,95.42,97.95,100.12,101.95,103.86,105.82,107.48,108.75,109.65,109.64,109.64,111.28,113.14,115.79,118.90,121.56,123.97,123.67,125.75,128.92,131.62,132.29,131.70,131.65,132.09,133.40,134.71,136.20,137.63,138.66,140.03,140.34,140.42,141.69,143.44,145.09,146.66,148.44,149.58,150.42,151.50,152.80,154.04,155.29,156.89,158.76,160.90,163.14,164.56,165.87,167.22,168.54,169.86,171.02,171.69,172.84,174.02,174.84,175.02,175.27,178.50,181.27,183.29,185.23,186.73,187.90,189.21,190.98,192.85,195.09,197.34,198.99,200.75,202.53,203.46,203.95,205.08,206.38,208.55,210.67,212.65,214.48,215.82,217.12,218.70,219.79,219.05,220.32,220.76,221.09,220.18,220.74,222.90,225.60,226.97,228.09,229.80,231.97,233.99,236.51,238.19,239.62,241.67,242.36,242.90,245.57,247.72,249.45,250.03,249.81,250.60,251.95,253.37,254.75,256.47,257.92,258.24,259.03,260.15,261.56,261.97,261.53,261.03,259.76,258.66,257.86,257.68,258.16,259.00,259.81,260.55,260.71,260.47,259.86,260.25,260.09,259.87,260.59,261.80,261.64,261.83,262.34,263.55,262.89,263.07,265.30,267.59,269.96,272.71,275.78,278.86,281.34,282.79,284.75,287.83,289.98,290.77,291.56,292.61,293.39,294.68,295.94,297.45,298.96,300.38,302.76,305.43,307.84,309.70,311.14,313.76,316.53,318.13,319.51,322.16,325.13,328.27,330.83,332.53,334.46,336.13
e,e,e,e,e,e,e,e,e,e,e,e,e,e,e,e,e,e,e,e,e,e,e,e,e,e,e,e,e,e,e,e,e,e,e,0.20,1.70,6.32,12.88,18.74,22.84,28.14,31.40,36.41,41.03,43.07,44.68,46.13,47.48,48.88,50.26,51.83,53.33,54.41,56.08,58.46,60.90,63.11,65.63,68.14,70.43,72.05,73.43,74.74,76.03,77.47,78.64,79.70,81.32,83.50,85.23,86.53,87.71,89.09,91.49,94.05,96.50,98.64,100.40,102.25,103.95,105.25,105.90,106.39,106.58,107.24,109.60,112.59,116.09,119.47,121.45,121.55,121.50,124.25,127.01,129.22,129.72,128.99,129.03,130.28,131.35,132.18,133.75,135.26,136.42,137.57,138.10,138.35,139.39,140.93,142.60,144.41,146.47,147.78,148.51,149.36,150.62,152.03,153.69,155.63,157.61,159.55,161.22,162.41,163.69,164.98,166.21,167.43,168.50,169.10,170.25,171.27,171.89,171.98,173.56,176.77,179.66,181.81,183.19,184.62,186.01,187.62,189.22,190.86,193.13,195.07,196.63,198.32,200.12,200.31,200.60,202.21,204.45,206.63,208.69,210.69,212.04,213.30,214.48,215.25,215.72,215.95,216.99,217.90,218.25,217.17,217.63,220.74,222.88,224.13,225.41,227.41,229.65,231.95,233.96,235.33,237.00,239.02,238.99,240.47,243.24,244.29,245.93,246.87,246.67,247.62,248.89,250.03,251.21,253.06,254.89,255.64,256.29,257.02,257.53,257.76,257.57,257.30,256.35,255.06,254.45,254.46,255.32,256.47,257.13,257.60,257.79,257.47,256.76,256.68,256.26,256.19,257.21,258.47,258.30,258.27,258.89,259.91,259.47,260.68,262.83,265.14,267.89,270.62,273.13,275.92,278.05,279.47,281.53,284.13,285.93,287.69,288.71,289.75,290.63,292.22,293.92,295.66,297.27,298.57,300.11,301.99,304.56,306.93,309.70,312.55,314.70,315.91,317.90,320.53,323.53,326.25,328.30,330.39,332.46,333.71
e,e,e,e,e,e,e,e,e,e,e,e,e,e,e,e,e,e,e,e,e,e,e,e,e,e,e,e,e,e,e,e,e,e,e,e,1.27,6.48,17.93,28.06,30.64,32.30,34.95,38.34,40.33,41.33,42.58,44.14,45.71,47.25,48.58,50.10,51.39,53.03,55.15,57.45,59.25,61.46,63.95,66.30,68.53,70.25,71.63,72.90,74.09,75.12,76.13,77.45,79.52,81.49,82.81,84.72,86.16,87.83,90.27,92.69,95.10,97.22,98.75,100.37,101.85,102.79,102.93,103.26,104.19,106.47,109.06,112.06,115.15,117.99,119.28,118.97,119.80,122.14,124.11,125.71,126.21,126.12,127.28,128.50,128.89,129.84,131.79,133.34,134.15,135.06,135.89,136.58,137.60,138.88,140.33,142.38,144.59,145.75,146.30,146.96,148.53,150.50,152.32,154.28,156.25,158.00,159.25,160.38,161.53,162.66,163.73,164.84,165.76,166.44,168.22,170.04,170.19,169.58,171.94,175.04,177.86,179.57,181.16,182.85,184.44,185.99,187.57,189.27,191.37,192.50,193.75,195.47,196.71,196.86,198.09,200.34,202.24,204.13,206.25,208.10,209.55,210.83,211.83,212.20,212.28,212.71,213.63,214.69,215.38,214.25,214.65,217.77,220.06,221.41,222.59,224.70,227.05,229.53,231.00,231.64,233.83,235.11,236.01,238.62,240.44,240.73,242.71,243.81,243.75,244.80,246.28,247.64,248.60,250.16,252.06,252.88,252.79,252.64,252.68,253.12,253.50,253.35,252.64,251.51,250.94,251.36,252.60,253.91,254.32,254.64,254.96,254.48,253.78,252.86,252.40,252.50,253.46,254.66,254.88,255.13,256.03,256.82,256.34,257.97,260.40,262.92,265.41,267.98,270.05,272.95,274.69,276.26,278.35,280.13,282.18,284.56,285.90,286.99,288.58,290.32,291.97,293.80,295.59,297.01,298.02,300.15,302.71,305.43,308.37,310.96,312.72,313.99,316.38,319.10,321.53,323.76,326.05,328.76,330.12,331.17
e,e,e,e,e,e,e,e,e,e,e,e,e,e,e,e,e,e,e,e,e,e,e,e,e,e,e,e,e,e,e,e,e,e,e,e,1.79,6.85,21.09,31.41,32.93,34.39,35.63,36.34,37.64,38.81,40.76,41.79,43.48,45.51,46.92,47.95,50.17,52.25,54.33,56.37,58.17,59.86,61.91,64.15,66.23,68.12,69.78,71.06,71.91,72.66,74.01,75.67,77.64,79.05,80.25,82.33,84.38,86.63,89.03,91.43,93.76,95.18,96.47,98.18,99.59,100.32,100.36,100.98,103.15,105.72,108.25,110.75,113.31,115.72,116.52,116.72,118.06,119.38,120.81,122.10,122.83,124.18,125.67,126.17,126.43,128.19,130.27,131.64,132.41,133.13,133.93,134.84,135.80,136.93,138.66,141.15,143.10,143.41,143.92,144.66,146.61,148.79,150.97,152.95,154.87,156.17,157.22,158.18,159.18,160.20,161.11,162.15,162.95,163.76,165.95,168.04,167.86,166.71,170.61,173.53,174.95,176.38,179.24,181.40,182.93,184.42,185.99,187.71,189.10,189.93,190.84,192.19,193.04,193.97,196.05,197.93,199.63,201.49,203.56,205.49,207.12,208.24,209.17,209.69,209.57,209.92,210.84,211.92,212.55,211.56,211.74,214.53,216.77,218.45,219.69,221.90,223.96,226.19,227.58,228.52,230.41,231.67,233.38,235.61,236.82,237.38,239.87,240.80,240.76,242.09,243.75,245.31,246.46,247.66,249.17,250.06,249.58,248.90,248.51,248.94,249.59,249.69,249.30,248.68,248.19,248.84,250.36,251.45,251.43,251.53,252.17,251.80,250.85,249.77,249.13,249.25,249.85,250.95,251.54,251.79,252.80,253.75,253.22,255.23,258.10,260.84,263.15,265.42,267.78,269.92,271.60,273.66,275.52,277.39,279.81,281.98,283.23,285.03,286.87,288.46,290.04,291.85,293.80,295.12,296.71,299.19,301.20,303.80,306.29,308.79,310.39,312.45,314.55,317.30,319.73,321.53,323.43,325.79,327.46,328.70
e,e,e,e,e,e,e,e,e,e,e,e,e,e,e,e,e,e,e,e,e,e,e,e,e,e,e,e,e,e,e,e,e,e,e,e,1.76,7.92,21.27,31.25,32.63,33.09,32.49,32.89,34.37,36.30,38.29,39.39,41.51,43.66,44.84,46.84,49.63,51.95,53.80,55.40,56.86,58.33,59.94,61.98,64.00,65.56,67.00,68.48,69.42,71.13,72.70,73.90,75.48,76.93,78.53,80.37,82.52,85.21,87.70,90.18,91.94,92.55,94.44,96.06,96.83,97.49,97.78,99.74,102.36,104.92,107.33,109.48,111.72,113.41,113.87,114.60,115.91,117.09,118.26,119.47,120.94,122.77,123.54,123.62,124.31,126.24,128.30,129.94,130.62,131.28,132.17,133.03,133.81,135.13,137.45,139.81,140.96,141.09,141.38,142.23,144.29,146.78,149.66,151.78,153.21,153.97,154.67,155.53,156.54,157.52,158.52,159.47,160.14,161.06,162.88,163.98,163.26,163.88,168.55,170.75,171.62,173.63,177.18,179.77,181.39,182.65,184.00,185.56,186.64,187.60,188.34,189.19,190.03,191.83,193.46,195.14,196.96,199.05,201.25,203.19,204.59,205.56,206.54,207.23,206.87,207.34,208.28,209.26,209.65,208.78,208.75,211.14,213.41,215.31,217.08,219.04,220.68,222.56,223.97,225.52,227.24,229.03,231.09,232.83,233.01,233.83,236.34,237.03,237.60,240.04,241.79,243.12,243.35,244.53,246.09,247.09,246.78,245.75,245.20,245.53,246.28,246.75,246.90,246.43,245.92,246.59,247.78,248.56,248.19,247.97,249.23,248.84,247.74,247.01,246.82,246.85,247.37,247.78,248.51,248.73,249.81,250.69,250.40,252.96,255.94,258.69,261.10,263.17,265.19,267.21,269.27,271.46,273.14,275.46,277.84,279.33,281.31,283.25,284.71,286.83,288.40,290.39,292.22,293.37,295.55,297.86,299.58,301.64,303.93,306.25,308.73,311.04,312.56,315.08,317.20,318.99,320.63,322.59,324.66,326.37
e,e,e,e,e,e,e,e,e,e,e,e,e,e,e,e,e,e,e,e,e,e,e,e,e,e,e,e,e,e,e,e,e,e,e,e,1.53,7.78,17.01,26.79,30.99,30.89,29.49,29.89,31.91,33.92,35.81,37.95,40.39,41.81,43.54,46.30,48.92,50.86,52.39,53.77,55.23,56.74,58.42,60.09,61.66,62.40,63.86,65.53,67.78,70.02,71.41,72.60,73.77,75.19,76.88,78.62,80.85,83.69,86.30,88.28,89.26,90.68,92.67,93.48,94.00,94.67,96.36,99.09,101.67,103.86,105.97,108.02,109.81,111.03,111.79,112.53,113.72,114.87,116.00,117.43,119.53,120.93,120.97,121.06,122.40,124.51,126.55,128.24,128.59,129.36,130.40,131.12,131.86,133.48,135.74,137.54,138.56,138.88,138.89,139.86,142.07,145.06,148.04,150.24,151.22,151.56,151.96,152.81,153.91,154.93,156.05,156.92,157.63,158.52,159.46,159.93,159.49,162.19,166.69,168.03,168.55,171.20,174.97,177.40,179.36,180.67,181.92,183.20,184.06,185.26,186.16,186.95,188.26,189.57,190.77,192.47,194.49,196.74,199.04,200.92,202.00,203.03,203.94,204.63,204.20,204.77,205.72,206.63,206.72,205.75,206.09,208.42,210.71,212.84,214.53,216.38,217.86,219.58,221.06,222.46,224.18,226.01,228.03,229.67,229.52,230.69,232.63,233.01,234.69,237.47,239.56,240.81,240.37,241.50,242.91,244.08,243.82,242.56,241.93,242.21,243.16,243.72,244.30,244.19,243.67,243.94,244.88,245.44,244.64,244.09,245.81,245.43,244.47,243.84,244.11,244.38,244.26,244.53,245.41,246.14,247.22,247.80,248.61,251.18,253.87,256.40,258.94,261.05,262.95,264.88,267.10,269.05,271.13,273.74,275.35,277.20,279.63,280.54,281.76,284.82,286.95,289.11,290.22,292.19,294.40,296.34,298.02,299.94,302.20,304.22,306.78,309.14,310.49,312.49,314.48,316.05,317.70,320.22,322.38,324.18
e,e,e,e,e,e,e,e,e,e,e,e,e,e,e,e,e,e,e,e,e,e,e,e,e,e,e,e,e,e,e,e,e,e,e,e,2.55,7.68,14.31,20.22,27.62,28.52,27.30,27.84,30.03,32.09,34.23,36.49,38.48,40.34,43.05,45.71,47.68,49.42,50.87,52.14,53.58,55.18,56.76,58.21,58.99,59.47,61.62,64.22,66.57,68.56,70.20,71.28,72.17,73.62,75.30,77.33,79.85,82.55,84.85,86.05,87.13,88.91,90.13,90.97,91.49,93.05,95.69,98.37,100.41,102.39,104.56,106.41,107.87,108.96,109.95,110.60,111.51,112.64,113.89,115.66,117.46,118.11,118.19,118.86,120.91,122.92,124.79,126.48,126.56,127.25,128.34,128.92,130.24,131.85,133.84,135.19,136.24,136.76,136.99,138.44,140.75,143.72,146.33,148.00,148.92,149.14,149.36,150.10,151.30,152.47,153.59,154.42,155.25,155.85,156.38,156.75,159.02,162.54,164.68,165.42,166.98,169.89,172.60,174.70,176.63,178.22,179.59,180.65,181.70,183.13,184.02,185.16,186.45,187.45,188.51,190.02,192.14,194.52,196.78,198.36,199.31,200.49,201.35,202.11,201.46,202.11,203.25,203.94,203.84,202.93,203.54,206.15,208.65,210.87,212.11,213.74,215.28,217.10,218.47,219.60,220.99,222.57,224.57,226.65,226.59,227.76,229.07,229.66,231.71,234.56,236.59,237.76,237.07,238.39,239.60,241.06,240.91,239.16,238.48,238.82,240.18,241.14,241.89,241.95,241.43,241.49,242.09,242.29,241.26,240.47,242.45,242.18,241.06,240.80,241.66,241.90,241.23,241.33,242.47,243.66,244.48,245.38,247.27,249.38,251.62,254.09,256.56,258.84,260.86,262.76,264.74,266.98,269.62,271.40,272.92,274.58,276.59,277.75,280.25,283.07,285.60,286.91,288.64,291.24,293.14,294.85,296.75,298.73,300.68,302.31,304.59,306.61,307.81,310.02,311.47,313.01,315.14,317.74,320.01,321.98
e,e,e,e,e,e,e,e,e,e,e,e,e,e,e,e,e,e,e,e,e,e,e,e,e,e,e,e,e,e,e,e,e,e,e,e,2.60,9.55,13.95,17.66,22.31,23.78,25.03,27.45,29.69,31.99,34.14,36.24,38.34,40.44,42.71,44.83,46.83,48.32,49.41,50.50,51.94,53.45,54.98,55.92,56.12,57.84,60.84,62.84,64.74,66.66,68.30,69.34,70.41,71.95,73.50,76.09,78.89,81.44,82.89,83.82,84.92,86.24,87.50,88.36,89.78,92.44,95.05,97.16,98.83,101.18,103.09,104.63,105.97,107.02,108.05,108.80,109.52,110.60,112.10,113.70,114.63,115.07,115.50,117.23,119.36,121.37,123.27,124.77,124.49,125.10,126.13,126.75,128.48,130.13,131.65,132.85,133.85,134.72,136.08,137.94,139.92,142.35,144.35,145.54,146.51,146.76,146.84,147.60,148.83,150.06,151.13,152.03,152.65,153.17,153.67,155.30,158.88,161.32,162.19,163.32,165.74,168.12,170.02,171.99,173.93,175.46,176.83,178.05,179.83,181.11,182.16,183.41,184.35,185.31,186.44,188.05,190.06,192.46,194.33,195.62,196.82,197.88,198.40,199.29,198.46,199.55,200.73,201.17,201.00,200.21,201.08,203.79,206.29,208.43,209.72,211.07,212.73,214.63,215.92,216.99,218.09,219.36,221.39,223.75,223.70,224.55,226.13,227.03,229.39,231.94,233.70,234.51,233.67,234.99,236.05,237.65,237.29,235.59,234.75,235.40,236.91,238.19,239.10,239.35,238.64,238.27,238.62,239.05,238.20,236.45,238.68,238.64,237.34,237.68,238.87,239.24,238.40,238.51,240.03,241.28,242.17,243.77,245.90,247.69,249.45,251.87,254.22,256.34,258.51,260.69,262.56,264.73,267.02,269.06,270.64,272.11,274.16,276.77,279.25,281.70,283.82,284.69,287.09,289.73,291.64,293.51,295.26,297.09,298.82,300.33,302.46,303.68,305.20,307.30,308.73,310.37,312.66,315.11,317.44,319.64
e,e,e,e,e,e,e,e,e,e,e,e,e,e,e,e,e,e,e,e,e,e,e,e,e,e,e,e,e,e,e,e,e,e,e,e,1.48,5.88,11.99,15.99,19.77,22.39,25.09,28.27,30.53,32.09,33.80,35.77,37.65,39.81,42.12,44.28,45.82,46.85,47.82,48.86,50.08,51.54,53.03,52.87,53.55,56.34,59.13,60.91,62.79,64.52,66.09,67.29,68.66,69.89,71.30,73.99,76.96,79.41,80.80,81.79,82.71,83.69,84.86,86.26,89.23,91.97,93.93,95.04,97.22,99.66,101.43,102.87,103.95,105.07,106.16,107.09,107.99,109.04,110.21,111.26,111.47,112.18,113.39,115.34,117.50,119.97,121.95,123.00,122.44,122.91,123.84,124.88,126.68,128.40,129.73,130.97,132.15,133.61,135.46,137.26,138.93,140.70,142.10,143.20,144.12,144.28,144.31,145.19,146.43,147.65,148.74,150.09,150.80,151.34,151.66,153.55,156.73,158.73,159.93,161.70,164.07,165.98,167.55,169.37,171.23,172.66,174.07,175.61,177.38,178.82,180.29,181.44,182.24,183.22,184.44,186.25,188.28,190.35,191.82,193.12,194.38,194.41,194.39,194.85,195.52,197.04,198.09,198.14,197.79,197.25,198.91,201.35,203.64,205.41,206.86,208.61,210.42,212.23,213.32,214.37,215.41,216.71,218.91,221.01,220.81,221.87,223.33,224.41,226.88,229.00,230.69,231.51,230.39,231.18,232.38,234.10,233.53,231.87,231.04,231.97,233.33,234.29,235.02,235.66,234.93,234.10,234.53,235.44,235.34,233.10,232.93,234.08,233.23,233.95,235.18,235.94,235.19,235.79,237.43,238.86,240.36,242.33,243.87,245.88,247.75,249.72,251.66,253.55,255.82,258.19,260.24,262.17,264.53,266.76,268.22,270.44,272.91,275.41,277.89,280.29,281.42,282.76,285.53,288.07,290.13,291.55,293.17,294.97,296.78,298.51,299.96,300.75,302.71,304.92,306.68,308.25,310.22,312.42,314.76,316.79
e,e,e,e,e,e,e,e,e,e,e,e,e,e,e,e,e,e,e,e,e,e,e,e,e,e,e,e,e,e,e,e,e,e,e,e,e,3.10,10.09,14.90,19.23,22.44,25.21,27.54,28.79,30.07,32.37,34.50,36.81,39.17,41.68,43.38,43.92,45.09,46.17,47.27,48.41,49.74,50.67,50.06,51.89,55.09,57.54,59.18,60.91,62.53,64.06,65.45,66.83,68.02,69.42,71.93,74.81,77.14,78.63,79.72,80.69,81.55,82.70,85.44,88.67,90.72,91.53,93.15,95.69,98.09,99.73,100.87,101.88,103.09,104.29,105.27,106.04,106.88,107.90,108.65,108.78,109.93,111.53,113.37,115.61,118.56,120.56,120.95,120.28,120.72,121.66,123.19,125.18,126.88,128.35,129.82,131.19,132.94,134.38,135.25,136.55,138.40,139.98,140.97,141.77,141.74,141.61,142.57,143.98,145.38,147.14,148.52,149.53,150.26,150.06,151.26,154.38,156.10,157.86,160.04,161.98,163.63,165.05,166.82,168.44,170.22,171.63,173.07,174.77,176.34,177.81,179.24,180.09,181.03,182.50,184.30,186.12,187.93,189.67,190.73,191.78,190.86,190.30,191.04,192.97,193.99,195.15,194.84,194.36,194.72,196.75,198.81,200.81,202.35,204.17,206.28,208.04,209.45,210.66,211.72,212.60,214.03,215.84,217.01,217.14,219.47,220.27,221.58,223.69,225.58,227.48,228.56,227.55,227.87,229.00,230.71,230.09,228.48,227.79,228.74,229.65,230.27,230.86,231.94,231.32,230.20,230.83,232.09,232.20,231.12,228.87,229.44,229.46,230.33,231.68,232.53,231.98,233.08,234.78,236.41,238.50,239.90,241.56,243.83,245.73,247.43,249.05,250.77,253.03,255.32,257.46,259.62,262.27,264.21,265.90,268.87,271.69,273.64,275.59,277.71,278.71,281.19,284.03,286.16,287.64,289.21,291.30,293.38,295.15,296.58,297.32,298.62,300.97,302.98,304.56,306.27,308.01,309.89,312.16,313.53
e,e,e,e,e,e,e,e,e,e,e,e,e,e,e,e,e,e,e,e,e,e,e,e,e,e,e,e,e,e,e,e,e,e,e,e,e,1.57,7.05,13.71,18.64,21.64,23.50,25.34,25.73,28.81,31.55,33.58,35.90,38.09,40.30,41.51,41.90,43.17,44.48,45.69,46.76,47.62,47.63,48.72,51.60,54.12,56.03,57.84,59.54,61.05,62.30,63.68,65.17,66.91,68.67,70.64,73.28,75.23,76.41,77.42,78.47,79.33,81.62,84.74,86.99,88.23,89.29,91.78,94.41,96.40,97.44,98.42,99.74,101.26,102.63,103.18,103.61,104.44,105.41,106.23,106.81,108.18,109.44,110.85,113.05,115.64,117.12,117.71,117.44,118.40,119.72,121.75,123.71,125.28,126.88,128.46,130.14,131.61,131.70,131.97,133.34,135.27,137.01,138.49,139.31,139.24,138.87,140.24,141.93,143.92,145.18,145.65,146.73,147.83,147.80,149.66,152.00,153.75,155.91,157.94,159.69,161.14,162.48,163.97,165.71,167.47,168.90,170.65,172.39,173.75,175.20,176.39,177.14,178.49,180.30,181.92,183.47,185.26,187.28,188.43,188.83,188.42,187.64,188.36,190.08,190.61,192.22,191.27,191.25,192.30,193.97,195.97,197.79,199.50,201.74,203.42,204.23,205.81,207.55,208.84,209.71,210.88,211.98,212.32,214.30,216.06,217.10,218.57,220.32,222.32,224.40,225.10,224.80,225.01,226.13,227.37,226.37,225.22,224.68,225.41,226.24,226.97,227.69,228.54,228.20,227.15,227.55,228.75,228.79,227.88,225.92,225.71,226.17,227.08,228.42,229.12,228.98,230.49,232.26,233.80,235.54,237.18,239.79,241.57,243.41,245.24,246.87,248.47,250.31,252.65,254.97,257.59,260.01,261.74,264.61,267.54,269.76,271.24,273.03,274.95,277.29,280.06,282.12,283.39,284.96,287.44,290.15,291.87,293.26,294.09,295.00,297.15,299.38,300.50,302.22,304.01,305.78,307.60,309.29,309.99
e,e,e,e,e,e,e,e,e,e,e,e,e,e,e,e,e,e,e,e,e,e,e,e,e,e,e,e,e,e,e,e,e,e,e,e,e,e,4.34,11.86,16.09,18.92,21.24,22.63,22.19,25.88,30.38,32.58,34.65,36.65,38.46,39.39,40.01,41.63,42.71,43.95,44.69,44.38,45.18,48.25,50.92,52.51,54.28,56.00,57.44,58.82,60.85,62.80,64.68,66.34,67.96,69.64,71.62,73.08,74.13,75.12,76.23,78.28,80.96,83.13,84.53,86.02,88.27,91.07,92.97,93.68,94.65,95.88,97.77,99.58,101.00,101.04,101.22,101.99,102.90,103.83,104.99,106.43,107.68,108.85,110.47,111.98,112.83,113.61,114.59,116.21,118.66,120.83,122.01,123.24,124.87,126.61,128.21,129.11,129.01,129.12,130.40,132.43,134.75,135.99,136.38,136.61,136.81,138.41,140.64,142.19,142.29,142.49,143.40,144.30,144.98,147.17,149.54,151.65,153.81,155.72,157.31,158.69,159.72,161.10,162.79,164.29,166.09,168.56,170.17,171.19,172.58,173.28,174.11,175.86,177.77,179.30,180.75,182.79,184.89,186.02,186.19,186.21,185.20,185.54,186.87,187.29,189.21,188.60,188.36,189.67,191.10,193.08,194.87,196.96,199.20,199.72,200.34,202.59,204.47,205.91,206.86,207.82,208.34,209.11,211.42,212.84,213.95,215.47,217.17,219.33,221.32,221.84,222.10,222.19,223.07,223.92,222.15,221.80,221.45,222.00,222.89,223.91,224.64,225.33,225.03,224.14,224.10,225.18,225.05,223.98,222.57,222.40,222.92,223.96,225.12,225.63,226.48,228.38,229.79,231.07,232.94,234.92,237.24,239.10,241.27,243.21,244.85,246.67,248.74,251.17,253.27,255.64,257.83,260.53,263.21,265.61,267.50,268.90,271.05,273.35,275.45,277.38,279.06,280.47,283.18,286.32,288.47,289.95,290.97,291.48,293.47,295.67,297.22,298.34,300.02,301.47,303.34,305.11,306.22,306.86
e,e,e,e,e,e,e,e,e,e,e,e,e,e,e,e,e,e,e,e,e,e,e,e,e,e,e,e,e,e,e,e,e,e,e,e,e,e,2.64,8.57,13.11,16.16,19.04,19.80,18.74,20.80,26.86,31.10,33.00,34.77,36.45,37.36,38.66,39.86,41.08,42.05,42.29,41.58,44.06,47.25,49.39,50.77,52.40,53.78,55.16,57.44,60.60,62.42,63.13,64.40,66.44,68.13,69.67,70.83,71.86,73.03,74.80,77.11,79.30,81.03,82.64,84.58,87.13,89.62,90.30,90.72,92.01,94.09,96.09,97.90,98.77,98.74,98.85,99.74,100.90,101.95,103.25,104.65,105.97,107.24,108.47,108.96,109.46,110.67,112.49,115.02,117.63,119.06,119.89,121.20,123.00,124.69,125.93,126.55,126.75,127.22,128.75,130.78,132.90,133.55,133.75,134.01,134.91,136.95,139.28,139.61,139.28,139.37,140.04,141.26,142.60,144.65,147.19,149.69,151.71,153.45,154.87,156.26,157.43,158.67,159.75,161.44,164.09,166.83,167.88,168.59,169.70,170.07,171.34,173.30,175.20,177.01,178.94,180.88,182.94,183.20,183.22,183.55,183.15,182.38,183.63,184.11,186.19,186.29,185.89,187.18,188.62,190.29,192.22,194.32,195.41,195.79,197.58,199.81,201.69,203.06,204.11,205.00,205.36,207.03,208.63,209.74,210.83,212.23,213.88,215.91,217.94,219.13,219.49,219.32,220.23,221.44,218.83,218.43,218.41,218.87,220.03,221.25,221.95,222.18,221.90,221.41,220.86,221.61,221.42,220.28,219.49,219.29,219.75,220.86,221.77,222.52,224.34,226.16,227.15,229.08,231.35,232.96,234.59,236.84,239.29,241.36,243.31,245.37,247.62,249.70,251.74,253.94,256.38,258.93,261.38,263.65,265.07,266.95,269.47,271.13,272.00,273.77,275.97,279.44,282.55,284.50,286.37,287.87,288.25,289.97,292.27,293.77,295.08,296.65,297.92,299.06,300.69,302.15,303.26,303.92
e,e,e,e,e,e,e,e,e,e,e,e,e,e,e,e,e,e,e,e,e,e,e,e,e,e,e,e,e,e,e,e,e,e,e,e,e,e,1.50,3.70,9.94,13.24,15.84,17.20,16.24,17.52,20.48,26.61,31.01,32.79,34.46,35.95,37.59,37.89,38.64,40.22,39.87,40.02,43.23,46.48,48.18,49.26,50.39,51.67,53.67,57.16,59.82,60.25,60.42,62.09,64.40,66.25,67.12,67.99,69.86,71.71,73.36,75.59,77.45,79.45,81.49,83.26,85.29,87.44,87.72,88.36,90.52,92.68,94.59,96.02,96.69,96.48,96.51,97.67,98.97,100.16,101.59,102.86,104.04,105.47,106.60,106.94,107.54,109.03,111.18,113.92,116.13,117.18,118.20,119.51,121.11,122.48,123.49,123.95,124.46,125.79,127.57,129.35,130.81,131.46,131.67,131.90,132.96,135.07,137.19,137.01,136.10,136.69,139.29,139.99,140.29,142.61,145.48,147.79,149.47,151.00,152.39,153.83,155.25,156.42,157.37,159.80,162.79,164.85,165.04,165.52,166.18,166.91,168.93,171.08,173.28,175.38,177.11,178.94,180.53,180.46,180.25,180.80,180.94,179.53,180.48,181.01,182.53,183.85,183.49,184.95,186.41,188.01,189.78,191.24,191.16,193.05,195.54,197.46,198.96,200.30,201.29,202.09,202.86,204.95,206.07,207.07,208.07,209.20,210.49,212.26,214.13,215.54,216.15,215.96,216.89,218.08,216.07,215.04,215.44,216.21,217.29,218.57,219.33,219.35,218.99,218.72,217.98,218.27,218.10,217.06,216.30,216.17,216.77,217.87,218.84,220.22,222.29,223.63,225.25,227.71,229.57,230.81,232.44,235.11,237.62,239.94,242.10,244.25,246.41,248.35,250.33,252.49,254.91,257.30,259.67,261.30,262.64,264.83,266.80,268.15,268.93,271.02,275.02,279.07,280.61,281.47,283.68,285.55,286.17,288.50,290.56,291.92,293.27,294.63,295.69,296.80,298.18,299.41,300.34,301.13
e,e,e,e,e,e,e,e,e,e,e,e,e,e,e,e,e,e,e,e,e,e,e,e,e,e,e,e,e,e,e,e,e,e,e,e,e,e,e,1.00,4.08,9.16,12.38,14.35,13.83,14.80,15.37,19.64,27.96,31.42,33.15,34.98,36.12,35.40,35.78,37.28,37.30,40.26,43.51,45.55,46.89,47.97,48.81,49.84,52.59,55.26,57.11,57.54,58.20,60.38,62.83,63.13,63.32,65.37,68.38,70.50,71.95,73.88,75.74,78.02,80.31,82.11,83.84,85.03,85.22,86.69,89.11,91.23,92.86,94.01,94.38,94.03,94.28,95.53,96.88,98.42,99.97,100.79,101.95,103.58,104.57,104.92,106.14,108.02,110.08,112.78,114.22,115.52,116.65,117.94,119.09,120.18,120.97,121.58,122.63,124.35,125.99,127.26,128.56,129.54,129.73,129.77,130.83,132.99,134.92,134.31,133.38,135.72,137.98,137.72,138.66,141.38,143.70,144.98,146.46,148.18,149.91,151.69,153.05,154.02,155.60,158.81,161.38,162.25,161.91,162.07,162.83,164.72,167.08,169.46,171.90,172.64,174.21,176.07,177.36,177.40,177.39,177.81,178.32,176.78,176.93,177.85,179.31,181.19,181.00,182.36,184.07,185.44,186.79,187.55,188.53,191.27,193.35,194.40,195.74,197.44,198.39,199.07,200.93,202.47,203.55,204.55,205.58,206.73,207.61,208.84,210.54,211.93,212.65,212.53,213.16,214.05,212.88,211.96,212.54,213.35,214.48,215.71,216.23,216.12,215.87,215.55,215.14,215.17,215.04,214.01,213.10,213.03,213.86,214.99,216.48,218.45,220.06,221.37,223.86,225.68,226.94,228.10,230.70,233.42,235.98,238.46,241.00,243.06,245.22,247.24,249.09,251.04,253.34,255.58,257.41,258.77,260.27,261.90,263.39,264.94,266.30,269.33,273.36,275.80,277.25,279.04,281.95,283.12,284.17,286.39,288.39,290.07,291.48,292.21,293.21,294.65,296.12,297.00,297.83,298.65
e,e,e,e,e,e,e,e,e,e,e,e,e,e,e,e,e,e,e,e,e,e,e,e,e,e,e,e,e,e,e,e,e,e,e,e,e,e,e,e,0.66,2.63,7.91,11.41,11.43,11.89,10.36,10.95,21.31,29.75,32.16,34.08,34.16,32.86,32.93,33.94,37.71,41.30,42.76,43.80,45.36,46.48,46.96,48.49,50.77,52.52,54.19,55.50,57.27,58.95,60.32,60.15,61.10,64.42,67.36,69.01,70.38,71.97,73.91,76.25,78.72,80.58,81.95,82.43,82.81,84.57,87.03,89.41,90.87,91.95,92.08,91.39,92.13,93.53,95.04,96.61,98.06,98.65,100.13,101.95,102.45,103.02,104.70,106.86,109.03,110.92,112.00,113.48,114.92,115.94,116.94,117.89,118.68,119.63,121.03,122.59,123.56,124.76,126.35,127.86,128.04,127.64,128.83,130.94,132.75,131.57,130.90,133.65,134.84,135.52,137.73,139.95,141.12,141.70,143.27,145.20,147.50,149.36,150.82,151.67,154.02,156.69,158.60,159.58,159.25,159.20,160.57,162.91,165.41,167.73,169.32,169.53,171.25,172.90,174.02,174.11,174.08,174.51,175.60,174.03,173.77,175.54,177.47,178.30,178.19,180.19,181.53,182.42,183.51,184.35,186.59,189.18,190.69,191.12,192.53,194.36,194.87,195.98,198.24,199.76,200.95,202.03,203.17,204.27,204.86,205.70,207.14,208.40,209.11,209.37,209.99,210.13,209.19,208.77,209.62,210.46,211.68,212.80,213.16,213.05,212.90,212.62,212.33,212.29,212.04,211.03,210.08,210.04,211.19,212.93,214.96,216.85,217.97,219.99,221.94,223.17,224.25,226.29,228.89,231.30,234.05,236.79,239.48,241.63,244.07,246.14,247.89,249.57,251.48,253.49,254.84,256.52,258.25,259.17,260.22,261.66,263.87,267.47,270.63,272.70,274.98,277.75,279.93,280.68,282.10,284.13,286.02,287.85,289.13,289.66,291.17,292.81,293.67,294.29,295.22,295.80
e,e,e,e,e,e,e,e,e,e,e,e,e,e,e,e,e,e,e,e,e,e,e,e,e,e,e,e,e,e,e,e,e,e,e,e,e,e,e,e,e,e,2.39,5.98,8.50,8.71,8.37,8.05,12.23,25.24,31.00,32.85,32.11,30.54,30.57,33.96,39.03,40.01,40.64,42.41,44.09,44.58,45.39,47.58,49.60,51.16,52.78,54.61,55.96,56.16,56.41,58.33,61.74,63.97,65.57,67.03,68.40,69.82,71.92,74.44,76.66,78.17,79.28,79.80,80.63,82.19,84.63,86.95,88.69,89.84,89.91,88.97,90.16,91.92,93.38,94.78,96.15,97.26,98.83,99.92,100.38,101.27,103.01,105.10,106.77,108.38,109.90,111.76,112.81,113.45,114.55,115.63,116.72,117.81,119.23,120.14,120.98,122.46,124.23,126.01,126.22,125.61,127.14,129.32,130.63,129.58,128.76,131.08,132.36,134.38,136.14,137.53,138.52,138.92,140.47,142.78,145.02,146.79,148.10,149.64,151.97,154.31,156.15,156.90,157.00,157.46,159.06,161.14,163.56,165.53,166.99,166.96,168.40,169.82,170.76,170.86,170.64,171.24,172.78,171.72,171.82,174.06,175.33,175.45,175.67,177.44,178.50,179.41,180.47,181.91,184.19,186.69,188.19,188.21,189.85,191.31,191.42,193.45,195.56,196.96,198.22,199.50,200.80,201.68,201.95,202.40,203.56,204.69,205.24,206.21,206.58,206.19,205.28,205.20,206.33,207.28,208.53,209.66,210.15,210.09,210.01,209.82,209.56,209.41,209.03,208.22,207.52,207.73,209.53,211.61,213.61,214.96,216.38,218.09,219.62,220.72,222.01,224.54,228.13,231.25,233.72,236.23,238.70,240.94,242.75,244.88,246.71,248.16,249.61,251.09,252.22,254.35,256.30,257.27,258.18,259.33,261.90,265.32,268.55,270.94,273.61,275.76,277.39,278.34,280.32,282.14,283.90,285.29,285.98,287.09,289.30,290.52,290.94,291.11,292.37,292.69
e,e,e,e,e,e,e,e,e,e,e,e,e,e,e,e,e,e,e,e,e,e,e,e,e,e,e,e,e,e,e,e,e,e,e,e,e,e,e,e,e,e,e,1.88,4.35,5.58,5.79,6.47,8.54,17.60,28.23,31.39,31.01,28.90,29.87,34.31,36.80,37.63,39.66,41.67,42.39,42.60,44.36,46.60,48.35,50.08,51.89,53.47,53.15,52.42,53.79,57.93,60.64,61.73,63.26,64.94,66.52,68.34,70.41,72.57,73.74,74.87,76.12,77.09,78.43,79.92,82.19,84.43,86.36,87.14,87.21,86.88,88.56,90.44,91.85,93.20,94.49,95.80,96.99,97.55,98.29,99.55,101.17,102.80,104.25,106.03,108.32,109.95,110.62,110.87,112.02,113.20,114.63,115.95,117.06,117.67,118.80,120.67,122.60,124.56,124.35,123.51,125.26,127.50,128.00,126.94,126.03,128.15,130.90,132.52,133.79,134.97,136.10,137.18,138.76,140.61,142.13,144.02,145.53,148.00,150.32,152.43,153.68,154.25,154.78,156.04,157.69,159.43,160.91,162.72,164.56,164.41,165.71,167.07,168.08,168.16,167.80,168.40,170.18,169.81,170.46,172.14,172.96,172.64,172.81,173.84,175.13,176.37,177.86,179.58,181.87,184.34,185.96,185.89,186.92,187.98,189.13,191.30,192.98,194.15,195.47,196.97,198.14,198.90,198.99,199.13,200.02,200.99,201.47,202.90,202.77,202.35,201.69,201.89,203.10,203.89,204.96,206.11,206.87,207.09,207.17,206.89,206.55,206.35,205.94,205.31,205.06,206.57,208.57,210.51,211.99,213.06,214.56,216.15,217.71,218.81,221.07,224.66,228.46,231.38,233.67,235.80,237.70,239.45,241.64,243.67,244.87,246.11,247.44,248.53,250.28,252.87,254.15,255.38,256.38,257.94,260.50,263.89,267.03,269.66,272.05,273.48,274.90,276.61,278.89,280.79,281.99,282.25,282.82,284.72,286.65,287.84,288.37,288.31,289.44,289.40
e,e,e,e,e,e,e,e,e,e,e,e,e,e,e,e,e,e,e,e,e,e,e,e,e,e,e,e,e,e,e,e,e,e,e,e,e,e,e,e,e,e,e,e,1.54,2.77,3.52,5.25,7.48,11.31,22.45,29.53,29.95,27.04,29.66,32.56,34.41,36.66,38.49,39.86,40.09,41.05,43.22,45.14,47.07,48.96,50.86,51.36,50.15,50.38,53.68,56.82,58.47,59.58,61.52,63.59,65.54,67.30,68.84,70.01,70.70,71.60,73.14,74.79,76.38,78.24,80.35,82.41,83.90,84.21,84.40,85.42,87.35,89.25,90.76,91.91,92.98,94.08,94.75,95.26,96.45,97.86,99.07,100.46,102.36,104.59,106.55,107.66,108.23,108.44,109.66,110.55,112.14,113.76,114.55,115.40,117.16,119.13,121.34,123.22,122.19,121.39,123.21,125.39,124.42,123.10,122.66,124.67,127.88,130.21,131.59,132.78,134.12,135.63,137.18,138.41,139.52,141.52,143.97,146.58,148.60,150.34,151.37,152.06,152.91,154.10,155.58,157.10,158.49,161.34,162.06,161.79,163.02,164.35,165.56,165.56,165.20,165.99,167.48,167.25,167.83,169.80,170.42,169.83,169.62,170.43,172.12,173.74,175.44,177.32,179.87,182.29,183.76,183.51,183.53,185.04,187.47,189.08,190.22,191.40,193.00,194.28,195.19,195.83,196.00,196.29,197.00,197.73,198.82,199.90,199.39,198.83,198.50,198.75,199.88,200.39,201.33,202.68,203.52,204.10,204.33,204.01,203.50,203.34,202.82,202.44,203.63,205.52,207.26,208.76,210.09,211.31,212.79,214.41,215.93,217.94,220.92,224.41,227.86,230.57,232.53,234.23,236.24,238.57,240.72,241.78,242.77,243.92,245.14,246.81,249.29,251.16,251.70,253.10,254.95,257.43,260.06,262.86,265.47,268.03,270.17,271.57,272.75,274.37,276.28,277.87,278.96,278.96,280.19,282.32,283.61,284.83,285.90,285.35,285.65,285.83
e,e,e,e,e,e,e,e,e,e,e,e,e,e,e,e,e,e,e,e,e,e,e,e,e,e,e,e,e,e,e,e,e,e,e,e,e,e,e,e,e,e,e,e,e,0.69,2.09,4.48,7.08,10.11,17.31,24.64,27.20,24.97,28.04,31.20,33.74,35.24,36.55,37.40,37.04,39.60,41.21,43.31,45.65,47.59,48.33,47.62,47.28,50.75,53.54,55.45,56.60,58.62,60.81,62.44,64.14,65.59,66.64,67.37,67.95,68.94,70.97,72.76,74.59,76.64,78.61,80.39,81.46,81.82,82.39,84.09,86.02,87.88,89.34,90.43,91.40,92.07,92.34,93.23,94.77,95.93,97.13,98.84,100.93,102.95,104.37,105.14,105.72,106.27,107.22,108.27,110.25,111.34,111.97,113.56,115.96,117.94,120.07,121.53,119.89,119.22,121.35,123.40,121.31,119.56,120.42,122.63,125.72,128.05,129.61,131.07,132.54,134.02,135.52,136.23,137.55,140.36,142.85,144.64,146.12,147.80,149.34,150.31,151.25,152.27,153.46,155.05,157.76,160.31,159.33,159.31,160.42,161.84,163.14,162.97,162.60,163.18,164.29,164.08,164.79,166.54,167.59,166.72,166.24,167.94,169.68,171.39,173.03,175.45,178.12,180.11,181.65,181.19,181.12,183.52,185.28,186.67,187.64,188.98,190.50,191.36,192.17,192.73,193.00,193.45,194.09,195.06,196.70,196.80,196.25,195.71,195.51,196.16,196.85,197.19,198.15,199.43,200.27,201.18,201.51,201.15,200.52,200.30,199.79,200.62,202.50,203.96,205.16,206.51,208.07,209.53,211.00,212.69,214.72,217.90,221.02,223.99,226.89,229.22,231.22,232.71,234.40,236.68,238.34,239.55,240.68,241.87,243.14,244.78,246.94,248.43,249.58,251.90,254.38,256.75,258.99,261.34,263.77,266.21,268.20,269.52,270.63,271.94,272.55,273.68,274.94,276.07,278.14,279.79,280.50,281.74,283.50,282.55,282.16,283.61
e,e,e,e,e,e,e,e,e,e,e,e,e,e,e,e,e,e,e,e,e,e,e,e,e,e,e,e,e,e,e,e,e,e,e,e,e,e,e,e,e,e,e,e,e,0.14,1.14,3.18,5.94,9.11,13.81,20.13,22.01,22.57,26.72,30.79,31.83,32.52,34.11,34.43,34.02,36.65,39.25,41.94,43.95,44.93,43.52,43.64,47.16,50.76,52.41,53.62,55.42,57.63,59.34,60.87,62.45,63.39,64.06,64.75,65.79,67.65,69.38,70.99,72.77,74.77,76.60,78.11,79.05,79.66,80.94,82.75,84.69,86.20,87.32,88.44,89.60,89.66,89.95,91.55,92.84,94.09,95.81,97.72,99.38,101.03,101.87,102.50,103.27,103.91,104.79,106.38,108.13,108.78,109.79,111.78,114.62,116.94,119.27,119.93,117.78,117.20,119.66,121.44,118.86,118.42,120.15,121.53,124.31,125.96,127.58,129.32,131.04,132.50,133.69,134.06,136.13,139.15,141.08,141.98,143.40,145.20,147.00,148.29,149.44,150.42,151.59,153.19,155.17,157.44,156.96,156.87,158.12,159.55,160.82,160.48,160.01,160.39,161.15,161.37,162.07,163.55,164.56,163.42,163.52,166.01,167.73,169.01,170.76,173.56,175.82,177.41,178.71,178.23,179.37,181.54,183.01,184.22,185.15,186.63,188.05,188.75,189.31,189.72,190.06,190.58,191.29,193.08,194.00,193.25,192.84,192.28,192.66,193.52,193.73,194.12,195.19,196.43,197.37,198.10,198.42,198.31,197.75,197.08,196.69,198.98,201.11,202.09,202.96,204.31,206.16,207.71,209.42,211.15,213.82,217.40,220.67,222.91,225.13,227.60,229.92,231.27,232.45,234.39,235.80,237.05,238.37,239.89,241.42,242.82,244.40,246.29,248.76,251.11,253.28,255.56,257.73,259.85,262.17,264.23,265.82,267.08,268.28,269.09,269.07,270.12,271.86,274.06,276.20,277.61,277.95,279.49,281.19,279.75,279.18,282.30
e,e,e,e,e,e,e,e,e,e,e,e,e,e,e,e,e,e,e,e,e,e,e,e,e,e,e,e,e,e,e,e,e,e,e,e,e,e,e,e,e,e,e,e,e,e,0.42,1.14,3.88,6.87,11.27,16.43,18.86,21.10,26.55,29.05,29.11,29.97,31.83,31.13,31.23,34.60,38.25,40.14,41.79,41.19,40.39,43.39,47.02,49.37,50.68,52.28,54.31,56.40,57.99,59.38,60.36,61.00,61.47,62.69,64.53,66.37,67.92,69.31,70.96,72.83,74.46,75.79,76.79,77.76,79.53,81.41,83.08,83.64,84.57,85.94,87.71,87.45,87.92,89.67,91.09,92.90,94.34,95.59,96.99,98.31,98.94,100.12,100.97,101.67,102.67,104.42,105.83,106.61,108.14,110.24,113.09,115.44,116.92,117.08,115.26,115.14,117.59,119.05,116.16,116.57,119.70,120.61,122.42,123.81,125.39,127.34,129.45,130.90,131.55,132.09,134.65,136.83,138.34,139.32,140.85,142.59,144.53,145.96,146.94,147.94,149.24,149.80,151.37,154.28,154.63,154.37,155.44,156.75,157.99,158.23,157.61,157.83,158.85,159.28,159.79,160.77,161.69,160.25,161.87,164.05,165.35,166.54,168.47,171.41,172.45,174.06,175.35,175.19,176.95,179.18,180.74,181.70,182.70,184.11,185.61,186.38,186.74,187.06,187.37,187.75,188.95,191.08,190.88,189.78,189.58,189.18,189.95,190.86,190.87,191.09,192.18,193.41,194.28,194.65,194.95,195.09,194.78,193.78,194.02,196.93,199.36,200.41,201.00,202.45,204.41,206.23,208.29,210.24,212.85,216.26,218.90,220.77,223.13,225.85,228.23,229.64,230.55,231.87,233.16,234.47,235.86,237.61,239.53,241.03,242.78,245.23,247.57,249.72,251.93,254.22,256.17,258.25,260.09,261.85,263.29,264.60,265.86,266.61,266.68,267.96,269.74,272.19,274.11,275.37,275.57,277.21,278.35,276.11,278.04,281.68
e,e,e,e,e,e,e,e,e,e,e,e,e,e,e,e,e,e,e,e,e,e,e,e,e,e,e,e,e,e,e,e,e,e,e,e,e,e,e,e,e,e,e,e,e,e,e,0.18,1.71,5.30,9.44,12.89,17.26,21.90,25.42,26.90,27.04,27.28,28.67,28.30,30.46,34.59,35.95,36.35,38.09,38.26,40.36,43.68,46.30,47.56,49.02,51.27,53.30,55.14,56.48,57.46,58.00,58.49,59.52,61.57,63.37,64.93,66.42,67.83,69.27,70.74,72.20,73.41,74.60,76.21,78.06,79.87,80.84,80.97,81.82,83.69,85.73,85.53,85.82,87.56,89.63,91.22,91.50,92.67,94.02,94.80,96.28,97.66,98.67,99.40,100.67,102.38,103.56,104.86,106.73,109.03,111.32,112.11,113.35,113.65,112.30,112.55,114.78,114.50,112.47,114.23,117.94,119.33,120.19,121.42,123.19,125.34,127.59,129.06,129.21,130.28,132.42,133.99,135.54,137.12,138.50,140.18,142.30,143.23,144.12,145.10,146.10,146.81,149.01,151.30,152.03,151.75,152.32,153.57,154.65,155.68,155.29,155.48,156.75,157.43,157.87,158.39,158.76,157.43,159.89,161.41,162.69,164.14,166.46,168.40,169.19,170.85,172.12,172.50,174.62,176.59,177.91,178.83,180.04,181.72,183.37,183.88,184.08,184.42,184.75,185.07,186.72,188.29,187.77,186.69,186.31,186.17,187.12,188.17,188.31,188.42,189.43,190.64,191.13,191.20,191.49,191.93,191.90,190.46,191.77,194.70,196.55,197.94,199.76,201.76,203.35,205.20,207.34,209.65,211.60,214.38,216.60,218.67,221.38,224.17,226.03,227.31,228.06,229.16,230.28,231.68,233.34,235.12,237.03,239.17,241.67,243.26,245.13,247.85,250.66,252.16,253.42,255.44,257.48,259.52,260.69,262.07,263.39,264.10,264.36,265.52,267.55,269.95,272.16,272.99,273.07,274.79,274.40,272.08,276.73,278.03
e,e,e,e,e,e,e,e,e,e,e,e,e,e,e,e,e,e,e,e,e,e,e,e,e,e,e,e,e,e,e,e,e,e,e,e,e,e,e,e,e,e,e,e,e,e,e,e,0.90,2.78,6.71,10.75,16.20,21.08,23.17,24.97,25.02,24.13,24.72,29.08,32.12,33.13,31.04,31.38,34.26,37.91,41.26,43.42,44.66,46.32,48.43,50.58,52.27,53.52,54.67,55.20,55.62,56.32,58.33,60.40,61.97,63.46,64.88,66.35,67.74,68.91,70.12,71.39,72.69,74.40,76.20,77.73,78.48,78.60,79.30,81.62,83.93,83.69,83.72,85.70,87.67,88.56,88.94,90.01,90.91,92.26,94.08,95.19,96.23,97.27,98.80,100.26,101.71,103.19,105.12,107.01,108.26,108.76,109.93,110.45,109.62,109.60,111.48,110.28,110.09,113.13,116.30,117.34,118.10,119.28,121.15,123.41,125.69,127.12,126.68,128.06,129.80,131.51,133.45,134.95,136.52,138.42,139.86,140.42,141.26,142.22,143.23,144.66,146.56,148.25,149.06,149.20,149.44,150.31,151.43,153.02,153.03,153.06,154.59,155.39,155.91,156.20,155.51,154.25,156.55,158.76,160.06,161.90,164.10,165.61,166.60,168.27,169.06,170.17,172.19,173.58,174.56,175.42,177.03,179.62,181.16,181.39,181.34,181.84,182.16,182.49,184.17,184.69,184.24,183.43,183.16,183.19,184.28,185.49,185.75,186.08,187.08,188.03,188.11,187.87,188.25,188.89,188.89,187.84,189.89,192.13,193.65,195.65,199.05,200.88,202.44,204.27,206.30,208.38,209.96,212.05,214.34,217.13,220.25,222.21,223.55,224.79,225.35,226.25,227.42,229.07,231.06,232.75,234.50,237.01,239.27,240.19,242.55,246.39,248.76,249.30,250.74,253.05,255.56,256.99,258.08,259.45,261.08,261.61,261.98,262.95,264.81,267.61,270.26,270.21,270.27,272.12,271.56,269.17,273.12,272.35
e,e,e,e,e,e,e,e,e,e,e,e,e,e,e,e,e,e,e,e,e,e,e,e,e,e,e,e,e,e,e,e,e,e,e,e,e,e,e,e,e,e,e,e,e,e,e,e,e,0.79,3.16,7.15,11.98,17.42,21.01,23.16,23.14,21.66,23.31,30.06,31.59,29.96,27.92,30.66,35.01,38.87,40.56,41.81,43.46,45.55,47.43,49.03,50.48,51.73,52.43,52.84,53.36,54.89,56.90,58.86,60.52,61.89,63.05,64.71,66.07,67.22,68.34,69.50,70.82,72.45,74.06,75.51,76.38,76.51,77.69,80.00,82.15,81.85,81.73,83.94,85.53,86.33,87.02,87.94,88.68,90.39,91.73,92.81,93.99,95.46,96.76,98.06,99.78,101.14,102.58,104.47,105.36,106.15,107.35,108.22,107.34,106.41,107.50,107.05,110.34,113.15,114.71,115.28,116.18,117.57,119.54,121.89,124.21,124.71,124.15,125.68,127.54,129.71,131.28,132.97,134.89,136.51,137.08,137.52,138.42,139.72,141.01,142.17,143.07,144.69,145.49,146.12,146.82,147.55,148.45,150.25,150.63,150.81,152.75,152.86,153.54,153.86,152.62,151.46,154.19,156.22,157.61,159.66,161.57,162.89,164.17,165.48,166.32,167.78,169.30,170.39,171.17,172.00,174.03,176.58,178.08,178.28,178.22,178.84,179.17,179.64,181.12,181.01,180.77,180.35,180.26,180.35,181.62,182.96,183.25,183.64,184.59,185.36,185.03,184.57,184.94,185.43,185.15,185.50,187.73,190.04,191.50,194.18,197.48,199.63,201.33,203.16,205.00,206.57,208.28,210.12,212.78,216.00,218.31,219.71,221.06,222.14,222.47,223.30,224.62,226.49,228.53,230.25,231.84,233.83,235.89,238.31,241.73,244.68,246.59,246.99,248.82,251.30,253.19,254.19,255.21,256.48,258.24,258.51,259.00,259.96,262.40,265.69,268.41,267.71,267.09,268.57,269.47,266.94,269.65,268.82
e,e,e,e,e,e,e,e,e,e,e,e,e,e,e,e,e,e,e,e,e,e,e,e,e,e,e,e,e,e,e,e,e,e,e,e,e,e,e,e,e,e,e,e,e,e,e,e,e,e,0.88,3.75,8.12,12.81,17.97,21.30,21.37,19.15,20.34,27.03,27.87,25.85,27.74,31.84,35.33,37.21,38.92,40.71,42.48,43.79,44.96,46.52,48.18,49.52,50.06,50.50,51.59,53.71,55.84,57.80,59.24,59.98,61.25,63.00,63.80,64.91,66.02,67.25,68.84,70.41,71.92,73.50,74.38,74.65,76.07,77.93,79.50,79.87,80.12,82.34,83.36,84.19,85.03,85.92,87.06,88.38,89.60,90.78,92.26,93.73,94.38,95.99,97.82,98.73,100.16,101.76,102.57,103.76,104.99,106.05,105.23,103.64,103.34,106.02,110.09,111.75,112.39,113.18,114.37,116.28,118.58,120.84,122.80,122.24,121.71,123.63,125.94,127.61,129.40,131.42,133.25,133.79,133.91,134.57,135.81,137.13,138.46,139.11,139.56,141.11,142.06,143.01,144.01,144.66,145.42,146.62,147.17,148.48,150.67,150.40,151.44,151.37,149.81,149.87,152.39,153.70,155.22,157.15,158.92,160.22,161.60,162.68,163.56,164.78,166.24,167.25,167.91,168.81,171.07,173.20,174.49,174.69,174.66,174.94,175.22,176.54,177.56,177.47,177.49,177.47,177.45,177.74,179.28,180.56,180.84,181.18,182.16,182.69,182.09,181.41,181.49,181.78,181.87,183.30,185.48,187.87,190.38,193.10,195.88,197.50,199.51,201.62,203.29,205.18,207.06,208.98,211.64,213.89,215.28,217.11,218.86,219.46,219.73,220.45,221.81,223.77,225.88,227.83,229.56,231.77,234.26,237.32,239.97,242.68,244.36,244.72,246.82,249.13,250.50,251.45,252.31,253.45,254.56,253.94,254.69,257.25,260.30,263.71,266.51,265.30,264.20,265.26,265.52,264.21,266.71,266.43
e,e,e,e,e,e,e,e,e,e,e,e,e,e,e,e,e,e,e,e,e,e,e,e,e,e,e,e,e,e,e,e,e,e,e,e,e,e,e,e,e,e,e,e,e,e,e,e,e,e,e,1.52,4.53,8.43,13.17,18.17,18.50,15.68,19.94,21.80,21.30,24.64,29.31,32.10,33.92,35.88,37.87,39.55,40.75,40.96,42.24,44.09,45.72,46.99,47.65,48.16,50.15,52.46,54.73,56.77,57.64,58.03,59.68,61.01,61.30,62.52,63.56,65.06,67.01,68.64,70.27,71.88,72.40,72.76,73.98,75.55,76.71,76.70,78.35,80.30,81.34,82.34,83.21,84.06,85.24,86.49,87.69,89.11,90.62,91.68,91.92,93.90,95.73,96.27,98.01,99.05,100.16,101.50,102.71,104.01,103.25,101.35,101.01,105.02,108.08,108.96,109.98,111.24,112.77,114.86,117.18,119.28,120.72,120.45,119.95,122.30,123.97,125.64,127.75,129.80,131.04,130.83,130.81,131.83,133.25,134.32,135.37,136.02,136.79,138.10,139.29,140.44,141.24,141.37,141.95,142.51,143.33,145.90,147.92,147.62,148.11,147.50,145.42,147.69,149.75,151.19,152.80,154.60,156.21,157.56,159.11,160.20,160.85,161.50,163.06,164.13,164.71,165.91,168.24,169.90,170.96,171.15,171.28,171.46,171.82,173.72,174.06,174.05,174.14,174.56,174.70,175.09,176.39,177.42,177.78,178.57,179.64,179.86,179.30,178.58,178.41,178.89,179.65,181.41,183.83,186.77,189.53,192.08,193.71,195.41,197.81,200.01,202.07,204.00,206.08,208.30,209.77,210.80,212.41,214.75,216.69,217.25,217.91,218.54,219.43,221.12,223.38,225.65,228.15,230.87,233.64,236.96,239.79,241.42,241.95,242.06,243.94,246.33,247.95,248.72,249.28,250.36,250.72,249.78,252.24,255.39,258.16,261.54,263.91,262.33,261.49,261.92,261.85,261.91,264.00,264.60
e,e,e,e,e,e,e,e,e,e,e,e,e,e,e,e,e,e,e,e,e,e,e,e,e,e,e,e,e,e,e,e,e,e,e,e,e,e,e,e,e,e,e,e,e,e,e,e,e,e,e,e,1.52,4.57,8.13,12.06,11.74,11.76,18.57,18.23,19.56,23.96,28.12,30.56,32.94,34.95,36.63,38.02,38.28,38.33,39.94,41.64,43.31,44.41,45.24,46.63,49.18,51.45,53.84,55.39,55.60,56.35,58.00,58.84,58.66,60.03,61.33,63.25,65.30,67.07,68.80,70.09,70.44,71.02,72.19,73.40,73.58,74.45,76.92,78.47,79.55,80.52,81.42,82.39,83.50,84.64,85.93,87.42,88.79,89.41,89.83,92.19,93.37,93.91,95.65,96.92,98.01,99.18,100.54,102.00,101.39,99.16,100.48,104.11,105.15,105.80,106.90,109.18,111.12,113.22,115.37,117.28,118.37,118.15,117.96,120.23,121.84,123.62,125.89,127.62,128.45,128.22,128.25,129.48,130.56,131.35,132.17,133.05,134.35,135.89,137.25,138.13,138.51,138.52,138.68,139.13,140.64,143.72,144.99,144.45,144.27,142.57,142.16,144.80,146.52,148.59,150.48,152.03,153.47,154.96,156.34,157.41,157.96,158.60,160.19,161.22,161.56,163.15,165.59,167.12,167.69,168.06,168.51,168.68,169.34,170.80,170.97,170.66,170.90,171.81,172.01,172.21,173.13,173.98,174.62,175.82,176.57,176.55,176.27,175.78,175.86,176.68,177.68,180.14,183.04,186.00,188.37,190.08,191.38,193.74,196.29,198.85,200.88,203.03,205.35,206.90,207.36,208.24,210.12,212.79,214.71,215.51,216.24,216.92,217.78,219.14,221.71,224.69,227.61,230.36,233.28,236.24,238.56,239.19,239.33,239.23,240.99,243.73,245.24,246.00,246.65,247.65,246.95,248.29,251.72,254.47,257.13,260.40,261.52,259.13,258.47,258.50,258.58,260.50,260.83,261.93
e,e,e,e,e,e,e,e,e,e,e,e,e,e,e,e,e,e,e,e,e,e,e,e,e,e,e,e,e,e,e,e,e,e,e,e,e,e,e,e,e,e,e,e,e,e,e,e,e,e,e,e,0.14,1.44,4.43,7.69,7.76,8.82,12.71,14.85,18.59,22.71,26.13,29.55,31.96,32.82,34.51,35.98,35.54,36.02,37.67,39.38,40.92,42.04,43.85,46.57,49.34,51.48,53.11,53.44,53.55,54.79,56.19,56.86,56.30,57.53,59.52,61.85,63.60,65.36,67.00,67.94,68.45,69.14,70.11,70.79,70.97,73.21,75.47,76.67,77.73,78.69,79.66,80.72,81.76,82.81,84.08,85.59,86.97,87.20,88.63,90.54,90.58,91.57,92.90,94.65,95.65,96.74,98.12,98.88,97.67,96.18,100.10,101.83,101.76,101.97,103.85,106.81,109.10,111.31,113.49,114.99,115.91,115.95,115.50,117.59,119.58,121.47,123.79,125.13,126.00,125.73,125.95,127.08,127.95,128.52,129.37,130.52,131.78,133.53,135.09,135.66,135.80,135.88,135.98,137.14,139.73,141.38,141.92,141.39,140.72,139.19,139.65,141.50,143.34,145.62,147.82,149.39,150.80,152.27,153.52,154.49,154.94,156.14,157.25,158.06,158.60,160.76,163.11,163.97,164.57,165.22,165.97,166.40,167.22,167.88,168.09,167.74,168.10,169.16,169.49,169.63,169.96,170.65,171.75,173.03,173.44,173.18,172.97,172.87,173.13,173.95,175.39,179.76,182.60,184.55,186.42,188.06,190.30,192.76,195.22,197.56,199.95,202.32,204.09,204.48,205.03,206.52,208.94,211.27,212.68,213.63,214.52,215.27,216.44,218.54,221.14,224.16,227.09,229.60,232.02,234.47,236.09,236.56,236.65,236.87,239.25,241.61,242.22,243.05,244.02,244.95,244.09,247.50,251.32,253.85,256.62,259.82,261.10,257.44,255.45,255.38,256.67,258.16,257.86,258.17
e,e,e,e,e,e,e,e,e,e,e,e,e,e,e,e,e,e,e,e,e,e,e,e,e,e,e,e,e,e,e,e,e,e,e,e,e,e,e,e,e,e,e,e,e,e,e,e,e,e,e,e,e,0.62,1.52,4.57,5.17,6.96,9.05,11.33,15.80,21.18,24.91,28.28,29.42,30.48,33.11,33.32,32.69,33.88,35.58,37.20,38.82,40.90,43.77,46.57,48.78,50.48,51.27,51.19,51.70,53.02,54.05,54.86,54.05,55.50,58.11,60.10,61.64,63.47,64.86,65.63,66.39,67.08,67.86,68.22,69.72,72.25,73.62,74.79,75.81,76.85,77.83,78.89,79.89,80.99,82.20,83.67,85.00,85.27,87.30,88.41,88.29,89.12,90.51,92.47,93.04,93.79,95.37,95.08,93.56,92.99,96.51,98.96,98.58,98.97,101.63,104.68,107.19,109.62,111.52,112.20,113.17,113.75,112.99,114.81,116.98,119.58,121.42,122.49,123.54,123.20,123.55,124.48,125.31,125.92,126.61,127.76,129.47,131.55,132.90,132.99,132.88,133.03,133.54,135.75,137.57,138.07,139.06,138.45,137.51,136.54,137.56,138.95,140.41,142.57,144.84,146.63,147.80,149.42,150.79,151.51,152.30,153.25,153.76,154.55,155.88,158.55,160.24,160.72,161.61,162.48,163.35,164.11,164.51,164.97,165.17,164.87,165.36,166.48,167.28,167.38,167.20,167.69,168.88,170.13,170.29,169.64,169.73,169.76,170.10,170.95,173.68,178.36,181.25,183.22,185.36,187.56,189.80,192.09,194.25,196.46,198.93,201.09,201.53,201.71,202.87,205.10,207.51,209.43,210.64,211.63,212.61,213.88,216.01,218.44,221.01,223.75,226.26,228.46,230.66,232.67,233.39,234.00,234.09,235.01,237.44,239.12,239.27,240.32,241.47,242.21,241.62,245.92,250.91,253.89,257.25,260.26,260.93,257.46,253.00,252.74,254.88,255.67,255.17,255.19
e,e,e,e,e,e,e,e,e,e,e,e,e,e,e,e,e,e,e,e,e,e,e,e,e,e,e,e,e,e,e,e,e,e,e,e,e,e,e,e,e,e,e,e,e,e,e,e,e,e,e,e,e,e,0.41,1.71,3.10,5.13,6.87,8.44,14.59,20.66,22.50,25.07,27.22,30.18,31.72,30.65,30.28,31.94,33.91,36.13,38.59,41.31,43.80,45.58,47.04,48.38,48.89,48.81,49.85,50.85,51.98,52.93,51.94,53.98,56.52,58.22,59.90,61.53,62.50,62.49,63.78,64.88,65.52,66.46,68.75,70.65,71.63,72.83,73.27,74.25,75.81,76.91,77.81,78.88,80.20,81.86,82.92,83.72,85.66,86.47,86.19,86.95,88.77,90.11,90.46,90.68,92.53,91.65,90.56,90.06,92.50,96.07,95.74,97.53,100.11,102.82,105.41,107.73,108.90,109.39,110.91,111.69,110.69,112.58,115.33,117.77,118.81,120.35,121.07,120.65,121.16,122.03,122.48,122.81,123.95,125.72,127.82,129.71,130.53,130.33,130.01,130.42,131.49,133.27,134.11,135.40,136.36,135.52,134.54,134.37,135.84,137.00,138.21,139.96,142.21,143.38,144.37,146.22,147.88,148.71,149.82,150.30,150.41,151.33,153.55,155.98,157.37,158.04,159.26,160.52,161.50,162.11,162.19,162.16,162.31,161.96,162.62,163.79,164.87,164.70,164.33,164.78,165.74,167.02,166.92,165.53,165.10,166.23,168.57,170.73,174.03,177.63,180.48,182.56,184.47,186.35,188.44,190.36,192.33,194.70,197.32,198.50,198.60,199.16,201.24,203.67,206.02,207.52,208.61,209.85,211.31,213.44,215.75,217.97,220.24,222.19,224.46,226.83,228.93,230.15,230.71,231.52,231.65,232.89,234.88,236.30,236.62,237.64,238.86,239.44,239.08,242.38,248.10,250.57,254.55,258.84,258.71,253.78,250.26,250.86,252.97,252.98,252.56,252.04
e,e,e,e,e,e,e,e,e,e,e,e,e,e,e,e,e,e,e,e,e,e,e,e,e,e,e,e,e,e,e,e,e,e,e,e,e,e,e,e,e,e,e,e,e,e,e,e,e,e,e,e,e,e,e,0.53,1.37,3.14,5.05,7.34,11.37,18.91,21.19,24.01,27.15,29.01,29.64,28.40,28.99,31.36,33.76,36.13,38.44,40.78,42.34,43.50,44.87,45.89,46.13,46.18,47.27,48.41,50.37,50.65,50.19,52.64,54.79,56.55,58.17,59.49,60.01,59.91,61.80,62.62,63.37,65.01,67.19,68.66,69.69,70.77,70.90,71.57,73.66,74.44,75.42,76.62,78.42,80.38,80.74,82.27,83.52,84.43,84.12,85.16,87.06,87.91,87.97,88.63,89.25,87.69,85.95,89.00,92.53,93.03,93.94,96.31,98.76,101.19,103.62,105.41,106.07,107.25,108.80,108.92,108.29,111.00,113.70,115.44,116.62,118.38,118.37,117.85,118.53,119.40,119.70,120.22,122.06,123.86,125.82,127.40,128.01,127.81,127.73,128.51,129.43,130.00,131.32,133.26,133.47,132.30,131.69,132.69,133.94,134.91,136.23,137.95,139.53,140.10,141.00,143.00,145.00,146.71,147.40,147.57,147.69,148.93,151.34,153.13,154.46,155.66,157.06,158.38,159.43,160.08,160.37,160.12,159.62,159.12,160.07,161.56,162.69,162.11,161.46,161.70,162.48,163.72,163.56,161.98,163.17,166.22,169.50,172.29,174.82,177.12,179.18,181.01,182.17,183.70,185.74,187.85,190.32,192.89,195.31,195.93,195.99,197.29,199.92,202.44,204.28,205.41,206.55,208.32,210.57,212.67,214.36,216.25,218.12,219.96,222.51,224.95,226.23,227.04,227.99,228.77,229.23,231.05,232.75,233.47,233.91,234.91,235.69,236.18,236.75,240.02,243.90,245.31,249.96,251.19,250.88,247.87,246.41,248.70,250.38,250.24,249.91,248.70
e,e,e,e,e,e,e,e,e,e,e,e,e,e,e,e,e,e,e,e,e,e,e,e,e,e,e,e,e,e,e,e,e,e,e,e,e,e,e,e,e,e,e,e,e,e,e,e,e,e,e,e,e,e,e,e,0.38,1.42,3.45,5.54,7.79,15.57,21.48,24.10,25.74,27.04,26.99,26.08,28.12,30.89,33.24,35.53,37.48,39.06,40.28,41.38,42.58,43.23,43.36,43.50,44.47,46.39,48.27,47.42,48.69,51.38,52.89,54.69,56.45,57.71,57.52,57.98,59.58,60.59,61.72,63.55,65.46,66.79,67.88,68.30,68.39,70.25,71.44,71.82,73.33,75.39,77.25,78.07,78.65,80.55,81.19,82.49,82.14,83.58,85.09,85.62,85.67,86.85,85.70,82.86,84.42,90.18,89.64,90.54,92.88,95.27,97.53,99.58,101.57,102.78,103.72,105.47,105.89,105.09,106.19,109.31,111.77,113.07,114.51,116.06,115.54,114.94,115.61,116.42,116.92,118.43,120.30,121.91,123.57,125.08,125.47,125.36,125.49,126.64,127.49,127.72,129.31,131.00,130.69,129.41,129.59,131.01,131.75,132.56,133.42,134.99,136.33,137.13,138.57,140.87,143.32,144.48,144.51,144.75,145.10,146.82,148.96,150.77,152.15,153.20,154.48,155.72,156.77,157.64,157.98,157.77,157.32,156.89,158.11,159.49,160.33,159.76,158.98,158.94,159.52,160.44,160.74,160.00,162.71,165.98,169.03,171.38,173.55,175.37,177.10,178.59,179.54,180.92,183.16,185.83,188.62,191.11,193.08,193.16,193.59,195.97,198.81,201.10,201.95,203.28,205.24,207.41,209.27,210.87,212.33,214.23,216.31,218.61,221.00,222.41,222.97,223.78,224.98,225.54,226.58,228.81,230.20,230.60,231.23,232.37,232.68,233.03,235.19,237.38,237.71,239.41,240.94,242.43,245.11,243.57,243.44,246.16,247.36,247.31,246.57,245.18
e,e,e,e,e,e,e,e,e,e,e,e,e,e,e,e,e,e,e,e,e,e,e,e,e,e,e,e,e,e,e,e,e,e,e,e,e,e,e,e,e,e,e,e,e,e,e,e,e,e,e,e,e,e,e,e,e,0.45,1.46,3.51,6.45,11.10,17.97,21.90,23.45,24.70,24.00,24.09,27.13,30.21,32.53,33.94,35.62,37.20,38.43,39.35,40.16,40.52,40.64,40.88,41.98,44.25,44.96,44.61,47.34,49.50,50.87,52.72,54.63,55.69,55.11,55.91,57.35,58.77,60.15,62.06,63.68,64.99,65.78,65.65,66.11,68.53,68.75,70.13,72.29,74.00,75.08,75.49,77.06,78.22,79.30,80.61,80.38,82.15,82.53,83.11,83.47,85.08,82.77,79.40,83.05,87.90,87.29,89.32,91.89,93.95,95.74,97.54,99.08,100.17,101.89,103.43,102.43,102.16,104.67,107.50,109.60,110.76,112.40,113.63,112.38,111.95,112.72,113.50,114.51,116.20,117.84,119.66,121.51,122.85,122.92,122.88,123.30,124.51,125.46,125.66,127.05,128.33,128.38,127.03,127.18,128.52,129.27,129.96,130.59,131.78,133.10,134.87,137.30,139.73,141.75,141.75,141.38,141.61,142.54,144.31,146.21,148.04,149.74,150.82,151.84,153.06,154.29,155.11,155.41,155.26,154.87,154.87,156.13,157.45,157.91,157.50,156.92,156.81,157.33,157.55,157.66,160.37,163.03,165.88,168.20,170.00,171.66,173.11,174.71,176.16,177.08,178.63,181.63,184.57,187.35,189.36,190.49,190.39,191.72,194.61,197.37,198.69,199.91,202.10,204.04,205.79,207.47,208.91,210.43,212.44,214.49,216.90,218.76,219.51,219.90,220.63,221.86,222.22,223.94,226.03,227.03,227.77,229.08,229.97,230.25,230.61,231.23,230.63,230.90,234.07,236.31,238.50,241.09,239.75,241.46,243.54,244.43,244.30,243.33,241.61
e,e,e,e,e,e,e,e,e,e,e,e,e,e,e,e,e,e,e,e,e,e,e,e,e,e,e,e,e,e,e,e,e,e,e,e,e,e,e,e,e,e,e,e,e,e,e,e,e,e,e,e,e,e,e,e,e,e,0.51,1.68,4.02,6.19,8.34,14.41,20.70,22.25,20.99,22.92,26.45,28.94,30.30,31.49,33.36,35.15,36.46,37.21,37.74,37.78,37.81,38.43,39.82,41.75,41.62,42.36,45.34,47.68,49.16,51.13,53.21,53.52,52.84,54.05,55.67,57.14,58.63,60.54,61.69,63.13,63.48,63.11,64.64,66.38,66.31,68.54,70.59,72.00,72.56,73.31,75.25,75.77,77.50,78.37,79.00,80.01,79.76,80.80,81.31,83.24,81.59,78.02,81.88,85.80,84.96,87.53,90.38,92.06,93.67,95.20,96.41,98.00,100.29,100.93,99.66,100.30,103.00,105.40,107.15,108.50,110.30,111.34,109.64,109.14,110.13,111.22,112.13,113.46,115.06,117.37,119.56,120.49,120.41,120.35,121.09,122.53,123.44,123.46,124.48,125.72,126.25,124.83,124.32,125.35,126.30,127.07,128.14,129.09,130.85,133.52,136.32,138.30,139.26,139.06,138.59,139.02,140.32,141.64,143.04,144.58,146.49,148.21,149.22,150.58,151.86,152.58,152.84,152.76,152.44,152.82,154.13,155.38,155.61,155.27,154.78,154.68,154.93,154.71,156.76,161.25,163.25,165.06,166.75,168.36,169.64,170.81,172.41,173.74,174.99,177.84,180.95,183.65,185.50,186.72,187.57,188.16,190.51,193.32,195.36,196.57,198.73,200.62,201.92,203.70,205.55,207.14,208.92,210.64,212.43,214.30,215.80,216.83,217.40,218.30,218.93,219.50,221.53,223.23,224.32,225.96,227.20,227.49,227.56,227.85,228.04,227.72,228.59,231.33,234.23,236.47,237.22,236.57,239.00,240.84,241.47,241.25,240.72,238.27
e,e,e,e,e,e,e,e,e,e,e,e,e,e,e,e,e,e,e,e,e,e,e,e,e,e,e,e,e,e,e,e,e,e,e,e,e,e,e,e,e,e,e,e,e,e,e,e,e,e,e,e,e,e,e,e,e,e,e,0.45,1.47,3.36,5.40,7.44,11.53,16.38,18.91,22.82,25.07,26.64,27.80,29.29,31.11,33.31,33.62,34.33,34.84,34.81,35.30,36.78,38.53,39.00,39.01,41.36,44.06,45.69,47.50,49.69,51.63,51.41,50.71,52.08,53.88,55.53,57.21,58.70,59.70,61.48,61.35,61.10,63.47,63.82,63.90,65.94,68.09,69.51,70.04,71.58,73.16,73.56,75.73,75.79,77.20,77.62,76.95,77.93,78.51,80.66,80.61,76.39,79.84,83.72,82.72,85.46,88.45,90.04,91.47,92.77,94.48,96.89,98.52,98.61,97.60,98.71,101.17,103.18,104.74,106.34,108.03,108.97,107.75,107.02,108.09,109.19,109.98,110.67,112.60,115.13,117.33,117.78,117.57,117.72,119.23,120.68,121.36,121.35,122.14,123.29,124.08,122.54,121.55,122.41,123.25,124.31,125.80,127.16,129.74,132.69,134.08,134.66,135.59,135.99,136.08,137.11,138.25,138.98,139.76,141.25,143.31,145.20,146.63,147.60,148.75,149.88,150.20,150.24,150.19,150.79,152.12,153.22,153.21,152.94,152.58,152.56,152.57,152.53,155.45,159.49,161.59,163.38,165.09,166.71,167.90,168.88,170.27,171.42,173.71,177.03,180.14,182.04,183.05,183.91,184.94,186.97,189.59,191.84,193.31,195.20,196.83,198.20,199.71,201.73,203.66,205.38,207.00,208.42,209.83,211.32,212.81,214.26,215.25,216.15,216.61,217.69,219.25,220.60,222.73,224.62,224.82,224.75,224.83,225.22,225.56,225.72,227.41,229.95,232.41,233.34,232.81,233.76,236.58,238.11,238.50,238.19,237.64,235.40
e,e,e,e,e,e,e,e,e,e,e,e,e,e,e,e,e,e,e,e,e,e,e,e,e,e,e,e,e,e,e,e,e,e,e,e,e,e,e,e,e,e,e,e,e,e,e,e,e,e,e,e,e,e,e,e,e,e,e,e,0.73,1.05,2.77,4.80,6.91,8.84,13.40,20.63,22.84,24.19,25.63,27.32,29.73,31.59,30.74,31.71,31.55,32.04,33.82,35.78,36.25,36.05,38.13,40.98,42.16,43.81,46.20,48.27,49.41,49.59,48.75,50.03,51.94,53.86,55.68,56.59,57.58,59.31,58.77,60.15,61.48,61.06,61.26,63.02,65.11,66.50,68.05,70.00,70.67,71.65,73.74,73.57,75.12,75.31,74.14,74.50,76.80,79.44,77.97,74.55,79.91,81.39,80.83,83.82,86.66,88.13,89.31,90.81,93.19,95.65,96.58,96.52,95.66,97.13,99.21,101.00,102.43,104.00,105.68,106.41,105.41,104.95,105.87,106.79,107.60,108.39,110.73,113.27,114.69,114.49,114.53,115.72,117.25,118.53,119.05,119.22,119.86,120.94,122.00,120.77,119.24,119.71,120.37,121.81,123.54,126.00,128.92,130.85,130.44,130.65,131.88,132.71,133.91,135.16,135.91,136.59,137.68,138.95,140.49,142.45,143.27,143.19,144.43,146.47,147.14,147.60,147.75,148.69,150.07,150.92,150.86,150.45,150.34,150.38,150.19,151.27,154.42,157.86,159.86,161.69,163.39,165.05,166.19,167.29,168.35,169.88,172.90,176.25,178.74,179.96,180.72,181.62,183.35,185.80,188.30,190.07,191.83,192.60,194.09,195.91,198.10,200.17,201.80,203.25,204.40,205.81,207.19,208.60,210.49,212.12,213.29,213.88,214.47,215.70,217.07,219.18,221.67,222.51,222.33,222.04,222.34,222.76,223.14,224.19,226.11,228.34,229.87,230.20,229.75,231.92,234.02,234.85,235.44,235.00,234.45,232.77
e,e,e,e,e,e,e,e,e,e,e,e,e,e,e,e,e,e,e,e,e,e,e,e,e,e,e,e,e,e,e,e,e,e,e,e,e,e,e,e,e,e,e,e,e,e,e,e,e,e,e,e,e,e,e,e,e,e,e,e,e,e,0.80,2.21,4.18,5.84,7.54,11.85,19.44,22.13,23.61,25.60,27.92,28.92,28.14,29.86,29.09,30.88,33.02,34.10,33.38,33.79,36.42,38.48,40.10,42.55,44.92,46.12,46.45,46.62,46.99,48.69,50.44,52.29,54.00,54.02,54.53,55.69,56.89,58.66,58.74,58.56,58.81,60.50,62.58,64.70,66.61,67.80,67.94,69.71,71.52,71.27,72.86,72.97,71.42,72.59,75.58,75.31,72.67,73.72,79.15,78.27,81.30,83.56,85.10,86.21,87.38,89.53,92.38,93.80,94.36,94.37,93.67,95.25,97.25,98.92,100.14,101.68,103.45,103.69,102.73,102.83,103.56,104.34,105.16,106.74,109.22,111.50,111.67,111.00,112.19,113.63,114.85,116.05,116.72,117.02,117.73,118.58,119.36,118.91,117.50,117.43,118.24,120.03,121.91,124.47,126.86,127.97,127.57,127.73,129.00,130.56,132.17,132.74,133.37,134.60,136.09,137.39,138.70,139.95,139.87,139.33,140.93,143.41,144.18,144.71,145.38,146.66,147.51,147.49,147.47,146.79,146.89,147.36,148.38,151.15,153.98,156.31,158.35,160.34,162.07,163.53,164.51,165.54,166.97,169.57,172.59,175.53,177.16,178.00,178.33,180.04,182.26,184.55,186.87,188.56,189.61,189.87,192.05,194.28,196.23,198.02,199.63,200.63,201.46,203.03,204.69,206.49,208.64,210.25,211.19,211.78,212.44,213.60,215.19,217.31,219.34,219.93,219.73,219.37,219.95,220.51,221.28,222.48,224.07,226.05,227.05,227.37,227.11,229.79,230.69,231.38,232.36,231.84,231.27,230.30
e,e,e,e,e,e,e,e,e,e,e,e,e,e,e,e,e,e,e,e,e,e,e,e,e,e,e,e,e,e,e,e,e,e,e,e,e,e,e,e,e,e,e,e,e,e,e,e,e,e,e,e,e,e,e,e,e,e,e,e,e,e,e,0.61,1.52,3.13,4.96,6.94,10.22,17.45,21.61,23.53,25.62,26.24,25.20,26.20,27.73,30.71,31.98,31.77,30.89,32.48,34.88,37.28,39.55,41.89,42.98,43.17,43.48,44.55,46.40,47.97,49.07,51.07,51.94,51.41,51.95,53.57,55.71,56.55,56.38,56.30,57.44,59.29,61.36,62.94,64.56,65.15,65.43,67.85,69.09,68.74,70.16,70.61,69.67,71.94,73.24,71.34,68.78,72.13,74.64,77.47,80.31,81.75,83.04,84.11,86.23,88.87,91.20,91.47,92.07,92.33,91.78,93.45,95.35,96.82,97.99,99.62,101.23,100.84,100.27,100.85,101.60,102.30,102.92,104.71,107.11,109.08,109.10,108.59,110.24,111.19,112.40,113.69,114.36,114.29,114.74,115.67,116.43,116.72,115.67,115.30,116.47,118.41,120.31,122.45,124.23,125.13,124.83,125.22,126.66,128.47,130.02,130.22,131.51,133.16,134.50,135.44,136.25,137.00,137.04,136.96,138.85,140.55,141.53,142.15,143.33,144.36,144.07,143.69,143.43,142.80,143.69,145.62,148.12,150.58,152.33,154.11,156.25,158.59,160.77,161.85,162.87,164.55,167.31,170.13,172.68,174.34,175.31,175.76,176.14,178.92,181.44,183.53,185.42,186.86,187.13,188.10,190.47,192.07,193.81,195.63,196.98,197.75,198.72,200.60,202.53,204.54,206.59,207.98,208.93,209.74,210.46,211.61,213.03,214.99,216.32,216.56,216.52,216.65,217.29,218.24,219.46,220.19,221.65,223.46,224.28,224.61,224.12,226.49,227.74,228.68,229.50,229.16,228.69,227.84
e,e,e,e,e,e,e,e,e,e,e,e,e,e,e,e,e,e,e,e,e,e,e,e,e,e,e,e,e,e,e,e,e,e,e,e,e,e,e,e,e,e,e,e,e,e,e,e,e,e,e,e,e,e,e,e,e,e,e,e,e,e,e,e,0.42,0.89,2.28,4.29,6.36,8.79,15.19,21.07,23.50,23.63,22.14,23.33,26.72,29.31,29.55,28.87,30.42,33.08,34.96,37.00,38.86,40.21,40.07,40.52,42.17,44.17,45.50,46.16,47.34,49.35,49.40,48.66,50.17,52.39,54.07,54.04,53.95,54.78,56.63,58.28,59.55,60.58,62.45,62.29,63.52,66.20,66.16,65.73,67.20,67.69,68.05,70.41,70.09,67.88,66.67,70.39,73.69,76.27,77.92,79.81,80.68,82.70,85.31,87.52,88.64,88.81,89.51,90.07,89.95,91.81,93.41,94.63,96.02,97.51,98.48,98.00,97.64,98.59,99.50,100.16,100.65,102.34,104.76,106.08,106.38,106.46,107.81,108.78,110.22,111.47,112.04,111.48,111.79,112.67,113.36,114.22,113.74,113.33,114.72,116.66,118.52,120.05,121.56,122.30,122.07,122.50,124.08,125.91,127.36,127.99,130.09,131.54,132.76,132.58,132.86,133.81,134.28,134.63,136.12,137.67,138.99,139.78,141.20,141.88,140.56,139.56,139.80,140.73,143.22,145.72,147.97,149.15,150.24,151.84,153.92,156.23,158.53,160.18,162.16,164.97,167.85,170.12,171.20,172.03,173.24,173.27,174.17,177.53,180.50,182.28,183.79,184.72,184.83,186.59,188.54,189.75,191.24,193.00,194.02,195.01,196.77,198.81,200.65,202.65,204.54,205.73,206.82,207.61,208.36,209.65,211.01,212.38,212.76,212.93,213.15,213.79,214.79,216.20,217.17,217.84,219.62,220.76,221.57,222.01,221.22,223.59,225.02,226.06,226.87,226.71,226.52,225.64
e,e,e,e,e,e,e,e,e,e,e,e,e,e,e,e,e,e,e,e,e,e,e,e,e,e,e,e,e,e,e,e,e,e,e,e,e,e,e,e,e,e,e,e,e,e,e,e,e,e,e,e,e,e,e,e,e,e,e,e,e,e,e,e,e,e,0.53,1.74,3.75,5.82,7.76,12.85,20.76,21.26,19.47,22.39,25.55,25.46,23.62,25.89,30.04,30.76,32.46,35.05,36.85,37.24,37.51,39.88,41.99,43.22,43.51,43.91,45.03,46.60,46.49,46.34,48.67,51.05,51.90,51.41,52.21,53.93,55.45,56.75,57.58,58.84,59.89,59.85,62.34,64.21,63.21,62.87,65.24,64.96,66.29,67.09,65.31,63.29,65.35,69.11,71.75,73.51,75.18,76.77,78.95,81.58,83.51,85.20,85.59,85.80,86.36,86.94,87.97,89.89,91.11,92.45,94.05,95.19,96.11,95.23,95.01,96.00,96.97,97.72,98.50,100.14,102.25,102.84,103.30,104.08,105.26,106.56,107.98,109.10,109.67,109.19,109.12,109.77,110.78,111.94,111.77,111.39,112.97,114.88,116.47,117.66,118.89,119.55,119.65,120.04,121.54,123.27,124.71,125.62,127.66,129.52,130.42,129.83,129.56,130.76,131.64,132.06,133.21,134.89,136.37,136.25,137.49,138.35,136.64,137.78,139.60,140.96,143.35,145.72,147.04,147.78,148.69,150.13,152.44,154.77,157.09,159.51,161.87,164.07,166.02,167.41,168.18,169.68,171.26,170.81,172.18,175.62,178.33,180.47,182.03,182.22,182.92,184.91,186.84,187.93,189.00,190.15,191.30,193.08,195.13,197.14,198.93,200.93,202.63,203.74,204.79,205.40,206.16,207.41,208.79,209.31,209.34,209.61,210.42,211.34,212.78,214.04,214.75,215.82,217.50,218.03,218.50,218.76,218.51,220.88,221.77,223.02,224.16,224.07,223.99,223.61
e,e,e,e,e,e,e,e,e,e,e,e,e,e,e,e,e,e,e,e,e,e,e,e,e,e,e,e,e,e,e,e,e,e,e,e,e,e,e,e,e,e,e,e,e,e,e,e,e,e,e,e,e,e,e,e,e,e,e,e,e,e,e,e,e,e,e,0.58,1.29,3.14,5.10,7.34,12.73,17.45,18.50,22.20,23.44,21.13,20.93,26.22,27.61,28.18,30.71,33.26,33.90,34.22,36.12,38.95,40.90,41.13,41.28,41.47,42.47,43.77,43.55,44.84,47.54,49.22,49.39,49.29,51.06,52.39,53.76,54.94,55.80,57.42,57.49,58.24,60.46,61.70,60.42,61.40,63.33,62.42,64.38,63.25,60.60,60.63,64.15,67.76,69.64,71.05,72.58,74.82,77.50,79.41,81.27,82.34,82.56,82.79,83.31,84.13,85.59,87.27,88.65,90.54,91.61,92.75,93.66,92.35,92.31,93.41,94.38,95.40,96.75,98.41,99.44,99.97,100.82,101.81,102.88,104.18,105.61,106.80,107.72,107.01,106.72,107.59,108.58,109.60,109.67,109.51,111.26,112.89,113.97,115.15,116.40,117.38,117.68,118.43,119.48,120.98,122.16,122.74,124.42,125.97,126.93,127.06,127.07,128.64,129.34,129.86,130.41,132.12,133.82,132.23,132.36,133.38,134.88,137.96,140.22,141.69,143.69,144.94,145.59,146.41,147.80,150.00,152.24,154.13,156.06,158.19,159.72,161.31,162.95,163.72,164.60,166.26,167.79,167.85,170.37,172.72,175.18,178.28,179.54,179.67,181.36,183.46,184.78,185.66,186.60,187.70,189.43,191.52,193.61,195.61,197.41,199.06,200.71,201.79,202.70,203.13,203.93,205.14,206.03,206.29,206.50,206.98,207.98,209.30,210.74,211.80,212.44,213.95,214.88,214.94,215.08,214.75,216.07,217.92,218.65,220.26,221.56,221.34,221.43,221.64
e,e,e,e,e,e,e,e,e,e,e,e,e,e,e,e,e,e,e,e,e,e,e,e,e,e,e,e,e,e,e,e,e,e,e,e,e,e,e,e,e,e,e,e,e,e,e,e,e,e,e,e,e,e,e,e,e,e,e,e,e,e,e,e,e,e,e,e,0.22,0.90,2.57,4.88,7.87,10.36,17.96,21.72,20.96,18.62,22.37,24.94,25.32,27.31,29.77,30.65,30.83,32.17,34.71,37.28,38.72,38.93,38.94,39.09,39.98,40.90,41.21,43.61,46.00,46.77,46.18,47.24,49.31,50.66,52.08,52.97,54.27,55.68,55.35,56.61,58.52,59.12,58.16,60.57,61.09,60.52,62.19,59.83,57.51,60.49,63.90,66.58,67.94,69.11,70.73,73.05,75.36,77.25,78.94,79.22,79.68,79.97,80.63,82.01,83.20,84.61,86.19,87.87,89.06,90.46,91.28,89.86,89.73,90.86,92.07,93.52,95.03,96.42,97.44,98.22,98.97,99.72,100.51,101.75,103.23,104.51,105.73,104.89,104.40,105.24,106.15,107.03,107.09,107.75,109.45,110.36,111.41,112.68,114.06,115.38,115.93,116.72,117.72,118.94,119.70,120.18,120.97,122.02,123.34,123.98,125.23,126.99,127.27,127.38,127.76,129.94,131.40,129.77,130.44,131.78,134.07,136.82,139.14,141.40,142.88,143.53,144.18,145.46,147.51,149.43,151.25,152.84,154.68,156.69,158.07,159.08,159.93,160.23,160.94,162.22,163.59,165.41,167.82,169.75,172.88,176.20,176.43,177.14,180.05,182.00,182.04,182.81,184.13,185.85,188.00,190.29,192.26,193.93,195.50,197.10,198.44,199.62,200.44,200.84,201.64,202.66,203.17,203.42,203.71,204.50,205.64,206.95,208.24,209.35,210.31,211.98,212.00,211.38,211.28,211.46,213.78,214.67,215.32,216.87,218.77,218.29,218.80,219.30
e,e,e,e,e,e,e,e,e,e,e,e,e,e,e,e,e,e,e,e,e,e,e,e,e,e,e,e,e,e,e,e,e,e,e,e,e,e,e,e,e,e,e,e,e,e,e,e,e,e,e,e,e,e,e,e,e,e,e,e,e,e,e,e,e,e,e,e,e,e,0.91,2.68,5.13,7.16,11.04,17.27,14.40,19.19,21.94,22.61,24.27,26.43,27.96,27.59,28.28,30.86,33.41,35.30,36.62,36.70,36.70,37.05,38.16,38.33,40.02,42.55,43.63,43.84,43.41,45.54,47.62,49.11,50.35,51.09,52.81,53.70,53.40,55.11,56.90,56.23,55.92,57.85,57.41,58.89,59.14,56.48,55.70,61.26,63.36,64.70,66.23,67.58,69.16,71.08,73.10,74.91,75.81,76.92,77.61,77.84,78.85,80.19,81.10,82.13,83.42,84.98,86.69,87.68,88.24,87.51,87.70,88.87,90.28,91.71,93.02,94.51,95.74,96.58,97.33,98.03,98.73,99.73,100.84,102.14,103.80,102.68,101.96,102.48,103.48,104.49,104.93,105.95,107.15,107.97,109.14,110.52,112.07,113.17,113.92,114.80,115.83,116.80,117.69,118.21,118.45,119.06,120.36,121.85,123.62,125.35,125.16,124.70,125.44,127.33,128.31,127.59,128.74,130.92,133.52,136.05,138.34,140.35,141.40,142.03,143.07,144.85,146.59,148.29,149.97,151.58,153.43,155.25,156.36,157.18,157.81,158.07,158.49,159.70,161.68,163.71,166.41,169.17,172.25,173.59,173.30,175.68,178.19,179.19,179.33,180.39,182.26,184.32,186.49,188.63,190.39,191.99,193.49,194.38,195.06,196.39,197.59,198.16,198.97,200.01,200.42,200.74,201.15,202.17,203.06,204.15,205.35,206.48,208.01,209.46,209.42,208.57,207.73,209.47,210.93,211.29,211.77,213.05,215.59,215.00,215.90,216.94
e,e,e,e,e,e,e,e,e,e,e,e,e,e,e,e,e,e,e,e,e,e,e,e,e,e,e,e,e,e,e,e,e,e,e,e,e,e,e,e,e,e,e,e,e,e,e,e,e,e,e,e,e,e,e,e,e,e,e,e,e,e,e,e,e,e,e,e,e,e,e,0.93,2.75,5.03,7.20,8.19,11.06,17.00,19.12,21.26,23.11,24.83,25.29,24.39,26.33,29.46,31.48,33.08,34.49,34.43,34.48,35.48,36.21,36.87,39.70,40.36,40.83,40.64,41.54,44.05,46.06,47.70,48.09,49.40,51.48,51.58,51.68,53.85,55.04,53.53,53.47,54.35,53.25,56.01,53.76,52.06,54.52,60.30,60.98,62.72,64.41,65.95,67.52,69.18,70.90,71.91,73.47,75.12,75.57,76.07,77.39,78.48,79.12,79.73,80.72,82.65,84.06,84.43,84.77,85.00,85.88,87.12,88.36,89.51,91.17,92.64,93.99,94.68,95.55,96.33,96.85,97.24,98.11,100.70,102.00,100.52,99.64,99.84,100.80,102.18,102.88,103.75,104.78,105.88,107.21,108.55,109.86,109.93,111.26,112.82,113.61,114.53,115.50,116.28,116.36,117.02,118.34,120.35,122.27,123.80,123.13,122.23,122.83,124.16,124.77,125.06,128.06,130.70,132.37,134.41,136.47,138.39,139.67,140.77,141.99,143.25,145.02,146.70,148.43,150.21,152.28,153.70,154.50,155.27,155.90,156.27,157.38,159.38,161.19,162.56,165.23,168.62,171.14,170.74,171.29,174.36,175.69,176.47,177.16,178.85,180.72,182.80,184.92,186.80,188.51,190.00,191.05,191.08,191.56,193.11,194.34,195.32,196.42,197.29,197.77,198.14,198.69,199.92,200.66,201.31,202.37,203.74,205.53,206.86,207.16,206.67,205.86,207.39,208.22,208.36,208.51,210.59,212.69,211.69,213.10,214.59
e,e,e,e,e,e,e,e,e,e,e,e,e,e,e,e,e,e,e,e,e,e,e,e,e,e,e,e,e,e,e,e,e,e,e,e,e,e,e,e,e,e,e,e,e,e,e,e,e,e,e,e,e,e,e,e,e,e,e,e,e,e,e,e,e,e,e,e,e,e,e,0.32,0.93,2.85,4.56,6.42,9.63,12.90,16.08,19.29,21.23,22.97,22.14,21.23,23.20,26.30,28.94,31.23,32.24,32.15,32.58,34.02,34.02,35.15,37.58,37.39,37.02,37.43,40.81,41.93,44.20,45.81,45.92,48.31,49.96,49.54,50.36,52.27,52.89,51.14,51.27,50.45,51.67,50.99,48.40,49.31,53.06,57.23,59.60,61.25,62.50,63.96,65.63,67.14,68.09,69.65,71.92,73.29,73.56,74.48,75.91,76.81,77.47,77.71,78.52,80.37,81.49,82.01,82.33,82.86,83.85,85.02,86.18,87.61,89.37,91.11,92.28,92.53,93.43,94.43,93.99,94.19,95.99,99.52,100.12,98.03,97.17,97.56,98.89,100.19,101.04,101.77,102.66,103.63,104.95,106.17,107.19,107.78,109.66,110.90,111.48,112.14,113.23,114.25,114.23,114.91,116.52,118.83,120.72,122.01,121.25,119.92,120.62,121.56,121.97,122.79,125.47,127.83,129.77,132.26,134.26,136.15,137.71,139.13,140.04,141.75,143.73,145.74,147.78,149.61,150.99,151.89,152.69,153.50,154.11,155.15,157.13,159.14,160.48,161.51,163.53,166.41,168.68,168.45,170.45,172.47,173.31,174.09,175.70,177.53,179.33,181.28,183.33,185.11,186.61,187.89,188.53,188.55,188.98,190.11,191.37,192.59,193.74,194.61,195.09,195.52,196.28,197.54,198.32,198.95,199.82,201.28,203.07,204.31,204.64,204.74,204.00,205.24,205.78,205.86,206.91,208.78,209.50,208.77,211.15,212.33
e,e,e,e,e,e,e,e,e,e,e,e,e,e,e,e,e,e,e,e,e,e,e,e,e,e,e,e,e,e,e,e,e,e,e,e,e,e,e,e,e,e,e,e,e,e,e,e,e,e,e,e,e,e,e,e,e,e,e,e,e,e,e,e,e,e,e,e,e,e,e,e,0.60,0.79,2.40,4.84,7.16,9.81,12.76,15.80,18.97,20.54,19.19,18.42,21.10,24.63,27.81,28.97,30.08,29.93,31.13,32.18,31.91,33.41,35.35,34.30,33.06,34.86,38.07,40.23,43.07,43.35,44.40,46.95,47.58,47.06,48.64,49.74,50.53,48.38,48.50,48.80,49.38,45.81,49.25,52.35,55.05,56.95,58.20,59.14,60.53,61.49,63.41,64.48,66.07,68.47,70.21,71.31,71.62,72.90,74.25,75.07,75.64,75.58,76.64,78.11,79.14,79.88,80.31,80.98,81.88,82.95,84.12,85.76,87.62,89.53,90.30,90.34,91.47,92.72,91.61,91.41,94.85,97.48,97.03,95.34,94.78,95.75,97.40,98.32,99.08,99.74,100.53,101.29,102.58,103.59,104.58,105.97,107.47,108.44,109.08,109.83,111.52,112.24,112.01,112.61,114.52,116.78,118.41,118.69,118.97,117.76,117.88,119.43,119.95,121.45,124.30,127.05,128.85,130.35,132.30,134.17,135.79,137.19,139.52,141.68,143.66,145.42,146.78,147.94,148.99,150.11,151.11,151.89,152.81,154.68,156.67,158.61,160.10,160.79,161.94,164.18,166.11,166.18,168.42,170.12,171.14,172.55,174.44,176.28,178.10,179.95,181.66,183.17,184.60,185.67,186.19,186.46,187.19,188.19,189.18,190.06,191.08,191.94,192.41,192.94,193.86,195.05,196.00,197.02,197.85,199.13,200.59,201.73,202.29,202.71,202.18,203.10,203.39,203.84,205.18,205.67,205.80,206.62,209.20,209.61
e,e,e,e,e,e,e,e,e,e,e,e,e,e,e,e,e,e,e,e,e,e,e,e,e,e,e,e,e,e,e,e,e,e,e,e,e,e,e,e,e,e,e,e,e,e,e,e,e,e,e,e,e,e,e,e,e,e,e,e,e,e,e,e,e,e,e,e,e,e,e,e,e,0.32,0.79,2.13,4.49,6.88,9.42,12.47,15.52,16.18,15.04,18.17,21.98,24.65,25.86,26.71,27.79,27.98,29.34,29.70,30.06,31.91,33.23,31.66,30.45,33.34,37.20,40.23,40.56,40.85,43.18,44.57,45.07,44.98,46.79,47.22,46.95,44.26,43.51,48.03,44.34,45.57,51.04,51.43,53.34,55.14,56.03,57.17,58.20,59.61,60.92,62.35,64.89,66.46,67.76,68.72,69.80,71.53,72.38,73.27,73.52,73.47,74.72,76.17,77.17,77.80,78.09,79.09,79.98,80.94,82.06,83.54,85.41,87.28,87.91,88.00,89.73,90.76,89.30,90.84,93.83,94.37,93.48,92.47,92.66,94.40,95.38,96.21,96.93,97.62,98.30,99.09,100.35,101.42,102.45,103.68,104.45,105.24,106.25,108.15,109.83,110.07,109.72,110.29,112.41,114.61,114.63,113.30,114.58,114.95,115.93,119.27,120.74,122.58,124.72,126.21,127.69,129.16,130.92,132.46,134.08,136.61,139.30,141.20,142.43,143.60,144.72,145.81,146.90,148.16,149.27,150.46,152.05,153.57,155.51,157.43,158.91,159.48,160.77,162.50,163.45,164.02,166.10,167.74,169.29,171.27,173.13,174.75,176.52,178.22,179.71,181.21,182.54,183.31,183.78,184.47,185.44,186.45,187.38,188.05,188.74,189.48,189.92,190.50,191.46,192.60,193.72,194.88,195.99,197.31,198.45,199.45,200.21,200.55,200.17,200.89,201.19,202.14,202.56,202.41,202.48,204.13,205.93,205.92
e,e,e,e,e,e,e,e,e,e,e,e,e,e,e,e,e,e,e,e,e,e,e,e,e,e,e,e,e,e,e,e,e,e,e,e,e,e,e,e,e,e,e,e,e,e,e,e,e,e,e,e,e,e,e,e,e,e,e,e,e,e,e,e,e,e,e,e,e,e,e,e,e,e,e,0.89,1.69,3.90,6.48,9.05,11.35,11.45,11.24,17.20,21.71,22.77,23.43,24.37,25.36,26.45,27.27,26.98,29.47,31.41,31.53,29.63,29.83,33.66,37.26,38.06,37.67,39.67,41.30,42.09,42.53,43.43,44.92,44.11,43.06,40.63,42.72,43.11,39.55,43.48,47.85,49.71,52.00,53.01,53.85,54.96,56.18,57.48,58.48,61.19,62.85,63.35,64.66,66.17,68.20,69.67,70.41,71.70,71.38,71.56,73.14,74.33,75.22,75.61,75.89,76.95,77.94,78.92,80.04,81.27,83.09,84.92,85.44,85.56,86.54,87.11,86.95,89.63,91.27,91.12,90.34,89.77,91.36,92.30,92.96,93.95,94.78,95.47,96.07,97.13,98.41,99.47,100.51,100.79,101.31,102.60,104.65,106.52,107.31,107.46,107.29,108.30,110.11,112.29,111.55,109.44,110.86,112.38,115.05,118.25,120.73,122.02,122.60,124.01,125.65,127.25,129.06,131.13,133.52,136.30,138.21,139.39,140.40,141.51,142.24,143.49,144.73,145.88,147.28,149.05,150.13,152.01,154.04,156.00,156.85,157.59,159.44,160.46,161.01,162.31,164.16,166.05,168.04,169.96,171.42,172.88,174.65,176.25,177.75,179.23,180.35,181.06,181.73,182.75,183.74,184.75,185.53,186.04,186.69,187.42,187.92,188.51,189.22,190.27,191.52,192.82,194.16,195.39,196.48,197.27,197.88,197.58,197.14,198.38,199.07,200.01,199.79,199.47,199.76,201.55,202.56,202.39
e,e,e,e,e,e,e,e,e,e,e,e,e,e,e,e,e,e,e,e,e,e,e,e,e,e,e,e,e,e,e,e,e,e,e,e,e,e,e,e,e,e,e,e,e,e,e,e,e,e,e,e,e,e,e,e,e,e,e,e,e,e,e,e,e,e,e,e,e,e,e,e,e,e,e,e,0.31,1.10,3.22,5.62,7.50,7.76,8.89,14.29,18.73,20.14,21.14,22.21,23.45,24.93,24.53,24.89,27.59,30.04,29.92,27.65,30.56,33.83,34.88,35.02,36.23,38.63,38.60,40.22,40.38,42.15,43.07,41.68,38.84,38.89,40.80,38.68,37.08,40.81,44.39,48.54,49.99,50.78,51.80,52.87,53.94,55.29,57.96,60.11,59.95,60.55,62.55,64.59,66.37,66.99,68.01,69.49,68.96,70.10,71.54,72.50,73.26,73.37,73.67,74.72,75.83,76.94,78.10,79.14,80.60,82.68,82.98,82.73,83.03,83.53,84.69,86.36,87.87,88.05,87.21,87.87,89.47,89.64,90.68,91.82,92.44,93.22,93.91,95.19,96.42,97.47,98.38,98.31,98.81,101.17,103.14,104.19,104.56,104.69,105.28,106.81,107.57,109.77,109.88,108.15,110.48,112.06,114.53,116.78,118.47,119.26,120.24,122.01,123.84,126.04,128.40,130.76,133.31,134.97,136.13,137.13,138.13,139.06,139.97,141.40,142.58,143.88,145.72,146.72,148.12,150.57,152.62,154.36,154.53,155.79,157.23,158.08,159.02,161.04,162.81,164.74,166.66,168.30,169.49,171.01,172.75,174.25,175.79,177.08,178.10,178.91,179.89,181.08,182.05,182.98,183.60,184.02,184.68,185.38,185.87,186.28,186.93,188.08,189.61,191.08,192.19,193.41,193.86,194.07,195.09,194.27,194.02,195.71,196.05,196.57,196.81,196.32,196.72,198.54,199.47,199.41
e,e,e,e,e,e,e,e,e,e,e,e,e,e,e,e,e,e,e,e,e,e,e,e,e,e,e,e,e,e,e,e,e,e,e,e,e,e,e,e,e,e,e,e,e,e,e,e,e,e,e,e,e,e,e,e,e,e,e,e,e,e,e,e,e,e,e,e,e,e,e,e,e,e,e,e,e,e,0.75,2.25,4.13,5.06,8.29,11.19,13.47,15.56,18.00,20.42,22.02,23.15,21.85,22.40,25.07,27.83,25.72,27.68,30.94,31.60,31.74,32.80,35.12,36.56,36.16,35.66,38.15,40.10,40.71,39.08,34.52,37.61,37.70,35.34,35.22,39.99,43.98,46.86,47.65,48.49,49.77,50.91,52.05,54.31,57.12,57.96,57.62,58.98,61.11,63.01,63.77,64.03,64.70,65.52,66.03,67.87,69.57,70.64,71.28,71.10,71.39,72.46,73.67,74.93,76.15,77.12,78.59,80.45,80.50,80.19,80.47,81.52,82.61,83.59,84.76,85.08,84.44,85.97,86.58,87.04,88.41,89.57,90.10,90.99,91.84,93.22,94.35,95.46,96.46,96.29,96.75,99.50,101.02,101.60,101.85,102.33,103.82,104.44,104.49,105.62,105.87,107.00,110.01,111.31,112.94,114.84,116.33,117.66,119.42,121.28,123.10,125.46,128.44,130.50,131.46,132.53,133.82,134.81,135.76,136.80,138.25,139.40,140.62,142.33,143.82,144.37,146.63,149.15,151.35,152.33,152.41,153.77,154.93,156.14,158.00,159.86,161.46,163.40,165.13,166.47,167.65,169.22,170.78,172.33,173.72,174.83,175.79,176.70,177.93,179.21,180.31,181.12,181.62,181.97,182.53,183.25,183.45,183.86,184.60,185.91,187.46,188.98,189.90,191.26,190.72,190.46,192.52,191.06,191.18,193.10,192.35,192.82,193.70,193.13,193.51,195.31,196.87,197.08
e,e,e,e,e,e,e,e,e,e,e,e,e,e,e,e,e,e,e,e,e,e,e,e,e,e,e,e,e,e,e,e,e,e,e,e,e,e,e,e,e,e,e,e,e,e,e,e,e,e,e,e,e,e,e,e,e,e,e,e,e,e,e,e,e,e,e,e,e,e,e,e,e,e,e,e,e,e,e,0.61,1.34,3.38,5.57,7.27,8.82,10.77,13.27,16.77,20.15,21.31,19.29,19.46,22.42,21.96,20.53,25.84,27.93,28.18,29.50,31.48,33.32,34.17,34.34,31.56,33.23,36.76,37.41,32.73,30.59,34.25,35.91,32.28,33.32,40.31,43.61,44.39,45.04,46.03,47.39,48.66,50.99,53.68,55.59,55.57,55.69,57.49,59.56,60.77,60.92,61.13,61.84,62.30,63.30,65.23,67.18,68.43,68.91,68.66,69.17,70.34,71.67,73.01,74.08,75.00,76.47,77.75,77.96,77.65,78.36,80.00,81.09,82.00,82.56,82.21,82.22,83.38,83.65,84.48,85.94,86.97,87.62,88.48,89.82,91.13,92.13,93.25,94.44,94.24,94.49,96.99,98.43,98.75,98.72,100.65,101.82,101.45,100.87,101.22,103.16,107.04,109.81,110.50,111.84,113.47,115.34,117.23,118.96,120.63,122.51,124.56,126.62,127.81,128.67,130.13,131.48,132.48,133.53,135.06,136.47,137.47,138.92,140.53,141.32,142.57,145.62,148.14,149.80,149.91,150.38,151.88,153.49,155.47,157.31,158.71,160.19,161.91,163.43,164.56,165.88,167.39,168.84,170.33,171.49,172.55,173.47,174.32,175.45,176.60,177.87,178.76,179.37,179.56,180.12,181.19,181.10,181.47,182.31,183.68,185.02,186.35,187.65,189.18,188.27,188.27,190.21,188.73,189.08,190.56,189.35,189.58,190.56,190.04,190.37,192.14,194.13,194.29
e,e,e,e,e,e,e,e,e,e,e,e,e,e,e,e,e,e,e,e,e,e,e,e,e,e,e,e,e,e,e,e,e,e,e,e,e,e,e,e,e,e,e,e,e,e,e,e,e,e,e,e,e,e,e,e,e,e,e,e,e,e,e,e,e,e,e,e,e,e,e,e,e,e,e,e,e,e,e,e,0.70,0.95,2.25,4.05,5.44,7.12,8.81,11.15,15.04,17.62,15.59,15.37,18.66,17.81,21.12,24.41,24.77,25.90,27.76,29.73,30.89,31.64,32.40,30.18,30.87,32.75,34.01,30.66,27.63,30.66,33.99,29.59,29.88,38.63,41.54,41.72,42.44,43.56,44.80,46.74,50.06,52.69,53.48,53.25,53.80,55.72,57.62,58.36,58.34,58.57,59.26,59.62,60.79,62.78,64.83,65.90,66.19,66.30,67.16,68.45,69.81,71.08,71.87,72.74,73.98,74.93,75.22,75.48,76.97,78.56,79.44,79.87,79.92,79.44,80.07,80.59,80.92,81.84,83.36,84.30,84.88,85.76,87.27,88.61,89.82,91.17,92.53,92.23,92.18,94.04,95.55,95.78,95.06,97.50,98.76,98.07,98.64,100.05,102.06,105.06,107.49,109.25,111.12,113.06,114.97,116.51,117.96,119.42,121.09,122.69,123.77,124.99,126.22,127.82,129.15,130.34,131.89,133.47,134.45,135.54,136.88,138.23,139.09,141.39,144.61,146.76,147.38,147.45,148.52,150.82,152.84,154.54,155.97,157.43,158.85,160.28,161.57,162.69,164.09,165.43,166.76,168.23,169.38,170.26,171.10,171.70,172.72,173.87,175.01,175.74,176.39,176.71,177.54,178.54,178.69,179.09,180.03,181.24,182.44,183.92,185.79,186.75,185.80,186.14,187.88,186.75,186.72,187.89,186.99,186.77,187.46,187.42,187.95,189.67,191.69,191.62
e,e,e,e,e,e,e,e,e,e,e,e,e,e,e,e,e,e,e,e,e,e,e,e,e,e,e,e,e,e,e,e,e,e,e,e,e,e,e,e,e,e,e,e,e,e,e,e,e,e,e,e,e,e,e,e,e,e,e,e,e,e,e,e,e,e,e,e,e,e,e,e,e,e,e,e,e,e,e,e,e,0.00,0.72,1.29,2.20,3.88,5.62,7.24,9.03,10.93,10.61,10.91,12.52,16.71,20.51,21.17,22.11,24.08,25.75,27.29,28.44,29.38,30.78,28.04,25.94,29.78,31.74,30.68,26.06,27.88,32.30,27.81,28.93,35.06,38.76,39.23,39.95,41.05,42.35,45.05,48.56,51.03,51.16,51.07,51.97,53.87,55.60,56.14,56.00,56.18,56.73,57.31,58.89,60.85,62.72,63.30,63.58,64.08,65.13,66.47,67.76,68.80,69.59,70.46,71.48,72.16,72.70,73.72,75.59,76.93,77.26,77.41,77.30,77.25,78.22,78.55,78.91,79.53,80.75,81.64,82.19,83.00,84.33,85.77,87.32,89.02,90.53,90.31,89.42,90.98,92.73,93.02,91.41,92.16,94.37,97.10,99.53,100.14,102.13,104.64,107.06,108.98,110.89,112.48,113.89,115.07,116.50,117.84,119.10,119.95,120.94,122.41,123.86,125.37,126.87,128.71,130.50,131.57,132.41,133.47,134.67,136.40,138.93,141.65,143.68,144.37,144.77,145.48,147.67,150.11,151.95,152.62,153.94,155.76,157.23,158.54,159.69,160.84,162.10,163.28,164.50,166.09,167.49,168.08,168.72,169.37,170.08,171.09,172.08,172.67,173.26,173.91,174.72,175.56,176.15,176.91,177.89,178.82,180.20,182.05,183.81,184.04,183.23,183.93,185.36,184.31,184.15,185.24,184.73,183.84,184.25,184.72,185.99,187.81,189.44,189.18
e,e,e,e,e,e,e,e,e,e,e,e,e,e,e,e,e,e,e,e,e,e,e,e,e,e,e,e,e,e,e,e,e,e,e,e,e,e,e,e,e,e,e,e,e,e,e,e,e,e,e,e,e,e,e,e,e,e,e,e,e,e,e,e,e,e,e,e,e,e,e,e,e,e,e,e,e,e,e,e,e,e,e,e,0.74,1.20,2.55,4.14,5.80,7.18,7.44,8.10,9.58,12.80,16.34,17.34,20.18,22.19,23.49,24.80,26.12,27.57,28.90,24.27,22.11,29.40,30.48,25.79,22.52,27.17,30.69,25.30,28.59,33.18,36.26,37.00,37.75,38.84,40.31,43.07,46.06,48.09,48.70,48.80,50.17,52.09,53.52,53.83,53.66,53.78,54.45,55.96,57.73,59.36,60.19,60.74,61.22,61.97,62.72,64.16,65.54,66.48,67.31,68.26,69.24,70.19,70.84,72.22,74.25,74.43,74.55,74.86,74.82,75.67,76.49,76.88,77.27,77.86,78.69,79.14,79.56,80.30,81.71,83.33,84.91,86.67,88.38,88.19,86.63,87.00,89.78,90.19,88.87,89.64,92.49,98.47,101.02,101.89,103.71,105.51,107.08,108.28,109.68,111.17,112.24,113.01,114.64,116.16,116.98,117.50,118.74,120.02,121.47,123.47,125.64,127.40,128.52,129.35,130.38,131.66,133.65,136.22,138.33,140.14,141.37,141.92,142.50,144.22,146.64,148.82,150.03,150.49,151.75,153.75,155.49,156.58,157.72,158.88,159.97,160.89,162.22,163.96,165.46,165.91,166.65,167.52,168.19,168.94,169.54,169.94,170.49,171.29,172.20,172.93,173.72,174.67,175.61,176.81,178.46,180.42,181.37,181.27,180.71,181.75,182.73,181.78,181.66,182.60,182.51,181.28,181.58,182.20,183.82,185.92,186.84,186.37
e,e,e,e,e,e,e,e,e,e,e,e,e,e,e,e,e,e,e,e,e,e,e,e,e,e,e,e,e,e,e,e,e,e,e,e,e,e,e,e,e,e,e,e,e,e,e,e,e,e,e,e,e,e,e,e,e,e,e,e,e,e,e,e,e,e,e,e,e,e,e,e,e,e,e,e,e,e,e,e,e,e,e,e,e,e,0.66,1.32,2.79,4.16,4.64,5.83,7.29,9.60,11.76,13.39,16.43,19.45,21.34,22.66,23.89,25.18,26.12,21.71,19.85,24.26,23.17,18.45,19.57,27.58,28.49,21.80,28.87,32.95,34.04,34.68,35.75,37.29,38.83,40.61,42.97,44.68,45.80,46.71,48.50,50.28,51.50,51.51,51.21,51.56,52.95,54.88,56.48,57.32,57.81,58.49,59.21,59.90,60.27,61.73,63.29,64.16,65.06,66.02,66.97,67.72,68.88,71.20,72.59,71.75,71.43,72.34,72.85,74.11,74.60,75.12,75.59,76.09,76.51,76.89,77.38,78.25,79.68,81.25,82.60,84.38,86.25,86.03,84.73,83.59,83.77,84.88,86.80,90.07,93.63,98.56,100.64,101.84,103.16,104.04,105.31,106.58,108.23,109.50,110.05,110.83,112.62,114.08,114.50,115.54,117.01,118.05,120.22,122.77,124.20,125.01,125.79,126.68,128.44,131.01,133.41,135.29,136.90,138.11,138.81,139.63,140.97,143.07,145.28,146.92,147.62,148.16,150.06,152.28,153.47,154.50,155.69,156.85,157.81,158.70,160.20,162.30,163.38,163.79,164.74,165.67,166.46,167.29,168.03,168.37,168.80,169.30,169.90,170.60,171.38,172.36,173.48,175.10,176.86,178.49,178.72,178.55,178.26,179.78,180.10,179.54,179.43,180.15,180.34,179.10,179.21,179.85,181.59,183.81,183.81,183.31
e,e,e,e,e,e,e,e,e,e,e,e,e,e,e,e,e,e,e,e,e,e,e,e,e,e,e,e,e,e,e,e,e,e,e,e,e,e,e,e,e,e,e,e,e,e,e,e,e,e,e,e,e,e,e,e,e,e,e,e,e,e,e,e,e,e,e,e,e,e,e,e,e,e,e,e,e,e,e,e,e,e,e,e,e,e,e,0.08,0.59,1.30,2.18,3.58,5.31,6.95,8.01,9.14,10.45,12.74,16.30,20.32,21.81,22.90,23.30,19.96,14.55,14.48,14.74,15.94,20.48,27.35,22.03,19.17,27.82,30.73,31.60,32.67,34.28,36.03,37.55,38.83,40.13,41.69,43.25,45.06,46.91,48.30,49.27,49.05,48.68,49.85,51.88,53.59,54.33,54.94,55.61,56.51,57.64,58.00,58.35,59.82,60.98,61.85,62.85,63.77,64.48,65.11,66.97,68.95,69.16,68.83,68.42,69.93,71.45,72.15,72.47,73.02,73.71,73.92,74.24,74.70,75.32,76.52,77.99,79.22,80.31,82.04,84.10,84.10,83.01,81.80,80.66,82.13,86.87,91.46,94.68,97.24,98.50,99.58,100.89,102.04,103.47,105.25,106.72,107.14,107.45,108.68,111.06,111.57,112.39,114.02,114.88,116.57,118.99,120.88,121.64,122.17,122.95,124.73,127.58,130.27,131.85,133.54,135.07,135.71,136.26,137.39,139.75,142.03,143.82,144.63,145.23,146.43,148.75,150.36,151.41,152.25,153.44,154.75,155.73,156.86,158.99,160.84,161.15,161.69,162.68,163.77,164.79,165.72,166.53,166.97,167.35,167.63,168.14,168.70,169.25,170.11,171.77,173.50,175.14,176.18,176.14,175.82,175.95,177.56,177.97,177.38,177.33,177.93,178.04,177.22,177.15,178.13,180.36,181.29,180.77,180.57
e,e,e,e,e,e,e,e,e,e,e,e,e,e,e,e,e,e,e,e,e,e,e,e,e,e,e,e,e,e,e,e,e,e,e,e,e,e,e,e,e,e,e,e,e,e,e,e,e,e,e,e,e,e,e,e,e,e,e,e,e,e,e,e,e,e,e,e,e,e,e,e,e,e,e,e,e,e,e,e,e,e,e,e,e,e,e,e,e,0.07,0.66,1.39,2.74,4.00,4.89,5.89,6.74,7.70,8.80,11.16,15.21,17.75,18.55,14.69,9.87,8.88,11.29,18.17,23.28,23.22,17.51,17.89,23.53,27.04,29.36,31.30,33.05,34.78,36.14,37.18,38.20,39.83,41.54,43.43,44.81,45.67,46.33,46.23,46.38,48.61,50.80,51.34,51.89,52.67,53.64,54.95,55.97,56.05,56.77,58.04,58.89,59.66,60.66,61.34,61.89,62.70,64.77,65.28,63.33,64.08,65.98,68.42,69.73,69.96,70.32,71.11,71.90,71.76,71.98,72.52,73.43,74.86,76.12,77.13,78.17,80.06,82.20,81.91,81.08,80.51,80.06,80.42,85.62,89.81,93.11,95.05,96.28,97.91,99.06,100.33,102.18,103.95,104.20,104.53,104.96,106.95,108.50,109.14,110.95,111.94,112.79,114.53,116.69,118.27,119.14,119.53,120.83,123.49,126.25,128.19,130.02,132.05,132.54,132.98,133.82,135.96,138.57,140.71,141.88,142.50,142.99,144.37,146.48,148.39,149.40,149.86,151.18,152.67,153.69,155.37,157.58,158.88,158.98,159.66,160.87,162.10,163.04,164.02,164.98,165.28,165.53,165.81,166.43,167.05,167.49,168.44,170.22,171.85,172.92,173.63,173.31,173.07,173.62,175.22,175.91,175.20,175.17,175.28,175.34,175.15,175.29,176.80,178.64,178.72,178.03,178.38
e,e,e,e,e,e,e,e,e,e,e,e,e,e,e,e,e,e,e,e,e,e,e,e,e,e,e,e,e,e,e,e,e,e,e,e,e,e,e,e,e,e,e,e,e,e,e,e,e,e,e,e,e,e,e,e,e,e,e,e,e,e,e,e,e,e,e,e,e,e,e,e,e,e,e,e,e,e,e,e,e,e,e,e,e,e,e,e,e,e,e,0.33,0.55,1.32,1.84,2.77,3.62,4.54,5.45,6.30,7.14,8.06,9.27,9.15,9.02,9.06,11.30,19.77,22.62,18.68,13.81,17.75,21.97,25.34,28.21,30.30,32.12,33.36,34.22,35.35,36.41,37.98,40.00,41.63,42.14,42.69,43.28,43.31,44.81,47.34,48.87,49.14,49.65,50.73,52.04,53.55,54.00,54.10,55.03,56.23,57.02,57.67,58.40,58.74,59.20,60.46,62.51,62.02,60.08,62.70,65.54,66.97,67.38,67.53,68.01,69.08,69.70,69.59,69.77,70.42,71.72,73.02,74.04,75.09,76.77,78.78,80.16,79.82,80.01,80.00,79.63,79.02,83.35,88.20,91.38,92.84,94.85,96.38,97.46,98.83,101.07,101.68,101.33,101.75,102.80,104.54,106.10,107.82,108.97,109.63,110.92,112.63,114.44,115.95,116.98,117.74,119.66,122.33,124.61,126.62,128.69,129.97,129.84,130.26,131.93,134.68,137.29,138.84,139.79,140.36,140.75,142.01,144.24,146.41,147.12,147.59,149.36,150.55,151.90,154.03,156.02,156.76,156.92,157.95,159.31,160.42,161.33,162.66,163.45,163.44,163.68,164.04,164.70,165.35,165.69,166.96,168.59,169.84,170.34,171.10,170.44,170.59,171.38,172.92,173.78,173.06,173.08,173.10,173.08,173.09,173.57,175.36,176.88,176.27,175.58,176.57
e,e,e,e,e,e,e,e,e,e,e,e,e,e,e,e,e,e,e,e,e,e,e,e,e,e,e,e,e,e,e,e,e,e,e,e,e,e,e,e,e,e,e,e,e,e,e,e,e,e,e,e,e,e,e,e,e,e,e,e,e,e,e,e,e,e,e,e,e,e,e,e,e,e,e,e,e,e,e,e,e,e,e,e,e,e,e,e,e,e,e,e,e,0.20,0.72,0.61,1.00,1.48,2.34,3.12,3.92,4.70,5.47,5.88,6.35,7.26,8.35,13.38,16.43,12.13,10.95,17.40,22.19,24.50,26.66,28.96,30.67,31.40,32.04,33.22,34.51,36.28,38.25,39.35,39.59,39.94,40.35,41.04,43.49,45.67,46.89,47.20,47.83,49.14,50.68,52.10,51.93,52.25,53.30,54.33,54.96,55.63,56.02,56.14,57.16,58.65,59.40,58.95,60.24,62.75,64.06,64.77,64.92,65.06,65.63,66.66,67.17,67.29,67.50,68.44,69.89,71.00,72.08,73.52,75.54,77.50,78.26,77.50,77.75,76.79,76.74,79.32,82.74,86.22,88.95,91.50,93.60,94.58,95.61,97.50,99.26,99.12,98.71,99.41,101.06,102.98,104.83,105.97,106.88,107.84,109.22,110.84,112.50,113.91,115.26,117.08,119.13,121.10,123.25,125.52,127.06,127.48,127.44,128.24,130.55,133.41,135.65,136.59,137.40,138.01,138.37,139.92,142.43,144.40,144.63,145.90,147.47,148.54,150.55,152.73,154.18,154.55,155.01,156.28,157.58,158.47,160.03,161.58,161.79,161.61,161.84,162.28,162.93,163.56,163.91,165.36,166.83,167.51,167.96,168.40,168.03,168.28,169.10,170.83,171.71,170.94,171.06,171.21,171.20,171.21,172.07,174.08,174.64,173.72,173.38,174.66
e,e,e,e,e,e,e,e,e,e,e,e,e,e,e,e,e,e,e,e,e,e,e,e,e,e,e,e,e,e,e,e,e,e,e,e,e,e,e,e,e,e,e,e,e,e,e,e,e,e,e,e,e,e,e,e,e,e,e,e,e,e,e,e,e,e,e,e,e,e,e,e,e,e,e,e,e,e,e,e,e,e,e,e,e,e,e,e,e,e,e,e,e,e,e,e,e,e,0.27,0.99,0.90,1.57,2.20,2.69,3.30,4.46,5.59,7.14,8.84,9.27,9.59,13.10,18.87,21.70,23.49,25.38,27.26,28.49,29.45,30.99,32.63,34.53,36.44,37.30,37.46,37.74,38.21,39.65,42.09,43.62,44.86,45.29,46.21,47.75,49.30,50.23,49.89,50.51,51.48,52.31,52.59,53.27,53.35,54.08,55.79,56.07,55.93,57.78,59.82,60.76,61.98,62.40,62.51,62.60,63.28,64.28,64.77,64.97,65.28,66.57,68.06,69.14,70.44,72.12,74.24,76.13,76.34,75.34,74.22,74.37,79.32,81.86,84.14,86.48,88.52,90.19,91.62,92.27,93.60,95.84,96.96,96.92,96.72,98.13,100.01,101.84,103.09,104.00,104.96,106.41,107.97,109.49,111.07,112.64,114.50,116.44,118.25,120.01,122.25,124.11,124.65,124.99,125.62,127.63,129.92,132.35,133.29,134.03,134.86,135.60,136.77,139.06,141.31,142.08,142.50,144.27,145.39,147.18,149.41,151.19,152.16,152.34,153.00,154.44,155.70,156.69,158.62,160.03,159.97,159.80,159.94,160.40,161.10,161.75,162.22,163.74,164.69,165.13,165.49,165.61,165.65,166.05,167.14,168.91,169.31,168.55,168.79,168.95,169.01,169.10,170.92,172.76,172.20,171.12,171.38,172.68
e,e,e,e,e,e,e,e,e,e,e,e,e,e,e,e,e,e,e,e,e,e,e,e,e,e,e,e,e,e,e,e,e,e,e,e,e,e,e,e,e,e,e,e,e,e,e,e,e,e,e,e,e,e,e,e,e,e,e,e,e,e,e,e,e,e,e,e,e,e,e,e,e,e,e,e,e,e,e,e,e,e,e,e,e,e,e,e,e,e,e,e,e,e,e,e,e,e,e,e,e,e,0.22,0.68,1.03,1.79,2.79,4.05,5.89,6.91,7.07,7.97,9.10,12.54,16.48,19.72,22.25,23.81,25.34,27.85,30.83,32.78,34.62,35.21,35.39,35.73,36.95,38.60,40.24,41.73,43.01,43.37,44.26,45.81,46.97,47.65,47.85,48.76,49.56,50.13,50.19,50.89,51.03,52.96,53.71,53.25,54.45,57.02,57.81,58.79,59.91,60.09,60.19,60.24,60.91,61.93,62.25,62.46,63.22,64.72,66.27,67.49,68.91,70.74,73.01,74.65,74.34,73.29,71.98,72.97,78.58,81.84,84.02,85.89,87.19,88.14,88.72,89.66,92.09,93.75,94.58,94.85,95.33,97.03,98.72,100.10,101.17,102.09,103.53,105.42,107.06,108.60,110.16,111.80,113.06,114.88,117.11,119.26,121.14,121.84,122.25,122.94,124.84,127.07,129.15,130.51,130.74,131.50,132.43,133.72,135.85,138.01,139.13,139.43,140.84,142.32,143.65,145.92,148.03,149.29,149.93,150.17,151.00,152.65,153.72,155.02,156.97,158.02,157.91,157.80,157.93,158.25,159.06,159.57,160.44,161.75,162.45,162.88,163.05,163.12,163.26,163.81,165.31,167.06,166.94,166.23,166.22,166.24,166.25,167.01,169.70,170.94,169.69,168.44,169.59,170.60
e,e,e,e,e,e,e,e,e,e,e,e,e,e,e,e,e,e,e,e,e,e,e,e,e,e,e,e,e,e,e,e,e,e,e,e,e,e,e,e,e,e,e,e,e,e,e,e,e,e,e,e,e,e,e,e,e,e,e,e,e,e,e,e,e,e,e,e,e,e,e,e,e,e,e,e,e,e,e,e,e,e,e,e,e,e,e,e,e,e,e,e,e,e,e,e,e,e,e,e,e,e,e,e,e,0.30,0.71,1.25,2.22,3.36,3.91,4.75,5.45,6.28,7.17,8.53,11.19,14.12,18.64,22.94,27.35,31.15,32.80,33.01,33.27,34.05,35.53,37.05,38.59,40.10,41.18,41.44,42.18,43.55,44.37,45.04,46.02,46.92,47.15,47.36,48.06,48.48,49.53,51.18,51.24,51.71,54.03,55.27,55.84,57.02,57.97,58.16,58.14,58.19,58.96,59.69,59.78,60.07,61.36,62.94,64.56,66.18,67.98,69.77,71.94,72.91,72.21,71.40,70.21,72.99,78.27,81.27,83.13,84.34,85.34,85.82,86.43,88.43,90.28,91.45,92.41,92.92,93.87,95.40,96.99,98.31,99.34,100.43,102.33,104.38,106.07,107.49,108.85,109.99,110.81,112.93,115.39,117.89,119.12,119.37,120.21,121.97,124.06,125.86,127.24,127.86,128.22,129.39,130.77,132.61,134.86,136.38,136.38,136.57,138.71,140.14,142.19,144.58,146.26,147.06,147.60,148.01,149.33,150.95,151.69,153.32,155.29,155.94,155.84,155.74,155.83,156.10,156.62,157.22,158.60,159.44,160.24,160.66,160.70,160.81,160.94,161.65,163.52,165.02,164.51,163.84,163.56,163.53,163.54,164.59,167.27,168.12,166.81,166.05,167.48,168.19
e,e,e,e,e,e,e,e,e,e,e,e,e,e,e,e,e,e,e,e,e,e,e,e,e,e,e,e,e,e,e,e,e,e,e,e,e,e,e,e,e,e,e,e,e,e,e,e,e,e,e,e,e,e,e,e,e,e,e,e,e,e,e,e,e,e,e,e,e,e,e,e,e,e,e,e,e,e,e,e,e,e,e,e,e,e,e,e,e,e,e,e,e,e,e,e,e,e,e,e,e,e,e,e,e,e,e,e,0.40,0.57,1.23,1.59,2.12,2.68,3.31,4.11,4.74,5.94,7.76,11.49,19.54,27.64,30.26,30.75,31.53,32.49,33.90,35.45,37.04,38.54,39.19,39.36,40.05,41.11,41.85,42.97,44.33,44.41,44.44,45.10,46.25,46.88,48.08,49.13,49.21,51.17,52.72,53.15,53.88,55.06,56.08,56.24,56.16,56.41,57.36,57.77,57.74,58.48,60.13,62.04,63.91,65.60,67.01,68.36,69.79,70.88,70.00,69.35,69.81,73.67,77.52,80.26,81.31,82.35,83.18,83.35,84.95,87.02,88.40,89.19,90.55,91.40,92.51,93.79,95.28,96.60,97.78,99.66,101.85,103.40,104.62,105.85,107.14,108.05,109.25,111.41,114.04,116.30,116.77,117.14,118.78,120.67,122.21,123.81,124.70,125.08,126.06,127.80,129.57,131.65,133.68,133.73,133.36,133.74,135.73,138.24,141.16,143.11,143.79,144.67,145.37,146.23,147.77,148.94,149.80,151.82,153.65,153.91,153.79,153.69,153.75,153.99,154.41,155.60,156.59,157.20,157.98,158.57,158.59,158.54,158.63,159.80,162.05,162.74,162.00,161.53,161.22,160.99,160.96,161.56,163.87,163.69,163.48,163.70,165.23,165.77
e,e,e,e,e,e,e,e,e,e,e,e,e,e,e,e,e,e,e,e,e,e,e,e,e,e,e,e,e,e,e,e,e,e,e,e,e,e,e,e,e,e,e,e,e,e,e,e,e,e,e,e,e,e,e,e,e,e,e,e,e,e,e,e,e,e,e,e,e,e,e,e,e,e,e,e,e,e,e,e,e,e,e,e,e,e,e,e,e,e,e,e,e,e,e,e,e,e,e,e,e,e,e,e,e,e,e,e,e,e,e,0.22,0.80,1.24,0.74,0.77,1.30,1.99,3.40,5.63,9.16,20.27,25.53,27.85,29.86,30.97,32.29,33.87,35.52,36.80,36.91,36.91,37.59,38.44,39.82,41.34,42.54,41.85,42.04,43.61,44.45,45.58,46.83,47.58,47.40,49.47,50.57,51.11,51.92,53.09,54.13,54.16,54.14,54.80,55.64,55.87,56.32,58.12,59.93,61.28,62.50,64.10,65.52,67.01,68.55,68.72,67.47,66.98,69.99,73.52,76.60,78.41,79.30,80.36,80.77,81.61,83.75,85.42,86.54,87.42,88.73,90.01,91.20,92.44,93.74,95.37,97.33,99.23,100.67,101.91,103.07,104.21,105.40,106.59,108.32,110.38,112.93,114.14,114.34,115.29,117.07,118.72,120.24,121.58,121.87,122.44,124.21,126.32,128.46,130.69,131.78,131.03,130.32,131.14,133.79,136.95,139.79,140.66,141.14,142.34,143.29,144.38,145.68,146.84,148.68,150.68,151.85,151.87,151.74,151.63,151.66,151.84,152.65,153.82,154.25,154.86,155.72,156.56,156.53,156.33,156.56,158.25,160.13,160.50,159.52,159.33,159.14,158.84,158.85,158.89,160.53,159.83,160.57,161.44,163.03,163.44
e,e,e,e,e,e,e,e,e,e,e,e,e,e,e,e,e,e,e,e,e,e,e,e,e,e,e,e,e,e,e,e,e,e,e,e,e,e,e,e,e,e,e,e,e,e,e,e,e,e,e,e,e,e,e,e,e,e,e,e,e,e,e,e,e,e,e,e,e,e,e,e,e,e,e,e,e,e,e,e,e,e,e,e,e,e,e,e,e,e,e,e,e,e,e,e,e,e,e,e,e,e,e,e,e,e,e,e,e,e,e,e,e,e,e,e,e,e,1.09,2.37,5.64,11.74,21.60,24.85,27.07,29.00,30.66,32.33,34.07,34.44,34.28,34.37,35.06,36.41,38.10,39.72,40.27,39.51,40.70,42.06,43.08,44.42,45.74,45.69,45.68,47.38,48.80,49.39,49.95,51.19,52.33,52.01,52.20,53.27,53.79,54.12,55.45,57.09,58.50,59.49,61.20,62.75,64.56,66.25,66.44,65.69,64.92,66.07,69.64,72.64,75.38,76.37,77.52,78.09,78.59,80.77,82.55,83.80,84.57,85.58,86.87,88.20,89.81,91.32,93.00,94.89,96.77,98.09,99.19,100.34,101.52,102.67,103.92,105.61,107.55,109.74,111.52,111.60,112.10,113.76,115.65,117.19,118.58,119.20,118.92,120.05,122.19,124.43,126.74,128.63,128.99,128.40,127.96,129.78,132.67,135.65,137.45,137.85,138.70,140.30,141.49,142.62,143.74,145.20,147.13,149.04,149.87,149.76,149.59,149.46,149.38,149.70,150.97,151.74,151.78,152.28,153.18,154.33,154.31,154.11,154.67,156.34,158.00,158.33,157.47,157.29,157.22,157.01,157.04,156.91,157.83,157.34,158.26,159.38,160.93,161.48
e,e,e,e,e,e,e,e,e,e,e,e,e,e,e,e,e,e,e,e,e,e,e,e,e,e,e,e,e,e,e,e,e,e,e,e,e,e,e,e,e,e,e,e,e,e,e,e,e,e,e,e,e,e,e,e,e,e,e,e,e,e,e,e,e,e,e,e,e,e,e,e,e,e,e,e,e,e,e,e,e,e,e,e,e,e,e,e,e,e,e,e,e,e,e,e,e,e,e,e,e,e,e,e,e,e,e,e,e,e,e,e,e,e,e,e,e,e,e,0.48,2.87,6.76,14.58,22.11,24.54,26.77,28.94,31.03,32.47,31.85,31.39,31.83,33.17,34.96,36.79,37.91,37.93,37.59,39.19,40.59,41.91,43.46,44.21,43.78,43.92,45.78,47.33,47.80,48.01,49.51,50.25,49.93,50.58,51.67,52.04,52.83,54.03,55.49,56.83,58.43,60.12,62.00,63.89,64.07,63.55,62.95,63.65,66.19,68.92,71.88,73.61,74.53,75.55,75.89,77.60,79.61,81.05,82.03,82.50,83.41,84.81,86.23,88.37,90.70,92.57,94.31,95.60,96.71,97.79,98.85,100.03,101.31,102.78,104.57,106.61,108.44,109.29,109.18,110.76,112.71,114.22,115.55,117.00,117.45,116.88,118.24,120.38,122.50,124.57,125.44,125.55,125.48,126.76,129.22,131.91,134.05,134.61,135.23,136.66,138.26,139.69,140.89,142.03,143.26,144.92,146.75,147.57,147.39,147.10,146.91,146.80,147.48,148.97,149.56,149.36,149.70,150.72,152.30,152.03,151.83,152.63,154.31,155.70,155.69,155.35,155.29,155.30,155.16,155.18,154.78,154.92,155.12,156.25,157.63,158.56,159.67
e,e,e,e,e,e,e,e,e,e,e,e,e,e,e,e,e,e,e,e,e,e,e,e,e,e,e,e,e,e,e,e,e,e,e,e,e,e,e,e,e,e,e,e,e,e,e,e,e,e,e,e,e,e,e,e,e,e,e,e,e,e,e,e,e,e,e,e,e,e,e,e,e,e,e,e,e,e,e,e,e,e,e,e,e,e,e,e,e,e,e,e,e,e,e,e,e,e,e,e,e,e,e,e,e,e,e,e,e,e,e,e,e,e,e,e,e,e,e,e,1.07,3.62,7.73,17.73,22.67,25.00,27.34,29.41,30.34,29.54,28.84,30.03,31.93,33.82,35.25,36.01,35.78,35.94,37.56,39.22,40.91,42.40,42.30,41.87,42.41,44.38,45.72,45.90,46.59,48.06,48.50,48.24,49.14,49.97,50.74,51.72,52.89,54.05,55.66,57.39,59.11,61.20,62.04,60.99,60.73,61.19,63.90,66.70,69.12,70.78,71.51,72.85,73.34,74.49,76.55,78.31,79.44,80.09,80.43,81.10,82.53,84.83,87.60,90.14,91.93,92.90,94.03,95.18,96.20,97.23,98.52,99.89,101.36,103.09,104.59,105.86,106.68,107.75,109.78,111.31,112.44,113.58,115.28,115.74,115.20,116.63,118.63,120.56,122.00,122.19,122.47,124.11,126.48,128.73,130.65,131.38,131.82,133.16,134.80,136.39,137.83,139.07,140.30,141.50,143.02,144.57,145.20,144.94,144.59,144.29,144.22,145.35,147.00,147.34,147.10,147.34,149.00,150.37,149.90,149.65,150.56,152.16,153.25,153.09,152.99,153.18,153.33,153.29,153.30,152.72,152.53,153.16,154.48,155.63,156.39,158.56
e,e,e,e,e,e,e,e,e,e,e,e,e,e,e,e,e,e,e,e,e,e,e,e,e,e,e,e,e,e,e,e,e,e,e,e,e,e,e,e,e,e,e,e,e,e,e,e,e,e,e,e,e,e,e,e,e,e,e,e,e,e,e,e,e,e,e,e,e,e,e,e,e,e,e,e,e,e,e,e,e,e,e,e,e,e,e,e,e,e,e,e,e,e,e,e,e,e,e,e,e,e,e,e,e,e,e,e,e,e,e,e,e,e,e,e,e,e,e,e,e,1.50,4.93,10.10,20.30,23.36,25.66,27.09,27.51,27.23,27.04,28.90,30.84,32.23,33.49,34.00,33.67,34.36,36.03,37.73,39.30,40.62,40.16,40.00,41.47,43.52,43.79,44.02,45.29,46.45,46.94,46.65,47.70,48.33,49.44,50.53,51.61,52.91,54.78,56.56,58.29,59.92,60.30,59.00,58.97,61.63,64.30,66.34,67.41,68.28,69.76,70.90,71.59,73.41,75.42,76.98,77.80,78.18,78.40,79.09,80.83,84.03,87.04,89.05,90.22,91.23,92.53,93.39,94.44,95.49,96.65,98.02,99.60,100.90,102.37,103.41,104.70,106.61,108.31,109.55,110.33,111.45,113.54,114.01,113.44,114.44,116.26,117.83,118.96,119.52,121.31,123.69,126.02,127.68,128.50,128.47,129.44,131.38,133.03,134.57,135.92,137.18,138.60,139.72,141.17,142.54,142.81,142.39,142.01,141.63,141.65,143.14,144.96,145.01,144.87,145.50,147.14,148.22,147.83,147.68,148.59,150.13,150.75,150.63,150.76,151.06,151.36,151.41,151.50,150.81,150.38,151.37,152.62,153.25,154.97,156.10
e,e,e,e,e,e,e,e,e,e,e,e,e,e,e,e,e,e,e,e,e,e,e,e,e,e,e,e,e,e,e,e,e,e,e,e,e,e,e,e,e,e,e,e,e,e,e,e,e,e,e,e,e,e,e,e,e,e,e,e,e,e,e,e,e,e,e,e,e,e,e,e,e,e,e,e,e,e,e,e,e,e,e,e,e,e,e,e,e,e,e,e,e,e,e,e,e,e,e,e,e,e,e,e,e,e,e,e,e,e,e,e,e,e,e,e,e,e,e,e,e,0.30,2.41,6.23,13.38,21.71,23.72,24.22,24.42,24.56,25.55,27.40,29.15,30.50,31.77,31.96,31.78,32.84,34.48,35.29,35.79,36.73,37.17,39.77,41.07,41.77,41.78,42.50,43.70,44.73,45.27,45.07,46.17,46.59,47.79,48.97,50.18,51.97,53.91,55.74,57.28,58.19,58.13,57.23,58.50,61.31,63.04,64.22,64.89,66.56,68.02,68.73,70.12,72.06,74.27,75.42,76.04,76.29,76.86,78.42,80.48,83.56,86.09,87.08,87.97,89.66,90.76,91.55,92.59,93.46,94.79,96.59,97.82,99.08,100.41,101.65,103.39,105.14,106.29,107.26,108.01,109.76,112.10,112.24,111.62,112.03,113.57,114.75,116.04,118.47,121.17,123.37,124.68,125.56,125.89,125.79,127.39,129.51,131.28,132.71,133.97,135.32,136.89,138.12,139.41,140.38,140.44,139.83,139.39,139.05,139.43,141.50,143.06,142.72,142.78,143.41,144.76,146.00,145.77,145.78,146.90,147.97,148.32,148.38,148.62,149.14,149.43,149.56,149.59,148.86,148.37,149.56,150.29,151.48,153.37,152.18
e,e,e,e,e,e,e,e,e,e,e,e,e,e,e,e,e,e,e,e,e,e,e,e,e,e,e,e,e,e,e,e,e,e,e,e,e,e,e,e,e,e,e,e,e,e,e,e,e,e,e,e,e,e,e,e,e,e,e,e,e,e,e,e,e,e,e,e,e,e,e,e,e,e,e,e,e,e,e,e,e,e,e,e,e,e,e,e,e,e,e,e,e,e,e,e,e,e,e,e,e,e,e,e,e,e,e,e,e,e,e,e,e,e,e,e,e,e,e,e,e,e,0.82,3.71,7.66,16.82,21.19,21.48,21.77,22.35,23.80,25.61,27.32,28.80,29.93,29.89,29.89,31.14,32.79,32.02,31.83,33.75,36.73,38.45,38.90,39.43,39.98,41.05,41.86,43.21,43.65,43.66,44.35,44.84,46.07,47.47,49.34,51.27,53.08,54.60,55.50,55.52,55.39,55.22,57.05,59.50,60.97,61.58,63.36,64.80,65.82,67.14,69.04,71.49,72.94,73.72,74.24,74.81,76.51,78.50,80.79,83.23,84.10,84.88,85.86,87.52,88.64,89.75,90.59,91.51,93.38,95.13,96.22,97.71,98.99,100.31,102.03,102.80,103.89,105.08,106.78,108.97,110.60,110.31,109.88,109.88,110.64,112.02,114.59,117.68,120.31,121.75,122.41,123.18,123.13,123.29,125.17,127.30,129.31,130.76,132.03,133.53,135.16,136.53,137.72,138.22,138.09,137.41,136.77,136.52,138.17,140.33,140.88,140.45,140.75,141.30,142.42,143.72,143.68,143.90,145.01,145.53,145.92,146.22,146.77,147.47,147.67,147.72,147.46,146.80,146.64,147.69,148.32,149.71,150.15,149.26
e,e,e,e,e,e,e,e,e,e,e,e,e,e,e,e,e,e,e,e,e,e,e,e,e,e,e,e,e,e,e,e,e,e,e,e,e,e,e,e,e,e,e,e,e,e,e,e,e,e,e,e,e,e,e,e,e,e,e,e,e,e,e,e,e,e,e,e,e,e,e,e,e,e,e,e,e,e,e,e,e,e,e,e,e,e,e,e,e,e,e,e,e,e,e,e,e,e,e,e,e,e,e,e,e,e,e,e,e,e,e,e,e,e,e,e,e,e,e,e,e,e,e,1.58,5.01,9.31,15.10,17.81,19.51,20.55,22.00,23.79,25.57,27.23,28.10,27.72,27.81,29.86,30.74,29.77,30.91,33.95,35.92,36.63,37.07,37.54,38.39,39.31,40.17,41.98,41.92,42.22,42.43,43.23,44.87,46.81,48.71,50.37,51.70,53.02,52.94,52.84,52.88,54.30,56.63,58.36,58.83,60.27,61.87,63.28,65.09,67.02,68.60,70.07,71.11,72.03,72.66,74.23,76.19,78.12,80.04,81.22,81.77,82.53,83.66,85.34,86.34,87.22,87.98,90.03,92.22,93.48,94.94,96.42,97.67,98.83,99.75,100.40,102.02,103.90,105.69,107.33,108.30,108.17,107.73,107.69,108.58,110.72,113.72,116.65,118.31,119.35,120.08,120.77,120.44,120.93,122.88,124.91,126.90,128.53,130.12,131.92,133.60,134.94,135.72,136.09,135.64,134.90,134.20,134.57,136.57,138.09,138.32,138.10,138.67,139.17,139.95,141.48,141.62,142.05,142.54,142.78,143.23,144.07,144.95,145.74,145.91,145.78,145.23,144.66,144.84,145.73,146.22,146.67,146.38,147.41
e,e,e,e,e,e,e,e,e,e,e,e,e,e,e,e,e,e,e,e,e,e,e,e,e,e,e,e,e,e,e,e,e,e,e,e,e,e,e,e,e,e,e,e,e,e,e,e,e,e,e,e,e,e,e,e,e,e,e,e,e,e,e,e,e,e,e,e,e,e,e,e,e,e,e,e,e,e,e,e,e,e,e,e,e,e,e,e,e,e,e,e,e,e,e,e,e,e,e,e,e,e,e,e,e,e,e,e,e,e,e,e,e,e,e,e,e,e,e,e,e,e,e,0.78,2.46,6.13,10.11,13.84,16.58,18.22,20.18,22.04,23.78,25.73,26.10,25.55,26.73,28.67,28.53,29.32,31.50,33.36,34.13,34.80,35.22,35.81,36.93,37.66,38.81,40.48,40.22,40.75,40.77,42.41,44.45,46.30,47.97,49.09,50.16,50.93,50.24,50.31,51.68,54.14,56.00,56.59,57.46,59.22,61.22,63.13,64.60,65.96,67.20,68.31,69.55,70.56,71.86,73.70,75.53,77.22,78.40,78.96,79.48,80.16,81.57,83.00,83.70,84.44,85.85,88.72,90.75,92.09,93.71,95.06,96.31,97.19,97.48,98.83,100.78,102.17,103.72,105.28,105.78,105.75,105.55,105.84,108.11,110.63,113.27,115.11,116.25,117.17,117.93,118.53,118.29,118.72,120.53,122.57,124.72,126.86,128.98,130.74,132.10,133.17,133.53,133.82,132.84,131.89,131.54,132.76,134.49,135.13,135.45,135.82,136.54,137.19,138.39,139.52,139.56,140.20,139.86,139.95,140.91,142.02,142.95,143.98,143.91,143.77,143.13,142.62,143.01,143.75,143.63,143.57,144.74,147.88
e,e,e,e,e,e,e,e,e,e,e,e,e,e,e,e,e,e,e,e,e,e,e,e,e,e,e,e,e,e,e,e,e,e,e,e,e,e,e,e,e,e,e,e,e,e,e,e,e,e,e,e,e,e,e,e,e,e,e,e,e,e,e,e,e,e,e,e,e,e,e,e,e,e,e,e,e,e,e,e,e,e,e,e,e,e,e,e,e,e,e,e,e,e,e,e,e,e,e,e,e,e,e,e,e,e,e,e,e,e,e,e,e,e,e,e,e,e,e,e,e,e,e,e,0.82,3.17,6.66,10.93,13.55,15.86,18.17,20.02,21.98,24.16,24.13,23.74,25.50,26.13,26.97,29.34,30.69,31.41,32.14,32.93,33.35,34.42,35.42,36.33,37.81,39.04,38.78,38.80,40.05,41.99,43.94,45.68,46.61,47.13,47.65,48.07,47.90,49.64,51.44,53.57,54.42,55.40,57.10,58.87,60.53,61.68,63.00,64.36,65.68,66.91,68.12,69.40,71.10,72.80,74.38,75.77,76.39,76.84,77.30,78.05,79.59,80.60,81.16,81.95,83.92,86.59,89.06,91.14,92.43,93.71,94.98,95.17,95.57,97.36,98.90,100.20,101.84,103.13,103.27,103.24,103.25,104.78,107.61,110.25,111.88,113.07,114.14,115.03,115.81,116.31,116.24,116.92,119.03,121.53,123.96,126.14,127.73,129.13,130.44,131.16,131.29,131.60,130.81,129.08,129.26,130.78,131.91,132.25,132.78,133.65,134.59,135.81,137.07,137.37,137.51,138.43,137.76,137.70,139.11,140.04,141.44,142.24,141.84,141.95,141.03,140.67,141.19,141.65,141.25,141.91,144.53,147.44
e,e,e,e,e,e,e,e,e,e,e,e,e,e,e,e,e,e,e,e,e,e,e,e,e,e,e,e,e,e,e,e,e,e,e,e,e,e,e,e,e,e,e,e,e,e,e,e,e,e,e,e,e,e,e,e,e,e,e,e,e,e,e,e,e,e,e,e,e,e,e,e,e,e,e,e,e,e,e,e,e,e,e,e,e,e,e,e,e,e,e,e,e,e,e,e,e,e,e,e,e,e,e,e,e,e,e,e,e,e,e,e,e,e,e,e,e,e,e,e,e,e,e,e,e,0.87,3.02,7.96,11.75,13.99,16.20,18.33,20.73,22.64,21.89,22.30,23.51,24.13,26.48,28.17,28.99,29.54,30.38,31.12,31.84,33.12,33.94,35.37,36.84,37.09,36.81,37.38,39.26,41.43,43.43,44.66,44.23,43.96,44.36,44.96,46.81,49.50,51.20,52.19,53.29,54.96,56.69,58.10,58.95,59.93,61.48,63.01,64.35,65.60,66.91,68.45,70.00,71.59,73.11,73.83,74.21,74.69,75.14,76.16,77.80,78.61,78.89,79.81,82.29,85.20,87.93,89.72,91.02,92.41,93.30,93.06,93.82,95.65,97.22,98.62,100.08,100.76,100.80,100.87,101.28,103.47,106.08,108.27,109.75,110.95,112.04,112.96,113.64,114.07,114.59,116.58,119.00,121.26,123.01,124.35,125.92,127.21,128.43,129.08,129.07,129.02,128.29,126.88,127.16,128.49,129.26,129.63,130.72,131.91,133.27,134.58,135.05,135.06,135.68,136.72,136.05,136.18,137.35,138.52,140.01,140.29,139.82,140.09,139.25,138.57,139.25,139.45,139.25,141.11,143.56,146.41
e,e,e,e,e,e,e,e,e,e,e,e,e,e,e,e,e,e,e,e,e,e,e,e,e,e,e,e,e,e,e,e,e,e,e,e,e,e,e,e,e,e,e,e,e,e,e,e,e,e,e,e,e,e,e,e,e,e,e,e,e,e,e,e,e,e,e,e,e,e,e,e,e,e,e,e,e,e,e,e,e,e,e,e,e,e,e,e,e,e,e,e,e,e,e,e,e,e,e,e,e,e,e,e,e,e,e,e,e,e,e,e,e,e,e,e,e,e,e,e,e,e,e,e,e,e,0.88,4.97,10.16,12.71,15.16,17.48,19.25,20.70,20.16,20.49,21.48,23.52,25.59,26.86,27.50,28.26,28.84,29.36,30.61,31.65,32.84,34.54,35.08,34.97,35.30,37.09,39.15,41.14,42.61,42.88,42.09,41.39,41.80,43.56,45.58,47.78,49.81,51.18,52.89,54.60,55.97,56.89,57.49,58.80,60.47,61.90,63.12,64.44,66.03,67.63,69.04,70.41,71.57,71.67,71.92,72.36,72.91,74.48,76.15,76.74,77.13,78.77,81.53,84.39,86.31,87.91,89.31,90.91,91.22,91.00,92.25,93.92,95.30,97.05,98.42,98.75,98.81,98.98,99.71,101.82,104.15,106.28,107.80,108.93,110.02,110.85,111.45,112.08,113.54,115.98,118.35,119.81,120.72,122.16,123.88,125.06,126.36,127.00,126.74,125.79,124.81,124.24,124.89,125.95,126.86,127.61,129.19,130.70,132.10,132.69,132.66,132.80,134.01,135.00,134.37,134.51,135.63,137.03,138.28,138.31,137.91,138.32,137.83,136.80,137.26,137.42,137.78,139.63,142.22,145.13
e,e,e,e,e,e,e,e,e,e,e,e,e,e,e,e,e,e,e,e,e,e,e,e,e,e,e,e,e,e,e,e,e,e,e,e,e,e,e,e,e,e,e,e,e,e,e,e,e,e,e,e,e,e,e,e,e,e,e,e,e,e,e,e,e,e,e,e,e,e,e,e,e,e,e,e,e,e,e,e,e,e,e,e,e,e,e,e,e,e,e,e,e,e,e,e,e,e,e,e,e,e,e,e,e,e,e,e,e,e,e,e,e,e,e,e,e,e,e,e,e,e,e,e,e,e,e,3.03,8.50,11.90,13.94,15.31,16.66,18.14,18.30,18.53,20.79,22.93,24.43,25.41,26.21,26.83,27.34,28.08,29.20,30.36,32.09,33.12,32.90,33.26,34.97,37.04,38.73,39.57,40.88,41.27,40.24,39.59,41.27,43.48,45.54,47.47,49.27,51.07,52.62,53.79,54.82,55.52,56.65,58.14,59.47,60.75,62.09,63.66,65.22,66.53,67.75,68.91,69.58,69.59,69.59,69.87,71.05,73.13,74.52,74.97,76.12,78.44,80.88,82.64,84.28,85.81,87.28,88.86,88.96,88.84,90.65,91.77,92.42,94.84,96.71,97.07,97.12,97.40,98.55,100.14,102.26,104.37,105.94,107.17,108.20,108.90,109.73,110.68,112.34,114.90,116.95,117.82,118.66,120.44,121.72,122.63,124.25,124.83,124.16,122.41,121.42,121.78,122.66,123.58,124.52,125.95,127.65,129.25,130.32,130.35,130.30,130.83,132.58,133.23,132.58,132.85,134.03,135.45,136.57,136.45,136.05,136.53,136.45,135.19,135.23,135.49,136.74,138.62,140.77,143.05
e,e,e,e,e,e,e,e,e,e,e,e,e,e,e,e,e,e,e,e,e,e,e,e,e,e,e,e,e,e,e,e,e,e,e,e,e,e,e,e,e,e,e,e,e,e,e,e,e,e,e,e,e,e,e,e,e,e,e,e,e,e,e,e,e,e,e,e,e,e,e,e,e,e,e,e,e,e,e,e,e,e,e,e,e,e,e,e,e,e,e,e,e,e,e,e,e,e,e,e,e,e,e,e,e,e,e,e,e,e,e,e,e,e,e,e,e,e,e,e,e,e,e,e,e,e,e,1.53,6.36,10.50,11.29,12.62,13.81,15.13,16.29,18.21,20.09,21.73,23.20,23.99,24.93,25.34,25.93,26.98,28.21,29.79,31.10,31.07,31.14,32.95,35.01,36.58,36.86,37.59,38.92,39.26,38.34,39.11,41.29,43.49,45.64,47.55,49.10,50.29,51.40,52.60,53.50,54.56,55.93,57.25,58.46,59.75,61.31,62.87,63.48,64.55,65.98,67.13,67.60,67.70,67.56,68.68,70.56,72.17,72.71,73.39,75.33,77.54,79.06,80.54,82.22,83.66,85.27,86.46,86.68,87.28,88.52,89.19,90.52,93.12,95.13,95.36,95.44,96.11,97.57,99.12,100.99,102.69,104.09,105.46,106.38,107.06,108.00,109.12,111.11,113.77,115.08,115.81,116.75,118.31,119.31,120.61,122.51,122.53,122.24,120.46,119.02,119.78,120.63,121.48,122.54,124.19,126.00,127.42,128.25,128.27,127.91,129.30,131.29,131.41,130.89,131.22,132.52,133.95,134.79,134.59,134.18,134.63,134.99,133.63,133.32,133.92,135.55,137.35,138.99,140.54
e,e,e,e,e,e,e,e,e,e,e,e,e,e,e,e,e,e,e,e,e,e,e,e,e,e,e,e,e,e,e,e,e,e,e,e,e,e,e,e,e,e,e,e,e,e,e,e,e,e,e,e,e,e,e,e,e,e,e,e,e,e,e,e,e,e,e,e,e,e,e,e,e,e,e,e,e,e,e,e,e,e,e,e,e,e,e,e,e,e,e,e,e,e,e,e,e,e,e,e,e,e,e,e,e,e,e,e,e,e,e,e,e,e,e,e,e,e,e,e,e,e,e,e,e,e,e,1.19,4.34,7.67,8.74,10.43,12.03,14.22,16.22,17.38,19.02,20.92,21.85,22.84,23.45,23.86,24.78,26.18,27.64,28.79,28.96,29.47,31.03,33.06,34.49,34.44,34.44,35.10,35.97,36.40,37.36,39.94,41.82,43.74,45.73,47.24,48.11,49.05,50.39,51.49,52.44,53.72,54.98,56.27,57.52,58.81,60.22,61.20,61.33,62.10,63.80,65.30,65.70,65.85,66.31,68.03,69.47,70.45,71.07,72.26,74.28,75.75,76.94,78.56,80.11,81.57,82.97,83.81,84.48,85.50,86.65,88.93,90.75,92.51,93.54,93.60,93.82,95.09,96.63,98.19,99.60,100.78,102.25,103.67,104.47,105.21,106.44,108.57,110.76,112.16,112.95,113.64,114.62,116.00,117.44,119.09,120.36,120.28,120.04,119.06,117.30,117.90,118.71,119.57,120.61,122.31,124.23,125.50,126.31,126.24,125.83,127.48,129.26,129.27,129.01,129.55,131.06,132.44,132.98,132.73,132.26,132.58,133.41,132.01,131.61,132.62,134.24,135.81,136.97,137.97
e,e,e,e,e,e,e,e,e,e,e,e,e,e,e,e,e,e,e,e,e,e,e,e,e,e,e,e,e,e,e,e,e,e,e,e,e,e,e,e,e,e,e,e,e,e,e,e,e,e,e,e,e,e,e,e,e,e,e,e,e,e,e,e,e,e,e,e,e,e,e,e,e,e,e,e,e,e,e,e,e,e,e,e,e,e,e,e,e,e,e,e,e,e,e,e,e,e,e,e,e,e,e,e,e,e,e,e,e,e,e,e,e,e,e,e,e,e,e,e,e,e,e,e,e,e,e,0.59,1.97,4.43,6.89,9.35,12.46,13.74,14.71,16.35,17.82,19.31,20.61,21.59,21.90,22.74,24.09,25.38,26.53,27.40,26.77,28.71,31.04,32.57,32.32,31.81,32.27,32.93,33.89,35.73,38.88,41.04,42.53,44.19,45.27,45.99,46.86,48.19,49.44,50.43,51.45,52.76,53.85,55.23,56.55,57.65,58.46,59.03,59.24,59.95,61.86,63.52,63.85,64.12,65.27,66.77,67.93,68.72,69.65,71.11,72.39,73.59,75.22,76.80,78.30,79.52,80.68,81.73,82.68,84.08,86.40,88.56,89.74,90.91,91.73,91.76,92.47,94.06,95.67,96.95,97.90,99.09,100.72,101.76,102.51,103.65,105.79,107.71,108.98,109.89,110.99,111.54,112.75,114.43,115.93,117.10,117.96,117.84,117.55,116.73,115.41,116.06,116.97,117.84,118.89,120.83,122.27,123.40,124.31,124.15,123.72,124.98,126.73,127.04,126.99,128.01,129.54,130.88,131.14,130.87,130.32,130.48,131.87,130.59,129.90,131.25,132.75,133.32,133.99,134.62
e,e,e,e,e,e,e,e,e,e,e,e,e,e,e,e,e,e,e,e,e,e,e,e,e,e,e,e,e,e,e,e,e,e,e,e,e,e,e,e,e,e,e,e,e,e,e,e,e,e,e,e,e,e,e,e,e,e,e,e,e,e,e,e,e,e,e,e,e,e,e,e,e,e,e,e,e,e,e,e,e,e,e,e,e,e,e,e,e,e,e,e,e,e,e,e,e,e,e,e,e,e,e,e,e,e,e,e,e,e,e,e,e,e,e,e,e,e,e,e,e,e,e,e,e,e,e,0.15,1.40,4.16,7.45,9.80,10.92,11.96,13.52,14.44,15.73,17.62,19.36,19.91,20.71,21.89,22.91,24.03,25.26,25.69,25.19,27.35,29.69,31.17,30.40,29.68,30.66,32.31,34.09,36.30,38.80,41.02,42.50,43.24,43.88,44.70,45.99,47.38,48.35,49.15,50.23,51.45,52.54,54.12,55.25,56.03,56.70,57.08,57.83,59.09,60.56,61.81,62.12,62.75,64.08,65.43,66.22,67.09,68.02,69.19,70.13,72.03,73.79,75.37,76.64,77.78,79.01,80.18,81.61,83.81,85.98,87.23,88.10,88.95,89.66,90.04,91.38,93.03,94.23,95.25,96.25,97.58,98.96,99.71,100.81,102.59,104.16,105.69,106.97,108.00,108.89,109.45,111.40,112.88,113.92,115.00,115.58,115.37,115.09,114.31,113.56,114.35,115.22,116.22,117.72,119.14,120.02,121.45,122.24,122.22,121.60,122.63,124.27,124.82,125.05,126.30,127.72,129.02,129.15,128.75,128.10,128.54,130.16,129.97,127.91,129.19,130.58,130.09,130.89,130.92
e,e,e,e,e,e,e,e,e,e,e,e,e,e,e,e,e,e,e,e,e,e,e,e,e,e,e,e,e,e,e,e,e,e,e,e,e,e,e,e,e,e,e,e,e,e,e,e,e,e,e,e,e,e,e,e,e,e,e,e,e,e,e,e,e,e,e,e,e,e,e,e,e,e,e,e,e,e,e,e,e,e,e,e,e,e,e,e,e,e,e,e,e,e,e,e,e,e,e,e,e,e,e,e,e,e,e,e,e,e,e,e,e,e,e,e,e,e,e,e,e,e,e,e,e,e,e,0.00,1.25,3.77,6.59,8.01,8.99,10.88,10.92,12.41,14.48,16.45,17.49,18.09,19.49,20.53,21.41,22.61,23.98,23.79,23.68,25.95,28.30,29.14,28.54,28.30,29.98,32.42,34.63,36.79,38.80,40.34,41.16,41.67,42.49,43.79,45.24,46.31,46.97,47.79,48.82,49.94,51.67,52.88,53.59,54.33,54.88,55.87,57.37,58.60,59.45,60.16,60.72,61.57,62.91,63.84,64.40,65.29,66.20,67.28,68.83,70.70,72.41,73.77,74.92,76.07,77.23,79.02,81.36,83.48,84.70,85.58,86.38,87.01,87.56,88.47,90.33,91.56,92.30,93.37,94.55,95.68,96.90,97.82,99.42,100.73,101.44,103.34,104.99,106.07,106.56,107.78,109.80,110.91,112.01,113.00,113.30,113.17,112.87,112.02,111.87,112.72,113.58,114.86,116.34,117.20,118.28,119.57,119.97,120.26,119.44,120.46,122.16,122.72,123.10,124.18,125.52,126.80,126.94,126.44,126.00,127.07,128.29,127.93,126.10,126.76,127.76,126.49,125.50,124.37
e,e,e,e,e,e,e,e,e,e,e,e,e,e,e,e,e,e,e,e,e,e,e,e,e,e,e,e,e,e,e,e,e,e,e,e,e,e,e,e,e,e,e,e,e,e,e,e,e,e,e,e,e,e,e,e,e,e,e,e,e,e,e,e,e,e,e,e,e,e,e,e,e,e,e,e,e,e,e,e,e,e,e,e,e,e,e,e,e,e,e,e,e,e,e,e,e,e,e,e,e,e,e,e,e,e,e,e,e,e,e,e,e,e,e,e,e,e,e,e,e,e,e,e,e,e,e,e,0.71,1.62,3.59,4.88,7.22,8.59,9.06,11.47,13.51,14.77,15.48,16.61,17.92,18.95,20.00,21.55,22.55,21.85,22.27,24.48,25.36,25.39,25.81,28.47,30.87,32.93,34.99,36.80,38.03,39.09,39.59,40.25,41.61,43.11,44.25,44.86,45.53,46.49,47.58,49.04,50.49,51.17,51.91,52.76,54.08,55.50,56.94,57.81,58.38,58.89,59.45,60.37,61.54,61.94,62.43,63.37,64.57,66.27,68.08,69.58,70.91,72.09,73.23,74.38,76.14,78.94,80.98,82.13,83.02,83.83,84.38,84.98,85.63,87.03,88.48,89.41,90.44,91.80,92.99,93.93,94.90,96.12,97.53,98.35,99.94,101.94,103.05,103.99,104.39,106.16,107.78,109.02,110.09,110.82,110.92,111.02,110.59,109.74,110.22,111.06,112.05,113.53,114.50,115.30,116.76,117.28,117.44,117.66,117.20,118.57,120.12,120.74,121.22,122.04,123.31,124.56,124.69,124.18,124.06,125.41,125.81,124.79,123.71,124.03,124.96,123.71,120.63,118.84
e,e,e,e,e,e,e,e,e,e,e,e,e,e,e,e,e,e,e,e,e,e,e,e,e,e,e,e,e,e,e,e,e,e,e,e,e,e,e,e,e,e,e,e,e,e,e,e,e,e,e,e,e,e,e,e,e,e,e,e,e,e,e,e,e,e,e,e,e,e,e,e,e,e,e,e,e,e,e,e,e,e,e,e,e,e,e,e,e,e,e,e,e,e,e,e,e,e,e,e,e,e,e,e,e,e,e,e,e,e,e,e,e,e,e,e,e,e,e,e,e,e,e,e,e,e,e,e,e,0.32,0.95,2.66,5.12,5.87,7.29,10.56,12.01,12.84,13.83,15.06,16.35,17.46,18.95,20.49,20.55,19.77,20.68,21.82,21.14,22.82,26.24,29.81,31.82,33.19,34.32,35.39,36.34,37.25,37.89,39.45,41.11,42.26,42.80,43.36,44.13,45.21,46.53,47.77,48.75,49.58,50.72,52.40,53.99,55.25,56.09,56.60,57.10,57.59,58.11,58.95,59.79,59.97,60.56,61.87,63.78,65.73,67.28,68.50,69.62,70.69,71.73,73.02,75.31,77.76,79.30,80.44,81.34,82.02,82.41,83.00,83.78,85.06,86.36,87.32,88.79,90.35,91.47,92.38,93.11,94.13,95.35,96.81,98.65,100.05,101.11,101.76,102.59,104.39,105.76,106.88,107.96,108.48,108.59,108.81,108.48,107.82,108.50,109.30,110.67,111.83,112.50,113.70,114.97,114.83,114.77,114.88,115.29,116.85,118.23,118.85,119.33,119.88,120.87,122.40,122.35,121.91,122.33,123.56,123.36,122.18,121.43,121.56,122.30,121.62,118.37,116.79
e,e,e,e,e,e,e,e,e,e,e,e,e,e,e,e,e,e,e,e,e,e,e,e,e,e,e,e,e,e,e,e,e,e,e,e,e,e,e,e,e,e,e,e,e,e,e,e,e,e,e,e,e,e,e,e,e,e,e,e,e,e,e,e,e,e,e,e,e,e,e,e,e,e,e,e,e,e,e,e,e,e,e,e,e,e,e,e,e,e,e,e,e,e,e,e,e,e,e,e,e,e,e,e,e,e,e,e,e,e,e,e,e,e,e,e,e,e,e,e,e,e,e,e,e,e,e,e,e,e,e,1.18,2.63,3.16,5.48,8.28,9.99,11.23,12.46,13.64,14.87,16.25,17.46,17.79,17.33,16.50,17.17,18.29,19.62,23.21,26.94,29.44,30.18,31.39,32.74,33.73,34.60,35.54,37.03,38.72,40.08,40.77,41.29,41.98,42.93,44.02,45.27,46.44,47.71,49.25,50.76,52.40,53.70,54.23,54.81,55.29,55.80,56.28,56.77,57.53,58.10,58.33,59.55,61.39,63.38,64.98,66.10,67.10,68.04,69.06,70.19,72.13,74.31,76.05,77.42,78.62,79.64,80.09,80.45,81.21,82.03,83.03,84.22,85.52,87.14,88.68,89.82,90.57,91.22,92.34,93.67,95.43,97.02,98.19,99.20,99.58,101.00,102.58,103.81,104.96,105.89,106.15,106.33,106.68,106.43,106.01,106.74,107.83,109.16,109.79,110.67,112.19,112.66,112.27,112.35,112.50,113.42,115.05,116.34,116.87,117.31,117.83,118.96,120.41,120.00,119.59,120.52,121.56,121.06,119.66,119.25,119.19,119.57,118.66,115.96,114.94
e,e,e,e,e,e,e,e,e,e,e,e,e,e,e,e,e,e,e,e,e,e,e,e,e,e,e,e,e,e,e,e,e,e,e,e,e,e,e,e,e,e,e,e,e,e,e,e,e,e,e,e,e,e,e,e,e,e,e,e,e,e,e,e,e,e,e,e,e,e,e,e,e,e,e,e,e,e,e,e,e,e,e,e,e,e,e,e,e,e,e,e,e,e,e,e,e,e,e,e,e,e,e,e,e,e,e,e,e,e,e,e,e,e,e,e,e,e,e,e,e,e,e,e,e,e,e,e,e,e,e,0.56,0.57,1.00,2.45,4.82,7.15,9.69,11.11,12.30,13.61,14.39,14.55,13.66,13.79,13.45,15.94,18.54,20.59,23.12,25.02,26.65,28.16,29.69,31.16,32.11,33.06,34.28,35.78,37.34,38.40,39.12,39.78,40.74,41.94,43.31,44.84,46.42,48.08,49.64,50.89,52.01,52.49,52.76,53.48,53.98,54.49,54.97,55.45,56.10,56.57,57.75,59.51,61.32,62.72,63.74,64.57,65.41,66.34,67.58,69.17,71.04,72.66,74.11,75.56,76.78,77.55,77.94,78.52,79.52,80.33,81.03,82.27,83.86,85.42,86.69,87.56,88.32,89.40,90.78,92.31,93.98,95.28,96.41,97.33,97.74,99.34,100.81,101.94,103.04,103.64,103.86,104.08,104.50,104.36,104.22,105.08,106.38,107.15,107.64,108.95,110.27,110.13,109.85,110.03,110.52,111.59,113.25,114.23,114.77,115.27,115.89,117.05,117.91,117.92,117.56,118.56,119.48,119.41,117.82,116.68,116.49,115.95,114.69,113.16,113.15
e,e,e,e,e,e,e,e,e,e,e,e,e,e,e,e,e,e,e,e,e,e,e,e,e,e,e,e,e,e,e,e,e,e,e,e,e,e,e,e,e,e,e,e,e,e,e,e,e,e,e,e,e,e,e,e,e,e,e,e,e,e,e,e,e,e,e,e,e,e,e,e,e,e,e,e,e,e,e,e,e,e,e,e,e,e,e,e,e,e,e,e,e,e,e,e,e,e,e,e,e,e,e,e,e,e,e,e,e,e,e,e,e,e,e,e,e,e,e,e,e,e,e,e,e,e,e,e,e,e,e,e,e,e,0.51,1.88,4.58,7.77,9.53,10.99,11.80,11.55,11.38,9.15,10.13,12.52,19.03,20.66,21.79,23.57,25.19,26.68,27.88,28.97,29.83,30.81,31.97,33.11,34.39,35.80,36.66,37.56,38.74,40.39,42.00,43.61,45.21,46.69,47.98,48.86,49.58,50.31,50.92,51.31,52.14,52.70,53.19,53.66,54.15,54.69,55.72,57.44,58.98,60.27,61.36,62.22,62.83,63.78,65.21,66.90,68.38,69.39,70.62,72.36,73.80,74.88,75.40,75.84,76.67,77.73,78.56,79.23,80.57,82.18,83.50,84.42,85.20,86.14,87.62,89.29,90.93,92.29,93.44,94.64,95.39,96.01,97.55,98.90,100.06,101.03,101.43,101.70,101.83,102.31,102.38,102.49,103.53,104.62,104.94,105.78,107.43,108.04,108.04,107.87,108.09,108.70,109.89,111.60,111.90,112.41,113.09,113.86,114.37,114.97,115.55,115.78,116.75,117.83,118.12,116.97,115.14,113.55,112.19,110.82,110.66,111.50
e,e,e,e,e,e,e,e,e,e,e,e,e,e,e,e,e,e,e,e,e,e,e,e,e,e,e,e,e,e,e,e,e,e,e,e,e,e,e,e,e,e,e,e,e,e,e,e,e,e,e,e,e,e,e,e,e,e,e,e,e,e,e,e,e,e,e,e,e,e,e,e,e,e,e,e,e,e,e,e,e,e,e,e,e,e,e,e,e,e,e,e,e,e,e,e,e,e,e,e,e,e,e,e,e,e,e,e,e,e,e,e,e,e,e,e,e,e,e,e,e,e,e,e,e,e,e,e,e,e,e,e,e,e,e,0.82,3.10,5.19,6.79,8.45,8.91,7.16,8.14,8.02,10.72,16.80,20.53,21.74,22.96,24.11,25.23,26.36,27.38,28.20,28.92,29.78,30.97,32.13,33.32,34.63,35.94,37.40,39.09,40.71,42.23,43.38,44.57,46.08,46.96,47.34,48.00,48.68,49.31,49.90,50.81,51.40,51.89,52.39,52.89,53.69,55.24,56.68,57.80,58.80,59.91,60.47,61.25,62.95,64.67,65.94,66.61,67.47,69.16,70.84,72.07,72.79,73.28,73.86,74.84,75.84,76.75,77.68,79.05,80.32,81.33,82.08,82.93,84.04,85.70,87.36,89.06,90.42,91.61,92.91,93.36,94.21,95.69,97.02,98.30,98.98,99.31,99.55,99.56,100.17,100.40,100.80,101.97,102.42,102.61,104.29,105.50,105.68,105.84,105.93,106.25,107.11,108.71,109.64,109.56,110.27,111.10,112.06,112.61,113.00,113.41,113.95,115.07,116.21,116.70,115.94,114.34,112.48,110.64,108.55,108.46,109.73
e,e,e,e,e,e,e,e,e,e,e,e,e,e,e,e,e,e,e,e,e,e,e,e,e,e,e,e,e,e,e,e,e,e,e,e,e,e,e,e,e,e,e,e,e,e,e,e,e,e,e,e,e,e,e,e,e,e,e,e,e,e,e,e,e,e,e,e,e,e,e,e,e,e,e,e,e,e,e,e,e,e,e,e,e,e,e,e,e,e,e,e,e,e,e,e,e,e,e,e,e,e,e,e,e,e,e,e,e,e,e,e,e,e,e,e,e,e,e,e,e,e,e,e,e,e,e,e,e,e,e,e,e,e,e,0.55,1.37,1.74,3.73,5.40,5.34,5.08,7.33,9.55,12.17,16.23,19.30,21.09,22.49,23.68,24.83,25.78,26.56,27.31,28.04,29.03,30.36,31.63,33.13,34.68,36.15,37.64,38.80,39.87,41.04,42.01,43.66,45.04,45.27,45.81,46.52,47.22,47.90,48.53,49.47,50.15,50.72,51.19,51.84,53.17,54.34,55.22,56.13,57.11,58.03,58.60,60.53,62.47,63.34,63.80,64.52,66.03,67.67,69.08,70.18,70.58,71.14,72.00,73.01,73.98,74.96,76.12,77.30,78.43,79.19,79.93,80.78,81.89,83.53,85.27,87.10,88.64,89.97,91.19,91.38,92.45,93.88,95.44,96.48,96.91,97.22,97.34,97.33,97.84,98.02,98.95,100.17,100.09,100.92,102.96,102.94,102.98,103.30,103.96,104.50,106.04,107.63,107.49,107.48,108.55,109.34,110.21,110.97,111.44,111.79,112.17,113.28,114.50,115.28,114.62,113.56,111.79,109.79,107.22,106.22,107.41
e,e,e,e,e,e,e,e,e,e,e,e,e,e,e,e,e,e,e,e,e,e,e,e,e,e,e,e,e,e,e,e,e,e,e,e,e,e,e,e,e,e,e,e,e,e,e,e,e,e,e,e,e,e,e,e,e,e,e,e,e,e,e,e,e,e,e,e,e,e,e,e,e,e,e,e,e,e,e,e,e,e,e,e,e,e,e,e,e,e,e,e,e,e,e,e,e,e,e,e,e,e,e,e,e,e,e,e,e,e,e,e,e,e,e,e,e,e,e,e,e,e,e,e,e,e,e,e,e,e,e,e,e,e,e,e,e,0.43,1.14,2.38,3.25,5.93,9.18,12.06,14.21,16.59,18.98,20.86,22.19,23.30,24.15,24.93,25.71,26.42,27.38,28.68,30.05,31.65,33.27,34.66,35.64,36.40,37.08,38.16,39.81,41.59,43.15,43.28,43.52,44.23,45.03,45.76,46.46,47.16,48.04,48.81,49.37,49.89,51.02,52.10,52.91,53.68,54.49,55.42,56.31,57.99,59.95,60.95,60.85,61.55,62.84,64.19,65.64,67.12,68.05,68.33,69.27,70.52,71.55,72.47,73.28,74.41,75.56,76.54,77.28,78.05,78.86,79.84,81.46,83.31,85.16,86.87,88.13,88.77,89.23,90.59,92.05,93.72,94.27,94.71,95.04,95.13,95.05,95.23,95.81,97.01,97.65,98.86,100.71,101.33,100.58,100.28,101.34,102.09,102.97,105.06,105.86,105.27,105.78,106.98,107.40,108.02,108.97,109.71,109.89,110.33,111.59,113.07,113.91,113.15,112.31,111.18,108.72,105.65,104.18,105.17
e,e,e,e,e,e,e,e,e,e,e,e,e,e,e,e,e,e,e,e,e,e,e,e,e,e,e,e,e,e,e,e,e,e,e,e,e,e,e,e,e,e,e,e,e,e,e,e,e,e,e,e,e,e,e,e,e,e,e,e,e,e,e,e,e,e,e,e,e,e,e,e,e,e,e,e,e,e,e,e,e,e,e,e,e,e,e,e,e,e,e,e,e,e,e,e,e,e,e,e,e,e,e,e,e,e,e,e,e,e,e,e,e,e,e,e,e,e,e,e,e,e,e,e,e,e,e,e,e,e,e,e,e,e,e,e,e,e,0.30,0.93,3.68,6.84,9.85,12.28,14.47,16.62,18.77,20.64,21.71,22.53,23.32,24.09,24.79,25.71,27.03,28.37,29.83,31.64,32.61,33.22,33.87,34.83,36.51,38.65,40.25,41.18,41.37,41.44,41.76,42.51,43.33,44.16,44.97,45.75,46.59,47.37,47.82,48.69,49.84,50.69,51.46,52.21,52.98,53.86,55.42,57.27,58.46,58.94,58.40,59.57,61.17,61.47,62.93,65.01,65.82,66.41,67.77,69.11,70.10,70.79,71.57,72.67,73.78,74.65,75.44,76.24,77.07,78.27,79.70,81.50,83.37,85.02,85.81,86.43,87.69,88.90,90.56,91.85,91.84,92.34,92.79,92.84,92.71,92.94,93.77,94.74,96.12,98.55,99.19,99.11,98.66,98.19,99.50,100.23,101.73,104.01,103.24,102.95,104.22,104.99,104.97,105.31,105.87,106.58,107.00,108.13,110.29,111.81,112.45,111.67,110.68,109.30,106.81,104.09,102.20,103.35
e,e,e,e,e,e,e,e,e,e,e,e,e,e,e,e,e,e,e,e,e,e,e,e,e,e,e,e,e,e,e,e,e,e,e,e,e,e,e,e,e,e,e,e,e,e,e,e,e,e,e,e,e,e,e,e,e,e,e,e,e,e,e,e,e,e,e,e,e,e,e,e,e,e,e,e,e,e,e,e,e,e,e,e,e,e,e,e,e,e,e,e,e,e,e,e,e,e,e,e,e,e,e,e,e,e,e,e,e,e,e,e,e,e,e,e,e,e,e,e,e,e,e,e,e,e,e,e,e,e,e,e,e,e,e,e,e,e,e,1.04,4.14,7.11,9.39,11.36,13.21,15.41,17.66,19.76,20.88,21.68,22.47,23.19,24.08,25.39,26.74,28.13,29.46,30.43,30.73,31.55,33.00,34.96,36.94,38.43,39.20,39.39,39.48,39.71,40.05,40.77,41.62,42.50,43.40,44.26,45.18,45.88,46.42,47.54,48.67,49.41,50.02,50.73,51.56,52.91,54.58,55.86,56.53,56.90,56.83,58.14,58.88,59.34,61.53,63.09,63.66,64.79,66.28,67.49,68.30,68.99,69.88,70.93,71.94,72.78,73.62,74.42,75.40,76.87,78.34,80.07,81.78,82.83,83.65,84.96,86.29,87.37,89.26,89.61,89.39,90.08,90.53,90.60,90.43,91.11,92.09,93.06,95.34,96.82,97.17,96.86,96.43,96.54,97.52,98.69,101.01,102.39,100.62,101.12,102.80,102.76,102.52,102.21,102.68,103.58,105.38,107.79,109.82,110.27,110.23,109.72,107.97,105.56,102.70,101.19,100.26,102.06
e,e,e,e,e,e,e,e,e,e,e,e,e,e,e,e,e,e,e,e,e,e,e,e,e,e,e,e,e,e,e,e,e,e,e,e,e,e,e,e,e,e,e,e,e,e,e,e,e,e,e,e,e,e,e,e,e,e,e,e,e,e,e,e,e,e,e,e,e,e,e,e,e,e,e,e,e,e,e,e,e,e,e,e,e,e,e,e,e,e,e,e,e,e,e,e,e,e,e,e,e,e,e,e,e,e,e,e,e,e,e,e,e,e,e,e,e,e,e,e,e,e,e,e,e,e,e,e,e,e,e,e,e,e,e,e,e,e,e,1.55,4.05,5.98,7.93,9.82,11.80,13.97,16.10,18.32,19.97,20.86,21.60,22.44,23.74,24.93,25.97,27.03,27.96,28.68,29.65,31.40,33.28,34.87,36.29,37.18,37.80,37.96,38.08,38.29,38.68,39.38,40.14,41.05,41.90,42.66,43.73,44.36,45.20,46.43,47.58,48.25,48.70,49.15,50.44,51.98,53.27,54.16,54.58,54.95,55.63,56.74,57.04,58.38,60.09,61.05,61.79,63.17,64.76,65.67,66.36,67.14,67.92,68.88,70.08,70.99,71.81,72.63,73.91,75.49,77.02,78.48,79.63,80.80,82.27,83.67,84.55,85.88,87.26,87.11,87.00,87.63,88.26,88.44,88.37,89.44,90.52,92.11,93.31,94.50,94.95,94.58,94.25,94.82,96.05,98.11,100.41,100.86,98.78,99.70,101.26,100.54,99.95,99.56,100.43,102.88,105.67,107.83,108.57,108.56,108.07,107.05,105.00,102.17,99.54,98.17,98.91,101.13
e,e,e,e,e,e,e,e,e,e,e,e,e,e,e,e,e,e,e,e,e,e,e,e,e,e,e,e,e,e,e,e,e,e,e,e,e,e,e,e,e,e,e,e,e,e,e,e,e,e,e,e,e,e,e,e,e,e,e,e,e,e,e,e,e,e,e,e,e,e,e,e,e,e,e,e,e,e,e,e,e,e,e,e,e,e,e,e,e,e,e,e,e,e,e,e,e,e,e,e,e,e,e,e,e,e,e,e,e,e,e,e,e,e,e,e,e,e,e,e,e,e,e,e,e,e,e,e,e,e,e,e,e,e,e,e,e,e,e,0.54,1.83,3.67,5.96,8.08,10.22,12.25,14.53,16.83,18.63,19.89,20.77,22.04,22.85,23.49,24.40,25.49,26.74,28.15,29.67,31.13,32.45,33.94,35.07,35.77,36.39,36.58,36.70,36.93,37.63,38.34,38.98,39.70,40.23,41.25,42.36,42.92,44.01,45.27,46.41,46.91,47.06,47.72,49.28,50.65,51.70,52.50,52.91,53.40,54.44,55.05,55.53,57.11,58.36,59.18,60.09,61.74,63.03,63.71,64.31,64.83,65.46,66.58,68.27,69.27,70.00,70.99,72.50,74.02,75.11,76.19,77.46,79.37,81.02,82.05,82.64,84.06,84.78,84.57,84.61,85.20,85.94,86.25,86.41,87.58,88.95,90.41,90.56,92.23,92.72,92.25,92.33,93.27,94.70,97.00,99.28,99.42,97.06,98.15,98.94,97.65,97.92,99.68,100.95,103.50,105.80,106.67,107.00,106.70,105.81,104.75,102.77,99.82,97.62,96.41,97.93,99.48
e,e,e,e,e,e,e,e,e,e,e,e,e,e,e,e,e,e,e,e,e,e,e,e,e,e,e,e,e,e,e,e,e,e,e,e,e,e,e,e,e,e,e,e,e,e,e,e,e,e,e,e,e,e,e,e,e,e,e,e,e,e,e,e,e,e,e,e,e,e,e,e,e,e,e,e,e,e,e,e,e,e,e,e,e,e,e,e,e,e,e,e,e,e,e,e,e,e,e,e,e,e,e,e,e,e,e,e,e,e,e,e,e,e,e,e,e,e,e,e,e,e,e,e,e,e,e,e,e,e,e,e,e,e,e,e,e,e,e,e,0.28,1.30,4.04,7.30,9.62,11.28,13.26,15.40,17.13,18.52,20.09,20.80,21.28,22.55,24.06,25.59,26.96,28.16,28.99,29.94,31.55,32.90,33.50,34.26,34.96,35.19,35.33,35.75,36.63,37.23,37.85,38.14,38.55,40.09,40.87,41.61,42.86,44.19,45.11,45.20,45.39,46.40,48.01,49.20,50.06,50.87,51.40,52.08,52.99,53.27,54.17,55.68,56.67,57.51,58.82,60.38,61.05,61.72,62.14,62.32,62.95,64.53,66.46,67.64,68.33,69.47,71.02,72.07,72.80,73.91,75.66,77.61,79.23,79.98,80.78,82.04,82.27,82.03,82.17,82.84,83.62,84.02,84.51,85.93,87.62,88.38,88.70,90.53,90.55,90.09,90.70,91.50,92.18,94.14,96.05,96.06,94.87,95.62,95.94,95.70,98.30,100.86,102.16,103.88,104.64,105.05,105.35,104.58,103.55,102.53,100.90,98.78,96.95,95.06,95.19,96.12
e,e,e,e,e,e,e,e,e,e,e,e,e,e,e,e,e,e,e,e,e,e,e,e,e,e,e,e,e,e,e,e,e,e,e,e,e,e,e,e,e,e,e,e,e,e,e,e,e,e,e,e,e,e,e,e,e,e,e,e,e,e,e,e,e,e,e,e,e,e,e,e,e,e,e,e,e,e,e,e,e,e,e,e,e,e,e,e,e,e,e,e,e,e,e,e,e,e,e,e,e,e,e,e,e,e,e,e,e,e,e,e,e,e,e,e,e,e,e,e,e,e,e,e,e,e,e,e,e,e,e,e,e,e,e,e,e,e,e,e,e,0.49,2.84,6.84,9.61,11.34,12.95,14.40,15.91,17.54,18.78,19.98,21.53,22.95,24.28,25.48,26.56,27.27,28.07,29.34,30.78,31.38,31.91,32.81,33.61,33.78,33.98,34.75,35.52,36.09,36.47,36.31,37.00,38.41,39.16,40.45,41.92,43.35,43.51,43.44,43.75,45.10,46.70,47.78,48.62,49.37,50.07,50.76,51.29,51.67,52.91,54.11,54.96,56.04,57.42,58.62,59.14,59.74,59.91,60.05,60.80,62.72,64.73,65.95,66.77,68.08,69.26,69.80,70.50,72.06,73.94,75.68,76.79,77.47,78.57,79.64,79.67,79.66,79.87,80.54,81.48,81.93,82.86,84.67,86.35,86.49,87.35,88.63,88.44,88.28,89.02,89.73,89.93,90.73,92.13,92.14,92.39,92.95,93.87,95.92,98.43,100.66,101.73,102.33,102.75,103.17,103.70,103.37,102.25,100.95,99.45,98.23,96.66,94.66,92.99,92.57
e,e,e,e,e,e,e,e,e,e,e,e,e,e,e,e,e,e,e,e,e,e,e,e,e,e,e,e,e,e,e,e,e,e,e,e,e,e,e,e,e,e,e,e,e,e,e,e,e,e,e,e,e,e,e,e,e,e,e,e,e,e,e,e,e,e,e,e,e,e,e,e,e,e,e,e,e,e,e,e,e,e,e,e,e,e,e,e,e,e,e,e,e,e,e,e,e,e,e,e,e,e,e,e,e,e,e,e,e,e,e,e,e,e,e,e,e,e,e,e,e,e,e,e,e,e,e,e,e,e,e,e,e,e,e,e,e,e,e,e,e,e,2.28,3.98,6.82,10.39,11.97,13.27,14.65,16.24,18.08,19.84,21.13,22.41,23.79,24.86,25.52,26.40,27.75,29.01,29.69,29.73,30.43,31.64,32.20,32.36,32.84,33.70,34.33,34.88,34.65,34.42,35.27,36.50,37.60,39.53,41.23,42.22,41.81,41.63,42.19,43.79,45.41,46.42,47.24,48.01,48.69,49.25,49.56,50.21,51.52,52.41,53.29,54.44,55.72,56.85,57.35,57.68,57.70,58.00,59.67,61.74,63.53,64.19,65.06,66.18,67.23,67.74,68.91,70.44,72.11,73.46,74.21,74.89,76.01,76.88,76.95,77.55,77.94,78.50,79.37,79.96,81.47,83.53,84.80,84.72,85.59,86.64,86.55,86.56,87.35,88.03,88.00,88.57,89.36,89.90,90.64,91.86,93.92,96.30,98.44,99.66,99.97,100.34,100.80,101.52,102.01,101.82,101.50,100.35,98.06,96.51,95.93,94.56,92.66,90.84
e,e,e,e,e,e,e,e,e,e,e,e,e,e,e,e,e,e,e,e,e,e,e,e,e,e,e,e,e,e,e,e,e,e,e,e,e,e,e,e,e,e,e,e,e,e,e,e,e,e,e,e,e,e,e,e,e,e,e,e,e,e,e,e,e,e,e,e,e,e,e,e,e,e,e,e,e,e,e,e,e,e,e,e,e,e,e,e,e,e,e,e,e,e,e,e,e,e,e,e,e,e,e,e,e,e,e,e,e,e,e,e,e,e,e,e,e,e,e,e,e,e,e,e,e,e,e,e,e,e,e,e,e,e,e,e,e,e,e,e,e,e,1.05,1.02,3.81,8.68,11.04,12.40,13.85,15.63,17.38,19.00,20.70,22.12,23.16,23.79,24.77,26.14,27.45,28.21,28.66,28.37,28.94,30.40,30.76,31.01,31.90,32.35,33.06,33.52,32.66,32.59,33.63,35.15,37.13,39.09,40.30,40.73,40.04,39.69,40.97,42.88,44.16,45.05,45.89,46.55,47.09,47.53,47.87,48.76,49.88,50.77,51.74,52.90,54.11,54.98,55.24,55.50,55.77,57.17,59.08,60.96,61.88,62.44,63.31,64.27,65.25,66.44,67.86,68.98,70.02,71.09,71.58,72.27,73.32,74.06,74.34,75.20,75.99,76.56,77.40,78.70,80.56,82.62,82.94,82.98,83.85,84.76,84.67,84.88,85.70,86.35,86.36,87.04,87.70,88.45,90.01,92.09,94.24,96.25,97.77,98.43,98.72,99.08,99.39,99.83,100.31,100.11,100.86,100.98,99.34,94.84,93.81,93.77,92.65,90.66
e,e,e,e,e,e,e,e,e,e,e,e,e,e,e,e,e,e,e,e,e,e,e,e,e,e,e,e,e,e,e,e,e,e,e,e,e,e,e,e,e,e,e,e,e,e,e,e,e,e,e,e,e,e,e,e,e,e,e,e,e,e,e,e,e,e,e,e,e,e,e,e,e,e,e,e,e,e,e,e,e,e,e,e,e,e,e,e,e,e,e,e,e,e,e,e,e,e,e,e,e,e,e,e,e,e,e,e,e,e,e,e,e,e,e,e,e,e,e,e,e,e,e,e,e,e,e,e,e,e,e,e,e,e,e,e,e,e,e,e,e,e,e,e,1.72,6.35,10.24,11.81,13.32,14.98,16.84,18.73,20.42,21.46,22.08,23.18,24.58,25.86,26.70,27.25,27.67,27.13,27.36,28.59,29.07,29.80,30.88,30.89,31.75,31.97,30.76,31.09,32.85,34.90,36.93,38.11,38.30,38.25,37.47,38.35,40.63,41.88,42.78,43.66,44.39,44.88,45.42,45.77,46.25,47.30,48.41,49.28,50.15,51.23,52.41,52.95,53.10,53.48,54.83,56.67,58.38,59.43,60.04,60.77,61.58,62.58,63.95,65.40,66.56,67.45,68.33,68.98,69.30,69.80,70.64,71.25,71.89,72.81,73.78,74.85,76.36,77.95,79.60,81.09,81.10,81.44,82.30,82.93,82.83,83.18,84.15,84.63,84.75,85.45,86.29,88.03,90.08,92.17,94.02,95.67,96.83,97.22,97.59,98.05,98.32,98.18,98.43,98.78,100.53,102.50,100.20,93.19,91.01,91.35,91.42,89.22
e,e,e,e,e,e,e,e,e,e,e,e,e,e,e,e,e,e,e,e,e,e,e,e,e,e,e,e,e,e,e,e,e,e,e,e,e,e,e,e,e,e,e,e,e,e,e,e,e,e,e,e,e,e,e,e,e,e,e,e,e,e,e,e,e,e,e,e,e,e,e,e,e,e,e,e,e,e,e,e,e,e,e,e,e,e,e,e,e,e,e,e,e,e,e,e,e,e,e,e,e,e,e,e,e,e,e,e,e,e,e,e,e,e,e,e,e,e,e,e,e,e,e,e,e,e,e,e,e,e,e,e,e,e,e,e,e,e,e,e,e,e,e,e,0.97,4.66,8.81,11.13,12.83,14.72,16.39,17.47,18.67,20.30,21.59,23.02,24.31,24.90,25.48,26.17,26.57,25.83,25.67,26.67,27.33,28.41,29.02,29.11,30.05,30.39,29.55,30.77,32.73,34.81,36.03,35.63,35.31,35.10,35.24,37.29,39.41,40.46,41.39,42.30,42.70,43.06,43.66,44.04,44.69,45.89,47.05,47.95,48.75,49.56,50.69,50.95,51.16,52.49,54.25,55.93,57.06,57.77,58.46,59.16,60.01,61.47,62.99,63.92,64.88,65.83,66.70,67.17,67.57,67.97,68.55,68.95,69.75,71.05,72.48,73.91,75.42,77.02,78.45,79.29,79.30,79.87,80.52,80.94,80.95,81.61,82.67,82.92,83.24,84.06,85.82,87.87,89.83,91.54,93.20,94.93,95.64,96.03,96.52,97.04,97.06,96.52,96.41,98.16,100.67,101.38,96.48,90.09,88.57,89.42,90.26,88.03
e,e,e,e,e,e,e,e,e,e,e,e,e,e,e,e,e,e,e,e,e,e,e,e,e,e,e,e,e,e,e,e,e,e,e,e,e,e,e,e,e,e,e,e,e,e,e,e,e,e,e,e,e,e,e,e,e,e,e,e,e,e,e,e,e,e,e,e,e,e,e,e,e,e,e,e,e,e,e,e,e,e,e,e,e,e,e,e,e,e,e,e,e,e,e,e,e,e,e,e,e,e,e,e,e,e,e,e,e,e,e,e,e,e,e,e,e,e,e,e,e,e,e,e,e,e,e,e,e,e,e,e,e,e,e,e,e,e,e,e,e,e,e,e,0.86,4.27,7.95,10.61,12.59,13.81,13.71,14.14,15.73,19.82,21.47,22.77,23.33,23.41,24.04,24.85,25.44,24.60,24.04,24.82,25.66,26.47,26.72,27.08,27.49,28.05,29.67,31.35,32.90,34.34,34.10,33.34,32.71,32.43,33.94,36.42,38.33,39.20,40.10,40.89,40.95,41.22,41.94,42.30,43.12,44.41,45.66,46.48,47.13,47.76,48.76,49.00,50.16,51.94,53.53,54.63,55.50,56.21,56.93,57.69,59.05,60.55,61.45,62.05,62.96,64.04,64.99,65.45,65.86,66.27,66.72,67.27,68.60,70.19,71.64,73.08,74.54,76.01,77.03,77.53,77.54,78.34,78.78,79.02,79.19,80.16,81.06,81.27,81.82,83.32,85.29,86.80,88.25,90.57,92.76,94.04,94.40,94.94,95.50,96.00,95.60,94.78,94.63,97.22,98.58,96.63,91.03,87.85,86.93,88.11,88.48,86.41
e,e,e,e,e,e,e,e,e,e,e,e,e,e,e,e,e,e,e,e,e,e,e,e,e,e,e,e,e,e,e,e,e,e,e,e,e,e,e,e,e,e,e,e,e,e,e,e,e,e,e,e,e,e,e,e,e,e,e,e,e,e,e,e,e,e,e,e,e,e,e,e,e,e,e,e,e,e,e,e,e,e,e,e,e,e,e,e,e,e,e,e,e,e,e,e,e,e,e,e,e,e,e,e,e,e,e,e,e,e,e,e,e,e,e,e,e,e,e,e,e,e,e,e,e,e,e,e,e,e,e,e,e,e,e,e,e,e,e,e,e,e,e,e,1.46,4.40,7.61,10.09,11.68,11.22,10.27,10.25,12.28,18.50,21.07,21.80,21.83,21.91,22.67,23.89,24.35,23.39,22.63,23.24,23.90,24.50,24.83,25.43,26.59,28.26,29.83,31.09,32.29,33.07,32.31,31.23,30.33,30.84,33.30,35.80,37.17,37.96,38.77,39.14,39.09,39.59,40.25,40.63,41.52,42.91,44.13,44.60,45.25,45.90,46.64,47.76,49.50,51.13,52.18,53.10,53.90,54.65,55.43,56.69,58.08,59.14,59.66,60.11,60.98,62.31,63.28,63.72,64.13,64.53,64.97,66.03,67.64,69.27,70.73,72.14,73.58,74.61,75.45,75.67,75.90,76.85,77.10,77.25,77.63,78.63,79.34,79.54,80.83,82.61,83.24,84.38,88.66,90.85,92.36,92.72,93.19,93.74,94.46,95.00,94.19,93.16,92.74,94.19,94.03,91.70,88.52,86.25,85.44,86.67,86.32,84.32
e,e,e,e,e,e,e,e,e,e,e,e,e,e,e,e,e,e,e,e,e,e,e,e,e,e,e,e,e,e,e,e,e,e,e,e,e,e,e,e,e,e,e,e,e,e,e,e,e,e,e,e,e,e,e,e,e,e,e,e,e,e,e,e,e,e,e,e,e,e,e,e,e,e,e,e,e,e,e,e,e,e,e,e,e,e,e,e,e,e,e,e,e,e,e,e,e,e,e,e,e,e,e,e,e,e,e,e,e,e,e,e,e,e,e,e,e,e,e,e,e,e,e,e,e,e,e,e,e,e,e,e,e,e,e,e,e,e,e,e,e,e,e,e,0.69,3.23,6.66,8.76,9.67,8.64,7.25,7.59,8.64,11.54,17.42,20.08,20.28,20.48,21.71,23.07,23.19,22.07,21.23,21.69,22.35,23.07,24.26,25.75,27.28,28.35,29.02,29.64,30.64,31.56,31.35,29.58,29.53,31.79,33.84,35.09,35.90,36.57,36.93,37.11,37.42,38.35,38.74,38.92,40.11,41.85,42.38,42.59,43.27,44.16,45.63,47.24,48.61,49.76,50.66,51.47,52.25,53.10,54.28,55.55,56.63,57.50,57.92,58.35,59.37,60.84,61.56,61.97,62.38,62.80,63.50,65.09,66.76,68.30,69.65,71.14,72.21,72.80,73.71,73.75,74.41,75.25,75.38,75.52,76.15,77.04,77.46,77.93,79.38,80.21,80.28,82.94,87.22,89.55,90.91,91.41,91.98,92.53,93.28,93.98,93.03,91.64,90.75,90.61,90.11,88.81,86.81,84.66,83.94,85.15,84.23,82.32
e,e,e,e,e,e,e,e,e,e,e,e,e,e,e,e,e,e,e,e,e,e,e,e,e,e,e,e,e,e,e,e,e,e,e,e,e,e,e,e,e,e,e,e,e,e,e,e,e,e,e,e,e,e,e,e,e,e,e,e,e,e,e,e,e,e,e,e,e,e,e,e,e,e,e,e,e,e,e,e,e,e,e,e,e,e,e,e,e,e,e,e,e,e,e,e,e,e,e,e,e,e,e,e,e,e,e,e,e,e,e,e,e,e,e,e,e,e,e,e,e,e,e,e,e,e,e,e,e,e,e,e,e,e,e,e,e,e,e,e,e,e,e,e,0.84,2.73,4.85,5.82,6.24,5.29,4.63,5.58,6.73,8.40,12.12,16.66,17.44,19.45,21.02,22.16,22.08,20.90,19.46,20.49,21.84,23.35,24.88,26.13,26.90,27.50,27.83,27.88,28.80,29.32,29.30,27.38,30.09,31.84,32.63,33.44,34.40,34.70,34.91,35.16,36.06,37.09,37.22,37.62,39.06,40.50,40.44,40.67,41.83,43.44,44.91,46.21,47.47,48.38,49.12,49.90,50.83,51.93,52.98,53.92,55.06,55.80,56.20,56.82,58.13,59.19,59.86,60.26,60.63,61.13,62.38,64.13,65.81,67.21,68.49,69.74,70.34,71.11,71.91,71.94,72.99,73.44,73.55,73.82,74.57,75.38,75.66,76.53,77.54,77.89,79.17,82.14,85.30,87.59,88.79,90.07,90.81,91.27,92.00,92.90,92.00,90.27,88.56,87.51,86.97,86.06,84.82,82.97,82.48,83.57,82.17,80.58
e,e,e,e,e,e,e,e,e,e,e,e,e,e,e,e,e,e,e,e,e,e,e,e,e,e,e,e,e,e,e,e,e,e,e,e,e,e,e,e,e,e,e,e,e,e,e,e,e,e,e,e,e,e,e,e,e,e,e,e,e,e,e,e,e,e,e,e,e,e,e,e,e,e,e,e,e,e,e,e,e,e,e,e,e,e,e,e,e,e,e,e,e,e,e,e,e,e,e,e,e,e,e,e,e,e,e,e,e,e,e,e,e,e,e,e,e,e,e,e,e,e,e,e,e,e,e,e,e,e,e,e,e,e,e,e,e,e,e,e,e,e,1.38,1.89,0.44,1.11,1.73,2.15,2.37,1.99,2.47,3.66,5.21,7.56,10.86,13.49,15.83,17.93,19.10,20.77,21.17,19.40,17.44,20.52,22.25,23.66,24.48,25.38,26.00,26.10,25.96,25.85,25.91,25.54,24.69,26.45,28.97,29.56,30.77,32.14,32.81,32.70,32.93,33.56,34.86,35.63,35.59,36.57,37.81,38.76,38.67,39.61,41.16,42.46,43.74,45.09,46.18,46.89,47.58,48.52,49.56,50.59,51.13,52.26,53.46,54.04,54.49,55.48,56.69,57.60,58.36,58.60,58.69,59.80,61.55,63.27,64.41,65.70,66.90,67.81,68.35,69.65,69.92,70.34,71.60,71.57,71.72,72.25,73.09,73.66,73.94,74.80,75.68,76.72,78.66,80.93,83.69,85.38,86.03,87.75,89.50,89.71,90.65,91.74,91.04,89.00,86.58,84.81,83.98,82.94,81.87,81.09,80.99,82.04,80.82,79.70
e,e,e,e,e,e,e,e,e,e,e,e,e,e,e,e,e,e,e,e,e,e,e,e,e,e,e,e,e,e,e,e,e,e,e,e,e,e,e,e,e,e,e,e,e,e,e,e,e,e,e,e,e,e,e,e,e,e,e,e,e,e,e,e,e,e,e,e,e,e,e,e,e,e,e,e,e,e,e,e,e,e,e,e,e,e,e,e,e,e,e,e,e,e,e,e,e,e,e,e,e,e,e,e,e,e,e,e,e,e,e,e,e,e,e,e,e,e,e,e,e,e,e,e,e,e,e,e,e,e,e,e,e,e,e,e,e,e,e,e,e,e,e,1.44,e,1.54,e,0.97,e,0.56,0.83,2.02,4.42,7.03,9.45,12.17,13.95,14.41,16.65,19.00,18.41,14.90,18.88,21.21,22.28,22.61,23.52,24.51,24.85,24.30,24.05,23.59,22.37,21.85,22.18,24.47,26.25,28.08,29.55,30.78,30.93,30.71,31.16,32.34,33.81,34.01,34.13,35.05,36.11,37.01,37.35,38.75,40.06,41.23,42.53,43.84,44.61,45.34,46.14,47.23,48.10,48.69,49.51,50.85,51.83,52.25,52.95,54.13,55.14,56.07,56.85,56.97,57.38,59.21,60.91,61.73,62.53,63.96,65.08,65.76,66.83,67.80,67.87,68.95,70.06,69.63,70.05,70.75,71.49,71.84,72.39,73.23,74.45,76.00,77.28,79.20,82.12,82.53,83.56,86.25,87.21,87.23,89.10,90.58,89.48,87.53,85.36,82.68,81.19,80.02,78.28,78.16,79.63,79.91,79.50,79.14
e,e,e,e,e,e,e,e,e,e,e,e,e,e,e,e,e,e,e,e,e,e,e,e,e,e,e,e,e,e,e,e,e,e,e,e,e,e,e,e,e,e,e,e,e,e,e,e,e,e,e,e,e,e,e,e,e,e,e,e,e,e,e,e,e,e,e,e,e,e,e,e,e,e,e,e,e,e,e,e,e,e,e,e,e,e,e,e,e,e,e,e,e,e,e,e,e,e,e,e,e,e,e,e,e,e,e,e,e,e,e,e,e,e,e,e,e,e,e,e,e,e,e,e,e,e,e,e,e,e,e,e,e,e,e,e,e,e,e,e,e,e,e,e,e,e,e,e,e,0.60,0.01,0.91,3.25,5.79,8.25,10.33,10.50,11.38,12.73,13.29,11.00,12.01,20.37,21.03,20.88,21.43,22.69,23.60,23.41,22.65,22.09,21.56,19.02,19.93,21.91,24.00,25.94,27.78,28.57,28.85,28.97,28.80,29.97,31.63,32.53,32.33,32.84,33.59,34.44,35.33,36.34,37.67,38.84,39.97,41.50,42.33,42.95,43.78,44.84,45.81,46.38,47.09,48.28,49.45,50.03,50.55,51.59,52.58,53.53,54.52,55.31,55.36,56.53,58.37,59.49,59.75,60.78,62.29,63.14,64.13,65.18,65.55,65.91,67.07,68.06,67.91,68.45,69.17,69.70,70.07,70.99,72.05,73.39,74.04,74.82,77.07,79.36,79.91,82.86,84.18,84.22,85.77,88.22,88.84,86.19,82.87,83.36,81.34,78.24,76.52,74.77,75.00,77.91,78.13,77.43,79.28
e,e,e,e,e,e,e,e,e,e,e,e,e,e,e,e,e,e,e,e,e,e,e,e,e,e,e,e,e,e,e,e,e,e,e,e,e,e,e,e,e,e,e,e,e,e,e,e,e,e,e,e,e,e,e,e,e,e,e,e,e,e,e,e,e,e,e,e,e,e,e,e,e,e,e,e,e,e,e,e,e,e,e,e,e,e,e,e,e,e,e,e,e,e,e,e,e,e,e,e,e,e,e,e,e,e,e,e,e,e,e,e,e,e,e,e,e,e,e,e,e,e,e,e,e,e,e,e,e,e,e,e,e,e,e,e,e,e,e,e,e,e,e,e,e,e,e,e,e,e,e,0.57,2.81,5.11,7.08,8.57,8.15,8.61,8.83,8.79,8.06,8.65,15.65,16.85,16.45,20.57,21.82,22.45,21.89,21.12,19.07,17.19,17.58,20.60,22.22,24.07,25.93,26.76,26.87,27.02,27.08,27.83,29.55,30.55,30.70,30.80,31.59,32.37,33.15,34.04,35.27,36.55,37.85,39.22,40.24,40.59,41.38,42.41,43.50,44.10,44.73,45.85,47.17,48.05,48.42,49.16,50.08,50.90,51.91,53.09,53.72,54.02,55.62,57.14,57.79,58.29,59.54,60.47,61.40,62.66,63.19,63.42,63.88,64.76,65.76,66.23,66.80,67.45,67.87,68.56,69.79,70.88,71.50,71.50,72.13,74.04,76.33,79.59,81.25,81.08,82.37,84.69,86.73,86.06,83.75,79.38,79.87,79.64,76.96,73.53,71.53,72.37,74.79,76.26,76.47,78.78
e,e,e,e,e,e,e,e,e,e,e,e,e,e,e,e,e,e,e,e,e,e,e,e,e,e,e,e,e,e,e,e,e,e,e,e,e,e,e,e,e,e,e,e,e,e,e,e,e,e,e,e,e,e,e,e,e,e,e,e,e,e,e,e,e,e,e,e,e,e,e,e,e,e,e,e,e,e,e,e,e,e,e,e,e,e,e,e,e,e,e,e,e,e,e,e,e,e,e,e,e,e,e,e,e,e,e,e,e,e,e,e,e,e,e,e,e,e,e,e,e,e,e,e,e,e,e,e,e,e,e,e,e,e,e,e,e,e,e,e,e,e,e,e,e,e,e,e,e,e,e,0.63,2.49,4.60,6.22,6.92,6.10,6.06,6.11,6.25,5.95,6.35,7.78,7.96,8.95,13.70,18.95,20.68,20.52,16.27,11.68,17.90,20.39,21.66,22.86,24.26,25.26,25.26,25.19,25.23,25.63,27.22,28.67,28.90,29.02,29.55,30.42,31.26,32.02,33.06,34.45,36.02,37.44,38.39,38.66,38.80,39.96,41.16,41.83,42.40,43.39,44.73,46.01,46.55,46.96,47.82,48.63,49.40,50.58,51.88,52.09,53.02,54.61,55.66,56.26,57.42,58.54,58.97,59.98,60.81,61.22,61.47,62.01,62.83,63.67,64.45,65.09,65.76,66.36,67.47,68.55,69.24,69.41,69.11,69.76,72.27,75.85,78.39,78.16,78.92,81.37,83.66,84.91,83.58,81.84,76.88,75.22,75.65,74.13,72.14,69.96,70.95,72.39,74.03,75.51,77.46
e,e,e,e,e,e,e,e,e,e,e,e,e,e,e,e,e,e,e,e,e,e,e,e,e,e,e,e,e,e,e,e,e,e,e,e,e,e,e,e,e,e,e,e,e,e,e,e,e,e,e,e,e,e,e,e,e,e,e,e,e,e,e,e,e,e,e,e,e,e,e,e,e,e,e,e,e,e,e,e,e,e,e,e,e,e,e,e,e,e,e,e,e,e,e,e,e,e,e,e,e,e,e,e,e,e,e,e,e,e,e,e,e,e,e,e,e,e,e,e,e,e,e,e,e,e,e,e,e,e,e,e,e,e,e,e,e,e,e,e,e,e,e,e,e,e,e,e,e,e,0.96,0.65,2.22,3.69,4.91,5.04,4.19,3.60,3.48,3.76,3.77,4.47,5.37,5.85,7.05,8.25,9.64,10.59,10.51,8.64,12.63,20.30,21.12,21.80,22.60,23.75,23.70,23.58,23.54,23.59,24.91,26.77,27.48,27.45,27.67,28.50,29.33,30.10,31.00,32.65,34.26,35.56,36.62,37.13,37.14,37.91,39.05,39.68,39.98,40.89,42.19,43.61,44.63,44.96,45.57,46.44,47.24,48.22,49.45,50.33,50.70,52.09,53.36,54.15,55.33,56.68,57.45,57.77,58.68,59.18,59.51,59.64,60.20,61.16,62.08,62.86,63.48,64.16,65.12,66.25,67.20,67.64,67.54,67.20,68.95,71.94,74.44,74.99,75.43,78.99,81.11,82.82,82.94,81.44,78.81,73.02,71.08,71.44,70.00,69.39,69.46,70.89,71.97,72.76,74.42,76.00
e,e,e,e,e,e,e,e,e,e,e,e,e,e,e,e,e,e,e,e,e,e,e,e,e,e,e,e,e,e,e,e,e,e,e,e,e,e,e,e,e,e,e,e,e,e,e,e,e,e,e,e,e,e,e,e,e,e,e,e,e,e,e,e,e,e,e,e,e,e,e,e,e,e,e,e,e,e,e,e,e,e,e,e,e,e,e,e,e,e,e,e,e,e,e,e,e,e,e,e,e,e,e,e,e,e,e,e,e,e,e,e,e,e,e,e,e,e,e,e,e,e,e,e,e,e,e,e,e,e,e,e,e,e,e,e,e,e,e,e,e,e,e,e,e,e,e,e,e,e,e,0.43,1.09,2.45,3.27,3.13,2.36,1.34,1.04,1.38,1.58,2.33,3.07,4.11,5.42,6.75,7.20,7.62,7.12,7.13,13.14,19.77,20.10,20.18,21.23,22.56,22.32,21.79,21.72,22.46,24.40,25.96,26.03,26.00,26.53,27.31,28.05,29.13,30.86,32.27,33.05,34.71,35.58,35.59,36.17,37.32,38.00,38.26,38.30,39.62,41.14,42.53,43.08,43.48,44.23,45.06,45.97,47.18,48.18,48.49,49.43,50.93,52.00,53.19,54.59,55.81,56.14,56.60,57.40,57.85,58.18,58.27,58.98,59.83,60.57,61.33,62.03,62.80,63.87,65.00,65.72,65.97,65.62,65.77,67.99,69.94,71.68,71.39,75.69,80.11,81.40,82.13,81.72,80.14,75.20,70.13,68.48,68.49,67.69,68.33,70.10,71.02,71.29,71.75,73.31,74.33
e,e,e,e,e,e,e,e,e,e,e,e,e,e,e,e,e,e,e,e,e,e,e,e,e,e,e,e,e,e,e,e,e,e,e,e,e,e,e,e,e,e,e,e,e,e,e,e,e,e,e,e,e,e,e,e,e,e,e,e,e,e,e,e,e,e,e,e,e,e,e,e,e,e,e,e,e,e,e,e,e,e,e,e,e,e,e,e,e,e,e,e,e,e,e,e,e,e,e,e,e,e,e,e,e,e,e,e,e,e,e,e,e,e,e,e,e,e,e,e,e,e,e,e,e,e,e,e,e,e,e,e,e,e,e,e,e,e,e,e,e,e,e,e,e,e,e,e,e,e,e,e,0.21,1.11,1.54,1.28,0.73,0.17,e,e,0.15,0.56,1.28,2.66,4.09,5.17,5.36,5.69,5.16,6.64,9.80,14.38,16.43,18.60,20.58,21.45,21.19,20.34,20.28,21.80,23.93,24.78,24.62,24.73,25.50,26.34,27.40,29.15,30.16,30.39,31.96,33.83,34.11,34.49,35.59,36.28,36.68,36.84,37.00,38.45,40.11,41.20,41.48,42.12,42.94,43.74,44.83,46.02,46.77,46.93,48.18,49.68,51.05,52.51,53.98,54.68,54.81,55.48,56.12,56.64,56.84,57.16,58.01,58.70,59.25,59.94,60.70,61.52,62.59,63.58,63.98,64.20,63.71,64.31,66.22,67.42,68.04,70.19,76.63,80.42,81.13,80.89,80.15,77.08,71.15,68.18,66.66,66.38,67.28,69.03,70.05,70.11,69.81,70.59,71.85,72.53
e,e,e,e,e,e,e,e,e,e,e,e,e,e,e,e,e,e,e,e,e,e,e,e,e,e,e,e,e,e,e,e,e,e,e,e,e,e,e,e,e,e,e,e,e,e,e,e,e,e,e,e,e,e,e,e,e,e,e,e,e,e,e,e,e,e,e,e,e,e,e,e,e,e,e,e,e,e,e,e,e,e,e,e,e,e,e,e,e,e,e,e,e,e,e,e,e,e,e,e,e,e,e,e,e,e,e,e,e,e,e,e,e,e,e,e,e,e,e,e,e,e,e,e,e,e,e,e,e,e,e,e,e,e,e,e,e,e,e,e,e,e,e,e,e,e,e,e,e,0.10,e,e,e,e,0.66,0.33,0.13,e,e,e,e,0.20,0.41,1.48,2.75,3.41,3.55,3.77,3.81,6.05,8.48,11.82,14.98,17.75,19.16,19.64,19.51,18.99,19.55,21.47,23.30,23.24,22.98,23.80,24.73,25.62,27.00,28.21,28.63,29.31,31.17,32.54,32.84,33.88,34.67,34.96,35.30,35.41,35.70,37.22,38.68,39.57,39.95,40.81,41.61,42.50,43.70,44.65,45.17,45.54,46.84,48.51,50.52,52.04,53.18,53.30,53.55,54.31,54.91,55.43,55.56,56.17,56.95,57.52,58.04,58.72,59.42,60.20,61.37,61.93,62.25,62.44,61.86,62.62,63.48,64.28,67.29,71.57,76.76,79.75,80.37,78.75,73.61,70.55,68.02,66.16,64.94,65.81,67.22,68.51,69.10,68.69,68.14,68.80,70.23,71.27
e,e,e,e,e,e,e,e,e,e,e,e,e,e,e,e,e,e,e,e,e,e,e,e,e,e,e,e,e,e,e,e,e,e,e,e,e,e,e,e,e,e,e,e,e,e,e,e,e,e,e,e,e,e,e,e,e,e,e,e,e,e,e,e,e,e,e,e,e,e,e,e,e,e,e,e,e,e,e,e,e,e,e,e,e,e,e,e,e,e,e,e,e,e,e,e,e,e,e,e,e,e,e,e,e,e,e,e,e,e,e,e,e,e,e,e,e,e,e,e,e,e,e,e,e,e,e,e,e,e,e,e,e,e,e,e,e,e,e,e,e,e,e,e,e,e,e,e,e,1.55,e,e,0.52,e,e,e,e,e,e,e,e,e,e,0.78,1.21,1.76,1.73,1.87,3.04,5.81,9.16,12.22,14.84,16.24,16.88,17.41,17.23,18.29,20.05,21.35,21.58,21.25,21.76,23.02,23.97,24.83,25.94,26.92,28.18,29.64,30.81,31.19,32.17,32.97,33.84,33.62,33.97,33.90,34.27,35.55,36.91,37.77,38.50,39.46,40.28,41.31,42.39,43.17,43.46,44.18,45.59,47.86,50.05,51.48,51.88,51.88,52.35,53.03,53.66,54.16,54.39,55.15,55.80,56.30,56.83,57.47,58.14,59.05,60.05,60.08,60.60,60.63,60.02,60.54,60.67,62.88,67.38,71.23,74.31,74.42,74.55,71.93,68.65,67.44,65.87,64.04,63.37,64.92,66.34,67.62,67.94,67.38,66.91,67.69,69.41,70.78
e,e,e,e,e,e,e,e,e,e,e,e,e,e,e,e,e,e,e,e,e,e,e,e,e,e,e,e,e,e,e,e,e,e,e,e,e,e,e,e,e,e,e,e,e,e,e,e,e,e,e,e,e,e,e,e,e,e,e,e,e,e,e,e,e,e,e,e,e,e,e,e,e,e,e,e,e,e,e,e,e,e,e,e,e,e,e,e,e,e,e,e,e,e,e,e,e,e,e,e,e,e,e,e,e,e,e,e,e,e,e,e,e,e,e,e,e,e,e,e,e,e,e,e,e,e,e,e,e,e,e,e,e,e,e,e,e,e,e,e,e,e,e,e,e,e,e,e,e,3.00,e,1.80,1.26,0.84,e,e,e,e,e,e,e,e,e,e,e,e,0.98,0.70,3.09,6.25,9.47,12.18,13.76,14.29,14.62,15.09,15.59,17.92,19.45,19.61,19.36,19.68,20.93,22.24,23.21,24.09,25.16,26.57,28.06,29.11,29.27,30.42,31.20,31.96,33.15,32.47,32.59,32.41,32.86,33.95,35.16,36.13,37.13,38.03,38.98,40.22,40.83,41.80,41.81,42.68,44.37,46.42,48.55,50.08,50.45,50.48,51.11,51.78,52.48,52.90,53.34,54.05,54.54,55.05,55.56,56.17,56.98,58.17,58.55,58.39,58.88,58.68,57.98,58.42,59.64,62.45,65.24,68.20,69.74,68.01,67.06,65.87,65.96,65.06,63.61,61.98,61.61,63.33,65.10,66.64,66.69,66.17,65.86,67.14,68.51,69.44
e,e,e,e,e,e,e,e,e,e,e,e,e,e,e,e,e,e,e,e,e,e,e,e,e,e,e,e,e,e,e,e,e,e,e,e,e,e,e,e,e,e,e,e,e,e,e,e,e,e,e,e,e,e,e,e,e,e,e,e,e,e,e,e,e,e,e,e,e,e,e,e,e,e,e,e,e,e,e,e,e,e,e,e,e,e,e,e,e,e,e,e,e,e,e,e,e,e,e,e,e,e,e,e,e,e,e,e,e,e,e,e,e,e,e,e,e,e,e,e,e,e,e,e,e,e,e,e,e,e,e,e,e,e,e,e,e,e,e,e,e,e,e,e,e,e,e,e,e,e,0.60,e,0.92,0.90,e,e,e,e,e,e,e,e,e,e,e,e,e,1.92,4.93,6.96,8.76,10.92,12.00,12.61,12.86,13.15,14.47,16.71,17.69,17.78,17.74,18.79,20.21,21.48,22.45,23.51,24.63,25.88,27.23,27.48,27.95,29.12,29.81,31.29,32.52,31.62,31.20,30.97,31.52,32.58,33.67,34.70,35.71,36.81,38.14,38.87,39.59,40.14,40.15,41.39,43.20,45.07,47.13,48.50,48.63,48.74,49.84,50.66,51.28,51.68,52.30,52.77,53.21,53.73,54.24,54.94,56.15,57.02,57.11,56.84,57.07,56.79,56.55,57.87,59.41,60.31,60.81,63.47,64.22,63.09,61.97,60.71,62.80,62.70,61.15,60.07,60.35,62.27,64.34,65.74,65.49,65.00,65.00,66.23,67.26,68.26
e,e,e,e,e,e,e,e,e,e,e,e,e,e,e,e,e,e,e,e,e,e,e,e,e,e,e,e,e,e,e,e,e,e,e,e,e,e,e,e,e,e,e,e,e,e,e,e,e,e,e,e,e,e,e,e,e,e,e,e,e,e,e,e,e,e,e,e,e,e,e,e,e,e,e,e,e,e,e,e,e,e,e,e,e,e,e,e,e,e,e,e,e,e,e,e,e,e,e,e,e,e,e,e,e,e,e,e,e,e,e,e,e,e,e,e,e,e,e,e,e,e,e,e,e,e,e,e,e,e,e,e,e,e,e,e,e,e,e,e,e,e,e,e,e,e,e,e,e,e,e,e,0.52,e,e,e,e,e,e,e,e,e,e,e,e,e,0.67,3.23,4.11,4.64,6.01,7.70,9.75,10.90,11.26,11.67,13.38,15.32,15.86,16.01,16.68,18.15,19.53,20.70,21.76,22.91,24.08,25.23,25.94,25.76,26.47,27.20,28.45,30.93,32.29,30.65,29.86,29.55,30.14,31.22,32.33,33.41,34.79,36.20,36.76,37.28,38.03,38.35,38.80,40.36,42.09,43.85,45.74,46.85,46.82,47.58,48.54,49.28,49.98,50.56,51.19,51.41,51.90,52.38,52.90,54.06,55.17,55.56,55.60,55.22,55.17,55.08,55.84,57.34,58.22,58.23,58.46,59.44,59.77,59.44,58.89,59.09,60.02,59.66,58.95,59.20,60.45,62.34,64.07,64.66,64.21,63.77,63.99,65.06,66.06,66.97
e,e,e,e,e,e,e,e,e,e,e,e,e,e,e,e,e,e,e,e,e,e,e,e,e,e,e,e,e,e,e,e,e,e,e,e,e,e,e,e,e,e,e,e,e,e,e,e,e,e,e,e,e,e,e,e,e,e,e,e,e,e,e,e,e,e,e,e,e,e,e,e,e,e,e,e,e,e,e,e,e,e,e,e,e,e,e,e,e,e,e,e,e,e,e,e,e,e,e,e,e,e,e,e,e,e,e,e,e,e,e,e,e,e,e,e,e,e,e,e,e,e,e,e,e,e,e,e,e,e,e,e,e,e,e,e,e,e,e,e,e,e,e,e,e,e,e,e,e,e,e,e,e,e,e,e,e,e,e,e,e,e,e,e,e,e,1.25,2.07,1.13,1.51,2.23,2.20,4.71,8.42,9.47,10.38,12.45,13.71,14.04,14.60,16.00,17.45,18.45,19.68,20.66,21.83,23.02,24.19,24.16,24.13,24.83,26.47,30.01,36.65,32.53,29.28,28.65,28.42,29.07,30.02,31.26,32.86,34.28,34.70,34.96,35.63,36.21,37.07,38.27,39.68,41.28,42.88,44.43,45.15,45.34,46.22,47.11,47.80,48.55,49.38,49.84,50.04,50.61,51.01,51.82,53.31,53.54,53.93,54.16,53.63,53.45,53.99,55.36,56.49,56.58,56.40,56.81,57.66,58.20,57.95,57.50,57.60,57.52,56.87,57.98,59.77,60.84,62.27,63.47,63.43,63.00,62.57,62.99,63.96,64.81,65.02
e,e,e,e,e,e,e,e,e,e,e,e,e,e,e,e,e,e,e,e,e,e,e,e,e,e,e,e,e,e,e,e,e,e,e,e,e,e,e,e,e,e,e,e,e,e,e,e,e,e,e,e,e,e,e,e,e,e,e,e,e,e,e,e,e,e,e,e,e,e,e,e,e,e,e,e,e,e,e,e,e,e,e,e,e,e,e,e,e,e,e,e,e,e,e,e,e,e,e,e,e,e,e,e,e,e,e,e,e,e,e,e,e,e,e,e,e,e,e,e,e,e,e,e,e,e,e,e,e,e,e,e,e,e,e,e,e,e,e,e,e,e,e,e,e,e,e,e,e,e,e,e,e,e,e,e,e,e,e,e,e,e,e,e,e,0.52,0.91,0.58,e,e,e,e,1.49,5.62,7.85,9.68,11.38,11.94,12.54,13.86,15.23,15.81,16.35,17.63,19.08,20.62,22.05,22.82,22.31,22.65,23.68,26.38,30.33,37.43,33.03,28.99,27.90,27.36,28.19,29.33,30.86,32.37,32.69,32.86,33.46,34.47,35.78,37.13,38.25,39.19,40.30,41.80,43.06,43.48,43.98,44.78,45.60,46.39,47.38,47.99,48.16,48.55,49.16,49.59,51.10,52.09,51.71,52.41,52.70,52.03,52.20,53.38,54.67,55.00,54.84,54.59,55.19,56.07,56.75,56.50,56.15,55.88,55.50,55.65,57.86,59.75,60.96,61.95,62.32,62.17,61.78,61.47,62.02,62.76,63.19,62.51
e,e,e,e,e,e,e,e,e,e,e,e,e,e,e,e,e,e,e,e,e,e,e,e,e,e,e,e,e,e,e,e,e,e,e,e,e,e,e,e,e,e,e,e,e,e,e,e,e,e,e,e,e,e,e,e,e,e,e,e,e,e,e,e,e,e,e,e,e,e,e,e,e,e,e,e,e,e,e,e,e,e,e,e,e,e,e,e,e,e,e,e,e,e,e,e,e,e,e,e,e,e,e,e,e,e,e,e,e,e,e,e,e,e,e,e,e,e,e,e,e,e,e,e,e,e,e,e,e,e,e,e,e,e,e,e,e,e,e,e,e,e,e,e,e,e,e,e,e,e,e,e,e,e,e,e,e,e,e,e,e,e,e,e,e,0.50,e,e,e,e,e,e,0.99,2.66,4.93,7.55,8.93,10.43,11.71,13.19,13.56,13.26,13.78,15.12,16.93,18.98,20.86,21.09,20.62,21.24,22.33,24.90,26.79,28.07,28.84,28.08,27.01,26.30,27.33,28.62,29.84,30.70,30.91,31.89,33.30,34.66,35.90,36.76,37.49,38.32,39.27,40.59,41.60,42.02,42.73,43.50,44.22,45.19,46.25,46.38,46.50,47.03,47.57,48.51,49.88,50.48,50.01,51.04,51.12,50.57,51.46,52.77,53.37,53.31,53.05,52.83,53.51,54.35,55.23,55.06,54.83,54.23,54.10,54.91,56.94,58.82,60.16,60.77,60.80,60.69,60.52,60.41,60.83,61.50,61.25,60.24
e,e,e,e,e,e,e,e,e,e,e,e,e,e,e,e,e,e,e,e,e,e,e,e,e,e,e,e,e,e,e,e,e,e,e,e,e,e,e,e,e,e,e,e,e,e,e,e,e,e,e,e,e,e,e,e,e,e,e,e,e,e,e,e,e,e,e,e,e,e,e,e,e,e,e,e,e,e,e,e,e,e,e,e,e,e,e,e,e,e,e,e,e,e,e,e,e,e,e,e,e,e,e,e,e,e,e,e,e,e,e,e,e,e,e,e,e,e,e,e,e,e,e,e,e,e,e,e,e,e,e,e,e,e,e,e,e,e,e,e,e,e,e,e,e,e,e,e,e,e,e,e,e,e,e,e,e,e,e,e,e,e,e,e,e,e,e,e,e,e,e,3.50,1.47,0.85,1.99,3.01,4.64,8.09,10.80,11.85,11.14,10.60,11.16,12.72,14.69,16.90,18.77,19.32,18.92,19.86,20.79,22.48,23.94,25.31,27.08,26.73,25.71,25.22,26.23,27.47,28.11,29.59,30.75,32.26,33.56,34.48,35.06,35.75,36.55,37.27,38.31,39.27,40.08,40.76,41.49,42.17,43.06,44.33,44.76,44.70,44.91,45.50,46.26,47.55,48.32,48.67,48.42,49.70,49.36,49.44,50.85,51.79,51.66,51.63,51.27,51.12,51.76,52.66,53.85,53.63,53.46,52.90,52.89,54.17,56.10,57.77,59.23,59.67,59.64,59.50,59.43,59.34,59.48,60.02,59.77,58.97
e,e,e,e,e,e,e,e,e,e,e,e,e,e,e,e,e,e,e,e,e,e,e,e,e,e,e,e,e,e,e,e,e,e,e,e,e,e,e,e,e,e,e,e,e,e,e,e,e,e,e,e,e,e,e,e,e,e,e,e,e,e,e,e,e,e,e,e,e,e,e,e,e,e,e,e,e,e,e,e,e,e,e,e,e,e,e,e,e,e,e,e,e,e,e,e,e,e,e,e,e,e,e,e,e,e,e,e,e,e,e,e,e,e,e,e,e,e,e,e,e,e,e,e,e,e,e,e,e,e,e,e,e,e,e,e,e,e,e,e,e,e,e,e,e,e,e,e,e,e,e,e,e,e,e,e,e,e,e,e,e,e,e,e,e,e,e,e,e,e,e,e,1.90,1.09,e,e,1.18,4.52,8.06,9.32,7.80,6.38,7.92,10.25,12.48,14.83,16.39,17.07,17.20,18.11,19.06,19.99,21.34,22.86,25.23,25.42,24.42,24.22,25.14,26.23,27.69,29.50,31.09,32.13,32.71,33.26,33.96,34.77,35.34,36.11,37.04,37.94,38.75,39.52,40.13,40.92,42.27,43.09,43.10,42.95,43.36,44.06,45.23,46.10,46.45,46.61,47.26,48.14,47.53,48.38,49.77,50.08,49.96,49.90,49.39,49.20,49.98,51.29,52.55,52.20,52.08,51.59,51.81,53.45,55.29,57.06,58.27,58.62,58.77,58.66,58.60,58.27,58.28,58.64,58.54,57.87
e,e,e,e,e,e,e,e,e,e,e,e,e,e,e,e,e,e,e,e,e,e,e,e,e,e,e,e,e,e,e,e,e,e,e,e,e,e,e,e,e,e,e,e,e,e,e,e,e,e,e,e,e,e,e,e,e,e,e,e,e,e,e,e,e,e,e,e,e,e,e,e,e,e,e,e,e,e,e,e,e,e,e,e,e,e,e,e,e,e,e,e,e,e,e,e,e,e,e,e,e,e,e,e,e,e,e,e,e,e,e,e,e,e,e,e,e,e,e,e,e,e,e,e,e,e,e,e,e,e,e,e,e,e,e,e,e,e,e,e,e,e,e,e,e,e,e,e,e,e,e,e,e,e,e,e,e,e,e,e,e,e,e,e,e,e,e,e,e,e,e,0.20,e,0.25,e,e,0.10,1.18,3.29,3.99,1.70,2.12,4.53,7.30,10.24,12.77,13.88,14.72,15.53,16.57,17.60,18.44,19.21,20.75,23.74,24.02,23.12,23.26,24.14,25.56,27.24,28.83,30.02,30.81,31.41,32.18,33.02,33.56,34.02,34.83,35.73,36.69,37.62,38.30,38.79,39.78,41.23,41.43,41.39,41.29,41.92,42.93,43.95,44.25,44.45,44.83,46.19,46.31,45.90,47.50,48.40,48.54,48.50,48.25,47.47,47.52,49.04,50.44,51.17,50.72,50.69,50.36,50.83,52.54,54.47,56.33,57.23,57.54,57.84,57.83,57.64,57.23,57.09,57.32,57.25,56.71
e,e,e,e,e,e,e,e,e,e,e,e,e,e,e,e,e,e,e,e,e,e,e,e,e,e,e,e,e,e,e,e,e,e,e,e,e,e,e,e,e,e,e,e,e,e,e,e,e,e,e,e,e,e,e,e,e,e,e,e,e,e,e,e,e,e,e,e,e,e,e,e,e,e,e,e,e,e,e,e,e,e,e,e,e,e,e,e,e,e,e,e,e,e,e,e,e,e,e,e,e,e,e,e,e,e,e,e,e,e,e,e,e,e,e,e,e,e,e,e,e,e,e,e,e,e,e,e,e,e,e,e,e,e,e,e,e,e,e,e,e,e,e,e,e,e,e,e,e,e,e,e,e,e,e,e,e,e,e,e,e,e,e,e,e,e,e,e,e,e,e,e,e,e,e,e,0.10,e,0.60,e,e,0.48,2.03,5.25,8.37,10.52,11.70,12.87,14.00,15.13,16.16,16.85,18.12,20.16,22.44,22.64,21.91,22.32,23.55,25.18,26.83,28.01,28.79,29.55,30.41,31.23,31.84,32.16,32.72,33.59,34.55,35.66,36.51,37.04,37.46,38.35,39.25,39.66,39.71,39.75,40.75,41.81,42.27,42.47,42.69,43.68,44.70,44.39,44.73,46.56,46.89,47.07,47.07,46.55,45.89,46.66,48.94,49.88,49.21,48.84,49.11,49.42,50.23,52.05,54.05,55.55,56.05,56.47,56.85,56.97,56.63,56.22,55.93,55.98,55.88,55.58
e,e,e,e,e,e,e,e,e,e,e,e,e,e,e,e,e,e,e,e,e,e,e,e,e,e,e,e,e,e,e,e,e,e,e,e,e,e,e,e,e,e,e,e,e,e,e,e,e,e,e,e,e,e,e,e,e,e,e,e,e,e,e,e,e,e,e,e,e,e,e,e,e,e,e,e,e,e,e,e,e,e,e,e,e,e,e,e,e,e,e,e,e,e,e,e,e,e,e,e,e,e,e,e,e,e,e,e,e,e,e,e,e,e,e,e,e,e,e,e,e,e,e,e,e,e,e,e,e,e,e,e,e,e,e,e,e,e,e,e,e,e,e,e,e,e,e,e,e,e,e,e,e,e,e,e,e,e,e,e,e,e,e,e,e,e,e,e,e,e,e,e,e,e,e,e,e,e,e,e,e,e,0.98,3.35,6.02,8.19,10.08,11.30,12.42,13.65,14.60,15.63,17.48,19.22,21.12,21.20,20.77,21.63,23.21,24.83,26.06,26.86,27.58,28.41,29.26,30.02,30.40,30.77,31.45,32.45,33.63,34.62,35.30,35.72,36.14,36.91,37.58,37.95,38.02,38.52,39.63,40.29,40.52,40.73,41.19,42.67,42.82,42.61,43.90,45.22,45.29,45.52,45.55,44.98,44.45,45.56,47.28,48.03,47.27,47.18,48.78,49.66,50.90,52.29,53.90,54.41,54.70,55.17,55.64,56.03,55.67,55.24,54.83,54.63,54.53,54.49
e,e,e,e,e,e,e,e,e,e,e,e,e,e,e,e,e,e,e,e,e,e,e,e,e,e,e,e,e,e,e,e,e,e,e,e,e,e,e,e,e,e,e,e,e,e,e,e,e,e,e,e,e,e,e,e,e,e,e,e,e,e,e,e,e,e,e,e,e,e,e,e,e,e,e,e,e,e,e,e,e,e,e,e,e,e,e,e,e,e,e,e,e,e,e,e,e,e,e,e,e,e,e,e,e,e,e,e,e,e,e,e,e,e,e,e,e,e,e,e,e,e,e,e,e,e,e,e,e,e,e,e,e,e,e,e,e,e,e,e,e,e,e,e,e,e,e,e,e,e,e,e,e,e,e,e,e,e,e,e,e,e,e,e,e,e,e,e,e,e,e,e,e,e,e,e,e,e,e,e,e,e,0.18,1.28,3.65,5.93,7.97,9.56,11.07,12.28,13.11,14.78,15.94,17.71,19.09,18.85,19.38,21.29,22.91,23.93,24.63,25.58,26.36,27.18,27.89,28.47,28.89,29.39,30.36,31.63,32.67,33.46,33.98,34.29,34.65,35.28,35.92,36.27,36.54,37.63,38.54,38.72,38.83,39.02,39.91,41.27,41.00,41.19,43.28,43.31,43.65,43.89,44.05,43.48,43.02,43.60,44.88,45.49,45.52,47.03,49.30,50.34,50.62,51.92,53.01,53.11,53.36,53.81,54.47,55.16,54.86,54.41,53.81,53.46,53.35,53.51
e,e,e,e,e,e,e,e,e,e,e,e,e,e,e,e,e,e,e,e,e,e,e,e,e,e,e,e,e,e,e,e,e,e,e,e,e,e,e,e,e,e,e,e,e,e,e,e,e,e,e,e,e,e,e,e,e,e,e,e,e,e,e,e,e,e,e,e,e,e,e,e,e,e,e,e,e,e,e,e,e,e,e,e,e,e,e,e,e,e,e,e,e,e,e,e,e,e,e,e,e,e,e,e,e,e,e,e,e,e,e,e,e,e,e,e,e,e,e,e,e,e,e,e,e,e,e,e,e,e,e,e,e,e,e,e,e,e,e,e,e,e,e,e,e,e,e,e,e,e,e,e,e,e,e,e,e,e,e,e,e,e,e,e,e,e,e,e,e,e,e,e,e,e,e,e,e,e,e,e,e,e,e,0.84,1.55,3.73,5.62,7.67,9.65,10.74,12.08,12.96,13.88,15.18,15.66,15.03,18.89,21.06,22.02,22.30,23.07,24.10,25.07,25.73,26.42,26.95,27.52,28.54,29.66,30.71,31.56,32.16,32.69,32.84,33.09,33.69,34.30,34.65,35.50,36.71,37.15,37.12,37.17,37.65,38.86,39.16,38.89,40.72,41.63,41.54,42.11,42.21,42.61,41.99,41.63,42.14,42.88,43.93,45.42,47.30,49.13,49.46,49.32,50.86,51.83,51.79,52.00,52.57,53.56,54.30,54.05,53.51,52.73,52.29,52.27,52.59
e,e,e,e,e,e,e,e,e,e,e,e,e,e,e,e,e,e,e,e,e,e,e,e,e,e,e,e,e,e,e,e,e,e,e,e,e,e,e,e,e,e,e,e,e,e,e,e,e,e,e,e,e,e,e,e,e,e,e,e,e,e,e,e,e,e,e,e,e,e,e,e,e,e,e,e,e,e,e,e,e,e,e,e,e,e,e,e,e,e,e,e,e,e,e,e,e,e,e,e,e,e,e,e,e,e,e,e,e,e,e,e,e,e,e,e,e,e,e,e,e,e,e,e,e,e,e,e,e,e,e,e,e,e,e,e,e,e,e,e,e,e,e,e,e,e,e,e,e,e,e,e,e,e,e,e,e,e,e,e,e,e,e,e,e,e,e,e,e,e,e,e,e,e,e,e,e,e,e,e,e,e,e,e,0.31,1.58,3.56,5.62,7.25,8.91,10.21,10.84,10.94,12.21,11.67,11.79,17.10,19.91,20.50,20.62,21.59,22.82,23.56,24.23,24.93,25.74,26.94,28.06,28.88,29.61,30.40,30.86,31.34,31.33,31.57,32.11,32.70,33.39,34.67,35.52,35.54,35.51,35.66,36.77,37.64,36.47,39.06,39.78,38.36,39.62,40.30,40.43,41.12,40.63,40.34,41.05,42.31,43.99,45.70,47.42,48.06,47.80,48.37,49.72,50.45,50.46,50.70,51.60,52.70,53.45,53.19,52.55,51.66,51.14,51.25,51.67
e,e,e,e,e,e,e,e,e,e,e,e,e,e,e,e,e,e,e,e,e,e,e,e,e,e,e,e,e,e,e,e,e,e,e,e,e,e,e,e,e,e,e,e,e,e,e,e,e,e,e,e,e,e,e,e,e,e,e,e,e,e,e,e,e,e,e,e,e,e,e,e,e,e,e,e,e,e,e,e,e,e,e,e,e,e,e,e,e,e,e,e,e,e,e,e,e,e,e,e,e,e,e,e,e,e,e,e,e,e,e,e,e,e,e,e,e,e,e,e,e,e,e,e,e,e,e,e,e,e,e,e,e,e,e,e,e,e,e,e,e,e,e,e,e,e,e,e,e,e,e,e,e,e,e,e,e,e,e,e,e,e,e,e,e,e,e,e,e,e,e,e,e,e,e,e,e,e,e,e,e,e,e,e,e,0.40,1.50,3.33,4.94,6.57,7.84,8.41,8.72,9.81,9.54,11.00,15.58,18.13,18.63,19.05,20.56,21.45,22.05,22.89,24.00,25.32,26.42,27.20,27.87,28.66,29.17,29.59,29.95,29.76,30.04,30.61,31.34,32.55,33.84,33.89,33.80,33.84,34.64,35.98,35.64,34.62,37.64,37.34,35.08,35.34,36.73,37.66,39.00,39.21,39.59,40.80,42.49,44.20,45.83,46.51,46.41,46.36,47.44,48.56,49.04,49.02,49.78,50.83,51.81,52.49,52.28,51.58,50.61,50.02,50.32,50.78
e,e,e,e,e,e,e,e,e,e,e,e,e,e,e,e,e,e,e,e,e,e,e,e,e,e,e,e,e,e,e,e,e,e,e,e,e,e,e,e,e,e,e,e,e,e,e,e,e,e,e,e,e,e,e,e,e,e,e,e,e,e,e,e,e,e,e,e,e,e,e,e,e,e,e,e,e,e,e,e,e,e,e,e,e,e,e,e,e,e,e,e,e,e,e,e,e,e,e,e,e,e,e,e,e,e,e,e,e,e,e,e,e,e,e,e,e,e,e,e,e,e,e,e,e,e,e,e,e,e,e,e,e,e,e,e,e,e,e,e,e,e,e,e,e,e,e,e,e,e,e,e,e,e,e,e,e,e,e,e,e,e,e,e,e,e,e,e,e,e,e,e,e,e,e,e,e,e,e,e,e,e,e,e,e,e,0.33,1.16,2.73,4.42,5.53,6.29,7.04,8.36,9.90,12.17,14.85,16.46,16.64,17.69,19.16,19.96,21.07,22.35,23.71,24.80,25.46,26.16,26.95,27.70,28.07,28.33,28.70,28.07,28.30,29.00,30.31,31.77,32.62,32.13,32.00,32.58,33.97,34.85,33.53,32.70,34.70,34.00,33.12,34.89,38.24,39.74,38.94,39.53,40.27,41.11,42.58,44.23,44.99,44.90,44.76,45.20,46.37,47.45,47.69,47.88,49.17,49.99,50.66,51.31,51.32,50.69,49.82,49.09,49.10,49.66
e,e,e,e,e,e,e,e,e,e,e,e,e,e,e,e,e,e,e,e,e,e,e,e,e,e,e,e,e,e,e,e,e,e,e,e,e,e,e,e,e,e,e,e,e,e,e,e,e,e,e,e,e,e,e,e,e,e,e,e,e,e,e,e,e,e,e,e,e,e,e,e,e,e,e,e,e,e,e,e,e,e,e,e,e,e,e,e,e,e,e,e,e,e,e,e,e,e,e,e,e,e,e,e,e,e,e,e,e,e,e,e,e,e,e,e,e,e,e,e,e,e,e,e,e,e,e,e,e,e,e,e,e,e,e,e,e,e,e,e,e,e,e,e,e,e,e,e,e,e,e,e,e,e,e,e,e,e,e,e,e,e,e,e,e,e,e,e,e,e,e,e,e,e,e,e,e,e,e,e,e,e,e,e,e,e,e,0.30,0.87,2.26,3.40,4.43,5.59,7.32,9.25,11.35,13.29,14.68,14.83,16.11,17.34,19.03,20.77,22.16,23.18,23.80,24.45,25.23,26.00,26.76,26.84,27.11,27.52,26.59,26.47,27.23,28.80,30.28,30.82,30.41,30.50,31.88,33.22,33.25,31.59,30.84,31.75,31.55,33.36,35.83,38.22,39.84,40.30,40.55,41.01,41.64,42.70,43.48,43.41,43.29,43.29,44.19,45.35,46.28,46.35,47.08,48.22,48.64,49.43,49.92,49.87,49.55,48.89,48.25,47.88,48.45
e,e,e,e,e,e,e,e,e,e,e,e,e,e,e,e,e,e,e,e,e,e,e,e,e,e,e,e,e,e,e,e,e,e,e,e,e,e,e,e,e,e,e,e,e,e,e,e,e,e,e,e,e,e,e,e,e,e,e,e,e,e,e,e,e,e,e,e,e,e,e,e,e,e,e,e,e,e,e,e,e,e,e,e,e,e,e,e,e,e,e,e,e,e,e,e,e,e,e,e,e,e,e,e,e,e,e,e,e,e,e,e,e,e,e,e,e,e,e,e,e,e,e,e,e,e,e,e,e,e,e,e,e,e,e,e,e,e,e,e,e,e,e,e,e,e,e,e,e,e,e,e,e,e,e,e,e,e,e,e,e,e,e,e,e,e,e,e,e,e,e,e,e,e,e,e,e,e,e,e,e,e,e,e,e,e,e,e,0.45,0.66,1.57,2.79,4.40,6.15,7.87,9.82,12.07,12.68,13.20,14.59,16.56,18.78,20.51,21.52,22.08,22.69,23.50,24.27,25.06,25.77,25.59,25.91,26.35,25.33,24.64,25.33,26.87,28.36,28.80,28.50,29.95,31.18,31.32,31.68,30.66,29.79,30.20,31.82,34.15,36.35,38.11,39.35,39.75,40.24,40.27,40.89,41.84,42.04,41.84,41.74,42.17,43.25,44.36,45.03,45.15,46.11,46.90,47.40,48.27,48.79,48.71,48.43,47.83,47.22,47.15,47.84
e,e,e,e,e,e,e,e,e,e,e,e,e,e,e,e,e,e,e,e,e,e,e,e,e,e,e,e,e,e,e,e,e,e,e,e,e,e,e,e,e,e,e,e,e,e,e,e,e,e,e,e,e,e,e,e,e,e,e,e,e,e,e,e,e,e,e,e,e,e,e,e,e,e,e,e,e,e,e,e,e,e,e,e,e,e,e,e,e,e,e,e,e,e,e,e,e,e,e,e,e,e,e,e,e,e,e,e,e,e,e,e,e,e,e,e,e,e,e,e,e,e,e,e,e,e,e,e,e,e,e,e,e,e,e,e,e,e,e,e,e,e,e,e,e,e,e,e,e,e,e,e,e,e,e,e,e,e,e,e,e,e,e,e,e,e,e,e,e,e,e,e,e,e,e,e,e,e,e,e,e,e,e,e,e,e,e,e,e,e,0.35,1.38,3.04,4.81,6.95,9.24,10.58,10.71,12.02,14.17,16.43,18.43,19.50,20.22,20.95,21.79,22.53,23.28,24.07,24.70,24.33,24.70,25.15,24.04,22.93,23.38,25.05,26.68,26.93,26.99,28.85,29.12,29.91,30.50,29.89,29.63,31.32,33.17,34.94,36.59,38.04,38.36,38.73,39.28,38.95,39.48,40.54,40.77,40.33,40.37,41.20,42.31,43.45,43.66,44.00,44.96,45.57,46.38,47.40,47.66,47.59,47.34,46.74,46.22,46.56,47.25
e,e,e,e,e,e,e,e,e,e,e,e,e,e,e,e,e,e,e,e,e,e,e,e,e,e,e,e,e,e,e,e,e,e,e,e,e,e,e,e,e,e,e,e,e,e,e,e,e,e,e,e,e,e,e,e,e,e,e,e,e,e,e,e,e,e,e,e,e,e,e,e,e,e,e,e,e,e,e,e,e,e,e,e,e,e,e,e,e,e,e,e,e,e,e,e,e,e,e,e,e,e,e,e,e,e,e,e,e,e,e,e,e,e,e,e,e,e,e,e,e,e,e,e,e,e,e,e,e,e,e,e,e,e,e,e,e,e,e,e,e,e,e,e,e,e,e,e,e,e,e,e,e,e,e,e,e,e,e,e,e,e,e,e,e,e,e,e,e,e,e,e,e,e,e,e,e,e,e,e,e,e,e,e,e,e,e,e,e,e,e,0.43,1.72,3.85,6.09,8.48,9.67,10.00,11.84,14.10,16.30,17.57,18.23,19.09,20.07,20.82,21.49,22.26,23.06,23.60,23.03,23.46,24.01,22.87,21.44,21.38,23.01,24.98,24.89,25.32,26.34,28.73,29.91,29.17,29.33,29.65,31.25,33.13,34.96,36.63,37.15,36.94,37.47,37.73,37.57,38.40,39.50,39.56,39.14,39.33,40.27,41.55,42.31,42.36,42.91,43.71,44.46,45.52,46.44,46.51,46.52,46.28,45.65,45.41,45.98,46.69
e,e,e,e,e,e,e,e,e,e,e,e,e,e,e,e,e,e,e,e,e,e,e,e,e,e,e,e,e,e,e,e,e,e,e,e,e,e,e,e,e,e,e,e,e,e,e,e,e,e,e,e,e,e,e,e,e,e,e,e,e,e,e,e,e,e,e,e,e,e,e,e,e,e,e,e,e,e,e,e,e,e,e,e,e,e,e,e,e,e,e,e,e,e,e,e,e,e,e,e,e,e,e,e,e,e,e,e,e,e,e,e,e,e,e,e,e,e,e,e,e,e,e,e,e,e,e,e,e,e,e,e,e,e,e,e,e,e,e,e,e,e,e,e,e,e,e,e,e,e,e,e,e,e,e,e,e,e,e,e,e,e,e,e,e,e,e,e,e,e,e,e,e,e,e,e,e,e,e,e,e,e,e,e,e,e,e,e,e,e,e,0.10,0.85,3.27,6.08,8.88,10.42,11.02,12.54,14.45,15.61,16.28,17.16,18.31,19.13,19.78,20.48,21.21,22.14,22.46,21.72,22.16,22.88,21.79,20.18,19.84,21.76,23.52,22.89,23.16,24.84,27.03,28.04,28.38,30.19,30.42,31.31,33.16,35.08,36.03,35.66,35.54,35.99,36.21,36.65,37.82,38.69,38.49,38.12,38.58,39.47,40.56,41.01,41.16,41.79,42.52,43.55,44.71,45.40,45.47,45.49,45.20,44.60,44.79,45.41,46.07
e,e,e,e,e,e,e,e,e,e,e,e,e,e,e,e,e,e,e,e,e,e,e,e,e,e,e,e,e,e,e,e,e,e,e,e,e,e,e,e,e,e,e,e,e,e,e,e,e,e,e,e,e,e,e,e,e,e,e,e,e,e,e,e,e,e,e,e,e,e,e,e,e,e,e,e,e,e,e,e,e,e,e,e,e,e,e,e,e,e,e,e,e,e,e,e,e,e,e,e,e,e,e,e,e,e,e,e,e,e,e,e,e,e,e,e,e,e,e,e,e,e,e,e,e,e,e,e,e,e,e,e,e,e,e,e,e,e,e,e,e,e,e,e,e,e,e,e,e,e,e,e,e,e,e,e,e,e,e,e,e,e,e,e,e,e,e,e,e,e,e,e,e,e,e,e,e,e,e,e,e,e,e,e,e,e,e,e,e,e,e,e,0.66,2.73,5.51,8.13,10.01,11.52,12.81,13.67,14.34,15.24,16.40,17.49,18.04,18.39,18.82,19.86,21.06,21.23,20.43,20.83,21.69,20.75,18.85,19.76,21.34,21.68,20.92,21.75,23.27,24.98,26.57,28.31,30.06,31.60,32.24,33.59,34.96,34.73,34.18,34.19,34.53,35.00,36.09,37.33,37.68,37.43,37.23,37.92,38.75,39.33,39.57,39.88,40.59,41.59,42.77,43.94,44.33,44.35,44.43,44.12,43.72,44.21,44.83,45.47
e,e,e,e,e,e,e,e,e,e,e,e,e,e,e,e,e,e,e,e,e,e,e,e,e,e,e,e,e,e,e,e,e,e,e,e,e,e,e,e,e,e,e,e,e,e,e,e,e,e,e,e,e,e,e,e,e,e,e,e,e,e,e,e,e,e,e,e,e,e,e,e,e,e,e,e,e,e,e,e,e,e,e,e,e,e,e,e,e,e,e,e,e,e,e,e,e,e,e,e,e,e,e,e,e,e,e,e,e,e,e,e,e,e,e,e,e,e,e,e,e,e,e,e,e,e,e,e,e,e,e,e,e,e,e,e,e,e,e,e,e,e,e,e,e,e,e,e,e,e,e,e,e,e,e,e,e,e,e,e,e,e,e,e,e,e,e,e,e,e,e,e,e,e,e,e,e,e,e,e,e,e,e,e,e,e,e,e,e,e,e,e,0.35,2.09,4.80,7.37,9.11,10.74,11.69,12.35,13.29,14.54,15.64,16.06,16.24,16.40,16.66,17.82,19.67,19.71,18.72,19.50,20.44,19.75,18.08,17.58,19.64,19.12,19.40,21.55,23.57,25.54,27.43,29.26,30.47,31.58,32.79,33.90,33.76,33.15,32.70,32.90,33.28,34.31,35.61,36.62,36.59,36.36,36.48,37.27,38.02,38.33,38.33,38.35,39.46,40.80,42.10,43.11,43.24,43.24,43.34,43.05,43.01,43.62,44.20,44.82
e,e,e,e,e,e,e,e,e,e,e,e,e,e,e,e,e,e,e,e,e,e,e,e,e,e,e,e,e,e,e,e,e,e,e,e,e,e,e,e,e,e,e,e,e,e,e,e,e,e,e,e,e,e,e,e,e,e,e,e,e,e,e,e,e,e,e,e,e,e,e,e,e,e,e,e,e,e,e,e,e,e,e,e,e,e,e,e,e,e,e,e,e,e,e,e,e,e,e,e,e,e,e,e,e,e,e,e,e,e,e,e,e,e,e,e,e,e,e,e,e,e,e,e,e,e,e,e,e,e,e,e,e,e,e,e,e,e,e,e,e,e,e,e,e,e,e,e,e,e,e,e,e,e,e,e,e,e,e,e,e,e,e,e,e,e,e,e,e,e,e,e,e,e,e,e,e,e,e,e,e,e,e,e,e,e,e,e,e,e,e,e,0.64,1.93,4.28,6.28,7.74,9.28,10.37,11.27,12.58,13.92,14.45,14.08,14.13,14.30,14.54,15.95,16.78,16.73,16.32,17.91,18.09,16.47,16.35,14.58,15.10,15.27,19.95,22.19,24.15,25.68,27.14,28.76,29.61,30.26,31.66,32.98,32.35,31.56,31.31,31.70,32.46,33.77,35.11,35.66,35.50,35.35,35.81,36.61,37.13,37.20,37.15,37.46,38.84,40.18,41.38,42.11,42.10,42.14,42.26,42.07,42.41,43.02,43.49,44.16
e,e,e,e,e,e,e,e,e,e,e,e,e,e,e,e,e,e,e,e,e,e,e,e,e,e,e,e,e,e,e,e,e,e,e,e,e,e,e,e,e,e,e,e,e,e,e,e,e,e,e,e,e,e,e,e,e,e,e,e,e,e,e,e,e,e,e,e,e,e,e,e,e,e,e,e,e,e,e,e,e,e,e,e,e,e,e,e,e,e,e,e,e,e,e,e,e,e,e,e,e,e,e,e,e,e,e,e,e,e,e,e,e,e,e,e,e,e,e,e,e,e,e,e,e,e,e,e,e,e,e,e,e,e,e,e,e,e,e,e,e,e,e,e,e,e,e,e,e,e,e,e,e,e,e,e,e,e,e,e,e,e,e,e,e,e,e,e,e,e,e,e,e,e,e,e,e,e,e,e,e,e,e,e,e,e,e,e,e,e,e,e,0.36,1.84,3.20,3.97,4.89,6.94,8.87,10.59,11.94,13.06,12.81,12.28,11.98,12.08,12.32,13.39,13.50,13.46,13.70,14.53,15.00,12.72,13.13,12.13,10.43,14.69,20.30,22.38,24.34,25.60,26.67,28.02,28.60,29.10,30.35,31.81,31.52,30.15,30.00,30.70,31.86,33.28,34.50,34.57,34.41,34.47,35.16,35.84,36.00,36.00,36.01,36.85,38.22,39.37,40.38,40.95,40.96,41.02,41.21,41.27,41.79,42.31,42.79,43.50
e,e,e,e,e,e,e,e,e,e,e,e,e,e,e,e,e,e,e,e,e,e,e,e,e,e,e,e,e,e,e,e,e,e,e,e,e,e,e,e,e,e,e,e,e,e,e,e,e,e,e,e,e,e,e,e,e,e,e,e,e,e,e,e,e,e,e,e,e,e,e,e,e,e,e,e,e,e,e,e,e,e,e,e,e,e,e,e,e,e,e,e,e,e,e,e,e,e,e,e,e,e,e,e,e,e,e,e,e,e,e,e,e,e,e,e,e,e,e,e,e,e,e,e,e,e,e,e,e,e,e,e,e,e,e,e,e,e,e,e,e,e,e,e,e,e,e,e,e,e,e,e,e,e,e,e,e,e,e,e,e,e,e,e,e,e,e,e,e,e,e,e,e,e,e,e,e,e,e,e,e,e,e,e,e,e,e,e,e,0.60,0.10,0.70,0.23,0.86,1.03,1.72,1.99,4.62,7.50,10.03,11.24,11.55,11.09,10.41,9.75,9.38,9.61,10.20,10.64,10.98,11.23,11.59,11.90,10.21,9.97,10.03,9.25,17.23,21.08,22.69,24.45,25.60,26.59,27.43,27.45,27.86,28.98,30.05,30.77,30.00,28.76,29.88,31.42,32.93,33.65,33.51,33.38,33.74,34.49,34.84,34.84,34.84,35.07,36.16,37.34,38.30,39.06,39.57,39.72,39.83,40.17,40.60,41.12,41.57,42.12,42.93
e,e,e,e,e,e,e,e,e,e,e,e,e,e,e,e,e,e,e,e,e,e,e,e,e,e,e,e,e,e,e,e,e,e,e,e,e,e,e,e,e,e,e,e,e,e,e,e,e,e,e,e,e,e,e,e,e,e,e,e,e,e,e,e,e,e,e,e,e,e,e,e,e,e,e,e,e,e,e,e,e,e,e,e,e,e,e,e,e,e,e,e,e,e,e,e,e,e,e,e,e,e,e,e,e,e,e,e,e,e,e,e,e,e,e,e,e,e,e,e,e,e,e,e,e,e,e,e,e,e,e,e,e,e,e,e,e,e,e,e,e,e,e,e,e,e,e,e,e,e,e,e,e,e,e,e,e,e,e,e,e,e,e,e,e,e,e,e,e,e,e,e,e,e,e,e,e,e,e,e,e,e,e,e,e,e,e,e,e,e,e,e,0.10,e,0.80,0.56,0.83,2.19,5.05,7.82,9.20,9.03,7.96,6.78,5.85,5.28,5.62,4.96,6.01,7.42,8.17,8.71,8.55,7.82,7.77,7.28,9.52,16.90,20.97,22.83,24.47,25.56,26.28,26.63,26.27,26.31,27.13,27.76,28.48,29.59,28.24,29.48,31.17,32.42,32.61,32.47,32.46,33.04,33.71,33.72,33.68,33.68,34.15,35.25,36.11,36.63,37.04,37.59,37.93,38.09,38.86,39.78,40.41,40.81,41.49,42.40
e,e,e,e,e,e,e,e,e,e,e,e,e,e,e,e,e,e,e,e,e,e,e,e,e,e,e,e,e,e,e,e,e,e,e,e,e,e,e,e,e,e,e,e,e,e,e,e,e,e,e,e,e,e,e,e,e,e,e,e,e,e,e,e,e,e,e,e,e,e,e,e,e,e,e,e,e,e,e,e,e,e,e,e,e,e,e,e,e,e,e,e,e,e,e,e,e,e,e,e,e,e,e,e,e,e,e,e,e,e,e,e,e,e,e,e,e,e,e,e,e,e,e,e,e,e,e,e,e,e,e,e,e,e,e,e,e,e,e,e,e,e,e,e,e,e,e,e,e,e,e,e,e,e,e,e,e,e,e,e,e,e,e,e,e,e,e,e,e,e,e,e,e,e,e,e,e,e,e,e,e,e,e,e,e,e,e,e,e,e,e,e,0.10,e,e,e,e,0.42,2.02,4.09,5.71,4.76,3.17,1.99,1.69,1.57,1.68,1.07,1.74,3.30,4.35,5.26,5.30,5.33,5.68,5.39,7.50,10.52,16.16,21.14,23.60,24.85,25.47,25.61,24.98,24.51,24.71,25.21,25.86,26.80,26.73,29.25,30.64,31.51,31.57,31.45,31.71,32.37,32.76,32.60,32.56,32.59,33.20,33.94,34.10,34.48,34.91,35.45,35.98,36.44,37.41,38.41,39.29,40.03,40.96,41.82
e,e,e,e,e,e,e,e,e,e,e,e,e,e,e,e,e,e,e,e,e,e,e,e,e,e,e,e,e,e,e,e,e,e,e,e,e,e,e,e,e,e,e,e,e,e,e,e,e,e,e,e,e,e,e,e,e,e,e,e,e,e,e,e,e,e,e,e,e,e,e,e,e,e,e,e,e,e,e,e,e,e,e,e,e,e,e,e,e,e,e,e,e,e,e,e,e,e,e,e,e,e,e,e,e,e,e,e,e,e,e,e,e,e,e,e,e,e,e,e,e,e,e,e,e,e,e,e,e,e,e,e,e,e,e,e,e,e,e,e,e,e,e,e,e,e,e,e,e,e,e,e,e,e,e,e,e,e,e,e,e,e,e,e,e,e,e,e,e,e,e,e,e,e,e,e,e,e,e,e,e,e,e,e,e,e,e,e,e,e,e,e,e,e,e,e,e,e,0.98,1.12,1.96,1.20,0.97,0.23,0.10,e,0.10,0.03,0.67,0.90,1.63,1.76,2.24,2.75,3.37,3.60,5.49,7.27,9.31,15.63,21.51,22.95,23.77,23.66,22.49,21.30,21.23,21.51,22.55,23.84,25.51,27.80,29.12,30.05,30.50,30.50,31.01,31.62,31.66,31.48,31.40,31.52,32.19,32.28,32.17,32.35,32.77,33.35,34.02,34.93,35.91,36.92,37.81,38.92,39.98,41.03
e,e,e,e,e,e,e,e,e,e,e,e,e,e,e,e,e,e,e,e,e,e,e,e,e,e,e,e,e,e,e,e,e,e,e,e,e,e,e,e,e,e,e,e,e,e,e,e,e,e,e,e,e,e,e,e,e,e,e,e,e,e,e,e,e,e,e,e,e,e,e,e,e,e,e,e,e,e,e,e,e,e,e,e,e,e,e,e,e,e,e,e,e,e,e,e,e,e,e,e,e,e,e,e,e,e,e,e,e,e,e,e,e,e,e,e,e,e,e,e,e,e,e,e,e,e,e,e,e,e,e,e,e,e,e,e,e,e,e,e,e,e,e,e,e,e,e,e,e,e,e,e,e,e,e,e,e,e,e,e,e,e,e,e,e,e,e,e,e,e,e,e,e,e,e,e,e,e,e,e,e,e,e,e,e,e,e,e,e,e,e,e,e,e,e,e,e,e,0.40,2.10,e,e,e,e,e,e,e,e,e,e,e,e,0.30,0.77,1.04,1.66,3.16,4.64,6.33,8.50,14.94,20.45,21.24,20.96,20.04,19.06,18.92,19.33,20.56,22.70,24.78,26.55,28.01,28.81,29.35,29.67,30.18,30.67,30.54,30.36,30.30,30.53,30.81,30.60,30.41,30.40,30.69,31.48,32.52,33.51,34.46,35.43,36.59,37.57,38.75,39.96
e,e,e,e,e,e,e,e,e,e,e,e,e,e,e,e,e,e,e,e,e,e,e,e,e,e,e,e,e,e,e,e,e,e,e,e,e,e,e,e,e,e,e,e,e,e,e,e,e,e,e,e,e,e,e,e,e,e,e,e,e,e,e,e,e,e,e,e,e,e,e,e,e,e,e,e,e,e,e,e,e,e,e,e,e,e,e,e,e,e,e,e,e,e,e,e,e,e,e,e,e,e,e,e,e,e,e,e,e,e,e,e,e,e,e,e,e,e,e,e,e,e,e,e,e,e,e,e,e,e,e,e,e,e,e,e,e,e,e,e,e,e,e,e,e,e,e,e,e,e,e,e,e,e,e,e,e,e,e,e,e,e,e,e,e,e,e,e,e,e,e,e,e,e,e,e,e,e,e,e,e,e,e,e,e,e,e,e,e,e,e,e,e,e,e,e,e,e,0.00,2.10,e,e,e,e,e,e,e,e,e,e,e,e,e,e,e,0.48,1.09,1.96,3.89,6.50,10.07,15.54,17.94,17.86,17.84,17.53,17.99,19.11,20.85,23.36,25.20,26.18,27.12,27.91,28.44,28.86,29.26,29.52,29.57,29.52,29.50,29.67,29.66,29.58,29.48,29.41,29.57,30.16,31.17,32.13,33.08,34.21,35.28,36.14,37.51,37.98
e,e,e,e,e,e,e,e,e,e,e,e,e,e,e,e,e,e,e,e,e,e,e,e,e,e,e,e,e,e,e,e,e,e,e,e,e,e,e,e,e,e,e,e,e,e,e,e,e,e,e,e,e,e,e,e,e,e,e,e,e,e,e,e,e,e,e,e,e,e,e,e,e,e,e,e,e,e,e,e,e,e,e,e,e,e,e,e,e,e,e,e,e,e,e,e,e,e,e,e,e,e,e,e,e,e,e,e,e,e,e,e,e,e,e,e,e,e,e,e,e,e,e,e,e,e,e,e,e,e,e,e,e,e,e,e,e,e,e,e,e,e,e,e,e,e,e,e,e,e,e,e,e,e,e,e,e,e,e,e,e,e,e,e,e,e,e,e,e,e,e,e,e,e,e,e,e,e,e,e,e,e,e,e,e,e,e,e,e,e,e,e,e,e,e,e,e,e,e,e,e,e,e,e,e,e,e,e,e,e,e,e,e,e,e,e,e,0.44,2.13,5.20,8.75,11.93,14.02,15.01,16.18,17.26,18.60,19.43,20.63,22.66,24.57,25.75,26.54,27.20,27.62,28.08,28.45,28.71,28.88,28.83,28.89,29.12,29.07,29.01,28.92,28.88,29.18,29.58,30.04,30.75,31.83,33.02,33.65,34.86,35.44,35.48
e,e,e,e,e,e,e,e,e,e,e,e,e,e,e,e,e,e,e,e,e,e,e,e,e,e,e,e,e,e,e,e,e,e,e,e,e,e,e,e,e,e,e,e,e,e,e,e,e,e,e,e,e,e,e,e,e,e,e,e,e,e,e,e,e,e,e,e,e,e,e,e,e,e,e,e,e,e,e,e,e,e,e,e,e,e,e,e,e,e,e,e,e,e,e,e,e,e,e,e,e,e,e,e,e,e,e,e,e,e,e,e,e,e,e,e,e,e,e,e,e,e,e,e,e,e,e,e,e,e,e,e,e,e,e,e,e,e,e,e,e,e,e,e,e,e,e,e,e,e,e,e,e,e,e,e,e,e,e,e,e,e,e,e,e,e,e,e,e,e,e,e,e,e,e,e,e,e,e,e,e,e,e,e,e,e,e,e,e,e,e,e,e,e,e,e,e,e,e,e,e,e,e,e,e,e,e,e,e,e,e,e,e,e,e,e,e,e,1.57,5.33,8.76,11.39,14.43,17.02,18.20,18.49,19.57,21.23,22.79,24.49,25.14,25.73,26.37,26.53,26.86,27.31,27.63,27.87,28.09,28.16,28.32,28.55,28.52,28.45,28.37,28.48,28.85,29.21,29.46,29.80,30.74,31.34,32.25,33.10,33.31,33.28
e,e,e,e,e,e,e,e,e,e,e,e,e,e,e,e,e,e,e,e,e,e,e,e,e,e,e,e,e,e,e,e,e,e,e,e,e,e,e,e,e,e,e,e,e,e,e,e,e,e,e,e,e,e,e,e,e,e,e,e,e,e,e,e,e,e,e,e,e,e,e,e,e,e,e,e,e,e,e,e,e,e,e,e,e,e,e,e,e,e,e,e,e,e,e,e,e,e,e,e,e,e,e,e,e,e,e,e,e,e,e,e,e,e,e,e,e,e,e,e,e,e,e,e,e,e,e,e,e,e,e,e,e,e,e,e,e,e,e,e,e,e,e,e,e,e,e,e,e,e,e,e,e,e,e,e,e,e,e,e,e,e,e,e,e,e,e,e,e,e,e,e,e,e,e,e,e,e,e,e,e,e,e,e,e,e,e,e,e,e,e,e,e,e,e,e,e,e,e,e,e,e,e,e,e,e,e,e,e,e,e,e,e,e,e,e,e,1.59,3.35,8.30,11.25,13.60,17.11,19.84,20.34,20.32,20.81,22.62,24.48,25.20,25.44,25.83,25.93,25.98,26.11,26.53,26.82,27.04,27.26,27.50,27.78,28.00,27.97,27.89,27.88,28.14,28.52,28.82,29.11,29.50,29.76,29.97,30.59,31.00,31.26,31.33
e,e,e,e,e,e,e,e,e,e,e,e,e,e,e,e,e,e,e,e,e,e,e,e,e,e,e,e,e,e,e,e,e,e,e,e,e,e,e,e,e,e,e,e,e,e,e,e,e,e,e,e,e,e,e,e,e,e,e,e,e,e,e,e,e,e,e,e,e,e,e,e,e,e,e,e,e,e,e,e,e,e,e,e,e,e,e,e,e,e,e,e,e,e,e,e,e,e,e,e,e,e,e,e,e,e,e,e,e,e,e,e,e,e,e,e,e,e,e,e,e,e,e,e,e,e,e,e,e,e,e,e,e,e,e,e,e,e,e,e,e,e,e,e,e,e,e,e,e,e,e,e,e,e,e,e,e,e,e,e,e,e,e,e,e,e,e,e,e,e,e,e,e,e,e,e,e,e,e,e,e,e,e,e,e,e,e,e,e,e,e,e,e,e,e,e,e,e,e,e,e,e,e,e,e,e,e,e,e,e,e,e,e,e,e,e,e,2.23,5.86,10.46,13.14,15.65,18.67,20.41,20.90,21.59,22.43,23.47,24.24,24.48,25.18,25.32,25.38,25.47,25.44,25.73,26.00,26.24,26.55,26.90,27.26,27.43,27.43,27.35,27.51,27.82,28.15,28.48,28.88,29.24,29.30,29.44,29.52,29.63,29.77,29.88
e,e,e,e,e,e,e,e,e,e,e,e,e,e,e,e,e,e,e,e,e,e,e,e,e,e,e,e,e,e,e,e,e,e,e,e,e,e,e,e,e,e,e,e,e,e,e,e,e,e,e,e,e,e,e,e,e,e,e,e,e,e,e,e,e,e,e,e,e,e,e,e,e,e,e,e,e,e,e,e,e,e,e,e,e,e,e,e,e,e,e,e,e,e,e,e,e,e,e,e,e,e,e,e,e,e,e,e,e,e,e,e,e,e,e,e,e,e,e,e,e,e,e,e,e,e,e,e,e,e,e,e,e,e,e,e,e,e,e,e,e,e,e,e,e,e,e,e,e,e,e,e,e,e,e,e,e,e,e,e,e,e,e,e,e,e,e,e,e,e,e,e,e,e,e,e,e,e,e,e,e,e,e,e,e,e,e,e,e,e,e,e,e,e,e,e,e,e,e,e,e,e,e,e,e,e,e,e,e,e,e,e,e,e,e,e,e,0.72,4.57,10.39,12.99,15.26,17.79,19.02,19.58,20.86,22.27,22.33,22.55,23.34,24.28,24.50,24.72,24.86,24.78,24.97,25.32,25.66,26.00,26.35,26.72,26.88,26.89,26.91,27.18,27.49,27.84,28.25,28.63,28.91,28.87,28.96,28.97,29.01,29.22,29.42
e,e,e,e,e,e,e,e,e,e,e,e,e,e,e,e,e,e,e,e,e,e,e,e,e,e,e,e,e,e,e,e,e,e,e,e,e,e,e,e,e,e,e,e,e,e,e,e,e,e,e,e,e,e,e,e,e,e,e,e,e,e,e,e,e,e,e,e,e,e,e,e,e,e,e,e,e,e,e,e,e,e,e,e,e,e,e,e,e,e,e,e,e,e,e,e,e,e,e,e,e,e,e,e,e,e,e,e,e,e,e,e,e,e,e,e,e,e,e,e,e,e,e,e,e,e,e,e,e,e,e,e,e,e,e,e,e,e,e,e,e,e,e,e,e,e,e,e,e,e,e,e,e,e,e,e,e,e,e,e,e,e,e,e,e,e,e,e,e,e,e,e,e,e,e,e,e,e,e,e,e,e,e,e,e,e,e,e,e,e,e,e,e,e,e,e,e,e,e,e,e,e,e,e,e,e,e,e,e,e,e,e,e,e,e,e,e,1.25,4.55,9.57,11.75,13.74,16.09,18.15,19.67,20.69,21.07,20.66,21.25,22.58,23.14,23.39,23.66,23.87,23.97,24.29,24.77,25.11,25.42,25.80,26.19,26.37,26.37,26.54,26.86,27.21,27.63,28.03,28.34,28.48,28.41,28.46,28.46,28.53,28.91,29.28
e,e,e,e,e,e,e,e,e,e,e,e,e,e,e,e,e,e,e,e,e,e,e,e,e,e,e,e,e,e,e,e,e,e,e,e,e,e,e,e,e,e,e,e,e,e,e,e,e,e,e,e,e,e,e,e,e,e,e,e,e,e,e,e,e,e,e,e,e,e,e,e,e,e,e,e,e,e,e,e,e,e,e,e,e,e,e,e,e,e,e,e,e,e,e,e,e,e,e,e,e,e,e,e,e,e,e,e,e,e,e,e,e,e,e,e,e,e,e,e,e,e,e,e,e,e,e,e,e,e,e,e,e,e,e,e,e,e,e,e,e,e,e,e,e,e,e,e,e,e,e,e,e,e,e,e,e,e,e,e,e,e,e,e,e,e,e,e,e,e,e,e,e,e,e,e,e,e,e,e,e,e,e,e,e,e,e,e,e,e,e,e,e,e,e,e,e,e,e,e,e,e,e,e,e,e,e,e,e,e,e,e,e,e,e,e,e,1.30,3.72,8.39,11.27,13.90,17.15,19.47,20.18,20.33,19.60,19.46,20.70,21.56,21.95,22.36,22.65,22.92,23.25,23.77,24.29,24.55,24.87,25.30,25.68,25.84,25.93,26.22,26.57,26.99,27.39,27.70,28.01,27.99,27.94,27.96,28.00,28.38,29.03,29.52
e,e,e,e,e,e,e,e,e,e,e,e,e,e,e,e,e,e,e,e,e,e,e,e,e,e,e,e,e,e,e,e,e,e,e,e,e,e,e,e,e,e,e,e,e,e,e,e,e,e,e,e,e,e,e,e,e,e,e,e,e,e,e,e,e,e,e,e,e,e,e,e,e,e,e,e,e,e,e,e,e,e,e,e,e,e,e,e,e,e,e,e,e,e,e,e,e,e,e,e,e,e,e,e,e,e,e,e,e,e,e,e,e,e,e,e,e,e,e,e,e,e,e,e,e,e,e,e,e,e,e,e,e,e,e,e,e,e,e,e,e,e,e,e,e,e,e,e,e,e,e,e,e,e,e,e,e,e,e,e,e,e,e,e,e,e,e,e,e,e,e,e,e,e,e,e,e,e,e,e,e,e,e,e,e,e,e,e,e,e,e,e,e,e,e,e,e,e,e,e,e,e,e,e,e,e,e,e,e,e,e,e,e,e,e,e,e,e,1.34,6.57,11.12,13.89,16.32,18.18,18.88,18.63,18.10,19.02,19.97,20.34,20.93,21.42,21.82,22.23,22.77,23.39,23.72,23.94,24.34,24.78,25.15,25.36,25.58,25.93,26.36,26.72,27.03,27.38,27.63,27.50,27.46,27.46,27.75,28.39,29.09,29.73
e,e,e,e,e,e,e,e,e,e,e,e,e,e,e,e,e,e,e,e,e,e,e,e,e,e,e,e,e,e,e,e,e,e,e,e,e,e,e,e,e,e,e,e,e,e,e,e,e,e,e,e,e,e,e,e,e,e,e,e,e,e,e,e,e,e,e,e,e,e,e,e,e,e,e,e,e,e,e,e,e,e,e,e,e,e,e,e,e,e,e,e,e,e,e,e,e,e,e,e,e,e,e,e,e,e,e,e,e,e,e,e,e,e,e,e,e,e,e,e,e,e,e,e,e,e,e,e,e,e,e,e,e,e,e,e,e,e,e,e,e,e,e,e,e,e,e,e,e,e,e,e,e,e,e,e,e,e,e,e,e,e,e,e,e,e,e,e,e,e,e,e,e,e,e,e,e,e,e,e,e,e,e,e,e,e,e,e,e,e,e,e,e,e,e,e,e,e,e,e,e,e,e,e,e,e,e,e,e,e,e,e,e,e,e,e,e,e,1.47,5.88,10.57,12.73,15.01,16.74,16.98,16.64,17.51,18.64,18.90,19.08,20.00,20.63,21.15,21.72,22.40,22.94,23.10,23.38,23.81,24.21,24.55,24.90,25.29,25.73,26.11,26.34,26.67,27.07,27.17,27.04,27.02,27.12,27.72,28.34,28.99,29.39
e,e,e,e,e,e,e,e,e,e,e,e,e,e,e,e,e,e,e,e,e,e,e,e,e,e,e,e,e,e,e,e,e,e,e,e,e,e,e,e,e,e,e,e,e,e,e,e,e,e,e,e,e,e,e,e,e,e,e,e,e,e,e,e,e,e,e,e,e,e,e,e,e,e,e,e,e,e,e,e,e,e,e,e,e,e,e,e,e,e,e,e,e,e,e,e,e,e,e,e,e,e,e,e,e,e,e,e,e,e,e,e,e,e,e,e,e,e,e,e,e,e,e,e,e,e,e,e,e,e,e,e,e,e,e,e,e,e,e,e,e,e,e,e,e,e,e,e,e,e,e,e,e,e,e,e,e,e,e,e,e,e,e,e,e,e,e,e,e,e,e,e,e,e,e,e,e,e,e,e,e,e,e,e,e,e,e,e,e,e,e,e,e,e,e,e,e,e,e,e,e,e,e,e,e,e,e,e,e,e,e,e,e,e,e,e,e,e,1.63,5.89,10.04,12.10,13.96,15.09,15.21,16.05,17.36,17.82,17.88,18.41,19.27,20.02,20.66,21.34,22.06,22.33,22.47,22.85,23.27,23.65,23.94,24.45,25.06,25.50,25.69,25.98,26.37,26.75,26.67,26.54,26.60,26.86,27.44,28.01,28.34,28.37
e,e,e,e,e,e,e,e,e,e,e,e,e,e,e,e,e,e,e,e,e,e,e,e,e,e,e,e,e,e,e,e,e,e,e,e,e,e,e,e,e,e,e,e,e,e,e,e,e,e,e,e,e,e,e,e,e,e,e,e,e,e,e,e,e,e,e,e,e,e,e,e,e,e,e,e,e,e,e,e,e,e,e,e,e,e,e,e,e,e,e,e,e,e,e,e,e,e,e,e,e,e,e,e,e,e,e,e,e,e,e,e,e,e,e,e,e,e,e,e,e,e,e,e,e,e,e,e,e,e,e,e,e,e,e,e,e,e,e,e,e,e,e,e,e,e,e,e,e,e,e,e,e,e,e,e,e,e,e,e,e,e,e,e,e,e,e,e,e,e,e,e,e,e,e,e,e,e,e,e,e,e,e,e,e,e,e,e,e,e,e,e,e,e,e,e,e,e,e,e,e,e,e,e,e,e,e,e,e,e,e,e,e,e,e,e,e,e,1.08,4.41,9.40,11.65,12.99,13.52,14.57,15.95,16.77,16.85,17.17,17.96,18.74,19.45,20.32,21.16,21.58,21.67,21.90,22.31,22.70,23.04,23.42,24.08,24.67,25.04,25.27,25.66,26.13,26.36,26.16,26.06,26.21,26.51,27.00,27.45,27.86,28.63
e,e,e,e,e,e,e,e,e,e,e,e,e,e,e,e,e,e,e,e,e,e,e,e,e,e,e,e,e,e,e,e,e,e,e,e,e,e,e,e,e,e,e,e,e,e,e,e,e,e,e,e,e,e,e,e,e,e,e,e,e,e,e,e,e,e,e,e,e,e,e,e,e,e,e,e,e,e,e,e,e,e,e,e,e,e,e,e,e,e,e,e,e,e,e,e,e,e,e,e,e,e,e,e,e,e,e,e,e,e,e,e,e,e,e,e,e,e,e,e,e,e,e,e,e,e,e,e,e,e,e,e,e,e,e,e,e,e,e,e,e,e,e,e,e,e,e,e,e,e,e,e,e,e,e,e,e,e,e,e,e,e,e,e,e,e,e,e,e,e,e,e,e,e,e,e,e,e,e,e,e,e,e,e,e,e,e,e,e,e,e,e,e,e,e,e,e,e,e,e,e,e,e,e,e,e,e,e,e,e,e,e,e,e,e,e,e,e,1.28,2.69,7.25,10.99,11.96,13.10,14.49,15.61,15.83,15.98,16.67,17.45,18.19,19.08,20.00,20.76,20.82,20.96,21.34,21.68,22.10,22.41,23.01,23.61,24.02,24.42,24.91,25.42,25.88,25.86,25.66,25.69,25.96,26.30,26.86,27.65,28.54,29.25
e,e,e,e,e,e,e,e,e,e,e,e,e,e,e,e,e,e,e,e,e,e,e,e,e,e,e,e,e,e,e,e,e,e,e,e,e,e,e,e,e,e,e,e,e,e,e,e,e,e,e,e,e,e,e,e,e,e,e,e,e,e,e,e,e,e,e,e,e,e,e,e,e,e,e,e,e,e,e,e,e,e,e,e,e,e,e,e,e,e,e,e,e,e,e,e,e,e,e,e,e,e,e,e,e,e,e,e,e,e,e,e,e,e,e,e,e,e,e,e,e,e,e,e,e,e,e,e,e,e,e,e,e,e,e,e,e,e,e,e,e,e,e,e,e,e,e,e,e,e,e,e,e,e,e,e,e,e,e,e,e,e,e,e,e,e,e,e,e,e,e,e,e,e,e,e,e,e,e,e,e,e,e,e,e,e,e,e,e,e,e,e,e,e,e,e,e,e,e,e,e,e,e,e,e,e,e,e,e,e,e,e,e,e,e,e,e,e,e,1.22,4.15,10.18,11.63,13.00,14.31,14.79,14.89,15.35,16.15,16.94,17.81,18.63,19.40,19.87,19.97,20.42,20.72,21.09,21.46,21.90,22.51,22.97,23.39,23.98,24.50,25.01,25.49,25.36,25.20,25.39,25.83,26.45,27.26,28.03,28.54,28.64
e,e,e,e,e,e,e,e,e,e,e,e,e,e,e,e,e,e,e,e,e,e,e,e,e,e,e,e,e,e,e,e,e,e,e,e,e,e,e,e,e,e,e,e,e,e,e,e,e,e,e,e,e,e,e,e,e,e,e,e,e,e,e,e,e,e,e,e,e,e,e,e,e,e,e,e,e,e,e,e,e,e,e,e,e,e,e,e,e,e,e,e,e,e,e,e,e,e,e,e,e,e,e,e,e,e,e,e,e,e,e,e,e,e,e,e,e,e,e,e,e,e,e,e,e,e,e,e,e,e,e,e,e,e,e,e,e,e,e,e,e,e,e,e,e,e,e,e,e,e,e,e,e,e,e,e,e,e,e,e,e,e,e,e,e,e,e,e,e,e,e,e,e,e,e,e,e,e,e,e,e,e,e,e,e,e,e,e,e,e,e,e,e,e,e,e,e,e,e,e,e,e,e,e,e,e,e,e,e,e,e,e,e,e,e,e,e,e,e,e,2.49,8.84,11.53,12.92,13.70,13.82,14.11,14.85,15.64,16.46,17.25,18.02,18.49,18.66,18.96,19.70,20.05,20.53,20.87,21.43,21.90,22.36,23.04,23.57,23.95,24.53,25.03,24.93,24.89,25.38,26.13,26.77,27.15,27.07,27.63,26.97
e,e,e,e,e,e,e,e,e,e,e,e,e,e,e,e,e,e,e,e,e,e,e,e,e,e,e,e,e,e,e,e,e,e,e,e,e,e,e,e,e,e,e,e,e,e,e,e,e,e,e,e,e,e,e,e,e,e,e,e,e,e,e,e,e,e,e,e,e,e,e,e,e,e,e,e,e,e,e,e,e,e,e,e,e,e,e,e,e,e,e,e,e,e,e,e,e,e,e,e,e,e,e,e,e,e,e,e,e,e,e,e,e,e,e,e,e,e,e,e,e,e,e,e,e,e,e,e,e,e,e,e,e,e,e,e,e,e,e,e,e,e,e,e,e,e,e,e,e,e,e,e,e,e,e,e,e,e,e,e,e,e,e,e,e,e,e,e,e,e,e,e,e,e,e,e,e,e,e,e,e,e,e,e,e,e,e,e,e,e,e,e,e,e,e,e,e,e,e,e,e,e,e,e,e,e,e,e,e,e,e,e,e,e,e,e,e,e,e,e,1.77,8.58,11.46,12.52,12.74,12.95,13.58,14.28,15.06,15.85,16.63,17.16,17.35,17.55,18.25,18.75,19.24,19.77,20.36,20.81,21.34,22.12,22.58,22.88,23.38,23.90,24.33,24.52,24.78,25.48,26.17,26.21,25.80,25.43,26.14,26.34
e,e,e,e,e,e,e,e,e,e,e,e,e,e,e,e,e,e,e,e,e,e,e,e,e,e,e,e,e,e,e,e,e,e,e,e,e,e,e,e,e,e,e,e,e,e,e,e,e,e,e,e,e,e,e,e,e,e,e,e,e,e,e,e,e,e,e,e,e,e,e,e,e,e,e,e,e,e,e,e,e,e,e,e,e,e,e,e,e,e,e,e,e,e,e,e,e,e,e,e,e,e,e,e,e,e,e,e,e,e,e,e,e,e,e,e,e,e,e,e,e,e,e,e,e,e,e,e,e,e,e,e,e,e,e,e,e,e,e,e,e,e,e,e,e,e,e,e,e,e,e,e,e,e,e,e,e,e,e,e,e,e,e,e,e,e,e,e,e,e,e,e,e,e,e,e,e,e,e,e,e,e,e,e,e,e,e,e,e,e,e,e,e,e,e,e,e,e,e,e,e,e,e,e,e,e,e,e,e,e,e,e,e,e,e,e,e,e,e,e,3.10,8.86,11.23,11.66,11.83,12.33,12.95,13.63,14.44,15.24,15.83,16.02,16.19,16.77,17.38,17.82,18.21,18.64,19.51,20.35,21.20,21.58,21.81,22.21,22.69,23.17,23.62,24.20,24.96,25.43,25.33,25.48,24.73,24.16,24.88,25.75
e,e,e,e,e,e,e,e,e,e,e,e,e,e,e,e,e,e,e,e,e,e,e,e,e,e,e,e,e,e,e,e,e,e,e,e,e,e,e,e,e,e,e,e,e,e,e,e,e,e,e,e,e,e,e,e,e,e,e,e,e,e,e,e,e,e,e,e,e,e,e,e,e,e,e,e,e,e,e,e,e,e,e,e,e,e,e,e,e,e,e,e,e,e,e,e,e,e,e,e,e,e,e,e,e,e,e,e,e,e,e,e,e,e,e,e,e,e,e,e,e,e,e,e,e,e,e,e,e,e,e,e,e,e,e,e,e,e,e,e,e,e,e,e,e,e,e,e,e,e,e,e,e,e,e,e,e,e,e,e,e,e,e,e,e,e,e,e,e,e,e,e,e,e,e,e,e,e,e,e,e,e,e,e,e,e,e,e,e,e,e,e,e,e,e,e,e,e,e,e,e,e,e,e,e,e,e,e,e,e,e,e,e,e,e,e,e,e,e,e,1.26,7.85,10.18,10.73,11.10,11.67,12.25,13.02,13.83,14.48,14.71,14.87,15.29,15.99,16.43,16.81,17.22,18.02,19.19,20.25,20.66,20.74,21.16,21.68,22.28,22.96,23.65,24.31,24.89,24.78,24.28,24.96,24.32,23.32,23.99,24.82
e,e,e,e,e,e,e,e,e,e,e,e,e,e,e,e,e,e,e,e,e,e,e,e,e,e,e,e,e,e,e,e,e,e,e,e,e,e,e,e,e,e,e,e,e,e,e,e,e,e,e,e,e,e,e,e,e,e,e,e,e,e,e,e,e,e,e,e,e,e,e,e,e,e,e,e,e,e,e,e,e,e,e,e,e,e,e,e,e,e,e,e,e,e,e,e,e,e,e,e,e,e,e,e,e,e,e,e,e,e,e,e,e,e,e,e,e,e,e,e,e,e,e,e,e,e,e,e,e,e,e,e,e,e,e,e,e,e,e,e,e,e,e,e,e,e,e,e,e,e,e,e,e,e,e,e,e,e,e,e,e,e,e,e,e,e,e,e,e,e,e,e,e,e,e,e,e,e,e,e,e,e,e,e,e,e,e,e,e,e,e,e,e,e,e,e,e,e,e,e,e,e,e,e,e,e,e,e,e,e,e,e,e,e,e,e,e,e,e,0.90,2.54,5.96,8.40,9.80,10.38,10.92,11.59,12.41,13.13,13.40,13.54,13.86,14.59,15.04,15.45,15.93,16.78,17.98,19.09,19.73,19.74,20.34,21.06,21.79,22.43,23.07,23.54,23.92,24.23,23.86,23.37,24.13,23.98,22.76,22.29,22.64
e,e,e,e,e,e,e,e,e,e,e,e,e,e,e,e,e,e,e,e,e,e,e,e,e,e,e,e,e,e,e,e,e,e,e,e,e,e,e,e,e,e,e,e,e,e,e,e,e,e,e,e,e,e,e,e,e,e,e,e,e,e,e,e,e,e,e,e,e,e,e,e,e,e,e,e,e,e,e,e,e,e,e,e,e,e,e,e,e,e,e,e,e,e,e,e,e,e,e,e,e,e,e,e,e,e,e,e,e,e,e,e,e,e,e,e,e,e,e,e,e,e,e,e,e,e,e,e,e,e,e,e,e,e,e,e,e,e,e,e,e,e,e,e,e,e,e,e,e,e,e,e,e,e,e,e,e,e,e,e,e,e,e,e,e,e,e,e,e,e,e,e,e,e,e,e,e,e,e,e,e,e,e,e,e,e,e,e,e,e,e,e,e,e,e,e,e,e,e,e,e,e,e,e,e,e,e,e,e,e,e,e,e,e,e,e,e,e,0.49,0.90,3.47,5.86,7.89,8.87,9.57,10.20,11.01,11.81,12.07,12.22,12.46,13.09,13.69,14.12,14.69,15.61,16.71,17.62,18.10,18.39,19.53,20.60,21.28,21.80,22.52,22.91,22.68,22.96,23.24,22.85,22.39,23.02,23.45,22.49,21.30,20.45
e,e,e,e,e,e,e,e,e,e,e,e,e,e,e,e,e,e,e,e,e,e,e,e,e,e,e,e,e,e,e,e,e,e,e,e,e,e,e,e,e,e,e,e,e,e,e,e,e,e,e,e,e,e,e,e,e,e,e,e,e,e,e,e,e,e,e,e,e,e,e,e,e,e,e,e,e,e,e,e,e,e,e,e,e,e,e,e,e,e,e,e,e,e,e,e,e,e,e,e,e,e,e,e,e,e,e,e,e,e,e,e,e,e,e,e,e,e,e,e,e,e,e,e,e,e,e,e,e,e,e,e,e,e,e,e,e,e,e,e,e,e,e,e,e,e,e,e,e,e,e,e,e,e,e,e,e,e,e,e,e,e,e,e,e,e,e,e,e,e,e,e,e,e,e,e,e,e,e,e,e,e,e,e,e,e,e,e,e,e,e,e,e,e,e,e,e,e,e,e,e,e,e,e,e,e,e,e,e,e,e,e,e,e,e,e,e,e,0.29,1.23,3.35,5.68,7.22,7.98,8.64,9.29,10.35,10.78,10.87,11.08,11.64,12.31,12.79,13.40,14.39,15.38,16.05,16.50,17.03,18.24,19.74,20.44,20.78,21.45,22.95,23.39,22.08,21.99,22.25,21.83,21.37,21.90,22.62,22.20,21.01,19.34
e,e,e,e,e,e,e,e,e,e,e,e,e,e,e,e,e,e,e,e,e,e,e,e,e,e,e,e,e,e,e,e,e,e,e,e,e,e,e,e,e,e,e,e,e,e,e,e,e,e,e,e,e,e,e,e,e,e,e,e,e,e,e,e,e,e,e,e,e,e,e,e,e,e,e,e,e,e,e,e,e,e,e,e,e,e,e,e,e,e,e,e,e,e,e,e,e,e,e,e,e,e,e,e,e,e,e,e,e,e,e,e,e,e,e,e,e,e,e,e,e,e,e,e,e,e,e,e,e,e,e,e,e,e,e,e,e,e,e,e,e,e,e,e,e,e,e,e,e,e,e,e,e,e,e,e,e,e,e,e,e,e,e,e,e,e,e,e,e,e,e,e,e,e,e,e,e,e,e,e,e,e,e,e,e,e,e,e,e,e,e,e,e,e,e,e,e,e,e,e,e,e,e,e,e,e,e,e,e,e,e,e,e,e,e,e,e,0.40,1.22,2.44,4.28,5.60,6.37,7.07,7.49,8.25,9.17,9.38,9.62,10.17,10.89,11.47,12.11,13.06,13.92,14.42,14.91,15.77,17.14,18.45,19.02,19.55,20.33,21.91,23.59,24.06,22.54,21.26,21.26,20.84,20.37,20.84,21.66,21.86,20.87,18.86
e,e,e,e,e,e,e,e,e,e,e,e,e,e,e,e,e,e,e,e,e,e,e,e,e,e,e,e,e,e,e,e,e,e,e,e,e,e,e,e,e,e,e,e,e,e,e,e,e,e,e,e,e,e,e,e,e,e,e,e,e,e,e,e,e,e,e,e,e,e,e,e,e,e,e,e,e,e,e,e,e,e,e,e,e,e,e,e,e,e,e,e,e,e,e,e,e,e,e,e,e,e,e,e,e,e,e,e,e,e,e,e,e,e,e,e,e,e,e,e,e,e,e,e,e,e,e,e,e,e,e,e,e,e,e,e,e,e,e,e,e,e,e,e,e,e,e,e,e,e,e,e,e,e,e,e,e,e,e,e,e,e,e,e,e,e,e,e,e,e,e,e,e,e,e,e,e,e,e,e,e,e,e,e,e,e,e,e,e,e,e,e,e,e,e,e,e,e,e,e,e,e,e,e,e,e,e,e,e,e,e,e,e,e,e,e,e,0.48,1.39,2.99,3.84,4.58,5.38,5.87,6.22,6.93,7.60,7.89,8.43,9.30,10.11,10.86,11.69,12.41,12.88,13.45,14.46,15.80,17.08,17.54,17.59,19.24,20.96,23.03,24.38,24.66,23.28,21.52,20.33,19.55,19.43,20.41,21.10,21.15,20.78,18.47
e,e,e,e,e,e,e,e,e,e,e,e,e,e,e,e,e,e,e,e,e,e,e,e,e,e,e,e,e,e,e,e,e,e,e,e,e,e,e,e,e,e,e,e,e,e,e,e,e,e,e,e,e,e,e,e,e,e,e,e,e,e,e,e,e,e,e,e,e,e,e,e,e,e,e,e,e,e,e,e,e,e,e,e,e,e,e,e,e,e,e,e,e,e,e,e,e,e,e,e,e,e,e,e,e,e,e,e,e,e,e,e,e,e,e,e,e,e,e,e,e,e,e,e,e,e,e,e,e,e,e,e,e,e,e,e,e,e,e,e,e,e,e,e,e,e,e,e,e,e,e,e,e,e,e,e,e,e,e,e,e,e,e,e,e,e,e,e,e,e,e,e,e,e,e,e,e,e,e,e,e,e,e,e,e,e,e,e,e,e,e,e,e,e,e,e,e,e,e,e,e,e,e,e,e,e,e,e,e,e,e,e,e,e,e,e,e,e,0.96,1.95,2.37,3.36,4.16,4.55,4.61,5.19,6.00,6.59,7.37,8.14,9.11,10.27,10.86,11.39,12.14,13.20,14.45,15.71,16.14,15.92,16.95,20.25,22.61,24.46,25.14,25.09,23.77,20.57,18.54,17.73,19.64,20.34,20.17,19.76,20.14,17.14
e,e,e,e,e,e,e,e,e,e,e,e,e,e,e,e,e,e,e,e,e,e,e,e,e,e,e,e,e,e,e,e,e,e,e,e,e,e,e,e,e,e,e,e,e,e,e,e,e,e,e,e,e,e,e,e,e,e,e,e,e,e,e,e,e,e,e,e,e,e,e,e,e,e,e,e,e,e,e,e,e,e,e,e,e,e,e,e,e,e,e,e,e,e,e,e,e,e,e,e,e,e,e,e,e,e,e,e,e,e,e,e,e,e,e,e,e,e,e,e,e,e,e,e,e,e,e,e,e,e,e,e,e,e,e,e,e,e,e,e,e,e,e,e,e,e,e,e,e,e,e,e,e,e,e,e,e,e,e,e,e,e,e,e,e,e,e,e,e,e,e,e,e,e,e,e,e,e,e,e,e,e,e,e,e,e,e,e,e,e,e,e,e,e,e,e,e,e,e,e,e,e,e,e,e,e,e,e,e,e,e,e,e,e,e,e,1.20,e,0.32,0.64,1.18,2.69,2.65,3.25,2.64,3.41,4.24,4.91,5.98,6.81,7.82,8.94,9.90,10.91,12.02,13.16,14.37,14.75,14.46,14.50,16.43,19.52,23.04,25.04,25.35,25.29,24.02,19.14,16.42,16.58,18.33,19.14,18.93,16.42,16.70,14.35
e,e,e,e,e,e,e,e,e,e,e,e,e,e,e,e,e,e,e,e,e,e,e,e,e,e,e,e,e,e,e,e,e,e,e,e,e,e,e,e,e,e,e,e,e,e,e,e,e,e,e,e,e,e,e,e,e,e,e,e,e,e,e,e,e,e,e,e,e,e,e,e,e,e,e,e,e,e,e,e,e,e,e,e,e,e,e,e,e,e,e,e,e,e,e,e,e,e,e,e,e,e,e,e,e,e,e,e,e,e,e,e,e,e,e,e,e,e,e,e,e,e,e,e,e,e,e,e,e,e,e,e,e,e,e,e,e,e,e,e,e,e,e,e,e,e,e,e,e,e,e,e,e,e,e,e,e,e,e,e,e,e,e,e,e,e,e,e,e,e,e,e,e,e,e,e,e,e,e,e,e,e,e,e,e,e,e,e,e,e,e,e,e,e,e,e,e,e,e,e,e,e,e,e,e,e,e,e,e,e,e,e,e,e,e,e,e,2.05,e,0.00,0.70,1.49,1.07,1.74,1.01,1.75,2.42,2.71,3.89,5.18,6.34,7.81,9.37,10.68,11.90,13.03,13.46,13.12,12.79,13.38,16.07,19.71,22.81,24.95,25.38,25.56,24.14,18.63,16.00,14.47,15.39,16.20,16.26,14.44,11.40,11.49
e,e,e,e,e,e,e,e,e,e,e,e,e,e,e,e,e,e,e,e,e,e,e,e,e,e,e,e,e,e,e,e,e,e,e,e,e,e,e,e,e,e,e,e,e,e,e,e,e,e,e,e,e,e,e,e,e,e,e,e,e,e,e,e,e,e,e,e,e,e,e,e,e,e,e,e,e,e,e,e,e,e,e,e,e,e,e,e,e,e,e,e,e,e,e,e,e,e,e,e,e,e,e,e,e,e,e,e,e,e,e,e,e,e,e,e,e,e,e,e,e,e,e,e,e,e,e,e,e,e,e,e,e,e,e,e,e,e,e,e,e,e,e,e,e,e,e,e,e,e,e,e,e,e,e,e,e,e,e,e,e,e,e,e,e,e,e,e,e,e,e,e,e,e,e,e,e,e,e,e,e,e,e,e,e,e,e,e,e,e,e,e,e,e,e,e,e,e,e,e,e,e,e,e,e,e,e,e,e,e,e,e,e,e,e,e,e,e,e,2.10,e,0.39,0.28,e,e,0.31,0.88,0.80,1.75,3.21,4.01,5.64,7.53,9.30,10.96,12.09,11.89,11.45,11.13,12.00,14.39,17.81,20.49,23.16,24.89,25.29,23.04,18.38,15.99,13.61,12.82,12.79,11.66,12.63,10.65,9.08
e,e,e,e,e,e,e,e,e,e,e,e,e,e,e,e,e,e,e,e,e,e,e,e,e,e,e,e,e,e,e,e,e,e,e,e,e,e,e,e,e,e,e,e,e,e,e,e,e,e,e,e,e,e,e,e,e,e,e,e,e,e,e,e,e,e,e,e,e,e,e,e,e,e,e,e,e,e,e,e,e,e,e,e,e,e,e,e,e,e,e,e,e,e,e,e,e,e,e,e,e,e,e,e,e,e,e,e,e,e,e,e,e,e,e,e,e,e,e,e,e,e,e,e,e,e,e,e,e,e,e,e,e,e,e,e,e,e,e,e,e,e,e,e,e,e,e,e,e,e,e,e,e,e,e,e,e,e,e,e,e,e,e,e,e,e,e,e,e,e,e,e,e,e,e,e,e,e,e,e,e,e,e,e,e,e,e,e,e,e,e,e,e,e,e,e,e,e,e,e,e,e,e,e,e,e,e,e,e,e,e,e,e,e,e,e,e,e,1.66,0.89,e,0.60,e,e,e,e,e,e,0.64,1.25,1.48,3.23,5.08,7.52,9.62,10.75,10.56,9.89,9.50,9.91,11.76,14.75,17.50,20.03,21.94,22.60,19.84,17.51,15.28,13.03,11.26,10.43,9.21,10.38,11.46,9.80
e,e,e,e,e,e,e,e,e,e,e,e,e,e,e,e,e,e,e,e,e,e,e,e,e,e,e,e,e,e,e,e,e,e,e,e,e,e,e,e,e,e,e,e,e,e,e,e,e,e,e,e,e,e,e,e,e,e,e,e,e,e,e,e,e,e,e,e,e,e,e,e,e,e,e,e,e,e,e,e,e,e,e,e,e,e,e,e,e,e,e,e,e,e,e,e,e,e,e,e,e,e,e,e,e,e,e,e,e,e,e,e,e,e,e,e,e,e,e,e,e,e,e,e,e,e,e,e,e,e,e,e,e,e,e,e,e,e,e,e,e,e,e,e,e,e,e,e,e,e,e,e,e,e,e,e,e,e,e,e,e,e,e,e,e,e,e,e,e,e,e,e,e,e,e,e,e,e,e,e,e,e,e,e,e,e,e,e,e,e,e,e,e,e,e,e,e,e,e,e,e,e,e,e,e,e,e,e,e,e,e,e,e,e,e,e,e,e,e,e,e,e,e,e,e,e,e,e,0.70,e,0.70,1.05,2.74,5.47,7.67,9.09,8.81,8.03,7.98,8.79,9.92,12.72,15.90,17.25,18.09,18.93,18.00,16.34,13.88,11.31,9.91,8.97,8.59,8.66,9.54,8.79
e,e,e,e,e,e,e,e,e,e,e,e,e,e,e,e,e,e,e,e,e,e,e,e,e,e,e,e,e,e,e,e,e,e,e,e,e,e,e,e,e,e,e,e,e,e,e,e,e,e,e,e,e,e,e,e,e,e,e,e,e,e,e,e,e,e,e,e,e,e,e,e,e,e,e,e,e,e,e,e,e,e,e,e,e,e,e,e,e,e,e,e,e,e,e,e,e,e,e,e,e,e,e,e,e,e,e,e,e,e,e,e,e,e,e,e,e,e,e,e,e,e,e,e,e,e,e,e,e,e,e,e,e,e,e,e,e,e,e,e,e,e,e,e,e,e,e,e,e,e,e,e,e,e,e,e,e,e,e,e,e,e,e,e,e,e,e,e,e,e,e,e,e,e,e,e,e,e,e,e,e,e,e,e,e,e,e,e,e,e,e,e,e,e,e,e,e,e,e,e,e,e,e,e,e,e,e,e,e,e,e,e,e,e,e,e,e,e,e,e,e,e,e,e,e,e,e,e,e,e,e,e,1.05,2.90,5.26,6.13,6.34,6.00,6.54,7.46,9.12,12.22,13.17,13.67,15.00,16.56,16.26,14.60,12.80,10.14,8.44,6.87,6.20,6.47,7.00,6.88
e,e,e,e,e,e,e,e,e,e,e,e,e,e,e,e,e,e,e,e,e,e,e,e,e,e,e,e,e,e,e,e,e,e,e,e,e,e,e,e,e,e,e,e,e,e,e,e,e,e,e,e,e,e,e,e,e,e,e,e,e,e,e,e,e,e,e,e,e,e,e,e,e,e,e,e,e,e,e,e,e,e,e,e,e,e,e,e,e,e,e,e,e,e,e,e,e,e,e,e,e,e,e,e,e,e,e,e,e,e,e,e,e,e,e,e,e,e,e,e,e,e,e,e,e,e,e,e,e,e,e,e,e,e,e,e,e,e,e,e,e,e,e,e,e,e,e,e,e,e,e,e,e,e,e,e,e,e,e,e,e,e,e,e,e,e,e,e,e,e,e,e,e,e,e,e,e,e,e,e,e,e,e,e,e,e,e,e,e,e,e,e,e,e,e,e,e,e,e,e,e,e,e,e,e,e,e,e,e,e,e,e,e,e,e,e,e,e,e,e,e,e,e,e,e,e,e,e,e,e,e,e,0.07,1.66,2.05,2.25,3.17,3.11,2.79,2.92,5.31,8.40,9.14,10.63,12.47,14.21,14.42,12.48,11.00,9.64,7.44,5.45,3.18,3.24,3.59,4.27
e,e,e,e,e,e,e,e,e,e,e,e,e,e,e,e,e,e,e,e,e,e,e,e,e,e,e,e,e,e,e,e,e,e,e,e,e,e,e,e,e,e,e,e,e,e,e,e,e,e,e,e,e,e,e,e,e,e,e,e,e,e,e,e,e,e,e,e,e,e,e,e,e,e,e,e,e,e,e,e,e,e,e,e,e,e,e,e,e,e,e,e,e,e,e,e,e,e,e,e,e,e,e,e,e,e,e,e,e,e,e,e,e,e,e,e,e,e,e,e,e,e,e,e,e,e,e,e,e,e,e,e,e,e,e,e,e,e,e,e,e,e,e,e,e,e,e,e,e,e,e,e,e,e,e,e,e,e,e,e,e,e,e,e,e,e,e,e,e,e,e,e,e,e,e,e,e,e,e,e,e,e,e,e,e,e,e,e,e,e,e,e,e,e,e,e,e,e,e,e,e,e,e,e,e,e,e,e,e,e,e,e,e,e,e,e,e,e,e,e,e,e,e,e,e,e,e,e,e,e,e,e,0.05,0.58,0.70,0.66,1.03,1.35,0.89,1.09,2.34,2.54,4.44,8.16,10.27,12.00,12.77,11.16,9.33,8.09,6.49,4.11,1.61,1.21,1.06,1.59
e,e,e,e,e,e,e,e,e,e,e,e,e,e,e,e,e,e,e,e,e,e,e,e,e,e,e,e,e,e,e,e,e,e,e,e,e,e,e,e,e,e,e,e,e,e,e,e,e,e,e,e,e,e,e,e,e,e,e,e,e,e,e,e,e,e,e,e,e,e,e,e,e,e,e,e,e,e,e,e,e,e,e,e,e,e,e,e,e,e,e,e,e,e,e,e,e,e,e,e,e,e,e,e,e,e,e,e,e,e,e,e,e,e,e,e,e,e,e,e,e,e,e,e,e,e,e,e,e,e,e,e,e,e,e,e,e,e,e,e,e,e,e,e,e,e,e,e,e,e,e,e,e,e,e,e,e,e,e,e,e,e,e,e,e,e,e,e,e,e,e,e,e,e,e,e,e,e,e,e,e,e,e,e,e,e,e,e,e,e,e,e,e,e,e,e,e,e,e,e,e,e,e,e,e,e,e,e,e,e,e,e,e,e,e,e,e,e,e,e,e,e,e,e,e,e,e,e,e,e,e,e,1.20,e,e,e,e,e,e,e,e,0.00,1.98,5.12,7.84,9.85,10.55,10.08,8.51,6.79,4.99,2.86,1.35,e,e,e
e,e,e,e,e,e,e,e,e,e,e,e,e,e,e,e,e,e,e,e,e,e,e,e,e,e,e,e,e,e,e,e,e,e,e,e,e,e,e,e,e,e,e,e,e,e,e,e,e,e,e,e,e,e,e,e,e,e,e,e,e,e,e,e,e,e,e,e,e,e,e,e,e,e,e,e,e,e,e,e,e,e,e,e,e,e,e,e,e,e,e,e,e,e,e,e,e,e,e,e,e,e,e,e,e,e,e,e,e,e,e,e,e,e,e,e,e,e,e,e,e,e,e,e,e,e,e,e,e,e,e,e,e,e,e,e,e,e,e,e,e,e,e,e,e,e,e,e,e,e,e,e,e,e,e,e,e,e,e,e,e,e,e,e,e,e,e,e,e,e,e,e,e,e,e,e,e,e,e,e,e,e,e,e,e,e,e,e,e,e,e,e,e,e,e,e,e,e,e,e,e,e,e,e,e,e,e,e,e,e,e,e,e,e,e,e,e,e,e,e,e,e,e,e,e,e,e,e,e,e,e,e,e,e,e,e,e,e,e,e,e,1.90,0.52,2.12,5.27,6.96,7.38,7.81,6.76,4.77,2.82,1.42,0.40,e,e,e
e,e,e,e,e,e,e,e,e,e,e,e,e,e,e,e,e,e,e,e,e,e,e,e,e,e,e,e,e,e,e,e,e,e,e,e,e,e,e,e,e,e,e,e,e,e,e,e,e,e,e,e,e,e,e,e,e,e,e,e,e,e,e,e,e,e,e,e,e,e,e,e,e,e,e,e,e,e,e,e,e,e,e,e,e,e,e,e,e,e,e,e,e,e,e,e,e,e,e,e,e,e,e,e,e,e,e,e,e,e,e,e,e,e,e,e,e,e,e,e,e,e,e,e,e,e,e,e,e,e,e,e,e,e,e,e,e,e,e,e,e,e,e,e,e,e,e,e,e,e,e,e,e,e,e,e,e,e,e,e,e,e,e,e,e,e,e,e,e,e,e,e,e,e,e,e,e,e,e,e,e,e,e,e,e,e,e,e,e,e,e,e,e,e,e,e,e,e,e,e,e,e,e,e,e,e,e,e,e,e,e,e,e,e,e,e,e,e,e,e,e,e,e,e,e,e,e,e,e,e,e,e,e,e,e,e,e,e,e,e,e,e,e,1.46,2.78,3.04,3.17,4.01,4.59,2.63,0.81,0.51,e,e,e,e
e,e,e,e,e,e,e,e,e,e,e,e,e,e,e,e,e,e,e,e,e,e,e,e,e,e,e,e,e,e,e,e,e,e,e,e,e,e,e,e,e,e,e,e,e,e,e,e,e,e,e,e,e,e,e,e,e,e,e,e,e,e,e,e,e,e,e,e,e,e,e,e,e,e,e,e,e,e,e,e,e,e,e,e,e,e,e,e,e,e,e,e,e,e,e,e,e,e,e,e,e,e,e,e,e,e,e,e,e,e,e,e,e,e,e,e,e,e,e,e,e,e,e,e,e,e,e,e,e,e,e,e,e,e,e,e,e,e,e,e,e,e,e,e,e,e,e,e,e,e,e,e,e,e,e,e,e,e,e,e,e,e,e,e,e,e,e,e,e,e,e,e,e,e,e,e,e,e,e,e,e,e,e,e,e,e,e,e,e,e,e,e,e,e,e,e,e,e,e,e,e,e,e,e,e,e,e,e,e,e,e,e,e,e,e,e,e,e,e,e,e,e,e,e,e,e,e,e,e,e,e,e,e,e,e,e,e,e,e,e,e,e,e,e,0.83,0.89,0.97,1.18,2.19,0.71,0.14,e,e,e,e,e
e,e,e,e,e,e,e,e,e,e,e,e,e,e,e,e,e,e,e,e,e,e,e,e,e,e,e,e,e,e,e,e,e,e,e,e,e,e,e,e,e,e,e,e,e,e,e,e,e,e,e,e,e,e,e,e,e,e,e,e,e,e,e,e,e,e,e,e,e,e,e,e,e,e,e,e,e,e,e,e,e,e,e,e,e,e,e,e,e,e,e,e,e,e,e,e,e,e,e,e,e,e,e,e,e,e,e,e,e,e,e,e,e,e,e,e,e,e,e,e,e,e,e,e,e,e,e,e,e,e,e,e,e,e,e,e,e,e,e,e,e,e,e,e,e,e,e,e,e,e,e,e,e,e,e,e,e,e,e,e,e,e,e,e,e,e,e,e,e,e,e,e,e,e,e,e,e,e,e,e,e,e,e,e,e,e,e,e,e,e,e,e,e,e,e,e,e,e,e,e,e,e,e,e,e,e,e,e,e,e,e,e,e,e,e,e,e,e,e,e,e,e,e,e,e,e,e,e,e,e,e,e,e,e,e,e,e,e,e,e,e,e,e,e,e,e,e,0.40,1.13,0.43,e,e,e,e,e,e
e,e,e,e,e,e,e,e,e,e,e,e,e,e,e,e,e,e,e,e,e,e,e,e,e,e,e,e,e,e,e,e,e,e,e,e,e,e,e,e,e,e,e,e,e,e,e,e,e,e,e,e,e,e,e,e,e,e,e,e,e,e,e,e,e,e,e,e,e,e,e,e,e,e,e,e,e,e,e,e,e,e,e,e,e,e,e,e,e,e,e,e,e,e,e,e,e,e,e,e,e,e,e,e,e,e,e,e,e,e,e,e,e,e,e,e,e,e,e,e,e,e,e,e,e,e,e,e,e,e,e,e,e,e,e,e,e,e,e,e,e,e,e,e,e,e,e,e,e,e,e,e,e,e,e,e,e,e,e,e,e,e,e,e,e,e,e,e,e,e,e,e,e,e,e,e,e,e,e,e,e,e,e,e,e,e,e,e,e,e,e,e,e,e,e,e,e,e,e,e,e,e,e,e,e,e,e,e,e,e,e,e,e,e,e,e,e,e,e,e,e,e,e,e,e,e,e,e,e,e,e,e,e,e,e,e,e,e,e,e,e,e,e,e,e,e,e,e,e,e,e,e,e,e,e,e
e,e,e,e,e,e,e,e,e,e,e,e,e,e,e,e,e,e,e,e,e,e,e,e,e,e,e,e,e,e,e,e,e,e,e,e,e,e,e,e,e,e,e,e,e,e,e,e,e,e,e,e,e,e,e,e,e,e,e,e,e,e,e,e,e,e,e,e,e,e,e,e,e,e,e,e,e,e,e,e,e,e,e,e,e,e,e,e,e,e,e,e,e,e,e,e,e,e,e,e,e,e,e,e,e,e,e,e,e,e,e,e,e,e,e,e,e,e,e,e,e,e,e,e,e,e,e,e,e,e,e,e,e,e,e,e,e,e,e,e,e,e,e,e,e,e,e,e,e,e,e,e,e,e,e,e,e,e,e,e,e,e,e,e,e,e,e,e,e,e,e,e,e,e,e,e,e,e,e,e,e,e,e,e,e,e,e,e,e,e,e,e,e,e,e,e,e,e,e,e,e,e,e,e,e,e,e,e,e,e,e,e,e,e,e,e,e,e,e,e,e,e,e,e,e,e,e,e,e,e,e,e,e,e,e,e,e,e,e,e,e,e,e,e,e,e,e,e,e,e,e,e,e,e,e,e
e,e,e,e,e,e,e,e,e,e,e,e,e,e,e,e,e,e,e,e,e,e,e,e,e,e,e,e,e,e,e,e,e,e,e,e,e,e,e,e,e,e,e,e,e,e,e,e,e,e,e,e,e,e,e,e,e,e,e,e,e,e,e,e,e,e,e,e,e,e,e,e,e,e,e,e,e,e,e,e,e,e,e,e,e,e,e,e,e,e,e,e,e,e,e,e,e,e,e,e,e,e,e,e,e,e,e,e,e,e,e,e,e,e,e,e,e,e,e,e,e,e,e,e,e,e,e,e,e,e,e,e,e,e,e,e,e,e,e,e,e,e,e,e,e,e,e,e,e,e,e,e,e,e,e,e,e,e,e,e,e,e,e,e,e,e,e,e,e,e,e,e,e,e,e,e,e,e,e,e,e,e,e,e,e,e,e,e,e,e,e,e,e,e,e,e,e,e,e,e,e,e,e,e,e,e,e,e,e,e,e,e,e,e,e,e,e,e,e,e,e,e,e,e,e,e,e,e,e,e,e,e,e,e,e,e,e,e,e,e,e,e,e,e,e,e,e,e,e,e,e,e,e,e,e,e
e,e,e,e,e,e,e,e,e,e,e,e,e,e,e,e,e,e,e,e,e,e,e,e,e,e,e,e,e,e,e,e,e,e,e,e,e,e,e,e,e,e,e,e,e,e,e,e,e,e,e,e,e,e,e,e,e,e,e,e,e,e,e,e,e,e,e,e,e,e,e,e,e,e,e,e,e,e,e,e,e,e,e,e,e,e,e,e,e,e,e,e,e,e,e,e,e,e,e,e,e,e,e,e,e,e,e,e,e,e,e,e,e,e,e,e,e,e,e,e,e,e,e,e,e,e,e,e,e,e,e,e,e,e,e,e,e,e,e,e,e,e,e,e,e,e,e,e,e,e,e,e,e,e,e,e,e,e,e,e,e,e,e,e,e,e,e,e,e,e,e,e,e,e,e,e,e,e,e,e,e,e,e,e,e,e,e,e,e,e,e,e,e,e,e,e,e,e,e,e,e,e,e,e,e,e,e,e,e,e,e,e,e,e,e,e,e,e,e,e,e,e,e,e,e,e,e,e,e,e,e,e,e,e,e,e,e,e,e,e,e,e,e,e,e,e,e,e,e,e,e,e,e,e,e,e
e,e,e,e,e,e,e,e,e,e,e,e,e,e,e,e,e,e,e,e,e,e,e,e,e,e,e,e,e,e,e,e,e,e,e,e,e,e,e,e,e,e,e,e,e,e,e,e,e,e,e,e,e,e,e,e,e,e,e,e,e,e,e,e,e,e,e,e,e,e,e,e,e,e,e,e,e,e,e,e,e,e,e,e,e,e,e,e,e,e,e,e,e,e,e,e,e,e,e,e,e,e,e,e,e,e,e,e,e,e,e,e,e,e,e,e,e,e,e,e,e,e,e,e,e,e,e,e,e,e,e,e,e,e,e,e,e,e,e,e,e,e,e,e,e,e,e,e,e,e,e,e,e,e,e,e,e,e,e,e,e,e,e,e,e,e,e,e,e,e,e,e,e,e,e,e,e,e,e,e,e,e,e,e,e,e,e,e,e,e,e,e,e,e,e,e,e,e,e,e,e,e,e,e,e,e,e,e,e,e,e,e,e,e,e,e,e,e,e,e,e,e,e,e,e,e,e,e,e,e,e,e,e,e,e,e,e,e,e,e,e,e,e,e,e,e,e,e,e,e,e,e,e,e,e,e
e,e,e,e,e,e,e,e,e,e,e,e,e,e,e,e,e,e,e,e,e,e,e,e,e,e,e,e,e,e,e,e,e,e,e,e,e,e,e,e,e,e,e,e,e,e,e,e,e,e,e,e,e,e,e,e,e,e,e,e,e,e,e,e,e,e,e,e,e,e,e,e,e,e,e,e,e,e,e,e,e,e,e,e,e,e,e,e,e,e,e,e,e,e,e,e,e,e,e,e,e,e,e,e,e,e,e,e,e,e,e,e,e,e,e,e,e,e,e,e,e,e,e,e,e,e,e,e,e,e,e,e,e,e,e,e,e,e,e,e,e,e,e,e,e,e,e,e,e,e,e,e,e,e,e,e,e,e,e,e,e,e,e,e,e,e,e,e,e,e,e,e,e,e,e,e,e,e,e,e,e,e,e,e,e,e,e,e,e,e,e,e,e,e,e,e,e,e,e,e,e,e,e,e,e,e,e,e,e,e,e,e,e,e,e,e,e,e,e,e,e,e,e,e,e,e,e,e,e,e,e,e,e,e,e,e,e,e,e,e,e,e,e,e,e,e,e,e,e,e,e,e,e,e,e,e
e,e,e,e,e,e,e,e,e,e,e,e,e,e,e,e,e,e,e,e,e,e,e,e,e,e,e,e,e,e,e,e,e,e,e,e,e,e,e,e,e,e,e,e,e,e,e,e,e,e,e,e,e,e,e,e,e,e,e,e,e,e,e,e,e,e,e,e,e,e,e,e,e,e,e,e,e,e,e,e,e,e,e,e,e,e,e,e,e,e,e,e,e,e,e,e,e,e,e,e,e,e,e,e,e,e,e,e,e,e,e,e,e,e,e,e,e,e,e,e,e,e,e,e,e,e,e,e,e,e,e,e,e,e,e,e,e,e,e,e,e,e,e,e,e,e,e,e,e,e,e,e,e,e,e,e,e,e,e,e,e,e,e,e,e,e,e,e,e,e,e,e,e,e,e,e,e,e,e,e,e,e,e,e,e,e,e,e,e,e,e,e,e,e,e,e,e,e,e,e,e,e,e,e,e,e,e,e,e,e,e,e,e,e,e,e,e,e,e,e,e,e,e,e,e,e,e,e,e,e,e,e,e,e,e,e,e,e,e,e,e,e,e,e,e,e,e,e,e,e,e,e,e,e,e,e
e,e,e,e,e,e,e,e,e,e,e,e,e,e,e,e,e,e,e,e,e,e,e,e,e,e,e,e,e,e,e,e,e,e,e,e,e,e,e,e,e,e,e,e,e,e,e,e,e,e,e,e,e,e,e,e,e,e,e,e,e,e,e,e,e,e,e,e,e,e,e,e,e,e,e,e,e,e,e,e,e,e,e,e,e,e,e,e,e,e,e,e,e,e,e,e,e,e,e,e,e,e,e,e,e,e,e,e,e,e,e,e,e,e,e,e,e,e,e,e,e,e,e,e,e,e,e,e,e,e,e,e,e,e,e,e,e,e,e,e,e,e,e,e,e,e,e,e,e,e,e,e,e,e,e,e,e,e,e,e,e,e,e,e,e,e,e,e,e,e,e,e,e,e,e,e,e,e,e,e,e,e,e,e,e,e,e,e,e,e,e,e,e,e,e,e,e,e,e,e,e,e,e,e,e,e,e,e,e,e,e,e,e,e,e,e,e,e,e,e,e,e,e,e,e,e,e,e,e,e,e,e,e,e,e,e,e,e,e,e,e,e,e,e,e,e,e,e,e,e,e,e,e,e,e,e
e,e,e,e,e,e,e,e,e,e,e,e,e,e,e,e,e,e,e,e,e,e,e,e,e,e,e,e,e,e,e,e,e,e,e,e,e,e,e,e,e,e,e,e,e,e,e,e,e,e,e,e,e,e,e,e,e,e,e,e,e,e,e,e,e,e,e,e,e,e,e,e,e,e,e,e,e,e,e,e,e,e,e,e,e,e,e,e,e,e,e,e,e,e,e,e,e,e,e,e,e,e,e,e,e,e,e,e,e,e,e,e,e,e,e,e,e,e,e,e,e,e,e,e,e,e,e,e,e,e,e,e,e,e,e,e,e,e,e,e,e,e,e,e,e,e,e,e,e,e,e,e,e,e,e,e,e,e,e,e,e,e,e,e,e,e,e,e,e,e,e,e,e,e,e,e,e,e,e,e,e,e,e,e,e,e,e,e,e,e,e,e,e,e,e,e,e,e,e,e,e,e,e,e,e,e,e,e,e,e,e,e,e,e,e,e,e,e,e,e,e,e,e,e,e,e,e,e,e,e,e,e,e,e,e,e,e,e,e,e,e,e,e,e,e,e,e,e,e,e,e,e,e,e,e,e
e,e,e,e,e,e,e,e,e,e,e,e,e,e,e,e,e,e,e,e,e,e,e,e,e,e,e,e,e,e,e,e,e,e,e,e,e,e,e,e,e,e,e,e,e,e,e,e,e,e,e,e,e,e,e,e,e,e,e,e,e,e,e,e,e,e,e,e,e,e,e,e,e,e,e,e,e,e,e,e,e,e,e,e,e,e,e,e,e,e,e,e,e,e,e,e,e,e,e,e,e,e,e,e,e,e,e,e,e,e,e,e,e,e,e,e,e,e,e,e,e,e,e,e,e,e,e,e,e,e,e,e,e,e,e,e,e,e,e,e,e,e,e,e,e,e,e,e,e,e,e,e,e,e,e,e,e,e,e,e,e,e,e,e,e,e,e,e,e,e,e,e,e,e,e,e,e,e,e,e,e,e,e,e,e,e,e,e,e,e,e,e,e,e,e,e,e,e,e,e,e,e,e,e,e,e,e,e,e,e,e,e,e,e,e,e,e,e,e,e,e,e,e,e,e,e,e,e,e,e,e,e,e,e,e,e,e,e,e,e,e,e,e,e,e,e,e,e,e,e,e,e,e,e,e,e
e,e,e,e,e,e,e,e,e,e,e,e,e,e,e,e,e,e,e,e,e,e,e,e,e,e,e,e,e,e,e,e,e,e,e,e,e,e,e,e,e,e,e,e,e,e,e,e,e,e,e,e,e,e,e,e,e,e,e,e,e,e,e,e,e,e,e,e,e,e,e,e,e,e,e,e,e,e,e,e,e,e,e,e,e,e,e,e,e,e,e,e,e,e,e,e,e,e,e,e,e,e,e,e,e,e,e,e,e,e,e,e,e,e,e,e,e,e,e,e,e,e,e,e,e,e,e,e,e,e,e,e,e,e,e,e,e,e,e,e,e,e,e,e,e,e,e,e,e,e,e,e,e,e,e,e,e,e,e,e,e,e,e,e,e,e,e,e,e,e,e,e,e,e,e,e,e,e,e,e,e,e,e,e,e,e,e,e,e,e,e,e,e,e,e,e,e,e,e,e,e,e,e,e,e,e,e,e,e,e,e,e,e,e,e,e,e,e,e,e,e,e,e,e,e,e,e,e,e,e,e,e,e,e,e,e,e,e,e,e,e,e,e,e,e,e,e,e,e,e,e,e,e,e,e,e
e,e,e,e,e,e,e,e,e,e,e,e,e,e,e,e,e,e,e,e,e,e,e,e,e,e,e,e,e,e,e,e,e,e,e,e,e,e,e,e,e,e,e,e,e,e,e,e,e,e,e,e,e,e,e,e,e,e,e,e,e,e,e,e,e,e,e,e,e,e,e,e,e,e,e,e,e,e,e,e,e,e,e,e,e,e,e,e,e,e,e,e,e,e,e,e,e,e,e,e,e,e,e,e,e,e,e,e,e,e,e,e,e,e,e,e,e,e,e,e,e,e,e,e,e,e,e,e,e,e,e,e,e,e,e,e,e,e,e,e,e,e,e,e,e,e,e,e,e,e,e,e,e,e,e,e,e,e,e,e,e,e,e,e,e,e,e,e,e,e,e,e,e,e,e,e,e,e,e,e,e,e,e,e,e,e,e,e,e,e,e,e,e,e,e,e,e,e,e,e,e,e,e,e,e,e,e,e,e,e,e,e,e,e,e,e,e,e,e,e,e,e,e,e,e,e,e,e,e,e,e,e,e,e,e,e,e,e,e,e,e,e,e,e,e,e,e,e,e,e,e,e,e,e,e,e
e,e,e,e,e,e,e,e,e,e,e,e,e,e,e,e,e,e,e,e,e,e,e,e,e,e,e,e,e,e,e,e,e,e,e,e,e,e,e,e,e,e,e,e,e,e,e,e,e,e,e,e,e,e,e,e,e,e,e,e,e,e,e,e,e,e,e,e,e,e,e,e,e,e,e,e,e,e,e,e,e,e,e,e,e,e,e,e,e,e,e,e,e,e,e,e,e,e,e,e,e,e,e,e,e,e,e,e,e,e,e,e,e,e,e,e,e,e,e,e,e,e,e,e,e,e,e,e,e,e,e,e,e,e,e,e,e,e,e,e,e,e,e,e,e,e,e,e,e,e,e,e,e,e,e,e,e,e,e,e,e,e,e,e,e,e,e,e,e,e,e,e,e,e,e,e,e,e,e,e,e,e,e,e,e,e,e,e,e,e,e,e,e,e,e,e,e,e,e,e,e,e,e,e,e,e,e,e,e,e,e,e,e,e,e,e,e,e,e,e,e,e,e,e,e,e,e,e,e,e,e,e,e,e,e,e,e,e,e,e,e,e,e,e,e,e,e,e,e,e,e,e,e,e,e,e
e,e,e,e,e,e,e,e,e,e,e,e,e,e,e,e,e,e,e,e,e,e,e,e,e,e,e,e,e,e,e,e,e,e,e,e,e,e,e,e,e,e,e,e,e,e,e,e,e,e,e,e,e,e,e,e,e,e,e,e,e,e,e,e,e,e,e,e,e,e,e,e,e,e,e,e,e,e,e,e,e,e,e,e,e,e,e,e,e,e,e,e,e,e,e,e,e,e,e,e,e,e,e,e,e,e,e,e,e,e,e,e,e,e,e,e,e,e,e,e,e,e,e,e,e,e,e,e,e,e,e,e,e,e,e,e,e,e,e,e,e,e,e,e,e,e,e,e,e,e,e,e,e,e,e,e,e,e,e,e,e,e,e,e,e,e,e,e,e,e,e,e,e,e,e,e,e,e,e,e,e,e,e,e,e,e,e,e,e,e,e,e,e,e,e,e,e,e,e,e,e,e,e,e,e,e,e,e,e,e,e,e,e,e,e,e,e,e,e,e,e,e,e,e,e,e,e,e,e,e,e,e,e,e,e,e,e,e,e,e,e,e,e,e,e,e,e,e,e,e,e,e,e,e,e,e
e,e,e,e,e,e,e,e,e,e,e,e,e,e,e,e,e,e,e,e,e,e,e,e,e,e,e,e,e,e,e,e,e,e,e,e,e,e,e,e,e,e,e,e,e,e,e,e,e,e,e,e,e,e,e,e,e,e,e,e,e,e,e,e,e,e,e,e,e,e,e,e,e,e,e,e,e,e,e,e,e,e,e,e,e,e,e,e,e,e,e,e,e,e,e,e,e,e,e,e,e,e,e,e,e,e,e,e,e,e,e,e,e,e,e,e,e,e,e,e,e,e,e,e,e,e,e,e,e,e,e,e,e,e,e,e,e,e,e,e,e,e,e,e,e,e,e,e,e,e,e,e,e,e,e,e,e,e,e,e,e,e,e,e,e,e,e,e,e,e,e,e,e,e,e,e,e,e,e,e,e,e,e,e,e,e,e,e,e,e,e,e,e,e,e,e,e,e,e,e,e,e,e,e,e,e,e,e,e,e,e,e,e,e,e,e,e,e,e,e,e,e,e,e,e,e,e,e,e,e,e,e,e,e,e,e,e,e,e,e,e,e,e,e,e,e,e,e,e,e,e,e,e,e,e,e
e,e,e,e,e,e,e,e,e,e,e,e,e,e,e,e,e,e,e,e,e,e,e,e,e,e,e,e,e,e,e,e,e,e,e,e,e,e,e,e,e,e,e,e,e,e,e,e,e,e,e,e,e,e,e,e,e,e,e,e,e,e,e,e,e,e,e,e,e,e,e,e,e,e,e,e,e,e,e,e,e,e,e,e,e,e,e,e,e,e,e,e,e,e,e,e,e,e,e,e,e,e,e,e,e,e,e,e,e,e,e,e,e,e,e,e,e,e,e,e,e,e,e,e,e,e,e,e,e,e,e,e,e,e,e,e,e,e,e,e,e,e,e,e,e,e,e,e,e,e,e,e,e,e,e,e,e,e,e,e,e,e,e,e,e,e,e,e,e,e,e,e,e,e,e,e,e,e,e,e,e,e,e,e,e,e,e,e,e,e,e,e,e,e,e,e,e,e,e,e,e,e,e,e,e,e,e,e,e,e,e,e,e,e,e,e,e,e,e,e,e,e,e,e,e,e,e,e,e,e,e,e,e,e,e,e,e,e,e,e,e,e,e,e,e,e,e,e,e,e,e,e,e,e,e,e
e,e,e,e,e,e,e,e,e,e,e,e,e,e,e,e,e,e,e,e,e,e,e,e,e,e,e,e,e,e,e,e,e,e,e,e,e,e,e,e,e,e,e,e,e,e,e,e,e,e,e,e,e,e,e,e,e,e,e,e,e,e,e,e,e,e,e,e,e,e,e,e,e,e,e,e,e,e,e,e,e,e,e,e,e,e,e,e,e,e,e,e,e,e,e,e,e,e,e,e,e,e,e,e,e,e,e,e,e,e,e,e,e,e,e,e,e,e,e,e,e,e,e,e,e,e,e,e,e,e,e,e,e,e,e,e,e,e,e,e,e,e,e,e,e,e,e,e,e,e,e,e,e,e,e,e,e,e,e,e,e,e,e,e,e,e,e,e,e,e,e,e,e,e,e,e,e,e,e,e,e,e,e,e,e,e,e,e,e,e,e,e,e,e,e,e,e,e,e,e,e,e,e,e,e,e,e,e,e,e,e,e,e,e,e,e,e,e,e,e,e,e,e,e,e,e,e,e,e,e,e,e,e,e,e,e,e,e,e,e,e,e,e,e,e,e,e,e,e,e,e,e,e,e,e,e
e,e,e,e,e,e,e,e,e,e,e,e,e,e,e,e,e,e,e,e,e,e,e,e,e,e,e,e,e,e,e,e,e,e,e,e,e,e,e,e,e,e,e,e,e,e,e,e,e,e,e,e,e,e,e,e,e,e,e,e,e,e,e,e,e,e,e,e,e,e,e,e,e,e,e,e,e,e,e,e,e,e,e,e,e,e,e,e,e,e,e,e,e,e,e,e,e,e,e,e,e,e,e,e,e,e,e,e,e,e,e,e,e,e,e,e,e,e,e,e,e,e,e,e,e,e,e,e,e,e,e,e,e,e,e,e,e,e,e,e,e,e,e,e,e,e,e,e,e,e,e,e,e,e,e,e,e,e,e,e,e,e,e,e,e,e,e,e,e,e,e,e,e,e,e,e,e,e,e,e,e,e,e,e,e,e,e,e,e,e,e,e,e,e,e,e,e,e,e,e,e,e,e,e,e,e,e,e,e,e,e,e,e,e,e,e,e,e,e,e,e,e,e,e,e,e,e,e,e,e,e,e,e,e,e,e,e,e,e,e,e,e,e,e,e,e,e,e,e,e,e,e,e,e,e,e
e,e,e,e,e,e,e,e,e,e,e,e,e,e,e,e,e,e,e,e,e,e,e,e,e,e,e,e,e,e,e,e,e,e,e,e,e,e,e,e,e,e,e,e,e,e,e,e,e,e,e,e,e,e,e,e,e,e,e,e,e,e,e,e,e,e,e,e,e,e,e,e,e,e,e,e,e,e,e,e,e,e,e,e,e,e,e,e,e,e,e,e,e,e,e,e,e,e,e,e,e,e,e,e,e,e,e,e,e,e,e,e,e,e,e,e,e,e,e,e,e,e,e,e,e,e,e,e,e,e,e,e,e,e,e,e,e,e,e,e,e,e,e,e,e,e,e,e,e,e,e,e,e,e,e,e,e,e,e,e,e,e,e,e,e,e,e,e,e,e,e,e,e,e,e,e,e,e,e,e,e,e,e,e,e,e,e,e,e,e,e,e,e,e,e,e,e,e,e,e,e,e,e,e,e,e,e,e,e,e,e,e,e,e,e,e,e,e,e,e,e,e,e,e,e,e,e,e,e,e,e,e,e,e,e,e,e,e,e,e,e,e,e,e,e,e,e,e,e,e,e,e,e,e,e,e
e,e,e,e,e,e,e,e,e,e,e,e,e,e,e,e,e,e,e,e,e,e,e,e,e,e,e,e,e,e,e,e,e,e,e,e,e,e,e,e,e,e,e,e,e,e,e,e,e,e,e,e,e,e,e,e,e,e,e,e,e,e,e,e,e,e,e,e,e,e,e,e,e,e,e,e,e,e,e,e,e,e,e,e,e,e,e,e,e,e,e,e,e,e,e,e,e,e,e,e,e,e,e,e,e,e,e,e,e,e,e,e,e,e,e,e,e,e,e,e,e,e,e,e,e,e,e,e,e,e,e,e,e,e,e,e,e,e,e,e,e,e,e,e,e,e,e,e,e,e,e,e,e,e,e,e,e,e,e,e,e,e,e,e,e,e,e,e,e,e,e,e,e,e,e,e,e,e,e,e,e,e,e,e,e,e,e,e,e,e,e,e,e,e,e,e,e,e,e,e,e,e,e,e,e,e,e,e,e,e,e,e,e,e,e,e,e,e,e,e,e,e,e,e,e,e,e,e,e,e,e,e,e,e,e,e,e,e,e,e,e,e,e,e,e,e,e,e,e,e,e,e,e,e,e,e
e,e,e,e,e,e,e,e,e,e,e,e,e,e,e,e,e,e,e,e,e,e,e,e,e,e,e,e,e,e,e,e,e,e,e,e,e,e,e,e,e,e,e,e,e,e,e,e,e,e,e,e,e,e,e,e,e,e,e,e,e,e,e,e,e,e,e,e,e,e,e,e,e,e,e,e,e,e,e,e,e,e,e,e,e,e,e,e,e,e,e,e,e,e,e,e,e,e,e,e,e,e,e,e,e,e,e,e,e,e,e,e,e,e,e,e,e,e,e,e,e,e,e,e,e,e,e,e,e,e,e,e,e,e,e,e,e,e,e,e,e,e,e,e,e,e,e,e,e,e,e,e,e,e,e,e,e,e,e,e,e,e,e,e,e,e,e,e,e,e,e,e,e,e,e,e,e,e,e,e,e,e,e,e,e,e,e,e,e,e,e,e,e,e,e,e,e,e,e,e,e,e,e,e,e,e,e,e,e,e,e,e,e,e,e,e,e,e,e,e,e,e,e,e,e,e,e,e,e,e,e,e,e,e,e,e,e,e,e,e,e,e,e,e,e,e,e,e,e,e,e,e,e,e,e,e
e,e,e,e,e,e,e,e,e,e,e,e,e,e,e,e,e,e,e,e,e,e,e,e,e,e,e,e,e,e,e,e,e,e,e,e,e,e,e,e,e,e,e,e,e,e,e,e,e,e,e,e,e,e,e,e,e,e,e,e,e,e,e,e,e,e,e,e,e,e,e,e,e,e,e,e,e,e,e,e,e,e,e,e,e,e,e,e,e,e,e,e,e,e,e,e,e,e,e,e,e,e,e,e,e,e,e,e,e,e,e,e,e,e,e,e,e,e,e,e,e,e,e,e,e,e,e,e,e,e,e,e,e,e,e,e,e,e,e,e,e,e,e,e,e,e,e,e,e,e,e,e,e,e,e,e,e,e,e,e,e,e,e,e,e,e,e,e,e,e,e,e,e,e,e,e,e,e,e,e,e,e,e,e,e,e,e,e,e,e,e,e,e,e,e,e,e,e,e,e,e,e,e,e,e,e,e,e,e,e,e,e,e,e,e,e,e,e,e,e,e,e,e,e,e,e,e,e,e,e,e,e,e,e,e,e,e,e,e,e,e,e,e,e,e,e,e,e,e,e,e,e,e,e,e,e
e,e,e,e,e,e,e,e,e,e,e,e,e,e,e,e,e,e,e,e,e,e,e,e,e,e,e,e,e,e,e,e,e,e,e,e,e,e,e,e,e,e,e,e,e,e,e,e,e,e,e,e,e,e,e,e,e,e,e,e,e,e,e,e,e,e,e,e,e,e,e,e,e,e,e,e,e,e,e,e,e,e,e,e,e,e,e,e,e,e,e,e,e,e,e,e,e,e,e,e,e,e,e,e,e,e,e,e,e,e,e,e,e,e,e,e,e,e,e,e,e,e,e,e,e,e,e,e,e,e,e,e,e,e,e,e,e,e,e,e,e,e,e,e,e,e,e,e,e,e,e,e,e,e,e,e,e,e,e,e,e,e,e,e,e,e,e,e,e,e,e,e,e,e,e,e,e,e,e,e,e,e,e,e,e,e,e,e,e,e,e,e,e,e,e,e,e,e,e,e,e,e,e,e,e,e,e,e,e,e,e,e,e,e,e,e,e,e,e,e,e,e,e,e,e,e,e,e,e,e,e,e,e,e,e,e,e,e,e,e,e,e,e,e,e,e,e,e,e,e,e,e,e,e,e,e
e,e,e,e,e,e,e,e,e,e,e,e,e,e,e,e,e,e,e,e,e,e,e,e,e,e,e,e,e,e,e,e,e,e,e,e,e,e,e,e,e,e,e,e,e,e,e,e,e,e,e,e,e,e,e,e,e,e,e,e,e,e,e,e,e,e,e,e,e,e,e,e,e,e,e,e,e,e,e,e,e,e,e,e,e,e,e,e,e,e,e,e,e,e,e,e,e,e,e,e,e,e,e,e,e,e,e,e,e,e,e,e,e,e,e,e,e,e,e,e,e,e,e,e,e,e,e,e,e,e,e,e,e,e,e,e,e,e,e,e,e,e,e,e,e,e,e,e,e,e,e,e,e,e,e,e,e,e,e,e,e,e,e,e,e,e,e,e,e,e,e,e,e,e,e,e,e,e,e,e,e,e,e,e,e,e,e,e,e,e,e,e,e,e,e,e,e,e,e,e,e,e,e,e,e,e,e,e,e,e,e,e,e,e,e,e,e,e,e,e,e,e,e,e,e,e,e,e,e,e,e,e,e,e,e,e,e,e,e,e,e,e,e,e,e,e,e,e,e,e,e,e,e,e,e,e
e,e,e,e,e,e,e,e,e,e,e,e,e,e,e,e,e,e,e,e,e,e,e,e,e,e,e,e,e,e,e,e,e,e,e,e,e,e,e,e,e,e,e,e,e,e,e,e,e,e,e,e,e,e,e,e,e,e,e,e,e,e,e,e,e,e,e,e,e,e,e,e,e,e,e,e,e,e,e,e,e,e,e,e,e,e,e,e,e,e,e,e,e,e,e,e,e,e,e,e,e,e,e,e,e,e,e,e,e,e,e,e,e,e,e,e,e,e,e,e,e,e,e,e,e,e,e,e,e,e,e,e,e,e,e,e,e,e,e,e,e,e,e,e,e,e,e,e,e,e,e,e,e,e,e,e,e,e,e,e,e,e,e,e,e,e,e,e,e,e,e,e,e,e,e,e,e,e,e,e,e,e,e,e,e,e,e,e,e,e,e,e,e,e,e,e,e,e,e,e,e,e,e,e,e,e,e,e,e,e,e,e,e,e,e,e,e,e,e,e,e,e,e,e,e,e,e,e,e,e,e,e,e,e,e,e,e,e,e,e,e,e,e,e,e,e,e,e,e,e,e,e,e,e,e,e
e,e,e,e,e,e,e,e,e,e,e,e,e,e,e,e,e,e,e,e,e,e,e,e,e,e,e,e,e,e,e,e,e,e,e,e,e,e,e,e,e,e,e,e,e,e,e,e,e,e,e,e,e,e,e,e,e,e,e,e,e,e,e,e,e,e,e,e,e,e,e,e,e,e,e,e,e,e,e,e,e,e,e,e,e,e,e,e,e,e,e,e,e,e,e,e,e,e,e,e,e,e,e,e,e,e,e,e,e,e,e,e,e,e,e,e,e,e,e,e,e,e,e,e,e,e,e,e,e,e,e,e,e,e,e,e,e,e,e,e,e,e,e,e,e,e,e,e,e,e,e,e,e,e,e,e,e,e,e,e,e,e,e,e,e,e,e,e,e,e,e,e,e,e,e,e,e,e,e,e,e,e,e,e,e,e,e,e,e,e,e,e,e,e,e,e,e,e,e,e,e,e,e,e,e,e,e,e,e,e,e,e,e,e,e,e,e,e,e,e,e,e,e,e,e,e,e,e,e,e,e,e,e,e,e,e,e,e,e,e,e,e,e,e,e,e,e,e,e,e,e,e,e,e,e,e
e,e,e,e,e,e,e,e,e,e,e,e,e,e,e,e,e,e,e,e,e,e,e,e,e,e,e,e,e,e,e,e,e,e,e,e,e,e,e,e,e,e,e,e,e,e,e,e,e,e,e,e,e,e,e,e,e,e,e,e,e,e,e,e,e,e,e,e,e,e,e,e,e,e,e,e,e,e,e,e,e,e,e,e,e,e,e,e,e,e,e,e,e,e,e,e,e,e,e,e,e,e,e,e,e,e,e,e,e,e,e,e,e,e,e,e,e,e,e,e,e,e,e,e,e,e,e,e,e,e,e,e,e,e,e,e,e,e,e,e,e,e,e,e,e,e,e,e,e,e,e,e,e,e,e,e,e,e,e,e,e,e,e,e,e,e,e,e,e,e,e,e,e,e,e,e,e,e,e,e,e,e,e,e,e,e,e,e,e,e,e,e,e,e,e,e,e,e,e,e,e,e,e,e,e,e,e,e,e,e,e,e,e,e,e,e,e,e,e,e,e,e,e,e,e,e,e,e,e,e,e,e,e,e,e,e,e,e,e,e,e,e,e,e,e,e,e,e,e,e,e,e,e,e,e,e
e,e,e,e,e,e,e,e,e,e,e,e,e,e,e,e,e,e,e,e,e,e,e,e,e,e,e,e,e,e,e,e,e,e,e,e,e,e,e,e,e,e,e,e,e,e,e,e,e,e,e,e,e,e,e,e,e,e,e,e,e,e,e,e,e,e,e,e,e,e,e,e,e,e,e,e,e,e,e,e,e,e,e,e,e,e,e,e,e,e,e,e,e,e,e,e,e,e,e,e,e,e,e,e,e,e,e,e,e,e,e,e,e,e,e,e,e,e,e,e,e,e,e,e,e,e,e,e,e,e,e,e,e,e,e,e,e,e,e,e,e,e,e,e,e,e,e,e,e,e,e,e,e,e,e,e,e,e,e,e,e,e,e,e,e,e,e,e,e,e,e,e,e,e,e,e,e,e,e,e,e,e,e,e,e,e,e,e,e,e,e,e,e,e,e,e,e,e,e,e,e,e,e,e,e,e,e,e,e,e,e,e,e,e,e,e,e,e,e,e,e,e,e,e,e,e,e,e,e,e,e,e,e,e,e,e,e,e,e,e,e,e,e,e,e,e,e,e,e,e,e,e,e,e,e,e
e,e,e,e,e,e,e,e,e,e,e,e,e,e,e,e,e,e,e,e,e,e,e,e,e,e,e,e,e,e,e,e,e,e,e,e,e,e,e,e,e,e,e,e,e,e,e,e,e,e,e,e,e,e,e,e,e,e,e,e,e,e,e,e,e,e,e,e,e,e,e,e,e,e,e,e,e,e,e,e,e,e,e,e,e,e,e,e,e,e,e,e,e,e,e,e,e,e,e,e,e,e,e,e,e,e,e,e,e,e,e,e,e,e,e,e,e,e,e,e,e,e,e,e,e,e,e,e,e,e,e,e,e,e,e,e,e,e,e,e,e,e,e,e,e,e,e,e,e,e,e,e,e,e,e,e,e,e,e,e,e,e,e,e,e,e,e,e,e,e,e,e,e,e,e,e,e,e,e,e,e,e,e,e,e,e,e,e,e,e,e,e,e,e,e,e,e,e,e,e,e,e,e,e,e,e,e,e,e,e,e,e,e,e,e,e,e,e,e,e,e,e,e,e,e,e,e,e,e,e,e,e,e,e,e,e,e,e,e,e,e,e,e,e,e,e,e,e,e,e,e,e,e,e,e,e
e,e,e,e,e,e,e,e,e,e,e,e,e,e,e,e,e,e,e,e,e,e,e,e,e,e,e,e,e,e,e,e,e,e,e,e,e,e,e,e,e,e,e,e,e,e,e,e,e,e,e,e,e,e,e,e,e,e,e,e,e,e,e,e,e,e,e,e,e,e,e,e,e,e,e,e,e,e,e,e,e,e,e,e,e,e,e,e,e,e,e,e,e,e,e,e,e,e,e,e,e,e,e,e,e,e,e,e,e,e,e,e,e,e,e,e,e,e,e,e,e,e,e,e,e,e,e,e,e,e,e,e,e,e,e,e,e,e,e,e,e,e,e,e,e,e,e,e,e,e,e,e,e,e,e,e,e,e,e,e,e,e,e,e,e,e,e,e,e,e,e,e,e,e,e,e,e,e,e,e,e,e,e,e,e,e,e,e,e,e,e,e,e,e,e,e,e,e,e,e,e,e,e,e,e,e,e,e,e,e,e,e,e,e,e,e,e,e,e,e,e,e,e,e,e,e,e,e,e,e,e,e,e,e,e,e,e,e,e,e,e,e,e,e,e,e,e,e,e,e,e,e,e,e,e,e
e,e,e,e,e,e,e,e,e,e,e,e,e,e,e,e,e,e,e,e,e,e,e,e,e,e,e,e,e,e,e,e,e,e,e,e,e,e,e,e,e,e,e,e,e,e,e,e,e,e,e,e,e,e,e,e,e,e,e,e,e,e,e,e,e,e,e,e,e,e,e,e,e,e,e,e,e,e,e,e,e,e,e,e,e,e,e,e,e,e,e,e,e,e,e,e,e,e,e,e,e,e,e,e,e,e,e,e,e,e,e,e,e,e,e,e,e,e,e,e,e,e,e,e,e,e,e,e,e,e,e,e,e,e,e,e,e,e,e,e,e,e,e,e,e,e,e,e,e,e,e,e,e,e,e,e,e,e,e,e,e,e,e,e,e,e,e,e,e,e,e,e,e,e,e,e,e,e,e,e,e,e,e,e,e,e,e,e,e,e,e,e,e,e,e,e,e,e,e,e,e,e,e,e,e,e,e,e,e,e,e,e,e,e,e,e,e,e,e,e,e,e,e,e,e,e,e,e,e,e,e,e,e,e,e,e,e,e,e,e,e,e,e,e,e,e,e,e,e,e,e,e,e,e,e,e
e,e,e,e,e,e,e,e,e,e,e,e,e,e,e,e,e,e,e,e,e,e,e,e,e,e,e,e,e,e,e,e,e,e,e,e,e,e,e,e,e,e,e,e,e,e,e,e,e,e,e,e,e,e,e,e,e,e,e,e,e,e,e,e,e,e,e,e,e,e,e,e,e,e,e,e,e,e,e,e,e,e,e,e,e,e,e,e,e,e,e,e,e,e,e,e,e,e,e,e,e,e,e,e,e,e,e,e,e,e,e,e,e,e,e,e,e,e,e,e,e,e,e,e,e,e,e,e,e,e,e,e,e,e,e,e,e,e,e,e,e,e,e,e,e,e,e,e,e,e,e,e,e,e,e,e,e,e,e,e,e,e,e,e,e,e,e,e,e,e,e,e,e,e,e,e,e,e,e,e,e,e,e,e,e,e,e,e,e,e,e,e,e,e,e,e,e,e,e,e,e,e,e,e,e,e,e,e,e,e,e,e,e,e,e,e,e,e,e,e,e,e,e,e,e,e,e,e,e,e,e,e,e,e,e,e,e,e,e,e,e,e,e,e,e,e,e,e,e,e,e,e,e,e,e,e
