397.89,399.84,395.83,388.14,379.84,372.06,359.83,344.37,331.06,328.80,331.32,332.53,333.35,333.57,333.14,332.03,330.43,328.83,327.34,325.70,323.87,321.61,318.97,316.25,313.40,310.16,305.68,301.65,298.79,295.99,293.16,290.28,287.14,283.66,279.84,276.06,272.67,269.58,266.38,263.16,260.19,257.96,255.94,254.24,252.60,250.71,248.46,246.11,243.72,241.43,239.50,238.13,236.94,235.09,232.59,229.63,226.89,224.48,222.18,219.87,217.57,215.30,212.81,209.84,207.83,207.22,206.66,204.87,203.36,205.11,206.09,205.86,203.69,200.23,198.09,197.69,197.64,197.51,196.36,193.78,191.37,190.03,188.25,183.65,180.24,180.90,183.12,186.21,186.86,184.99,182.52,179.99,177.57,175.10,172.85,171.07,169.48,167.41,165.02,162.30,159.89,158.13,156.30,154.62,153.31,151.81,150.54,148.21,144.55,140.15,134.11,129.48,130.88,131.10,129.08,127.16,125.47,123.61,121.14,118.59,116.11,113.59,112.75,115.81,117.56,117.58,116.84,115.94,114.32,112.11,108.91,106.57,108.07,108.89,108.93,108.39,107.36,106.13,104.72,103.23,101.32,99.00,97.96,96.93,95.39,93.43,90.96,88.54,86.29,84.38,82.86,81.88,80.52,78.03,75.34,72.39,69.16,64.93,64.97,65.49,63.64,61.16,59.06,58.38,57.90,57.17,56.12,54.30,52.64,51.62,50.62,49.42,47.63,43.65,40.20,38.80,36.82,35.64,34.53,32.57,29.95,26.96,24.23,22.53,20.94,18.12,13.37,5.73,e,e,e,e,e,e,e,e,e,e,e,e,e,e,e,e,e,e,e,e,e,e,e,e,e,e,e,e,e,e,e,e,e,e,e,e,e,e,e,e,e,e,e,e,e,e,e,e,e,e,e,e,e,e,e,e,e,e,e,e,e,e,e,e,e,e,e,e
403.97,406.14,402.44,394.14,383.85,374.44,362.37,345.87,332.48,333.30,335.87,337.02,338.08,338.50,337.82,336.35,334.54,332.91,331.66,329.83,327.57,325.01,322.15,319.13,315.94,312.68,309.23,304.96,301.44,298.46,295.64,292.55,289.06,285.11,281.54,278.31,275.13,272.08,268.99,265.81,262.80,260.59,258.88,257.31,255.75,253.68,251.07,248.51,246.13,244.13,242.37,241.04,239.62,237.52,234.64,231.68,228.99,226.61,224.24,221.73,219.19,216.75,214.06,212.10,211.73,211.15,210.62,208.56,207.27,209.62,210.19,209.63,207.53,203.78,201.39,201.33,201.17,200.92,199.06,196.14,194.28,192.85,190.12,184.37,184.61,187.20,190.34,191.81,190.56,188.00,185.32,183.15,181.21,178.92,176.60,174.66,172.80,170.95,168.62,165.58,162.92,161.40,159.83,158.19,156.41,154.53,152.66,149.76,145.06,139.80,133.71,131.54,133.24,133.01,131.11,129.50,127.92,125.50,122.87,120.10,117.71,116.17,118.67,121.86,121.79,120.70,119.57,118.42,116.61,113.95,110.62,108.83,110.47,111.27,111.42,110.62,109.41,108.11,106.63,105.08,102.85,100.84,100.13,99.04,97.24,94.91,92.61,90.25,88.30,86.76,85.21,83.52,81.34,78.39,74.51,70.30,68.07,67.81,68.34,67.64,65.44,63.26,61.73,61.03,60.54,59.16,57.29,55.49,54.49,53.63,52.57,51.05,48.07,43.33,41.21,41.20,39.59,37.76,35.38,32.63,29.87,27.34,26.13,24.53,22.71,20.57,16.90,11.15,5.42,e,e,e,e,e,e,e,e,e,e,e,e,e,e,e,e,e,e,e,e,e,e,e,e,e,e,e,e,e,e,e,e,e,e,e,e,e,e,e,e,e,e,e,e,e,e,e,e,e,e,e,e,e,e,e,e,e,e,e,e,e,e,e,e,e,e,e
409.75,413.37,406.77,397.07,385.64,374.80,363.18,347.83,336.89,337.55,340.39,341.39,342.24,342.63,341.94,340.44,338.58,337.38,336.41,334.21,331.27,328.35,325.31,321.69,318.03,314.93,311.35,307.50,304.39,301.29,298.00,294.20,289.95,286.50,283.56,280.69,277.62,274.58,271.49,268.36,265.50,263.68,262.09,260.56,258.93,256.82,254.09,251.25,248.81,246.90,245.17,243.72,242.14,240.00,237.28,234.32,231.23,228.45,225.81,223.13,220.48,218.00,216.22,216.48,217.24,216.44,214.48,211.00,210.74,212.65,212.75,212.22,210.37,206.64,204.59,204.87,204.48,203.64,201.19,198.83,197.16,194.20,189.53,186.96,189.58,194.45,197.10,196.40,193.87,190.93,188.31,186.56,184.98,182.85,180.28,177.84,175.69,173.52,171.00,167.93,165.73,164.14,162.46,160.91,158.84,156.45,153.53,150.02,144.07,138.18,134.29,135.39,136.18,135.09,133.19,131.58,130.04,127.72,124.97,122.04,118.98,119.78,122.77,125.21,124.68,123.49,122.06,120.76,118.74,115.62,111.98,110.44,112.00,113.23,113.84,112.89,111.60,110.15,108.70,106.84,104.53,102.94,102.22,101.02,99.17,97.03,94.65,92.34,90.06,87.81,85.41,83.00,80.38,76.93,73.39,70.53,71.15,71.96,70.77,69.52,67.68,65.96,64.59,63.69,62.74,60.34,58.24,57.50,56.61,55.29,53.30,51.27,48.12,44.57,44.35,43.30,40.84,38.74,36.17,33.59,31.09,29.33,28.35,26.75,24.59,22.32,19.97,15.20,8.20,4.50,e,e,e,e,e,e,e,e,e,e,e,e,e,e,e,e,e,e,e,e,e,e,e,e,e,e,e,e,e,e,e,e,e,e,e,e,e,e,e,e,e,e,e,e,e,e,e,e,e,e,e,e,e,e,e,e,e,e,e,e,e,e,e,e,e,e
416.34,419.73,410.53,399.01,386.71,375.00,362.97,349.24,339.85,341.62,344.55,345.63,346.23,346.40,345.75,344.32,342.74,341.85,340.79,338.43,335.24,331.88,328.46,324.72,320.73,317.08,313.50,310.61,307.69,303.97,299.73,295.39,291.58,288.63,285.95,283.37,280.20,276.74,273.45,270.46,268.67,267.20,265.56,263.84,262.08,259.93,257.35,254.95,252.23,249.76,247.88,246.31,244.40,242.22,239.76,236.64,233.28,229.93,227.13,224.59,222.26,220.19,219.69,221.01,222.02,220.05,215.81,213.72,214.84,215.40,215.19,213.91,211.27,208.41,207.72,208.40,207.75,206.35,204.27,201.97,199.42,192.72,189.66,192.58,196.93,201.28,201.86,200.06,197.62,195.17,192.49,190.62,189.04,186.82,183.89,180.71,178.04,175.48,172.82,170.23,168.35,166.82,164.88,162.89,160.19,156.45,152.51,147.30,140.56,136.61,137.82,139.76,138.77,137.10,135.23,133.46,131.68,129.03,124.81,121.44,122.34,126.05,128.20,128.72,127.52,126.10,124.39,122.77,120.50,117.43,114.20,112.59,114.17,115.65,116.28,115.28,113.85,112.21,110.58,108.38,106.17,105.07,104.27,102.78,101.12,99.09,96.73,93.91,90.49,87.98,86.22,83.85,81.36,78.99,75.11,74.41,75.20,74.68,73.17,71.67,70.22,68.71,67.43,66.19,64.02,61.37,60.24,59.65,58.24,55.42,52.38,49.97,48.27,47.81,46.72,44.56,42.27,39.99,37.61,35.23,33.32,31.85,30.67,28.61,26.19,23.84,21.57,18.11,13.03,7.18,e,e,e,e,e,e,e,e,e,e,e,e,e,e,e,e,e,e,e,e,e,e,e,e,e,e,e,e,e,e,e,e,e,e,e,e,e,e,e,e,e,e,e,e,e,e,e,e,e,e,e,e,e,e,e,e,e,e,e,e,e,e,e,e,e,e
421.73,422.59,413.52,401.07,388.30,376.09,362.38,351.12,344.71,346.07,348.63,349.99,350.50,350.33,349.69,348.49,347.24,346.16,344.43,342.09,339.19,335.68,331.97,327.96,323.62,319.97,316.82,313.67,310.01,305.53,300.65,296.92,294.34,291.77,289.13,286.95,283.59,278.77,275.59,274.11,272.84,270.89,268.86,266.94,265.04,262.93,261.02,259.07,256.35,253.55,250.92,248.75,246.53,244.20,241.57,238.49,234.94,231.53,228.84,226.78,224.89,223.62,224.30,225.89,224.05,219.25,217.46,218.47,219.16,218.43,217.70,216.31,213.49,210.98,211.21,211.91,210.48,208.92,207.28,204.37,199.32,193.84,193.77,197.16,202.68,205.61,205.62,204.05,202.11,200.01,197.44,195.12,193.14,190.44,187.06,183.74,180.38,177.53,174.93,172.69,171.04,169.39,166.82,163.55,159.66,153.97,148.06,140.95,139.22,140.06,142.28,143.15,141.12,139.01,137.07,135.29,132.57,128.87,125.81,127.23,129.78,131.21,131.73,131.19,130.07,128.53,126.64,124.10,121.08,118.50,116.80,115.02,116.50,118.41,118.79,117.56,115.77,114.06,111.95,109.65,107.99,107.29,106.37,104.66,103.00,100.91,97.95,94.20,91.54,91.07,89.30,86.60,83.58,80.23,79.25,79.42,78.57,76.75,75.18,73.84,72.51,71.14,69.65,68.06,65.72,63.67,62.91,61.69,59.17,55.61,52.74,51.94,51.74,50.27,48.43,46.39,44.08,41.73,39.42,37.48,35.84,34.29,32.33,29.61,26.89,24.42,22.16,19.93,15.93,11.76,5.16,e,e,e,e,e,e,e,e,e,e,e,e,e,e,e,e,e,e,e,e,e,e,e,e,e,e,e,e,e,e,e,e,e,e,e,e,e,e,e,e,e,e,e,e,e,e,e,e,e,e,e,e,e,e,e,e,e,e,e,e,e,e,e,e,e
426.40,424.47,415.51,402.39,389.29,376.54,363.60,353.97,349.25,351.00,353.19,354.66,355.33,355.12,354.31,353.07,351.78,350.33,348.28,346.28,342.75,338.17,333.98,329.80,326.00,322.76,319.31,315.73,311.75,307.30,302.95,299.94,297.91,296.81,295.33,292.55,287.71,281.64,279.54,278.94,277.23,274.99,272.47,270.07,268.12,266.31,264.65,262.73,260.22,257.23,254.40,251.32,248.53,245.97,243.18,240.12,236.88,233.91,231.61,229.62,228.13,227.57,228.75,230.29,226.69,221.19,220.95,221.57,221.83,220.91,219.96,219.02,217.03,215.59,215.57,215.10,213.39,211.77,210.11,204.74,199.34,199.54,199.74,201.47,207.92,209.93,209.54,208.35,206.58,204.38,201.82,199.37,196.95,193.64,190.24,186.88,183.22,179.80,177.28,175.35,173.69,171.17,166.63,161.30,154.98,148.84,145.52,145.69,147.32,147.79,147.56,145.76,143.24,140.79,139.03,137.09,133.27,129.53,129.98,132.16,133.17,133.71,133.97,133.04,131.91,130.57,128.46,125.40,122.52,120.95,120.11,118.21,118.67,120.01,120.03,119.33,117.54,115.50,113.46,111.51,110.21,109.54,108.59,106.78,104.76,101.92,98.53,95.98,94.70,93.69,91.03,87.66,84.53,82.26,82.76,82.40,80.78,78.76,77.33,76.11,74.83,73.35,71.61,69.77,67.78,66.38,64.90,61.80,58.97,56.66,56.50,55.73,53.82,52.00,50.48,48.27,45.89,43.52,41.30,39.59,37.73,35.05,31.89,29.12,26.96,25.26,23.29,21.36,18.23,14.68,10.37,4.04,e,e,e,e,e,e,e,e,e,e,e,e,e,e,e,e,e,e,e,e,e,e,e,e,e,e,e,e,e,e,e,e,e,e,e,e,e,e,e,e,e,e,e,e,e,e,e,e,e,e,e,e,e,e,e,e,e,e,e,e,e,e,e,e
430.92,426.85,416.41,402.41,389.11,376.04,364.88,357.06,355.12,356.18,357.74,359.35,360.26,360.05,359.04,357.73,356.19,354.36,352.56,349.66,344.35,340.21,336.93,332.66,328.52,325.07,321.42,317.46,313.51,310.12,308.05,306.87,305.46,305.06,303.49,298.76,292.41,287.77,286.05,284.17,281.64,279.02,276.39,273.88,271.67,269.80,268.19,266.18,263.33,260.51,257.53,253.92,250.64,247.89,245.03,242.22,239.30,236.74,235.21,233.88,232.77,232.48,233.51,233.64,229.19,223.88,223.41,223.82,223.95,223.23,222.65,221.79,220.96,220.28,219.66,218.49,216.61,214.57,211.35,205.48,203.24,203.55,203.86,207.65,212.48,213.52,213.02,212.21,210.75,208.59,206.04,203.35,200.40,196.83,193.32,189.78,186.07,182.70,179.92,178.01,175.62,171.23,165.32,158.13,151.76,151.93,153.45,153.95,153.73,152.24,150.66,148.19,145.68,143.28,141.32,138.88,135.00,132.44,134.77,136.10,136.70,136.80,136.02,134.80,133.61,132.12,129.72,126.76,125.19,124.07,123.03,121.17,119.64,120.40,120.42,120.27,119.28,117.44,115.70,114.16,112.81,111.86,110.73,108.80,106.50,103.41,100.72,99.01,97.48,94.83,91.68,89.81,87.54,85.45,85.67,84.56,82.55,80.91,79.59,78.44,77.11,75.45,73.53,71.62,69.90,68.60,65.62,61.48,59.42,60.15,59.83,57.42,55.42,53.92,51.97,49.94,47.65,45.31,43.14,41.00,38.37,35.43,32.28,30.06,29.28,27.32,25.01,22.88,20.58,17.39,13.45,7.30,0.60,e,e,e,e,e,e,e,e,e,e,e,e,e,e,e,e,e,e,e,e,e,e,e,e,e,e,e,e,e,e,e,e,e,e,e,e,e,e,e,e,e,e,e,e,e,e,e,e,e,e,e,e,e,e,e,e,e,e,e,e,e,e,e
434.73,427.88,416.94,402.94,389.02,375.81,365.69,361.50,362.08,362.73,363.13,364.25,365.22,365.20,364.26,362.51,360.22,358.42,356.07,350.99,347.48,345.01,341.77,336.62,332.30,327.56,323.47,319.35,317.34,318.22,319.12,319.51,318.45,315.13,311.12,305.09,298.43,294.69,291.74,288.71,285.66,283.11,280.32,277.53,274.81,272.61,271.34,269.05,265.90,262.81,259.53,256.17,253.14,250.21,247.44,244.75,241.87,239.93,239.56,239.37,238.70,238.48,238.75,236.28,230.07,226.14,226.22,226.44,226.33,226.03,225.51,224.83,224.25,224.03,223.26,221.67,219.36,214.57,209.75,207.61,208.44,207.92,207.06,210.91,216.08,216.94,216.43,215.80,214.42,212.49,209.83,206.71,203.26,199.47,195.83,192.39,189.04,185.81,183.00,180.54,176.32,169.96,163.15,157.76,157.45,159.59,160.76,159.88,157.59,155.18,152.96,150.07,147.36,144.82,142.53,140.40,136.89,136.44,139.49,140.06,139.90,139.22,138.00,136.69,135.33,133.18,130.62,129.37,128.65,127.25,125.55,123.25,121.57,122.36,122.27,122.01,121.37,119.88,118.37,116.97,115.48,114.08,112.40,110.44,108.37,105.84,103.66,101.59,98.94,95.93,93.94,92.29,89.53,88.92,88.20,86.38,84.95,83.69,82.37,80.95,79.27,77.36,75.43,73.53,71.92,70.18,66.36,62.73,62.20,62.57,60.84,58.74,57.38,55.38,53.28,51.31,49.11,46.72,44.23,41.80,39.13,36.27,34.36,32.97,31.30,29.42,27.71,25.70,23.26,20.30,16.06,9.56,2.57,e,e,e,e,e,e,e,e,e,e,e,e,e,e,e,e,e,e,e,e,e,e,e,e,e,e,e,e,e,e,e,e,e,e,e,e,e,e,e,e,e,e,e,e,e,e,e,e,e,e,e,e,e,e,e,e,e,e,e,e,e,e,e
438.01,428.55,416.85,403.51,388.96,376.48,368.09,368.53,371.39,373.15,370.02,369.57,370.11,370.30,369.46,367.34,364.28,361.87,358.75,354.50,354.15,353.28,350.56,345.59,337.89,329.65,325.13,322.81,324.79,330.35,334.18,333.08,328.84,323.10,317.44,311.95,305.33,299.44,294.93,291.87,289.71,287.38,284.81,280.75,277.24,275.62,273.96,270.44,267.07,264.22,261.89,259.24,256.26,253.43,250.50,247.32,244.32,244.07,245.82,246.53,245.21,243.75,242.94,240.26,232.98,228.58,229.15,228.78,228.50,228.63,228.41,227.95,227.64,227.60,226.71,224.47,220.79,214.35,210.98,212.04,212.22,211.06,210.28,216.00,220.69,220.37,219.89,219.47,218.24,216.03,213.02,209.54,205.82,201.95,198.54,195.29,191.76,188.16,183.47,179.58,173.47,167.39,163.94,163.46,164.86,165.54,165.13,163.23,160.31,157.49,154.09,150.61,147.95,146.00,143.51,141.19,138.57,140.14,142.50,142.69,142.09,141.34,140.01,138.69,137.13,134.91,132.87,132.40,131.24,129.70,128.17,126.13,124.40,125.69,125.73,125.24,124.14,122.68,121.12,119.46,117.71,115.97,114.09,112.20,110.51,108.61,106.31,103.32,100.26,98.15,96.23,93.33,92.13,92.09,90.22,88.81,87.87,86.64,85.25,83.45,81.28,79.17,77.25,75.23,73.07,70.57,66.77,65.00,65.00,64.00,62.07,60.86,59.13,56.82,54.59,52.41,50.05,47.34,44.69,42.33,40.24,38.47,36.99,35.23,33.10,31.97,30.53,28.51,25.48,22.34,18.48,11.99,3.90,e,e,e,e,e,e,e,e,e,e,e,e,e,e,e,e,e,e,e,e,e,e,e,e,e,e,e,e,e,e,e,e,e,e,e,e,e,e,e,e,e,e,e,e,e,e,e,e,e,e,e,e,e,e,e,e,e,e,e,e,e,e,e
440.00,428.97,417.11,404.02,389.03,377.89,373.40,378.44,384.82,386.49,379.26,375.35,374.80,374.90,373.70,371.33,368.19,365.56,361.55,360.21,362.25,363.16,360.08,352.93,342.43,332.00,327.23,328.18,333.39,340.79,344.71,342.72,337.13,329.88,323.13,316.45,308.96,301.15,297.52,295.71,293.76,291.69,289.16,283.41,279.85,278.84,276.04,272.54,269.53,267.75,265.25,262.47,259.80,257.40,254.09,249.85,246.76,248.23,250.72,251.42,249.84,247.19,244.32,242.20,238.61,232.09,232.10,231.60,231.23,231.48,231.67,231.36,231.13,231.02,229.58,224.61,219.21,217.21,216.57,215.84,214.91,214.57,216.53,222.24,224.65,224.07,223.56,223.03,221.67,219.20,215.72,212.10,208.18,204.47,201.42,198.10,193.95,188.26,180.33,176.29,173.75,171.76,171.36,171.59,171.26,170.50,168.94,166.18,162.38,158.51,154.97,151.63,149.53,147.66,144.98,142.19,140.84,143.09,145.19,145.07,144.56,143.66,142.24,140.60,138.94,136.87,135.75,134.65,133.12,131.83,131.00,128.68,128.18,129.11,128.97,128.16,127.02,125.54,123.49,121.40,119.45,117.70,115.81,114.02,112.35,110.71,108.38,105.37,102.99,100.44,97.33,95.86,95.40,94.59,92.76,91.72,90.76,89.51,87.89,85.58,83.17,80.38,77.74,75.05,72.38,69.98,68.14,67.86,66.93,65.13,63.96,62.57,60.22,57.80,55.35,52.75,50.18,47.73,45.67,43.80,42.15,40.49,38.73,37.09,35.32,33.75,31.89,29.83,26.35,22.83,18.81,12.73,4.28,e,e,e,e,e,e,e,e,e,e,e,e,e,e,e,e,e,e,e,e,e,e,e,e,e,e,e,e,e,e,e,e,e,e,e,e,e,e,e,e,e,e,e,e,e,e,e,e,e,e,e,e,e,e,e,e,e,e,e,e,e,e,e
440.81,429.21,417.40,404.19,389.53,380.14,381.40,389.94,398.73,399.31,391.26,382.12,379.51,379.16,377.40,374.33,373.07,374.48,372.95,370.64,371.30,371.98,366.41,356.29,342.91,334.94,332.27,334.59,340.89,348.20,351.94,347.33,340.57,333.51,326.56,319.16,310.46,303.73,301.57,299.73,297.32,294.42,291.20,286.61,284.12,281.15,278.44,276.56,274.14,271.55,268.38,266.06,264.04,261.60,258.22,253.95,250.09,250.92,253.68,252.01,249.20,245.34,241.43,240.09,238.97,234.52,234.76,235.39,235.09,235.29,235.31,234.99,234.67,233.01,229.56,224.18,222.51,223.10,220.58,218.81,217.66,217.96,222.11,227.87,228.66,227.83,227.17,226.37,224.60,221.78,218.24,214.40,210.41,206.87,203.67,200.15,195.26,189.42,182.91,182.66,182.27,180.43,178.19,176.69,175.22,173.98,171.54,167.66,162.64,158.70,155.79,153.25,151.48,149.47,146.54,143.93,145.53,147.66,148.33,147.73,147.09,145.97,144.35,142.46,140.86,139.42,138.34,136.70,135.08,134.15,133.03,130.10,130.66,130.99,131.03,130.68,129.77,128.09,125.68,123.44,121.41,119.44,117.60,115.84,114.19,112.45,110.47,108.29,105.81,102.08,100.01,99.08,98.34,97.23,95.65,94.67,93.43,92.03,90.06,87.37,84.31,80.86,78.06,75.66,73.67,71.98,71.24,69.97,68.13,66.98,65.70,63.23,60.64,58.09,55.63,53.27,51.12,49.36,47.73,45.73,43.90,42.16,40.11,38.06,35.64,33.02,30.72,28.24,24.73,21.70,18.33,13.30,6.42,0.96,e,e,e,e,e,e,e,e,e,e,e,e,e,e,e,e,e,e,e,e,e,e,e,e,e,e,e,e,e,e,e,e,e,e,e,e,e,e,e,e,e,e,e,e,e,e,e,e,e,e,e,e,e,e,e,e,e,e,e,e,e,e
441.93,429.44,417.46,404.37,391.72,386.66,393.81,404.10,411.71,412.45,401.34,389.48,384.20,383.01,380.75,377.36,381.68,390.63,392.38,386.99,383.20,381.06,371.87,359.00,344.32,338.88,339.07,342.21,348.67,356.69,356.34,348.60,339.24,332.77,326.23,319.01,311.27,308.07,305.87,303.02,298.88,296.04,293.61,290.00,286.15,283.74,282.49,281.17,278.79,275.23,272.32,270.50,268.49,265.63,262.43,259.04,256.11,255.50,255.11,250.69,247.05,243.48,240.31,238.70,237.55,236.08,237.24,238.66,238.99,239.14,238.99,238.51,237.37,233.35,228.79,227.30,228.73,228.07,224.26,221.41,221.13,222.44,228.71,232.70,232.69,231.75,230.88,229.53,227.46,224.44,220.89,216.90,212.57,208.58,204.88,200.70,195.27,191.10,190.32,189.56,187.27,184.58,181.93,180.46,178.64,175.21,170.68,166.65,162.54,159.19,157.06,155.32,153.49,151.19,148.08,147.22,150.65,151.85,151.51,150.60,149.55,148.28,146.36,144.37,142.86,141.68,140.49,138.63,137.18,136.65,135.07,132.49,132.78,132.76,132.72,132.68,131.85,130.19,127.80,125.63,123.57,121.38,119.36,117.67,116.80,115.17,113.06,110.84,108.55,105.31,103.47,102.14,100.94,99.76,98.58,97.39,95.86,93.92,91.32,88.33,85.29,82.06,79.80,78.13,76.74,75.32,73.88,71.80,69.96,68.85,66.76,63.94,61.20,58.71,56.66,54.78,52.79,51.17,49.76,47.81,45.73,43.41,40.63,37.59,34.83,32.37,30.48,28.79,26.20,23.81,20.83,15.91,9.69,3.96,e,e,e,e,e,e,e,e,e,e,e,e,e,e,e,e,e,e,e,e,e,e,e,e,e,e,e,e,e,e,e,e,e,e,e,e,e,e,e,e,e,e,e,e,e,e,e,e,e,e,e,e,e,e,e,e,e,e,e,e,e,e
443.02,430.11,418.39,405.27,395.27,397.67,406.86,415.49,423.05,423.44,411.21,394.80,389.71,387.41,383.67,386.41,392.88,403.14,406.18,401.53,393.69,387.54,375.79,359.61,347.16,345.42,346.97,351.50,358.66,362.24,356.40,347.73,337.15,329.88,323.29,317.64,314.81,312.96,310.05,306.32,301.90,299.94,296.32,291.92,289.71,287.67,286.41,284.65,282.03,279.36,277.43,275.69,273.38,269.86,266.57,263.76,261.35,259.56,255.96,250.52,247.05,244.41,241.00,238.96,238.26,238.30,239.95,241.91,242.63,242.93,242.97,242.03,240.17,235.72,230.71,232.00,233.10,229.71,226.03,224.79,227.31,230.99,234.62,237.17,236.92,235.84,234.43,232.63,230.42,227.28,223.31,218.93,214.58,210.38,206.01,200.76,197.32,197.48,195.81,193.08,189.84,186.92,184.47,182.72,179.66,175.40,171.30,167.75,164.13,161.18,159.26,157.38,154.34,151.13,149.01,150.75,155.03,155.69,154.86,153.53,152.16,150.35,148.27,146.62,145.34,143.79,142.41,140.44,139.49,139.17,137.45,135.02,135.21,135.39,134.94,134.63,133.58,131.72,129.91,127.81,125.55,123.19,121.12,120.00,119.62,117.82,115.31,112.62,110.82,108.38,106.46,105.00,103.44,102.07,100.89,99.72,97.78,95.14,92.14,89.06,86.13,83.78,82.48,81.19,79.71,78.05,76.16,74.16,72.36,70.35,67.77,65.19,62.56,60.11,58.11,56.35,54.48,52.81,51.39,49.55,46.59,43.12,39.98,37.77,35.85,34.05,32.66,30.97,28.76,26.78,23.35,19.26,15.04,8.08,1.71,e,e,e,e,e,e,e,e,e,e,e,e,e,e,e,e,e,e,e,e,e,e,e,e,e,e,e,e,e,e,e,e,e,e,e,e,e,e,e,e,e,e,e,e,e,e,e,e,e,e,e,e,e,e,e,e,e,e,e,e,e
444.14,430.99,419.52,407.79,402.64,409.33,416.49,423.54,431.42,431.01,418.10,402.45,395.57,390.17,391.82,403.74,410.13,414.28,414.43,408.33,400.96,390.23,376.38,362.52,352.02,353.63,356.84,362.37,367.48,361.53,352.65,344.87,336.10,330.68,326.32,322.19,319.81,316.94,313.21,308.61,305.57,303.21,300.03,298.34,295.42,292.51,290.39,287.93,285.38,283.96,283.37,281.47,279.20,275.70,271.72,268.76,266.14,263.51,259.40,254.04,250.58,247.00,242.79,240.54,240.93,241.27,243.47,245.65,246.17,246.68,247.07,245.93,242.91,237.25,235.44,237.64,233.94,229.08,227.59,227.24,231.64,238.73,240.85,241.40,240.90,239.55,237.61,235.47,232.89,229.63,225.28,220.69,216.33,211.96,206.68,201.91,202.02,201.56,198.27,194.58,191.18,188.54,186.85,184.00,180.48,177.46,174.02,169.66,166.26,164.09,161.80,159.14,157.34,156.43,152.55,156.14,159.78,159.25,157.84,156.13,154.28,152.18,150.03,149.48,148.57,146.50,144.77,143.44,142.32,141.75,140.00,137.72,137.87,138.17,137.72,136.86,135.26,133.44,131.60,129.51,127.19,124.87,123.14,122.61,122.02,119.83,117.02,114.32,112.45,110.80,109.18,107.41,105.64,104.18,102.69,101.44,99.43,96.47,93.22,89.92,87.61,86.85,85.78,84.45,82.68,80.33,78.22,76.33,74.09,71.71,69.32,66.66,64.12,61.72,59.63,57.84,56.09,54.37,52.67,50.40,46.84,43.26,41.45,40.13,38.09,36.23,34.59,32.85,31.40,29.51,25.93,22.64,21.05,19.79,8.92,2.53,0.20,e,e,e,e,e,e,e,e,e,e,e,e,e,e,e,e,e,e,e,e,e,e,e,e,e,e,e,e,e,e,e,e,e,e,e,e,e,e,e,e,e,e,e,e,e,e,e,e,e,e,e,e,e,e,e,e,e,e,e
446.07,432.65,420.11,412.08,413.35,418.92,425.60,432.61,439.95,436.32,422.88,407.85,400.74,394.17,400.72,417.61,424.89,425.41,421.80,413.88,406.16,393.37,382.27,369.96,360.68,362.92,366.02,372.01,371.07,359.51,349.79,343.19,338.71,338.91,333.72,327.22,323.63,319.46,315.44,312.03,309.84,308.51,307.26,305.06,301.70,298.15,295.05,291.78,289.04,289.83,290.76,289.77,286.78,282.72,278.24,274.73,271.35,268.10,263.52,259.21,255.23,249.52,244.97,244.22,245.46,245.74,247.64,249.98,250.14,250.39,251.06,249.55,243.26,237.84,241.33,241.00,234.86,232.03,231.25,229.64,235.16,242.24,245.05,245.11,244.31,242.68,240.55,237.97,234.88,231.25,226.73,222.01,216.54,210.92,206.92,206.83,206.11,203.02,199.38,196.10,193.27,190.90,189.16,186.67,183.84,180.66,176.51,171.56,169.37,167.39,164.45,162.54,162.28,160.06,156.96,161.00,163.09,161.93,160.19,158.19,156.06,154.00,152.43,152.40,151.00,148.90,147.56,146.42,145.34,144.16,142.08,140.28,141.14,141.13,140.27,138.91,137.22,135.39,133.26,130.87,128.62,126.48,125.31,124.75,123.00,120.30,117.81,115.84,114.42,112.92,111.36,109.47,107.76,106.15,104.53,102.95,100.63,97.41,94.02,91.22,90.43,90.07,89.03,87.59,85.50,82.83,80.21,78.02,75.59,73.13,70.65,68.08,65.58,63.28,61.08,59.05,57.25,55.12,52.50,49.82,46.91,44.90,43.54,41.57,39.57,37.97,36.55,34.94,32.94,30.48,28.11,25.48,23.85,21.96,17.19,5.46,1.27,e,e,e,e,e,e,e,e,e,e,e,e,e,e,e,e,e,e,e,e,e,e,e,e,e,e,e,e,e,e,e,e,e,e,e,e,e,e,e,e,e,e,e,e,e,e,e,e,e,e,e,e,e,e,e,e,e,e,e
448.39,435.10,423.50,422.88,424.62,428.72,435.70,442.81,447.02,440.56,426.92,412.44,405.63,399.94,407.77,425.17,433.81,433.29,426.44,419.79,411.12,399.52,389.06,377.45,371.92,373.97,377.02,381.19,370.69,358.30,349.25,345.07,343.95,343.00,337.69,330.73,325.78,324.88,323.07,319.19,317.26,316.87,314.85,311.99,308.38,303.98,300.02,296.59,293.91,295.65,299.88,300.75,297.41,290.82,285.15,281.08,277.32,273.63,269.63,265.25,259.50,250.52,247.22,248.02,250.05,250.55,252.69,256.52,256.93,254.88,254.45,251.36,243.52,242.12,246.86,242.94,239.13,237.79,235.55,233.92,237.86,244.89,248.78,248.70,247.52,245.74,243.30,240.28,236.60,232.15,226.00,220.06,214.84,211.43,211.97,211.71,208.04,204.05,200.77,198.21,195.69,193.46,191.71,190.01,186.51,182.61,178.08,174.23,172.70,169.93,167.59,166.72,165.07,160.93,160.84,164.08,165.81,164.28,162.43,160.14,158.09,156.44,155.09,154.81,153.19,151.56,150.31,148.93,147.91,146.33,144.03,143.94,144.93,144.25,143.13,141.26,139.25,137.18,134.94,132.46,130.09,128.22,127.33,126.26,123.83,121.14,118.92,117.58,116.46,115.04,113.36,111.50,109.82,108.07,106.16,103.60,100.72,97.73,95.21,93.89,93.21,92.46,91.44,90.26,88.07,85.13,82.26,79.48,76.86,74.30,71.81,69.37,66.97,64.63,62.22,59.88,57.75,55.48,53.03,50.57,48.56,46.95,44.96,42.91,41.21,39.82,38.18,35.97,33.34,30.63,28.18,26.00,23.69,21.09,16.39,9.52,2.55,e,e,e,e,e,e,e,e,e,e,e,e,e,e,e,e,e,e,e,e,e,e,e,e,e,e,e,e,e,e,e,e,e,e,e,e,e,e,e,e,e,e,e,e,e,e,e,e,e,e,e,e,e,e,e,e,e,e,e
451.80,438.83,431.51,434.31,435.66,439.98,446.41,453.26,454.33,446.11,430.97,417.97,410.19,405.72,417.13,431.48,441.28,439.67,431.32,426.71,420.21,407.97,398.45,388.14,384.11,385.06,387.90,383.77,371.16,358.50,352.02,350.23,348.43,344.71,339.92,333.44,329.70,335.51,334.79,331.13,329.44,326.76,322.46,318.78,315.35,310.81,305.91,302.05,299.07,301.19,310.23,311.50,307.73,301.09,292.71,287.57,283.39,279.62,275.75,270.58,262.03,253.98,251.94,252.42,254.80,256.18,259.07,261.95,261.83,258.75,256.97,251.83,245.13,249.26,249.15,245.70,244.41,242.81,240.56,239.58,242.22,248.88,251.82,251.63,250.46,248.63,245.69,242.20,237.91,232.63,225.05,219.27,219.71,220.50,218.25,213.22,208.59,205.36,202.79,200.34,197.98,195.95,193.76,191.03,187.13,182.52,179.68,177.91,175.18,171.91,170.99,170.17,167.12,165.03,166.47,168.39,168.75,167.16,165.02,162.69,160.66,159.00,157.72,157.26,155.76,154.21,152.89,151.60,150.63,148.56,146.54,148.93,148.63,147.48,145.95,143.85,141.51,139.15,136.61,134.07,131.94,130.29,129.09,127.73,125.32,122.79,120.66,119.44,118.56,117.10,115.34,113.48,111.48,109.41,107.02,104.11,101.36,99.12,97.68,96.71,95.65,94.48,93.31,91.73,89.69,86.71,83.60,80.49,77.82,75.35,73.00,70.59,68.14,65.66,63.15,60.82,58.74,56.75,54.64,52.53,50.43,48.31,46.27,44.65,43.17,41.91,39.23,36.15,32.76,29.82,27.48,25.37,23.17,20.93,17.63,12.77,4.68,e,e,e,e,e,e,e,e,e,e,e,e,e,e,e,e,e,e,e,e,e,e,e,e,e,e,e,e,e,e,e,e,e,e,e,e,e,e,e,e,e,e,e,e,e,e,e,e,e,e,e,e,e,e,e,e,e,e,e
456.51,445.45,440.68,446.17,447.03,450.78,456.12,462.34,461.46,452.26,436.34,423.18,414.16,414.73,427.34,442.07,448.15,444.00,437.17,436.20,430.75,419.88,408.79,401.24,398.39,397.01,394.11,383.53,371.49,361.20,357.74,355.67,351.38,346.38,341.36,336.61,338.25,344.01,344.05,342.64,340.64,337.10,331.36,326.49,322.96,319.18,312.78,307.76,304.53,308.60,319.65,320.04,315.25,308.76,299.64,293.65,289.30,285.33,281.15,275.70,268.13,262.03,258.70,258.19,261.19,264.56,267.00,266.97,265.33,262.57,259.84,251.55,248.19,253.52,252.05,250.54,249.64,248.06,246.87,246.50,248.48,251.78,254.28,254.06,252.72,250.78,247.56,243.69,238.63,231.04,226.24,226.56,226.70,224.33,220.53,214.66,210.26,208.03,205.62,202.81,199.87,197.54,193.94,190.25,187.38,185.32,183.18,180.25,176.68,174.39,173.89,172.94,170.10,170.50,171.90,172.46,171.75,169.96,167.67,165.29,163.06,161.25,160.31,159.53,158.12,156.81,155.89,154.85,153.29,150.49,149.18,151.61,151.71,150.38,148.62,146.40,143.86,140.90,138.17,136.19,134.57,132.94,131.07,129.19,126.92,124.69,122.95,121.67,120.70,119.01,117.13,114.97,112.69,110.41,107.78,105.23,103.22,101.78,100.42,99.23,97.88,96.25,94.34,92.41,90.37,87.56,84.38,81.45,78.97,76.69,74.30,71.73,69.03,66.56,64.21,62.30,60.68,58.76,56.57,54.19,51.79,49.60,47.93,46.54,44.81,42.44,39.50,35.85,32.80,30.86,29.34,27.12,24.90,22.78,20.42,15.88,10.19,4.08,e,e,e,e,e,e,e,e,e,e,e,e,e,e,e,e,e,e,e,e,e,e,e,e,e,e,e,e,e,e,e,e,e,e,e,e,e,e,e,e,e,e,e,e,e,e,e,e,e,e,e,e,e,e,e,e,e,e
465.20,456.30,453.23,460.07,459.45,460.85,465.93,472.26,470.18,459.12,442.32,428.01,418.55,424.69,439.03,453.39,455.58,450.79,445.92,446.80,438.58,428.47,419.86,414.08,411.35,405.65,396.64,383.56,371.74,366.20,363.70,360.66,354.30,347.56,345.25,345.98,350.12,353.91,352.67,351.94,350.38,346.80,342.81,337.49,331.56,326.62,320.55,314.15,310.02,314.02,325.14,326.73,321.41,314.40,305.30,299.21,294.81,290.16,285.43,280.96,277.13,273.54,271.57,271.38,272.81,272.78,272.70,271.09,268.82,266.05,261.09,251.85,254.34,258.50,257.10,255.99,255.34,254.22,253.17,252.67,254.34,256.08,257.00,256.87,255.32,252.73,249.17,244.64,238.90,231.53,232.40,233.68,231.43,227.28,222.73,217.91,214.05,211.00,208.19,205.05,201.54,198.74,195.46,192.95,191.43,188.68,184.99,181.20,178.14,177.48,177.12,177.13,176.89,176.70,176.26,176.00,174.68,172.53,169.95,167.47,165.30,163.43,162.52,161.68,160.48,159.56,158.90,157.93,155.99,152.51,151.14,153.37,153.95,152.51,150.95,148.78,145.84,142.85,140.47,138.99,137.45,135.73,133.58,131.15,128.75,126.92,125.37,123.95,122.42,120.61,118.66,116.44,114.01,111.43,109.20,107.27,105.83,104.61,103.25,101.39,99.06,97.00,94.91,92.84,90.66,88.05,85.39,82.92,80.50,78.15,75.69,72.81,69.84,67.62,66.04,64.41,62.61,60.37,57.94,55.59,53.44,51.41,49.53,47.69,45.06,42.34,39.89,37.34,34.96,33.10,31.25,29.19,26.94,24.46,21.78,18.10,12.75,6.63,3.22,e,e,e,e,e,e,e,e,e,e,e,e,e,e,e,e,e,e,e,e,e,e,e,e,e,e,e,e,e,e,e,e,e,e,e,e,e,e,e,e,e,e,e,e,e,e,e,e,e,e,e,e,e,e,e,e,e
474.21,466.96,466.91,474.31,473.32,472.62,477.33,483.91,478.33,464.28,447.65,431.31,423.21,436.43,452.08,465.06,462.95,459.31,457.54,456.75,446.51,436.71,430.43,426.94,422.52,413.11,401.40,386.26,376.37,373.80,369.84,364.71,357.34,353.79,355.23,356.60,361.15,365.10,365.22,366.92,365.02,358.90,353.36,348.68,342.69,336.01,328.25,321.08,317.01,319.70,329.81,331.42,326.45,318.82,309.88,304.26,299.06,293.41,288.10,284.20,282.76,281.84,282.03,281.82,279.23,277.18,276.50,274.75,272.32,268.23,261.07,256.28,261.84,262.98,261.91,261.17,260.74,260.19,258.72,257.63,259.47,260.43,260.19,259.80,257.87,254.64,250.65,245.01,238.56,236.51,239.72,238.75,234.77,229.78,225.00,220.58,216.66,213.59,210.61,207.31,203.91,201.17,199.27,197.40,194.55,190.63,186.71,182.95,181.02,181.12,181.17,181.36,182.08,181.47,180.16,179.23,177.32,174.75,171.87,169.50,167.34,165.81,165.23,164.41,163.33,162.76,162.05,160.94,159.15,155.60,154.15,156.03,156.13,154.75,153.12,150.79,148.12,145.39,143.50,141.94,140.28,138.42,135.96,133.31,130.88,129.07,127.47,125.72,123.87,122.04,120.14,117.75,115.01,112.64,111.13,109.72,108.69,107.47,105.72,102.95,100.17,98.12,95.88,93.55,91.44,89.32,86.96,84.55,82.18,79.77,76.85,73.76,71.09,69.65,68.23,66.34,64.04,61.69,59.48,57.42,55.32,53.10,50.71,48.33,46.13,43.97,41.64,39.10,36.62,34.48,32.59,30.60,28.12,25.27,22.22,18.42,14.31,10.73,4.08,e,e,e,e,e,e,e,e,e,e,e,e,e,e,e,e,e,e,e,e,e,e,e,e,e,e,e,e,e,e,e,e,e,e,e,e,e,e,e,e,e,e,e,e,e,e,e,e,e,e,e,e,e,e,e,e,e
486.29,479.31,479.52,486.86,488.89,488.25,491.65,493.42,481.72,465.90,447.45,431.03,432.61,447.10,464.09,475.06,471.20,468.75,468.78,466.05,456.38,446.73,441.52,438.55,431.12,418.98,405.51,390.07,383.07,382.60,376.12,367.16,362.83,365.31,367.83,368.13,371.78,377.08,380.56,380.92,377.50,371.80,365.36,359.50,352.35,344.60,336.51,328.19,323.48,324.42,331.05,332.04,328.77,321.75,313.95,307.31,300.96,295.04,289.87,287.86,288.23,287.98,287.37,285.93,283.18,281.69,280.49,278.97,276.42,271.23,261.05,262.61,266.64,267.47,266.48,265.66,265.03,264.43,263.31,262.31,263.13,263.84,263.44,262.41,260.29,256.72,252.03,245.43,239.59,241.00,243.36,241.62,237.52,231.73,226.87,222.68,218.95,215.90,213.25,210.08,207.20,204.89,202.91,200.51,196.86,192.59,188.47,185.48,185.20,185.59,185.79,185.44,185.42,184.44,183.11,181.75,179.60,176.75,173.77,171.36,169.08,168.49,168.17,167.19,166.47,166.06,165.19,163.99,161.68,157.79,157.50,158.95,158.44,157.12,155.04,152.70,150.32,148.19,146.48,144.66,142.83,140.62,137.97,135.26,132.88,130.98,129.10,127.22,125.29,123.28,121.14,118.62,116.14,114.89,113.54,112.32,111.42,109.96,107.74,104.82,102.03,99.49,96.97,94.45,92.33,90.61,88.50,86.11,83.64,81.09,77.93,74.99,73.19,71.84,70.08,67.88,65.60,63.35,61.23,58.93,56.45,53.94,51.82,50.03,48.03,45.62,43.02,40.38,38.04,35.84,33.74,31.21,28.09,24.52,21.15,19.82,17.93,13.96,8.39,2.08,e,e,e,e,e,e,e,e,e,e,e,e,e,e,e,e,e,e,e,e,e,e,e,e,e,e,e,e,e,e,e,e,e,e,e,e,e,e,e,e,e,e,e,e,e,e,e,e,e,e,e,e,e,e,e,e
497.31,489.63,491.95,499.03,501.58,500.91,502.74,495.58,480.46,462.57,444.29,433.71,441.50,455.90,472.73,483.79,480.93,480.15,481.35,477.36,467.37,458.00,453.38,448.46,438.63,423.65,409.84,396.57,390.75,389.89,379.14,370.58,373.86,377.57,380.91,382.27,382.37,388.69,393.46,393.01,389.23,384.38,379.02,371.36,363.32,352.72,343.20,334.44,329.21,328.44,330.67,329.63,326.44,320.10,312.58,307.15,302.11,297.57,293.66,292.70,293.12,292.92,291.88,289.77,287.14,285.99,285.43,284.25,281.23,273.78,265.03,270.40,273.08,272.63,271.24,270.13,269.29,268.54,267.81,267.21,267.11,267.40,266.43,264.19,261.77,258.65,253.72,248.21,245.14,246.13,246.41,243.81,239.86,234.03,228.73,224.90,221.40,219.07,216.81,213.96,210.99,208.15,205.23,202.01,198.24,193.81,190.19,189.19,189.74,190.15,190.24,189.52,188.62,187.32,185.76,183.78,181.19,178.17,175.56,173.04,171.36,171.19,170.93,170.10,169.78,169.27,168.34,166.91,163.18,159.42,160.53,161.51,160.63,159.21,156.87,154.42,152.40,150.83,149.10,146.98,144.64,142.07,139.45,136.89,134.78,132.76,130.53,128.41,126.47,124.25,121.93,119.67,118.44,117.73,116.32,114.85,113.37,111.67,109.48,106.41,103.27,100.11,97.58,95.34,93.43,91.60,89.77,87.40,84.84,82.02,78.90,76.96,75.32,73.42,71.43,69.34,67.13,64.79,62.13,59.54,57.11,55.08,53.30,51.58,49.68,47.10,44.42,41.63,39.00,36.60,34.05,31.40,27.84,24.41,23.41,23.04,20.42,16.57,12.57,5.77,2.98,e,e,e,e,e,e,e,e,e,e,e,e,e,e,e,e,e,e,e,e,e,e,e,e,e,e,e,e,e,e,e,e,e,e,e,e,e,e,e,e,e,e,e,e,e,e,e,e,e,e,e,e,e,e,e
507.73,499.90,503.94,513.01,516.50,514.16,507.74,492.93,477.19,458.05,441.79,441.35,450.76,465.76,482.46,492.93,492.60,492.93,493.00,489.30,482.07,472.50,464.44,455.21,442.43,428.33,416.70,404.73,399.28,394.63,383.92,383.34,388.08,390.51,393.61,395.60,393.23,398.73,406.10,406.75,403.34,398.32,391.78,383.66,372.37,360.00,349.11,341.01,336.34,334.14,331.16,327.28,323.65,318.72,312.82,308.41,304.94,301.27,298.75,298.20,297.93,297.21,295.93,293.78,291.38,290.65,290.67,289.80,286.67,276.42,270.01,275.90,279.06,278.15,276.33,275.23,274.45,273.71,273.00,272.33,271.65,270.95,268.82,266.28,263.60,260.50,256.19,252.17,251.02,250.76,249.49,247.05,242.64,236.81,231.21,227.36,224.83,222.72,220.64,217.95,214.14,209.88,206.09,202.14,198.31,195.81,196.39,197.41,196.44,194.94,194.19,193.30,191.90,190.07,188.00,185.31,182.29,179.85,177.59,175.08,174.19,173.90,173.65,173.23,173.05,172.27,171.21,169.82,166.11,161.73,162.70,163.66,162.53,160.72,158.41,156.27,154.49,152.83,150.96,148.56,146.01,143.43,140.89,138.59,136.50,134.37,131.84,129.45,127.62,125.41,123.43,121.96,121.10,120.38,118.60,116.76,114.94,112.70,109.79,106.44,103.08,100.38,98.26,96.97,95.06,93.02,91.08,88.63,86.11,83.54,81.00,78.81,76.78,74.73,72.70,70.60,68.38,66.15,63.39,60.52,58.28,56.44,54.66,52.91,50.92,47.94,44.39,41.36,38.17,34.93,32.11,29.88,27.78,27.78,27.27,25.28,22.50,19.65,16.21,11.97,5.26,2.15,e,e,e,e,e,e,e,e,e,e,e,e,e,e,e,e,e,e,e,e,e,e,e,e,e,e,e,e,e,e,e,e,e,e,e,e,e,e,e,e,e,e,e,e,e,e,e,e,e,e,e,e,e,e
516.88,514.16,518.42,525.41,528.71,520.95,506.92,490.22,473.27,455.74,446.46,452.38,461.72,474.08,491.41,501.97,504.35,504.25,503.68,500.95,493.48,483.07,471.40,459.20,445.66,433.34,422.07,411.65,406.18,398.55,389.81,395.03,400.76,404.46,406.71,407.70,405.03,409.45,417.42,419.29,415.95,411.46,405.78,395.00,381.72,368.07,355.89,347.08,343.29,340.13,336.29,332.07,328.39,323.95,318.76,313.57,309.23,306.69,304.95,303.85,302.81,301.72,300.24,298.33,296.80,296.47,296.11,294.91,291.66,279.91,275.90,281.20,283.67,282.57,281.11,280.36,279.84,279.31,278.52,277.49,276.20,274.10,271.11,268.40,265.93,263.27,259.98,256.00,254.90,254.37,252.80,250.89,246.76,240.32,234.60,230.95,228.32,225.72,223.05,220.44,216.00,210.92,207.04,203.51,200.36,200.26,202.94,203.77,201.72,199.23,198.05,196.89,195.16,192.85,189.80,186.76,184.51,182.25,179.48,177.74,177.71,177.20,176.63,176.56,176.09,174.85,173.66,172.36,168.66,164.30,165.60,165.65,164.08,162.12,160.13,158.19,156.41,154.66,152.61,150.00,147.41,144.87,142.43,140.30,138.27,135.85,133.31,130.85,128.84,127.10,125.74,124.40,123.44,122.01,120.21,118.09,115.63,112.81,109.94,106.60,103.75,102.09,100.56,99.07,96.92,94.64,92.54,90.40,88.69,86.24,83.35,80.30,78.11,76.00,73.98,71.79,69.69,67.49,64.92,62.22,59.67,57.65,55.36,52.77,50.26,46.58,42.49,38.66,36.31,34.19,32.43,30.95,30.68,30.88,29.45,26.76,24.10,21.65,19.78,16.22,11.27,4.89,1.42,e,e,e,e,e,e,e,e,e,e,e,e,e,e,e,e,e,e,e,e,e,e,e,e,e,e,e,e,e,e,e,e,e,e,e,e,e,e,e,e,e,e,e,e,e,e,e,e,e,e,e,e,e
528.18,529.39,535.64,540.46,538.93,523.70,506.13,488.03,469.64,456.12,455.87,464.92,476.55,486.84,501.32,512.12,516.04,517.44,516.29,511.65,503.60,490.27,475.43,463.16,450.10,439.04,429.08,421.51,413.78,403.50,399.87,408.03,414.51,418.06,419.88,419.88,417.77,421.30,429.68,433.49,430.16,424.13,415.85,402.91,388.90,376.05,364.00,354.80,351.11,347.75,344.33,340.61,337.34,333.53,326.91,319.73,314.97,312.99,311.33,309.44,307.70,306.57,305.69,304.31,303.06,302.30,301.44,299.81,295.18,282.88,281.56,287.18,288.27,286.92,285.19,284.75,284.23,283.39,282.34,281.31,279.79,277.40,274.42,272.03,269.74,266.85,262.94,259.42,258.94,257.94,256.32,254.32,251.38,245.40,238.59,235.05,231.28,227.85,224.97,221.50,216.90,212.80,210.06,206.59,204.14,206.71,209.16,208.01,205.39,202.88,201.78,200.25,198.10,194.97,191.50,189.78,187.95,184.96,181.14,180.70,180.98,180.18,179.61,179.81,178.95,177.58,176.23,174.01,169.44,167.56,168.47,167.51,165.97,164.02,162.04,160.02,158.32,156.63,154.41,151.26,148.55,146.28,144.00,142.01,139.88,137.34,135.03,132.69,130.40,128.99,127.74,126.52,125.07,123.40,121.27,118.42,115.44,112.42,109.66,107.18,105.47,103.97,102.48,100.89,98.72,96.48,94.68,93.11,91.52,88.53,85.22,82.07,79.42,77.31,75.25,73.19,71.06,68.35,65.21,62.55,60.23,57.34,54.36,51.29,48.05,44.85,41.48,39.39,39.77,37.41,35.11,33.63,33.12,32.34,30.28,27.61,25.04,22.70,21.29,19.50,15.28,9.93,3.00,0.20,e,e,e,e,e,e,e,e,e,e,e,e,e,e,e,e,e,e,e,e,e,e,e,e,e,e,e,e,e,e,e,e,e,e,e,e,e,e,e,e,e,e,e,e,e,e,e,e,e,e,e,e
541.89,545.69,552.08,555.17,544.82,526.42,506.28,487.51,467.99,459.96,465.94,478.70,490.39,502.08,515.29,522.49,528.11,531.74,529.60,523.06,510.45,493.18,479.19,468.66,458.06,446.93,438.31,429.04,421.58,411.44,410.89,420.41,428.57,435.61,437.18,434.29,431.37,433.30,440.60,445.04,443.85,435.93,423.45,408.97,395.31,383.59,370.86,363.59,361.16,357.65,354.37,351.89,348.06,343.86,335.75,326.28,321.16,319.27,317.46,315.03,312.96,311.93,311.64,310.78,309.30,307.83,306.37,304.51,300.88,289.91,288.30,293.12,293.36,291.49,289.41,289.18,288.31,286.93,285.49,284.45,283.04,281.09,278.88,276.96,274.10,270.41,266.97,264.60,263.49,261.73,259.92,258.01,255.48,251.53,246.20,241.09,236.53,230.47,226.65,222.37,218.59,215.58,212.35,208.57,208.89,211.65,212.91,211.01,208.55,206.38,205.06,202.85,200.48,196.77,195.71,195.09,191.82,187.05,183.09,183.14,183.36,182.80,182.46,182.34,181.38,180.26,178.80,174.77,170.15,170.91,170.92,169.38,167.91,165.91,163.87,162.06,160.52,158.92,156.27,153.00,149.94,147.71,145.69,143.59,141.34,139.25,136.99,134.32,131.90,130.52,129.41,127.97,126.10,123.34,120.76,117.77,114.85,112.40,110.63,109.13,107.40,105.86,104.37,102.71,100.57,98.79,97.15,94.81,91.82,88.81,85.66,82.49,79.53,77.31,75.14,73.38,70.93,67.03,62.95,59.78,57.77,55.49,53.03,50.99,49.50,47.03,42.58,41.37,41.97,39.72,37.66,36.17,34.74,32.68,30.48,28.30,26.02,23.75,22.35,20.86,17.75,12.89,5.74,0.20,e,e,e,e,e,e,e,e,e,e,e,e,e,e,e,e,e,e,e,e,e,e,e,e,e,e,e,e,e,e,e,e,e,e,e,e,e,e,e,e,e,e,e,e,e,e,e,e,e,e,e,e
558.87,561.16,566.00,562.01,546.56,528.15,506.40,489.20,470.29,467.62,477.55,491.48,504.59,518.82,529.66,536.02,541.80,543.77,539.03,529.83,516.03,498.86,485.27,476.35,469.50,459.11,445.45,434.97,426.98,419.66,421.22,431.54,443.25,449.26,449.27,446.04,443.77,445.44,451.45,456.05,455.78,445.06,431.47,416.40,400.74,391.02,380.26,373.31,370.73,366.65,366.68,365.06,361.03,354.96,345.54,336.31,330.12,326.78,324.03,320.75,318.88,318.08,317.68,316.21,314.58,313.33,311.57,309.55,304.18,294.73,294.74,299.11,299.01,297.61,295.83,294.56,292.26,289.96,288.53,287.80,286.54,285.17,283.32,281.27,278.19,274.70,271.78,269.84,267.81,265.79,264.13,262.40,260.37,257.65,253.97,249.69,243.57,236.25,229.31,225.53,221.19,217.76,214.54,212.23,213.74,215.86,215.69,213.44,211.31,209.84,208.01,205.02,202.31,199.76,201.07,200.40,195.96,188.50,185.08,185.56,185.85,185.53,185.22,184.75,183.86,182.65,180.08,175.48,172.72,174.56,173.28,171.47,169.74,167.67,165.85,164.22,162.71,161.06,158.46,155.21,152.11,149.78,147.56,145.40,143.38,141.33,138.74,135.75,133.61,132.58,130.88,129.00,126.57,123.10,120.08,117.91,116.04,114.28,112.69,111.04,109.14,107.37,105.25,103.56,102.22,100.50,98.06,94.56,90.90,87.92,85.05,82.17,79.19,75.89,73.05,71.08,69.26,64.97,61.26,59.51,58.82,57.26,55.13,53.47,52.16,49.11,44.81,44.40,43.52,41.16,39.06,37.07,34.77,32.49,30.30,28.41,26.58,24.71,23.09,21.48,19.33,15.13,10.09,3.31,e,e,e,e,e,e,e,e,e,e,e,e,e,e,e,e,e,e,e,e,e,e,e,e,e,e,e,e,e,e,e,e,e,e,e,e,e,e,e,e,e,e,e,e,e,e,e,e,e,e,e,e
573.88,576.86,577.38,564.83,547.61,529.34,507.35,490.63,473.75,477.58,491.14,504.90,519.13,533.12,543.83,549.09,556.16,558.02,549.34,535.32,522.81,505.63,495.48,487.82,481.06,469.05,453.61,442.50,433.38,427.61,432.76,444.04,454.71,461.84,463.20,460.33,456.63,457.69,462.91,467.25,466.14,452.34,441.02,425.08,409.19,397.65,391.39,386.53,382.63,378.72,378.80,376.59,372.09,364.64,355.83,347.45,340.56,334.46,330.48,326.70,325.33,324.58,323.43,321.51,319.89,319.13,317.72,314.81,306.78,296.79,300.13,303.44,303.79,303.12,301.62,299.04,295.92,293.70,292.95,291.58,290.63,289.33,287.27,284.39,281.74,279.10,276.34,274.17,271.98,269.96,268.65,266.35,263.78,261.33,258.34,253.88,248.64,242.04,234.90,229.11,224.65,220.63,217.96,217.34,219.09,220.02,218.28,216.25,214.38,212.76,210.33,208.02,206.98,206.37,206.37,204.12,197.15,188.79,187.37,187.95,188.33,188.02,187.61,187.17,186.13,182.61,178.82,176.79,178.27,177.92,175.57,173.69,171.69,169.63,168.00,166.33,164.57,162.44,159.64,156.56,153.77,151.52,149.56,147.41,145.10,142.34,139.40,136.89,135.79,134.29,132.18,130.09,127.49,124.75,122.32,120.16,118.07,116.13,114.17,111.94,109.16,106.10,102.22,100.45,100.57,99.94,97.59,94.53,91.07,88.16,85.48,82.88,80.20,76.08,71.68,68.96,66.95,65.04,63.55,62.55,62.01,59.98,57.94,55.86,53.12,49.98,47.42,46.24,44.18,41.77,39.34,37.04,34.77,32.49,30.27,28.50,26.90,25.23,23.59,21.95,20.12,16.59,12.46,6.39,1.39,e,e,e,e,e,e,e,e,e,e,e,e,e,e,e,e,e,e,e,e,e,e,e,e,e,e,e,e,e,e,e,e,e,e,e,e,e,e,e,e,e,e,e,e,e,e,e,e,e,e,e
587.25,591.04,585.54,568.32,549.46,530.82,509.57,491.77,479.70,489.06,503.95,518.32,532.24,546.35,558.35,562.72,567.15,568.28,555.82,542.66,531.58,515.52,506.63,500.44,491.23,475.98,461.07,449.75,441.82,438.36,444.43,453.41,465.43,473.41,475.25,473.62,470.56,469.87,473.33,480.51,476.17,459.44,447.92,434.48,420.25,408.31,402.59,398.68,395.49,393.21,392.38,389.02,383.07,372.19,363.27,355.14,347.81,341.13,336.26,333.44,332.32,330.86,329.23,327.52,325.83,324.95,323.99,320.27,310.19,299.00,303.53,307.38,308.42,307.73,305.85,302.58,299.19,298.52,298.54,296.50,294.69,292.82,290.43,287.32,285.17,282.91,280.58,278.25,275.93,273.94,272.02,269.05,265.97,263.30,260.45,256.00,251.07,244.41,237.48,233.03,230.03,225.91,223.17,222.72,222.98,222.69,220.44,218.66,217.02,214.84,212.68,211.96,211.51,211.55,210.69,205.86,196.58,192.04,192.06,191.66,191.83,190.98,190.22,189.64,187.70,182.24,179.40,181.28,181.95,179.67,178.22,176.50,174.28,172.09,170.01,167.91,165.46,162.24,159.45,157.22,155.08,152.99,150.92,148.72,145.85,142.82,140.68,139.12,137.87,136.02,133.86,131.69,129.31,126.75,124.16,121.65,119.28,116.82,114.21,111.40,108.24,104.76,101.68,98.92,96.84,95.85,94.17,93.06,90.73,87.23,84.67,82.53,80.02,75.48,71.93,71.49,70.63,69.18,67.57,65.95,64.05,61.80,59.59,56.96,54.00,51.18,49.09,47.05,44.49,41.71,39.12,36.95,34.82,32.77,30.77,29.09,27.42,25.70,24.00,22.26,20.27,17.25,13.99,10.07,2.68,e,e,e,e,e,e,e,e,e,e,e,e,e,e,e,e,e,e,e,e,e,e,e,e,e,e,e,e,e,e,e,e,e,e,e,e,e,e,e,e,e,e,e,e,e,e,e,e,e,e,e
600.86,602.61,590.56,572.47,551.45,533.43,511.86,492.22,488.56,500.23,518.87,532.33,543.75,557.97,571.15,574.75,576.84,575.13,565.25,554.06,542.29,528.14,520.18,512.70,498.73,482.05,468.63,458.83,450.37,448.65,455.27,464.94,476.97,486.07,488.76,487.62,485.91,485.70,488.35,492.49,484.22,467.23,454.90,442.72,432.18,422.65,417.84,413.63,409.67,406.84,406.38,402.69,394.26,383.71,373.48,363.11,354.70,348.63,343.60,341.92,340.12,337.91,335.95,334.10,332.09,331.36,330.71,326.10,316.19,303.62,306.07,311.33,312.65,311.96,310.09,307.11,305.32,305.58,304.65,301.35,298.46,296.26,293.41,290.63,289.25,286.87,284.47,281.97,279.04,276.03,272.31,269.02,266.24,263.48,260.69,256.40,251.58,244.82,240.01,237.66,234.74,231.28,229.30,228.07,226.69,224.93,222.77,221.10,219.17,216.85,216.00,216.33,215.60,214.62,212.78,207.01,198.72,199.63,199.48,198.10,196.94,195.50,194.12,192.49,189.29,184.36,182.22,184.93,183.96,181.94,180.89,178.91,176.46,173.90,171.28,168.69,165.98,163.03,160.57,158.31,156.09,154.08,152.11,149.95,147.56,145.82,144.00,141.91,139.83,137.80,135.65,133.14,130.40,127.72,125.08,122.45,119.94,117.53,114.91,111.67,108.91,106.32,103.37,100.08,96.74,92.95,90.76,89.54,87.24,84.22,81.36,79.68,77.71,75.47,75.41,74.78,73.42,72.05,70.31,67.98,65.43,63.08,60.64,57.87,55.12,52.49,49.89,47.38,44.63,41.89,39.39,37.37,35.44,33.51,31.55,29.63,27.80,25.78,23.49,21.57,19.66,17.61,14.93,11.97,6.56,2.23,e,e,e,e,e,e,e,e,e,e,e,e,e,e,e,e,e,e,e,e,e,e,e,e,e,e,e,e,e,e,e,e,e,e,e,e,e,e,e,e,e,e,e,e,e,e,e,e,e,e
611.82,610.30,595.51,576.16,554.07,536.27,515.38,494.33,496.89,511.99,529.95,545.59,557.06,571.11,585.03,589.45,588.04,582.00,573.74,563.96,553.94,541.85,532.44,521.51,504.09,489.56,476.23,466.24,458.34,459.37,467.48,476.47,487.61,497.09,500.45,500.73,499.81,500.05,501.52,500.53,489.85,476.58,464.50,453.71,449.21,441.94,436.07,429.99,424.96,422.36,422.61,416.26,406.11,392.59,382.55,371.62,362.28,356.04,352.21,351.23,349.08,345.13,342.27,340.63,339.39,339.02,337.42,330.21,320.59,312.02,308.46,315.14,317.07,315.81,313.95,311.96,312.08,312.62,310.29,306.83,303.35,300.31,297.44,295.10,293.31,290.68,288.32,285.37,280.76,276.81,273.24,269.81,266.60,262.82,259.05,255.19,250.86,246.68,244.79,242.71,239.75,236.35,234.03,231.51,229.11,227.26,225.34,223.53,221.32,219.21,219.44,220.31,219.34,217.40,213.47,208.00,204.57,205.30,204.13,202.47,201.19,199.56,197.12,193.19,189.76,186.78,186.28,187.98,186.45,184.62,182.81,180.43,177.80,175.11,172.25,169.07,166.25,163.81,161.51,159.30,157.72,155.84,153.86,152.05,150.53,149.16,147.25,144.83,142.35,139.71,137.13,133.91,130.78,128.35,125.88,123.21,120.78,118.45,115.91,113.08,110.28,107.05,103.62,100.61,97.34,94.53,92.83,91.67,90.87,88.93,84.38,82.20,79.63,79.04,79.36,77.83,76.05,74.17,71.67,68.97,66.25,63.33,60.55,58.13,55.48,52.80,50.37,47.87,45.22,42.57,40.16,38.11,36.09,33.99,31.89,29.69,27.45,25.17,22.82,20.30,18.31,16.68,15.02,13.00,9.34,2.90,e,e,e,e,e,e,e,e,e,e,e,e,e,e,e,e,e,e,e,e,e,e,e,e,e,e,e,e,e,e,e,e,e,e,e,e,e,e,e,e,e,e,e,e,e,e,e,e,e,e
621.33,616.97,599.40,579.68,557.96,539.83,521.31,500.44,505.88,523.26,540.79,556.72,570.30,585.23,597.60,600.45,598.32,590.51,581.95,574.33,567.37,556.00,540.80,525.99,508.01,494.22,483.23,471.08,466.69,470.00,480.10,489.08,497.65,506.26,510.28,511.56,512.25,512.48,513.29,510.87,498.66,486.71,473.89,467.01,466.02,460.47,452.17,445.61,439.76,436.24,435.64,426.57,413.55,401.77,391.76,382.55,372.34,364.69,360.12,358.32,355.74,351.05,347.85,346.97,346.05,344.63,341.69,333.06,324.79,318.98,313.75,320.97,321.63,319.62,317.76,317.41,318.59,317.94,315.37,312.51,309.30,306.18,302.71,299.87,297.10,294.45,292.30,289.06,283.74,278.76,275.34,271.84,268.40,264.75,261.49,258.93,254.86,251.71,249.92,247.80,244.59,240.85,237.59,234.41,231.66,229.73,227.87,225.88,223.94,222.94,222.86,223.29,221.92,219.47,215.38,211.44,210.38,209.68,207.94,206.06,204.17,201.78,198.38,193.90,191.31,189.17,190.71,190.52,188.54,186.77,184.32,181.74,179.15,176.31,172.56,169.69,167.66,165.45,163.43,161.64,159.74,157.84,156.16,154.57,153.08,151.77,149.90,147.16,144.22,141.24,138.34,134.96,131.52,128.76,126.51,124.02,121.69,119.18,116.16,113.03,109.66,105.90,103.06,100.80,99.99,98.83,96.61,94.82,93.26,91.48,88.34,83.36,80.49,81.42,81.57,80.22,78.09,75.06,72.18,69.23,66.05,62.86,59.83,57.65,55.46,53.15,50.96,48.61,46.02,43.42,41.05,38.74,36.45,34.16,31.81,29.45,27.10,24.75,22.43,20.09,17.71,15.46,13.59,11.91,9.96,3.59,e,e,e,e,e,e,e,e,e,e,e,e,e,e,e,e,e,e,e,e,e,e,e,e,e,e,e,e,e,e,e,e,e,e,e,e,e,e,e,e,e,e,e,e,e,e,e,e,e,e
631.26,623.98,603.66,583.58,562.71,543.04,525.35,506.13,515.78,535.37,553.00,567.12,582.50,599.09,609.51,611.17,606.82,598.38,590.86,583.90,575.69,561.31,541.83,527.25,510.90,497.73,488.29,479.08,479.99,482.02,490.05,500.59,508.58,515.97,520.45,523.67,526.31,527.98,527.03,521.50,508.85,495.56,485.14,481.90,482.58,479.47,471.31,462.17,454.02,449.99,446.21,436.30,425.74,416.31,403.21,393.04,382.96,374.65,369.89,366.36,362.61,357.79,354.96,353.68,351.76,348.92,343.95,336.22,330.33,325.15,321.13,326.76,326.14,323.82,322.95,324.55,325.21,323.08,320.56,317.84,314.58,311.63,308.25,304.64,300.89,298.46,296.60,293.39,288.54,282.58,277.76,274.27,271.03,268.06,265.48,263.20,260.32,256.90,254.04,251.62,248.61,244.32,240.16,236.95,234.93,232.82,230.54,228.59,227.58,227.45,227.01,226.38,224.42,221.88,218.23,214.55,213.59,212.72,210.75,208.70,206.28,203.03,199.34,195.00,192.65,190.71,193.14,193.31,190.65,188.68,186.09,183.40,180.70,177.75,174.66,172.14,169.71,167.92,165.95,164.04,161.84,160.14,158.66,157.02,155.28,153.11,150.62,147.99,144.86,142.06,139.15,135.80,132.42,129.36,126.91,124.13,121.30,118.50,115.06,111.97,109.61,108.35,106.58,104.72,103.08,100.16,96.85,93.64,91.61,89.65,86.27,84.02,83.57,83.49,82.89,81.34,78.79,75.58,72.55,69.45,66.30,63.12,60.07,57.49,54.97,52.77,50.70,48.51,46.16,43.82,41.46,39.13,36.75,34.28,31.88,29.59,27.33,25.05,22.81,20.67,18.34,15.84,13.30,10.83,7.62,3.27,0.62,e,e,e,e,e,e,e,e,e,e,e,e,e,e,e,e,e,e,e,e,e,e,e,e,e,e,e,e,e,e,e,e,e,e,e,e,e,e,e,e,e,e,e,e,e,e,e,e,e
641.22,629.06,608.71,587.58,566.98,544.57,525.21,512.66,528.60,549.31,566.79,578.40,593.27,608.73,621.24,622.38,616.25,608.71,600.99,591.37,576.95,559.95,542.03,528.64,516.07,502.56,493.06,489.59,491.86,492.94,499.14,511.45,521.11,528.79,533.71,537.69,540.82,542.07,536.88,528.49,517.17,503.06,496.60,497.16,497.57,495.39,489.42,478.74,471.16,465.37,456.88,448.06,440.32,429.80,415.29,402.00,392.39,383.96,378.94,374.17,368.79,364.04,361.73,359.85,356.84,352.76,346.29,339.39,334.57,328.64,328.24,331.58,329.61,328.09,329.55,332.42,330.92,327.44,324.89,322.32,319.10,315.54,312.35,308.88,305.72,303.65,301.40,297.64,293.10,287.95,280.87,276.90,273.99,271.60,269.04,266.11,262.97,259.82,256.75,253.47,250.13,245.88,241.73,239.85,238.32,235.94,233.72,232.00,231.42,231.27,230.22,229.21,227.38,224.31,220.48,217.58,217.34,215.30,212.64,210.77,208.49,204.67,200.23,197.45,195.32,196.10,197.37,195.43,192.75,190.49,187.82,185.02,182.14,179.57,177.03,174.90,172.81,170.67,168.33,166.01,163.61,161.87,160.50,158.57,156.34,153.81,151.23,148.07,144.25,140.70,138.04,135.16,132.07,129.55,126.96,123.97,121.13,118.58,116.18,113.85,112.42,111.57,109.44,106.41,102.88,98.90,94.95,91.95,90.28,90.25,88.89,87.64,86.13,84.29,82.20,80.34,77.63,74.34,71.71,69.05,66.50,63.80,61.03,58.20,55.18,52.23,49.58,47.26,45.05,42.88,40.67,38.65,36.68,34.40,32.11,29.89,27.78,25.53,23.41,21.30,18.93,16.45,14.01,11.42,8.01,3.62,0.56,e,e,e,e,e,e,e,e,e,e,e,e,e,e,e,e,e,e,e,e,e,e,e,e,e,e,e,e,e,e,e,e,e,e,e,e,e,e,e,e,e,e,e,e,e,e,e,e,e
647.40,630.83,612.04,591.39,571.96,547.03,526.27,520.10,540.46,561.51,580.03,592.70,605.36,620.64,633.81,634.41,626.26,619.02,606.89,593.25,575.76,561.28,545.95,532.68,521.69,509.47,501.81,501.89,502.93,505.13,509.63,521.40,534.95,543.46,548.68,553.13,556.70,555.29,545.96,535.89,523.95,514.91,509.99,510.58,511.44,509.93,504.57,494.60,488.66,480.79,469.21,462.15,454.98,441.59,426.28,412.25,401.31,392.60,385.98,381.20,376.15,369.85,366.85,364.93,361.43,355.70,348.97,343.22,337.04,330.04,333.12,334.93,333.01,334.10,337.90,338.69,335.40,331.50,329.07,326.33,322.59,319.03,315.86,313.07,310.94,309.23,305.97,301.11,296.09,290.92,284.53,280.03,277.06,274.48,271.40,267.94,264.62,261.28,257.78,253.99,250.23,246.12,243.05,242.09,241.09,239.00,237.24,235.58,235.05,234.73,233.56,231.82,229.98,226.34,222.45,221.13,220.19,217.09,214.81,213.05,210.61,206.19,201.84,199.81,199.51,200.52,199.56,197.23,194.67,192.00,189.03,186.09,183.19,181.27,179.83,177.86,175.30,172.79,170.12,167.63,165.34,163.47,161.69,159.46,156.87,154.02,151.10,147.86,144.00,140.20,137.49,134.94,132.43,130.04,127.66,125.18,122.81,121.00,118.85,116.66,114.51,112.47,109.74,105.54,101.58,98.32,96.51,94.91,93.81,92.60,90.20,88.24,85.66,83.08,80.65,78.06,75.09,71.68,69.46,67.63,65.32,63.24,60.98,58.42,55.51,52.49,49.69,47.19,44.58,42.13,39.86,37.66,35.76,33.98,32.09,29.79,26.66,24.39,22.66,20.99,17.53,13.96,13.16,11.66,8.75,4.40,1.26,e,e,e,e,e,e,e,e,e,e,e,e,e,e,e,e,e,e,e,e,e,e,e,e,e,e,e,e,e,e,e,e,e,e,e,e,e,e,e,e,e,e,e,e,e,e,e,e,e
650.45,631.71,613.21,595.08,578.98,555.72,534.27,528.25,550.75,572.20,591.82,607.37,620.40,631.52,644.60,645.21,636.30,625.64,611.92,598.35,582.44,567.96,554.42,537.85,529.50,523.05,516.61,513.02,512.17,515.40,519.93,529.47,545.52,557.14,563.97,568.29,570.05,566.86,556.31,544.44,531.77,526.74,525.72,525.70,525.38,523.27,517.59,508.41,502.97,494.24,484.54,477.61,466.88,450.81,434.73,422.77,411.64,401.69,393.07,387.39,382.77,376.57,372.24,369.79,365.01,358.61,352.44,346.33,338.72,335.33,338.82,338.21,336.67,339.53,343.96,342.73,338.86,335.23,332.79,329.81,325.96,322.61,319.85,317.68,315.69,313.24,309.03,302.87,296.76,291.21,286.71,282.73,279.87,276.74,272.84,268.90,265.55,262.13,258.32,254.30,250.13,246.42,245.02,244.31,243.38,242.06,240.78,239.17,238.57,238.21,236.63,234.31,231.85,228.51,226.67,225.60,221.90,218.89,217.50,215.10,211.93,207.60,205.58,202.57,201.74,202.03,200.94,198.92,195.88,192.63,189.63,186.82,184.54,183.36,182.04,179.84,177.05,174.24,171.51,169.24,167.01,164.56,162.05,159.36,156.27,152.79,149.64,147.01,144.09,141.08,138.31,135.70,133.26,130.90,128.73,126.66,124.37,122.08,119.79,117.18,113.29,110.59,107.88,104.23,101.94,101.56,99.94,97.98,95.63,93.07,90.49,87.96,85.26,82.55,79.79,76.77,73.65,70.61,68.14,66.18,64.14,62.12,60.09,57.88,55.53,52.98,50.37,47.65,44.81,42.26,39.73,37.14,34.73,32.78,31.00,27.52,22.08,20.27,19.22,16.08,12.30,10.00,10.08,9.27,7.24,4.36,1.07,e,e,e,e,e,e,e,e,e,e,e,e,e,e,e,e,e,e,e,e,e,e,e,e,e,e,e,e,e,e,e,e,e,e,e,e,e,e,e,e,e,e,e,e,e,e,e,e,e
652.76,634.19,615.98,598.84,586.87,563.05,539.64,539.35,561.86,582.50,602.47,620.41,634.33,645.78,658.59,657.87,645.42,631.65,618.90,604.97,591.31,575.55,563.56,553.47,546.49,535.35,530.06,525.10,521.72,524.91,530.41,539.15,551.47,564.90,577.06,581.54,582.00,578.32,568.18,555.33,544.87,541.93,541.98,541.31,539.58,536.72,531.13,523.68,517.07,506.14,497.26,486.60,471.29,456.78,441.82,429.82,420.42,409.68,401.20,393.80,386.89,380.00,374.23,369.82,364.82,358.73,351.60,345.22,340.63,342.56,342.95,342.21,342.43,347.87,349.69,345.68,341.67,338.68,336.01,332.82,329.54,326.56,324.48,322.21,319.59,315.77,310.62,303.96,297.47,291.93,287.98,285.23,282.25,278.65,274.46,270.27,266.57,262.93,259.12,254.46,249.95,248.00,247.37,246.71,246.34,245.57,244.48,242.96,242.18,241.41,239.07,236.63,233.73,231.64,231.17,228.56,224.88,222.69,219.59,216.15,212.49,209.63,209.70,206.12,205.31,204.50,203.14,200.20,196.37,192.81,190.01,187.99,186.81,185.46,183.21,180.67,178.00,175.25,172.67,170.32,167.60,164.38,161.27,158.47,155.51,152.22,149.14,146.49,143.97,141.47,138.99,136.84,134.65,132.24,129.91,127.86,125.16,122.64,120.24,117.26,113.40,109.98,108.16,107.00,105.49,103.77,101.13,98.38,95.66,93.06,90.48,87.96,85.33,82.59,80.00,77.08,74.01,71.13,68.61,66.35,64.10,61.84,59.60,57.28,55.01,52.72,50.38,47.77,45.03,42.48,39.94,36.97,33.61,31.35,28.88,24.33,19.63,18.05,16.51,16.01,13.88,10.72,9.22,7.81,5.76,3.80,1.41,0.00,e,e,e,e,e,e,e,e,e,e,e,e,e,e,e,e,e,e,e,e,e,e,e,e,e,e,e,e,e,e,e,e,e,e,e,e,e,e,e,e,e,e,e,e,e,e,e,e
655.10,637.08,620.44,606.45,596.65,576.19,552.22,555.08,575.26,595.89,612.17,628.56,645.55,660.67,672.44,668.56,654.06,638.43,626.89,612.31,598.30,582.94,573.71,570.87,562.39,549.88,546.12,539.11,533.06,538.93,543.94,550.10,559.05,571.05,584.49,593.33,593.23,588.30,579.47,568.25,561.23,560.82,560.63,558.99,555.74,551.88,546.64,539.51,531.23,521.00,507.46,492.72,476.43,461.29,449.27,436.69,426.43,418.11,409.35,400.09,389.89,379.31,369.41,363.00,358.14,352.29,347.72,346.29,349.72,349.09,347.74,348.47,353.23,355.42,352.50,348.31,345.03,342.31,339.60,337.00,334.44,331.59,329.34,326.06,322.08,317.26,311.93,305.70,299.78,294.72,290.78,287.65,283.94,279.81,275.48,271.14,267.16,263.31,259.47,255.08,252.82,251.67,250.09,249.33,249.58,249.23,248.38,247.02,245.91,243.88,241.24,238.98,236.62,235.09,233.68,231.19,229.27,225.37,219.78,216.62,213.55,211.39,210.03,208.13,209.49,207.38,203.56,199.65,196.65,194.37,192.16,190.80,189.00,187.05,184.28,181.50,178.82,176.12,173.38,170.57,167.19,163.89,160.71,157.89,155.25,152.66,150.09,147.77,145.40,142.88,140.38,138.46,136.24,133.89,131.49,129.07,126.01,123.31,120.76,117.69,114.61,112.18,111.35,109.26,106.60,103.84,100.97,98.30,95.81,93.18,90.52,88.01,85.55,82.96,80.46,77.64,74.66,71.74,69.13,66.98,64.72,62.50,60.19,57.70,55.31,52.89,50.43,47.83,45.17,42.53,39.94,36.41,32.57,29.04,25.43,22.04,20.62,20.57,20.24,20.04,17.84,14.77,13.36,11.46,8.73,5.36,1.80,0.23,e,e,e,e,e,e,e,e,e,e,e,e,e,e,e,e,e,e,e,e,e,e,e,e,e,e,e,e,e,e,e,e,e,e,e,e,e,e,e,e,e,e,e,e,e,e,e,e
659.71,642.54,627.85,617.36,606.53,583.82,559.33,566.07,587.77,606.37,622.47,638.58,655.68,672.63,683.92,677.16,662.92,648.29,634.61,619.88,606.50,594.56,588.71,586.89,576.76,567.21,562.31,554.44,547.27,552.32,559.87,560.19,567.87,577.58,591.28,603.60,605.73,599.22,589.80,580.95,576.60,576.95,577.03,575.47,571.27,566.67,561.40,554.44,544.70,530.76,515.36,499.70,484.05,468.33,456.07,445.25,434.45,426.19,417.32,404.63,391.00,376.38,366.69,362.14,357.10,352.28,352.19,355.44,356.50,354.40,353.64,358.32,362.42,359.14,355.13,351.80,349.00,346.80,344.57,342.32,340.28,336.96,333.00,327.85,321.19,316.78,312.26,307.42,302.38,297.85,293.38,288.81,284.44,280.15,276.00,271.94,267.68,263.26,259.89,258.40,258.32,256.96,254.70,253.62,253.65,253.01,252.08,250.64,248.73,246.17,243.68,241.61,239.65,237.94,236.27,234.25,231.87,226.88,221.15,217.92,215.51,212.80,210.95,212.08,210.72,207.24,204.10,201.52,199.75,198.02,195.72,193.37,190.87,188.42,185.60,182.71,179.68,176.25,172.56,169.15,166.38,163.60,161.08,158.68,156.45,154.02,151.86,149.66,147.30,144.77,142.27,140.18,137.95,135.57,133.02,130.13,126.91,124.05,121.55,119.09,116.90,114.95,112.62,109.96,107.42,104.25,101.23,98.52,96.18,93.58,91.01,88.75,86.18,83.36,80.48,77.84,75.00,71.78,69.13,66.79,64.44,62.15,59.85,57.56,55.26,52.91,50.51,47.57,44.20,41.00,37.56,35.20,32.53,28.53,24.79,24.02,23.65,23.48,23.07,22.07,20.10,17.18,14.08,11.00,8.58,5.46,1.99,0.47,e,e,e,e,e,e,e,e,e,e,e,e,e,e,e,e,e,e,e,e,e,e,e,e,e,e,e,e,e,e,e,e,e,e,e,e,e,e,e,e,e,e,e,e,e,e,e,e
667.72,651.87,637.75,623.73,605.20,585.71,567.39,575.81,598.04,614.43,631.16,648.52,666.33,682.34,695.79,688.74,672.06,657.84,644.35,628.83,615.56,606.72,605.39,603.15,593.26,582.67,576.74,569.42,562.96,564.96,574.72,576.03,578.11,585.01,597.19,611.64,617.61,612.46,604.03,595.80,592.97,594.40,594.36,592.27,587.85,582.30,576.48,567.87,555.49,538.51,524.36,508.76,493.41,479.20,464.98,454.53,444.72,434.21,423.83,409.64,393.79,377.58,371.24,371.33,367.25,363.08,363.96,363.02,360.99,359.09,362.27,368.18,366.68,362.44,359.38,356.55,353.69,351.56,349.80,347.30,343.47,338.92,333.48,327.03,319.84,316.20,312.43,308.67,304.06,299.32,294.47,289.84,285.55,281.20,276.82,272.49,268.35,266.48,265.40,264.40,263.35,261.71,259.66,258.63,257.78,256.68,255.50,253.82,251.27,248.42,246.25,244.32,242.37,240.44,238.64,236.14,232.19,227.85,222.99,219.99,218.87,215.56,215.48,215.23,211.66,209.77,207.58,204.85,202.77,200.75,198.03,195.41,192.65,189.73,186.56,183.26,179.90,176.26,172.84,169.77,167.36,164.93,162.49,160.18,157.97,155.73,153.50,151.32,149.15,146.66,144.21,141.92,139.42,136.60,133.39,130.19,127.60,125.19,122.89,120.67,118.44,116.20,113.72,111.39,108.55,105.21,101.92,98.41,95.42,92.96,91.05,88.83,86.20,83.46,80.97,78.32,75.28,71.84,69.01,66.59,64.10,61.57,59.11,56.73,54.36,51.93,49.33,45.92,42.27,35.37,31.88,30.73,30.26,28.41,27.99,27.84,27.00,25.49,23.21,21.52,19.00,14.01,11.13,9.01,6.85,4.55,1.59,0.23,e,e,e,e,e,e,e,e,e,e,e,e,e,e,e,e,e,e,e,e,e,e,e,e,e,e,e,e,e,e,e,e,e,e,e,e,e,e,e,e,e,e,e,e,e,e,e,e
677.26,661.66,644.36,622.79,609.37,596.03,575.92,585.69,606.75,624.22,642.02,659.24,675.56,691.57,706.18,700.30,682.70,668.42,653.14,640.90,628.24,620.85,619.27,615.94,606.06,598.27,593.08,583.32,574.92,576.48,590.42,594.88,594.50,597.26,606.37,618.64,626.55,624.90,617.53,611.54,609.46,609.76,610.17,609.58,606.56,600.04,590.07,577.11,562.12,545.79,531.09,516.41,503.01,491.60,477.91,464.07,452.70,441.31,429.99,415.38,399.10,384.84,376.51,378.27,376.97,373.13,371.34,367.75,365.77,366.63,372.91,373.88,370.43,366.83,364.09,361.26,358.42,355.65,352.89,348.98,343.85,338.62,332.23,326.06,320.25,316.72,313.12,309.61,304.78,299.78,295.46,291.49,287.41,282.50,277.61,273.37,271.61,271.89,271.07,269.39,267.65,265.88,264.44,263.23,261.78,260.29,258.85,256.68,253.75,250.98,248.88,246.93,244.26,242.06,240.12,236.46,231.88,227.71,224.05,221.51,219.51,219.20,219.32,216.34,213.05,211.22,209.70,207.28,204.80,202.31,199.73,196.76,193.63,190.48,187.12,183.70,180.35,177.17,174.19,171.52,169.01,166.56,164.12,161.79,159.46,157.21,154.96,152.83,150.78,148.15,145.50,142.71,139.87,136.87,133.98,131.37,129.01,126.57,124.18,121.84,119.45,117.19,114.97,112.73,110.32,106.77,102.35,98.35,95.04,91.91,89.16,86.66,84.01,81.34,78.15,75.81,74.31,72.19,69.56,67.25,64.73,62.11,59.51,57.09,54.66,52.26,49.76,45.35,40.19,34.76,33.52,32.14,31.44,32.09,31.52,29.97,27.18,23.80,21.11,18.78,15.36,11.23,8.79,6.94,5.01,3.03,1.02,e,e,e,e,e,e,e,e,e,e,e,e,e,e,e,e,e,e,e,e,e,e,e,e,e,e,e,e,e,e,e,e,e,e,e,e,e,e,e,e,e,e,e,e,e,e,e,e,e
688.64,672.35,650.36,635.75,633.92,617.57,593.00,590.66,615.47,635.54,653.03,669.94,685.99,701.17,716.75,711.24,693.37,679.36,666.68,653.74,643.36,636.29,633.13,628.93,619.16,614.51,610.32,601.07,591.51,594.65,606.50,610.82,611.00,613.74,618.22,627.52,638.24,640.89,634.93,627.52,623.22,622.29,622.86,622.70,616.89,606.50,594.06,578.31,563.72,549.22,535.96,523.18,511.42,500.06,484.79,469.97,457.30,445.99,434.50,420.47,404.65,391.00,381.10,383.03,382.52,379.42,375.78,372.13,372.54,377.52,380.87,377.92,374.19,371.19,368.55,365.68,362.13,357.62,352.31,347.62,342.54,336.98,331.34,326.70,321.99,317.90,314.00,310.43,305.68,300.41,296.33,292.52,288.29,282.69,278.53,276.83,276.21,276.06,274.93,273.41,271.78,270.39,269.17,267.50,265.95,264.14,262.11,259.35,256.39,253.59,251.03,247.31,241.64,239.36,237.33,234.43,231.18,229.19,226.44,223.51,221.84,220.84,219.92,216.73,213.62,212.16,210.76,208.74,206.10,203.06,200.09,197.17,194.06,191.01,187.74,184.39,181.15,178.35,175.69,173.05,170.38,167.87,165.44,163.00,160.61,158.36,156.13,153.54,150.87,148.38,145.78,143.04,140.41,137.82,135.26,132.78,130.33,127.89,125.31,122.94,120.45,118.03,115.88,113.85,111.10,107.26,102.79,100.49,99.22,94.87,90.11,87.21,84.63,82.12,78.08,71.26,69.60,69.17,67.88,66.16,64.65,62.95,60.06,57.44,54.81,52.53,50.41,45.43,38.84,37.52,37.21,36.07,35.23,32.88,30.17,27.87,25.48,23.34,21.70,20.37,18.73,14.67,10.46,7.92,5.87,3.53,1.03,e,e,e,e,e,e,e,e,e,e,e,e,e,e,e,e,e,e,e,e,e,e,e,e,e,e,e,e,e,e,e,e,e,e,e,e,e,e,e,e,e,e,e,e,e,e,e,e,e
701.26,685.64,669.87,659.28,652.03,634.82,612.62,598.70,622.87,643.09,659.56,679.26,695.87,712.24,725.23,719.37,703.37,689.74,679.21,666.56,656.71,650.08,645.46,640.17,634.18,629.29,624.03,614.96,609.61,614.75,622.30,627.46,630.31,632.12,636.14,642.39,650.18,653.60,651.94,645.79,640.08,637.97,633.50,625.19,613.36,600.31,588.65,574.49,560.66,546.04,533.95,520.93,510.29,498.84,483.89,469.97,458.31,447.66,436.99,423.52,408.08,393.94,386.05,387.79,386.49,383.26,380.26,380.32,384.13,388.51,385.91,381.29,377.86,375.02,372.41,369.13,364.10,357.95,351.25,346.57,342.05,337.28,332.41,327.55,322.63,318.49,315.29,312.40,308.94,302.63,297.44,293.50,289.17,284.27,282.06,281.23,280.84,280.00,278.73,277.41,275.98,274.52,272.92,271.38,269.79,267.50,264.85,261.73,258.77,255.68,251.42,245.57,241.95,240.63,239.12,236.14,232.99,230.55,228.35,226.62,225.38,223.47,220.77,218.13,215.98,214.44,212.43,209.96,206.87,203.48,200.20,197.36,194.03,190.97,187.93,184.75,181.98,179.66,177.02,174.31,171.64,169.09,166.61,164.07,161.41,158.95,156.54,153.49,150.33,147.75,145.40,143.13,140.75,138.29,135.74,133.19,130.69,127.46,123.79,120.89,118.73,116.16,113.74,112.12,110.81,108.27,105.22,103.13,100.81,95.72,90.29,87.47,85.13,82.89,80.59,75.29,70.18,65.74,62.62,62.70,61.92,61.47,59.52,56.53,53.45,50.50,45.97,40.89,38.93,40.54,40.51,38.71,35.18,30.98,29.20,29.28,28.91,26.68,24.79,23.30,21.27,17.69,13.04,9.42,6.65,3.72,1.04,e,e,e,e,e,e,e,e,e,e,e,e,e,e,e,e,e,e,e,e,e,e,e,e,e,e,e,e,e,e,e,e,e,e,e,e,e,e,e,e,e,e,e,e,e,e,e,e,e
713.37,700.88,689.97,683.77,668.21,646.82,624.60,612.05,633.17,652.94,668.09,686.24,701.53,718.68,731.77,726.47,715.58,703.99,693.62,682.46,671.89,664.47,657.72,650.97,646.06,641.77,635.42,627.39,625.59,632.48,638.83,645.87,650.55,652.63,654.44,657.40,662.86,666.02,666.55,662.74,653.58,642.70,631.58,618.19,605.70,592.56,580.24,567.62,554.19,539.48,528.17,516.88,504.06,493.19,480.68,468.78,458.13,448.25,438.41,424.16,408.57,394.33,390.89,392.86,390.40,386.89,386.08,389.77,392.77,392.97,388.29,383.93,381.19,378.44,375.24,371.12,364.95,357.87,351.60,346.95,342.20,337.56,332.83,328.21,323.97,320.48,317.63,314.15,310.11,304.37,299.31,295.13,290.22,286.93,286.44,285.88,285.08,283.68,282.23,281.07,279.72,278.02,276.35,274.80,272.83,270.34,267.31,264.05,261.03,255.29,249.10,246.45,245.07,243.81,241.48,237.76,234.23,232.24,231.43,230.60,228.75,226.24,223.64,220.90,218.38,216.16,213.74,210.96,207.73,204.38,201.07,197.64,193.90,190.30,187.76,185.40,182.98,180.73,178.26,175.59,172.97,170.40,167.50,164.72,161.98,159.36,156.80,153.91,150.93,147.80,144.82,142.31,139.94,137.38,134.76,132.41,129.54,124.91,120.71,118.17,116.09,113.93,111.62,109.91,108.41,106.07,104.00,102.25,99.72,93.81,89.31,87.22,84.61,81.94,78.75,75.30,71.53,66.56,61.08,59.25,58.63,58.13,56.67,53.69,51.71,47.09,43.30,42.91,43.09,43.66,41.55,38.33,34.33,31.98,31.64,32.11,31.48,29.34,26.82,24.20,21.61,18.59,14.78,10.67,7.27,4.72,1.69,e,e,e,e,e,e,e,e,e,e,e,e,e,e,e,e,e,e,e,e,e,e,e,e,e,e,e,e,e,e,e,e,e,e,e,e,e,e,e,e,e,e,e,e,e,e,e,e,e
727.36,716.70,708.23,699.10,684.75,663.08,642.07,623.47,635.32,660.25,679.51,693.84,707.47,722.63,737.86,735.47,727.83,718.19,707.67,697.54,689.49,680.62,672.46,665.76,660.52,654.19,647.06,639.67,641.79,650.99,657.69,664.02,667.64,669.46,670.73,672.88,676.72,679.67,677.76,667.96,653.85,638.03,624.64,611.65,600.16,585.63,572.77,560.75,547.91,533.35,523.52,511.53,498.73,488.80,478.95,468.28,457.43,448.17,437.50,422.61,405.97,396.36,398.04,398.20,395.59,393.36,395.82,400.19,399.65,395.41,390.03,387.04,384.50,381.18,376.86,371.93,365.72,359.50,355.12,349.75,344.00,338.38,333.88,329.95,326.40,322.71,318.75,313.84,309.31,305.57,301.37,296.90,292.54,290.86,290.78,290.17,288.85,286.98,285.41,284.02,283.00,281.43,279.77,277.96,275.66,272.83,269.63,266.07,261.97,255.73,250.18,249.62,248.07,244.56,240.31,238.50,237.81,236.34,234.92,233.40,231.42,229.05,226.03,222.92,220.00,217.60,214.86,211.91,208.70,205.38,201.99,198.79,195.61,192.24,189.08,186.66,184.15,181.57,178.93,176.19,173.23,170.43,167.65,164.84,162.15,159.28,156.23,153.15,150.38,147.49,144.51,141.88,139.03,135.63,132.77,130.29,126.79,123.36,120.67,120.00,118.99,116.21,113.80,111.99,109.74,105.27,101.81,99.70,98.15,95.17,91.87,90.13,86.78,82.54,77.24,71.97,69.63,67.53,62.31,59.07,57.71,54.74,51.32,49.98,48.50,48.72,50.57,49.41,47.51,44.05,40.22,37.43,35.11,34.67,34.41,34.20,31.82,29.25,26.72,24.35,22.21,20.22,18.14,14.34,11.71,9.47,3.49,0.04,e,e,e,e,e,e,e,e,e,e,e,e,e,e,e,e,e,e,e,e,e,e,e,e,e,e,e,e,e,e,e,e,e,e,e,e,e,e,e,e,e,e,e,e,e,e,e,e
742.44,731.34,723.63,712.56,699.46,681.15,659.71,636.02,640.27,662.86,687.13,702.27,715.61,732.01,746.72,747.55,741.47,733.61,724.54,714.34,704.69,693.45,685.71,679.37,674.48,669.81,661.30,653.38,656.59,669.84,677.40,680.98,684.25,687.06,689.15,690.43,691.11,688.64,677.18,662.63,649.27,632.79,618.03,606.50,594.36,579.41,565.97,552.07,542.35,530.25,520.35,508.26,496.34,486.34,477.73,468.46,456.53,445.35,434.02,419.04,403.51,402.43,407.60,407.24,405.82,407.87,410.50,408.25,404.07,399.03,394.28,390.93,386.94,382.29,377.64,374.05,370.93,365.37,359.47,352.59,345.67,339.73,335.53,331.58,327.40,323.18,319.00,315.27,312.06,309.01,304.59,299.93,297.53,296.04,295.05,293.53,291.98,290.08,288.34,286.89,286.18,284.78,283.13,280.96,278.17,274.87,271.32,266.53,260.71,255.79,252.56,250.80,249.06,244.35,241.41,242.23,241.72,239.84,237.71,235.58,233.13,230.44,227.42,224.44,221.59,218.98,216.10,213.03,209.93,206.74,203.64,201.15,198.76,195.10,190.86,187.74,184.84,181.80,178.58,175.44,172.24,169.18,166.63,163.97,161.27,158.39,155.45,152.76,150.43,147.90,145.07,142.18,139.15,135.01,131.15,129.01,128.71,127.14,124.66,123.39,121.36,118.61,116.16,113.72,111.09,107.12,102.28,98.62,95.96,94.58,92.80,90.38,85.43,80.02,75.64,73.78,71.84,67.04,62.58,61.68,60.84,59.05,57.75,57.45,55.42,54.66,53.60,50.76,47.25,43.42,40.44,38.34,37.58,37.34,37.08,35.25,31.98,29.11,27.11,25.51,23.64,22.24,20.81,17.87,14.30,10.57,3.99,0.71,e,e,e,e,e,e,e,e,e,e,e,e,e,e,e,e,e,e,e,e,e,e,e,e,e,e,e,e,e,e,e,e,e,e,e,e,e,e,e,e,e,e,e,e,e,e,e,e
755.42,747.69,738.32,727.18,711.92,695.07,671.74,644.96,655.30,679.09,693.72,707.99,723.87,741.72,756.83,761.10,755.09,748.61,741.46,731.71,719.04,706.92,698.13,693.26,688.27,682.05,674.96,669.36,670.65,682.81,693.50,696.87,700.99,704.78,707.59,707.89,702.50,689.38,672.38,657.87,644.53,629.34,614.84,602.72,588.86,573.96,560.24,545.52,537.14,528.00,518.10,506.99,496.47,486.72,478.50,470.44,456.17,443.54,430.15,416.26,405.48,410.65,414.18,414.90,416.50,418.40,416.16,411.97,407.01,402.71,398.92,394.03,389.00,384.63,380.97,378.63,374.08,368.12,361.72,353.99,347.12,341.69,337.27,333.26,329.16,325.65,322.20,319.03,315.77,312.88,310.34,307.14,303.97,301.22,298.73,296.92,295.62,293.94,291.79,290.03,289.38,288.27,286.33,283.60,280.19,276.35,272.41,267.67,261.66,257.59,255.36,251.48,249.05,246.99,245.97,245.62,244.09,242.01,239.66,237.13,234.34,231.46,228.52,225.48,222.59,220.20,217.21,214.09,211.11,208.34,205.56,203.30,200.98,197.03,192.44,188.54,185.13,181.69,178.39,175.51,172.88,170.87,168.38,165.29,162.19,159.37,156.65,153.97,151.78,149.24,146.12,143.01,139.64,135.40,132.45,131.90,131.94,129.64,126.93,124.20,121.42,118.72,116.02,112.52,109.71,106.73,103.23,99.32,95.13,92.38,90.68,87.01,81.94,79.80,79.65,75.92,69.98,67.07,66.61,65.10,63.68,62.70,61.84,60.59,59.61,56.95,53.59,50.69,48.41,45.69,43.23,41.23,40.28,39.94,39.00,36.52,33.10,30.03,28.26,26.76,24.88,22.82,20.92,18.02,13.93,10.71,5.29,0.87,e,e,e,e,e,e,e,e,e,e,e,e,e,e,e,e,e,e,e,e,e,e,e,e,e,e,e,e,e,e,e,e,e,e,e,e,e,e,e,e,e,e,e,e,e,e,e,e
768.87,764.57,754.23,738.06,720.47,699.74,673.04,659.90,677.49,693.71,704.46,716.80,731.73,748.65,764.72,772.25,768.59,763.21,755.31,745.71,733.69,720.86,712.96,706.70,701.06,694.51,688.52,684.30,684.64,690.20,703.41,710.01,714.21,718.16,721.04,718.11,705.64,688.65,671.04,655.75,643.39,628.17,613.63,600.15,584.53,569.93,557.04,543.40,533.09,523.46,514.58,504.72,495.56,487.45,479.55,469.96,454.03,440.65,426.91,416.23,409.81,417.48,420.19,423.01,426.01,424.60,420.01,414.88,409.79,405.81,402.13,397.80,393.61,389.88,385.91,381.93,376.45,370.08,363.62,356.81,350.43,344.90,340.69,337.95,334.20,329.72,326.46,323.05,319.56,316.72,314.44,312.19,309.04,305.60,302.98,301.06,299.90,298.36,296.51,294.64,293.40,291.67,289.12,285.65,281.47,276.60,271.37,266.72,262.09,260.14,257.55,252.85,250.77,251.26,249.98,248.47,246.40,243.94,241.23,238.46,235.30,231.72,228.73,226.06,223.37,220.84,217.93,214.82,211.76,208.88,206.10,203.20,200.42,196.76,192.36,188.91,186.00,182.62,179.85,177.47,174.98,172.54,169.68,166.67,163.57,160.84,157.97,155.11,152.56,149.56,145.85,142.68,139.78,137.32,135.89,134.90,133.08,130.26,127.31,123.95,121.14,118.45,115.68,112.19,108.97,105.79,102.54,98.79,94.27,90.55,87.91,85.10,83.88,82.85,79.35,73.61,70.29,71.25,70.28,67.95,66.58,65.67,64.04,61.55,59.82,56.95,54.87,53.11,51.15,48.63,46.40,44.57,43.30,42.43,40.68,38.15,35.00,31.77,29.29,27.17,23.93,21.04,18.64,16.21,13.41,10.98,7.15,1.26,e,e,e,e,e,e,e,e,e,e,e,e,e,e,e,e,e,e,e,e,e,e,e,e,e,e,e,e,e,e,e,e,e,e,e,e,e,e,e,e,e,e,e,e,e,e,e,e
782.15,773.80,759.91,742.80,725.62,703.90,677.94,683.91,699.14,710.05,718.77,729.03,739.94,754.07,771.14,784.39,782.63,778.87,771.00,758.39,744.32,735.98,729.25,723.21,716.76,710.32,704.31,700.47,700.81,703.58,711.84,719.73,726.27,730.54,728.68,720.40,707.45,690.85,673.41,657.17,645.03,627.40,612.82,598.15,582.38,566.08,550.90,539.92,530.80,520.48,511.24,500.67,492.78,485.55,477.25,464.59,450.92,437.84,426.79,417.36,418.19,427.25,431.89,434.31,432.94,429.60,423.78,417.31,412.66,408.94,405.25,401.32,397.33,393.23,388.75,383.54,377.73,371.55,365.18,358.69,352.78,349.36,346.35,342.78,337.77,332.73,330.61,327.02,323.07,319.95,317.80,315.42,312.97,310.67,309.39,307.72,305.72,303.14,301.01,299.13,297.06,294.28,291.18,286.59,280.91,275.01,269.53,265.72,262.91,260.74,258.35,254.91,253.73,253.59,252.39,250.88,248.32,245.54,242.68,239.74,236.08,232.09,228.82,226.18,222.97,220.28,217.63,214.45,210.92,207.86,204.75,201.69,198.99,196.05,192.04,189.13,186.71,183.83,181.23,178.54,175.21,172.24,169.55,166.96,164.21,161.48,157.99,154.75,151.67,148.72,145.70,143.44,142.03,140.30,138.54,136.44,133.77,131.13,127.54,123.42,120.53,118.06,115.19,112.26,109.45,106.28,103.15,99.57,95.13,90.97,89.54,89.10,86.26,80.90,75.98,73.45,73.49,74.03,72.48,70.70,69.57,68.23,65.82,63.10,60.46,59.26,58.28,56.12,53.69,51.41,49.50,47.84,46.29,44.41,42.35,40.20,37.28,33.75,30.05,26.53,22.95,19.32,17.57,16.70,15.24,12.39,8.93,3.08,e,e,e,e,e,e,e,e,e,e,e,e,e,e,e,e,e,e,e,e,e,e,e,e,e,e,e,e,e,e,e,e,e,e,e,e,e,e,e,e,e,e,e,e,e,e,e,e
793.38,780.46,768.57,752.08,735.36,713.86,691.28,702.32,717.19,726.47,733.24,743.21,752.79,763.00,776.45,793.66,800.31,795.52,784.40,769.93,758.24,750.88,744.87,740.25,734.19,728.89,724.86,719.52,715.57,715.30,721.33,732.49,739.60,740.07,732.19,719.67,705.27,689.20,672.43,656.89,643.52,625.57,611.50,596.12,579.94,565.43,549.11,537.56,528.32,518.73,510.57,499.84,490.54,481.80,472.76,462.93,452.88,440.00,427.25,422.09,432.85,441.39,444.73,441.80,436.92,431.55,424.81,419.54,417.07,412.95,408.16,403.79,399.28,394.35,389.17,382.81,376.98,371.59,365.49,359.62,355.76,353.00,350.31,343.56,338.16,336.65,333.44,328.52,324.63,322.53,321.27,319.53,318.20,316.21,314.44,312.45,310.35,307.02,304.45,302.21,299.63,295.52,291.41,285.28,278.79,273.37,268.91,266.20,263.71,261.29,259.50,258.12,256.61,255.85,254.31,251.88,249.29,246.30,243.23,240.35,236.82,232.86,229.32,226.09,222.61,219.26,216.51,214.00,211.22,207.87,204.02,200.94,198.26,195.59,192.63,189.88,187.13,184.46,181.72,178.40,174.64,171.49,168.53,165.70,162.66,159.96,156.97,154.23,151.98,149.73,147.48,145.92,144.19,142.02,139.56,136.51,133.48,130.52,126.38,122.10,119.26,117.34,114.20,110.78,108.06,105.34,102.41,99.72,96.63,93.91,92.14,90.33,85.28,79.23,76.66,77.36,77.25,76.75,75.29,73.63,72.32,70.19,67.49,64.88,63.23,62.56,60.85,58.56,56.11,53.74,51.82,50.25,48.32,46.14,43.98,41.72,38.91,35.06,31.12,26.48,21.84,20.21,20.59,20.37,18.35,14.94,10.81,5.48,1.44,e,e,e,e,e,e,e,e,e,e,e,e,e,e,e,e,e,e,e,e,e,e,e,e,e,e,e,e,e,e,e,e,e,e,e,e,e,e,e,e,e,e,e,e,e,e,e
804.03,794.08,780.01,760.87,740.94,718.27,701.73,719.95,730.95,740.67,749.33,755.71,766.84,777.50,787.12,801.05,812.04,809.39,797.92,782.51,775.45,768.52,761.04,754.38,748.38,743.63,741.31,736.51,729.53,729.29,736.71,744.62,749.36,745.22,732.53,716.02,700.06,684.24,668.73,653.60,638.07,622.61,609.90,593.95,576.50,564.78,549.20,537.69,529.39,521.66,514.34,506.98,498.22,487.87,476.61,466.90,454.33,439.45,429.95,438.76,450.43,454.19,451.73,445.28,438.31,431.06,426.23,423.60,421.35,416.69,409.76,402.45,397.80,392.50,387.40,381.60,376.48,371.76,366.47,361.27,358.24,354.67,349.56,344.56,343.31,341.33,334.42,328.34,326.55,326.47,325.41,323.67,322.28,320.59,318.17,314.89,311.23,307.38,303.92,301.89,298.78,292.25,287.55,281.90,277.05,273.14,269.69,267.04,264.67,262.93,261.93,260.57,259.08,257.69,254.35,250.69,248.18,245.50,242.63,240.41,237.31,233.52,230.11,226.71,223.26,219.73,216.09,212.70,209.80,206.95,203.91,201.15,198.60,195.63,192.49,189.49,186.74,184.02,181.12,177.83,174.39,170.91,167.85,165.35,163.00,160.77,158.36,156.03,153.89,151.64,149.85,147.75,144.92,141.85,138.90,135.88,132.90,129.90,125.28,120.56,117.28,115.95,114.05,111.51,109.22,105.52,101.97,97.96,93.52,91.53,89.69,87.56,82.61,78.74,80.18,81.09,80.11,79.12,77.81,76.28,74.20,71.74,69.44,67.77,66.32,64.59,62.56,60.46,58.18,55.88,53.80,51.94,49.87,47.50,45.10,42.57,39.91,36.09,31.28,26.30,22.95,23.15,23.29,22.21,20.35,17.02,12.79,8.54,3.70,0.58,e,e,e,e,e,e,e,e,e,e,e,e,e,e,e,e,e,e,e,e,e,e,e,e,e,e,e,e,e,e,e,e,e,e,e,e,e,e,e,e,e,e,e,e,e,e
817.82,803.04,786.23,768.70,746.75,720.28,717.74,736.77,748.82,757.34,766.87,771.59,779.67,793.09,802.79,812.58,823.27,819.28,810.80,799.26,792.76,787.70,779.03,771.34,766.20,760.35,754.47,751.26,745.94,745.11,749.37,753.99,751.16,743.03,727.03,710.27,694.03,680.58,666.05,650.46,633.79,619.94,608.30,592.96,576.02,564.66,551.43,543.67,537.81,531.80,521.71,511.37,500.13,487.63,474.41,462.92,449.46,441.02,449.46,460.57,464.51,461.76,455.39,447.33,439.29,433.28,429.97,427.48,424.32,417.97,410.38,403.09,397.45,392.76,387.54,382.54,377.86,373.57,369.16,364.32,359.99,355.39,353.26,353.66,351.36,343.32,335.06,330.04,330.59,331.16,329.74,327.52,325.37,322.48,318.28,312.67,308.62,304.25,300.59,298.22,293.56,288.50,284.65,280.82,277.65,274.15,270.88,268.78,267.48,266.15,264.60,262.96,261.04,258.95,255.14,251.29,248.13,245.15,242.23,239.72,237.03,233.97,230.92,227.54,223.91,220.34,216.93,213.32,210.34,207.86,205.07,202.00,198.94,195.87,192.98,190.21,187.69,185.13,182.08,178.91,175.60,172.28,169.32,166.90,164.63,162.42,160.07,157.77,155.46,153.13,150.86,147.59,143.88,140.91,137.99,135.12,132.35,129.36,125.31,121.09,116.66,113.45,112.39,110.93,107.81,102.64,98.84,94.58,90.38,88.91,86.81,84.42,82.40,82.43,83.94,84.30,83.01,81.64,80.16,78.21,75.67,73.21,71.50,70.02,68.13,66.03,63.81,61.58,59.36,57.21,55.10,52.87,50.56,48.08,45.61,43.13,40.83,36.23,29.63,25.70,26.00,26.18,25.19,23.35,21.45,18.97,15.35,12.21,8.30,2.58,0.86,e,e,e,e,e,e,e,e,e,e,e,e,e,e,e,e,e,e,e,e,e,e,e,e,e,e,e,e,e,e,e,e,e,e,e,e,e,e,e,e,e,e,e,e,e
826.58,809.55,793.15,777.25,754.39,728.05,739.11,754.10,765.39,774.07,783.62,789.77,795.93,805.47,817.14,826.09,835.05,830.06,824.41,817.01,812.50,805.56,796.84,789.28,783.49,776.13,768.88,762.83,758.52,759.38,763.33,758.04,747.56,734.78,717.22,702.52,687.71,675.05,661.12,647.88,631.78,618.47,607.07,593.00,577.78,565.91,556.79,552.72,544.20,534.42,522.38,508.19,494.88,478.66,464.93,457.69,456.31,462.45,474.21,477.50,473.55,465.98,456.70,447.54,441.14,437.12,435.54,432.93,426.38,418.83,416.17,411.49,403.93,397.06,390.79,385.44,380.91,376.23,370.82,366.31,363.68,362.94,363.43,361.88,355.40,345.29,338.06,337.25,338.83,337.62,334.25,330.31,324.66,319.79,313.93,308.64,305.15,301.18,298.18,295.04,291.37,288.54,284.62,281.30,278.43,275.57,273.06,271.69,271.13,268.91,266.94,264.79,262.40,260.31,256.78,252.89,249.30,245.81,242.23,239.28,236.40,233.53,230.75,227.60,224.39,221.35,218.25,215.21,212.38,209.54,206.43,203.02,199.69,196.88,194.23,191.73,189.31,186.73,183.78,180.38,176.94,173.76,170.67,168.05,165.53,162.84,160.28,157.99,155.41,152.44,149.71,146.35,142.74,139.44,136.38,133.45,130.91,127.25,123.11,119.85,115.32,111.13,109.19,107.03,103.71,99.71,96.73,94.07,92.56,92.28,91.39,89.85,89.32,88.81,88.41,87.15,85.66,83.89,81.98,79.71,77.10,74.90,73.29,71.58,69.41,67.19,64.95,62.69,60.41,58.20,56.03,53.66,51.26,48.76,46.25,43.79,41.50,34.88,28.33,28.51,29.35,28.14,26.46,24.80,22.77,20.69,18.64,15.71,12.35,7.50,1.35,e,e,e,e,e,e,e,e,e,e,e,e,e,e,e,e,e,e,e,e,e,e,e,e,e,e,e,e,e,e,e,e,e,e,e,e,e,e,e,e,e,e,e,e,e
835.74,818.63,800.99,784.26,760.19,739.70,757.92,771.58,781.49,791.41,799.49,808.18,814.90,822.03,831.38,839.94,848.75,845.73,839.37,835.12,831.87,823.05,813.70,807.00,798.99,790.31,779.24,772.80,770.50,773.37,768.88,756.48,740.93,724.02,709.55,694.26,680.68,667.25,656.25,644.13,628.72,616.60,605.40,593.19,580.77,571.17,563.70,555.23,544.09,532.39,518.99,501.66,486.50,471.92,466.91,468.20,475.95,485.65,489.46,486.52,481.17,470.76,457.86,449.75,445.86,442.65,442.99,440.26,430.68,425.50,422.32,416.67,409.86,402.13,394.79,388.52,383.42,377.62,374.08,374.42,374.30,372.70,370.12,365.36,356.86,348.54,346.34,346.91,345.38,341.89,336.21,328.14,320.70,315.99,310.83,307.66,304.67,300.73,297.76,294.44,290.61,288.74,286.59,284.69,282.11,279.54,276.21,275.00,273.63,271.17,268.73,266.09,263.57,261.06,257.80,254.02,250.34,246.61,242.62,239.04,236.28,233.53,230.95,228.34,225.52,222.68,220.00,217.24,214.17,211.06,207.70,204.31,200.96,198.26,195.89,193.49,191.19,188.42,184.86,181.16,177.77,174.46,171.24,168.44,165.70,162.91,160.24,157.74,155.11,152.06,149.03,145.63,142.51,139.27,135.40,131.55,126.71,122.03,119.19,115.81,112.85,110.84,109.55,107.66,105.33,101.98,99.04,96.93,95.98,95.64,94.91,93.88,93.27,92.61,91.45,89.70,87.64,85.58,83.41,80.92,78.50,76.92,75.30,73.12,70.64,68.30,66.06,63.82,61.46,59.02,56.84,54.53,52.16,49.68,46.86,44.20,41.58,34.05,30.44,32.09,31.63,29.21,27.58,26.15,24.43,22.52,21.16,18.64,15.30,11.35,4.80,2.37,e,e,e,e,e,e,e,e,e,e,e,e,e,e,e,e,e,e,e,e,e,e,e,e,e,e,e,e,e,e,e,e,e,e,e,e,e,e,e,e,e,e,e,e
847.74,830.97,810.87,792.42,766.24,754.10,775.74,786.73,799.10,811.98,816.72,825.30,834.09,841.96,848.60,853.52,859.86,859.25,853.88,851.16,850.05,841.64,833.45,824.59,811.38,798.65,786.52,777.52,775.77,775.98,766.42,752.47,734.11,717.55,702.15,686.87,672.67,661.05,650.37,637.04,623.24,613.12,602.64,591.91,579.82,569.77,560.51,551.21,539.19,527.52,513.38,494.96,482.01,478.97,486.21,492.65,498.52,501.40,499.06,492.93,485.22,472.84,459.47,455.19,452.05,450.59,449.96,444.97,438.70,433.32,426.41,420.44,413.38,405.60,398.18,391.30,384.56,381.44,384.44,384.39,382.31,379.16,375.59,370.77,363.86,358.34,356.18,353.24,348.36,342.84,332.94,324.35,319.01,315.65,312.30,309.63,306.78,302.73,299.67,297.99,298.25,295.09,292.66,290.06,286.62,282.58,279.10,277.87,275.84,273.03,269.86,267.46,264.82,261.59,258.42,254.85,251.18,246.93,242.95,239.85,237.45,234.88,232.20,229.63,226.78,223.90,221.50,218.96,215.66,212.13,208.63,205.37,202.41,199.81,197.26,193.97,191.36,188.65,185.04,181.41,178.10,174.97,171.90,168.89,165.94,162.97,160.03,157.49,154.86,152.08,149.27,145.86,142.86,139.76,135.20,130.30,123.64,120.37,119.16,116.84,114.72,113.70,112.80,111.56,109.69,106.20,102.61,100.27,99.50,99.03,98.41,97.35,96.44,95.23,93.56,91.41,89.22,87.19,85.03,82.73,80.63,79.00,77.00,74.55,71.99,69.58,67.44,64.98,62.12,59.44,57.31,54.81,51.99,49.27,46.38,43.55,40.90,37.51,36.20,35.35,32.91,30.38,28.68,27.26,25.83,24.23,22.54,20.81,18.60,14.91,9.87,3.67,e,e,e,e,e,e,e,e,e,e,e,e,e,e,e,e,e,e,e,e,e,e,e,e,e,e,e,e,e,e,e,e,e,e,e,e,e,e,e,e,e,e,e,e
859.01,840.58,821.42,801.50,774.01,770.32,793.02,803.88,817.81,832.60,833.99,840.14,851.30,860.58,866.23,869.70,872.59,872.91,870.84,868.34,865.20,858.93,850.57,836.46,820.76,805.43,791.06,781.89,778.75,773.51,763.03,748.50,728.63,713.03,698.32,681.88,667.44,654.24,640.66,629.11,617.51,608.04,596.60,584.00,572.07,562.18,552.65,543.97,533.63,523.30,507.76,491.44,488.80,498.30,505.38,511.26,512.07,510.15,504.48,496.21,485.93,473.08,466.74,463.47,460.41,459.86,455.99,450.15,445.11,437.21,428.08,421.68,414.01,406.62,400.00,392.45,386.35,389.26,392.48,390.88,387.82,384.30,380.62,376.28,371.38,365.84,359.42,352.64,346.03,337.27,328.96,324.77,320.60,317.99,315.36,313.19,310.48,309.20,307.44,304.58,302.20,298.64,295.12,291.61,288.14,284.80,282.50,280.41,277.82,274.97,271.87,269.75,266.53,262.98,259.52,255.90,251.70,248.25,245.32,242.38,239.51,236.78,233.72,230.47,227.62,224.98,222.43,219.96,216.25,212.03,208.59,205.77,203.08,200.59,197.14,192.44,189.09,186.81,183.68,180.66,177.85,175.04,172.20,169.36,166.26,163.07,159.76,157.20,154.19,151.71,148.74,145.05,141.98,138.35,133.14,128.56,124.48,123.68,121.86,118.97,117.66,116.71,115.72,114.23,112.09,109.56,107.08,105.31,104.06,102.98,101.98,100.67,99.17,97.38,95.19,92.78,90.86,89.34,87.45,85.35,83.29,81.11,78.71,76.18,73.69,71.32,68.71,65.78,62.81,60.00,57.67,55.19,52.48,49.81,46.60,43.86,42.43,41.18,39.20,36.68,34.16,31.81,29.99,28.55,27.18,25.70,24.09,22.52,21.17,18.30,13.45,7.47,2.20,e,e,e,e,e,e,e,e,e,e,e,e,e,e,e,e,e,e,e,e,e,e,e,e,e,e,e,e,e,e,e,e,e,e,e,e,e,e,e,e,e,e,e
871.06,851.81,829.50,806.85,782.38,786.27,808.50,821.25,833.44,848.44,852.18,856.70,867.39,877.07,884.07,888.89,891.48,891.33,887.99,884.87,876.83,866.70,854.92,840.12,823.94,809.26,796.16,786.56,780.82,772.13,759.67,743.39,722.97,708.29,696.06,681.92,667.37,651.33,633.69,621.69,611.62,601.36,587.58,574.75,565.00,555.28,546.20,538.70,531.37,518.44,501.44,494.81,504.62,517.70,524.79,528.16,523.77,516.11,506.78,495.90,484.53,477.33,477.09,475.11,473.43,468.40,462.59,457.09,448.62,437.76,428.73,421.45,414.95,407.94,399.92,392.18,391.95,396.63,397.46,395.33,392.26,388.62,384.52,379.75,372.56,364.67,354.21,346.61,339.81,332.16,328.41,325.54,322.92,320.97,320.60,318.55,315.51,312.85,309.41,305.56,301.60,298.06,294.97,292.48,290.66,287.94,285.39,282.41,279.54,276.89,274.11,271.13,267.58,264.37,261.62,258.48,254.66,251.20,248.13,245.00,241.83,238.69,235.26,231.45,228.59,225.79,222.67,220.06,216.38,212.43,209.19,206.12,203.25,200.78,196.93,192.11,188.40,185.72,182.75,180.11,177.32,174.59,171.85,169.07,166.15,163.15,159.88,156.31,152.88,150.04,146.57,142.78,139.02,134.82,130.90,129.19,127.89,126.38,123.67,121.58,120.79,119.73,118.47,116.33,113.87,112.08,111.21,110.04,108.61,106.97,105.43,103.76,101.51,99.00,96.53,94.18,92.64,91.44,89.98,87.81,85.37,82.74,79.98,77.36,74.75,72.15,69.41,66.40,63.40,60.69,58.24,55.29,52.00,49.34,47.29,45.91,44.36,42.40,40.30,37.91,35.57,33.72,31.93,30.16,28.59,27.08,25.54,23.86,22.00,19.74,15.51,11.05,4.90,2.17,e,e,e,e,e,e,e,e,e,e,e,e,e,e,e,e,e,e,e,e,e,e,e,e,e,e,e,e,e,e,e,e,e,e,e,e,e,e,e,e,e,e
878.78,859.70,837.88,809.55,789.57,801.96,822.09,837.96,850.18,861.95,871.15,874.03,882.71,892.92,900.40,904.21,906.24,907.77,903.28,893.79,878.59,863.73,850.24,835.38,821.68,809.33,798.38,787.16,777.39,766.77,752.16,733.81,715.25,700.61,688.23,674.76,663.40,649.25,632.47,619.89,607.03,594.32,580.15,569.95,560.68,552.12,544.91,537.99,526.39,509.68,503.43,512.01,525.76,534.65,537.62,535.05,528.13,517.87,505.26,494.32,487.03,486.58,487.20,485.26,481.49,474.86,468.93,461.51,451.49,439.17,430.22,423.35,416.29,407.65,399.90,398.38,402.05,404.27,402.90,399.88,395.91,390.83,383.81,377.43,370.14,360.94,349.34,342.37,338.25,333.88,330.30,328.34,327.63,326.20,322.81,318.61,315.15,311.84,308.48,304.88,301.32,298.24,296.21,294.47,292.60,290.20,287.02,283.91,280.95,277.90,274.89,271.97,269.05,266.35,263.71,260.69,257.11,253.66,250.55,247.36,244.09,240.88,236.97,232.84,229.74,226.50,223.13,219.90,216.60,213.05,209.84,206.36,203.39,200.63,197.43,193.40,190.07,187.06,183.43,179.88,176.88,173.86,170.98,167.87,164.56,161.71,158.51,154.25,150.85,147.28,143.13,140.06,136.96,134.37,133.19,132.34,130.64,128.43,125.98,124.54,123.64,122.38,120.72,118.15,115.89,114.87,113.88,112.60,111.50,110.20,108.48,106.11,103.22,100.12,97.51,95.90,94.64,93.30,91.48,89.05,86.27,83.35,80.35,77.54,74.71,71.90,69.23,66.61,63.84,61.40,58.70,55.27,52.11,50.69,49.35,47.62,45.65,43.56,41.38,39.26,37.51,35.82,33.80,31.85,29.93,28.22,26.34,24.27,22.20,19.90,16.23,12.82,8.97,3.35,1.21,e,e,e,e,e,e,e,e,e,e,e,e,e,e,e,e,e,e,e,e,e,e,e,e,e,e,e,e,e,e,e,e,e,e,e,e,e,e,e,e,e
883.99,865.35,845.72,818.72,803.45,819.19,834.64,851.35,866.24,877.78,888.72,890.99,896.40,906.98,917.42,919.45,919.20,916.63,907.17,891.31,875.40,859.96,844.88,830.02,818.38,807.51,795.20,780.75,768.04,755.00,739.43,720.44,704.30,689.73,674.87,663.27,653.63,639.87,626.49,616.17,602.39,586.06,574.96,565.65,554.53,544.61,535.63,526.09,518.81,518.77,525.62,535.39,543.59,548.32,545.88,538.00,528.09,515.82,504.00,498.33,497.41,497.45,495.50,491.72,486.30,479.70,472.07,461.99,452.53,440.35,429.94,421.84,415.67,411.89,410.50,412.01,412.93,411.41,408.82,402.96,395.75,388.92,381.86,374.83,366.95,357.59,349.22,342.68,339.40,336.39,333.88,333.44,331.87,327.74,324.25,320.15,316.10,312.31,308.54,305.31,302.44,299.97,298.11,296.31,294.02,290.35,287.11,284.48,281.98,279.63,277.61,274.86,271.57,268.60,265.65,261.87,258.14,254.87,251.67,248.60,245.12,241.26,237.58,233.96,230.54,226.87,223.23,219.69,216.22,212.65,209.48,206.09,202.68,199.57,196.85,194.10,191.23,187.88,184.00,180.33,176.88,173.04,170.07,166.63,162.99,159.36,155.63,151.47,147.89,145.16,142.76,140.29,138.54,137.42,136.23,134.73,132.58,130.51,128.74,127.51,126.36,124.85,122.42,119.77,118.43,117.53,116.16,114.80,113.56,112.23,110.42,107.68,104.42,101.23,99.19,97.95,96.45,94.47,92.25,89.94,87.01,83.68,80.34,77.42,74.60,71.86,69.22,66.86,64.48,62.09,59.29,55.67,53.36,51.95,50.58,48.79,46.82,44.88,42.72,41.00,39.56,37.46,35.35,33.23,31.05,28.98,26.80,24.36,21.96,19.52,16.58,13.77,11.12,6.79,1.98,0.67,e,e,e,e,e,e,e,e,e,e,e,e,e,e,e,e,e,e,e,e,e,e,e,e,e,e,e,e,e,e,e,e,e,e,e,e,e,e,e,e
889.49,872.00,852.36,829.19,822.13,839.77,849.56,862.55,879.54,895.56,904.39,907.60,911.84,923.54,934.03,936.77,929.43,919.51,903.23,886.88,871.88,857.04,841.42,826.01,815.51,805.87,791.57,776.30,761.13,747.96,732.75,715.22,699.67,686.66,670.23,656.84,641.30,628.53,616.79,606.08,592.26,579.44,570.18,559.10,546.56,539.02,535.32,534.01,533.54,537.16,546.55,553.65,560.21,558.53,549.68,537.93,527.11,518.88,513.96,510.80,509.03,506.16,500.67,495.63,490.59,482.30,471.93,462.15,451.95,440.36,430.65,425.64,422.58,422.94,424.10,424.73,421.48,417.75,411.21,402.00,394.17,388.11,381.94,372.28,361.83,355.27,349.63,343.95,341.51,340.89,340.89,339.38,335.81,331.21,327.28,322.15,318.00,314.73,310.49,307.29,304.67,302.21,300.03,298.03,294.87,291.34,289.08,287.36,285.38,283.45,281.15,278.29,275.16,271.18,266.76,262.47,259.06,256.35,252.89,249.44,245.75,242.01,238.61,234.24,229.91,226.11,222.45,219.00,215.09,211.53,208.32,205.30,202.22,199.28,196.35,193.49,190.66,187.45,183.80,180.26,175.77,171.96,168.50,165.09,161.83,158.26,154.35,150.97,149.36,149.16,147.56,144.38,142.00,140.19,138.78,136.71,134.48,132.88,131.52,130.32,129.03,127.22,124.69,122.46,121.08,119.89,118.33,116.89,115.49,113.64,111.59,109.22,106.09,103.32,101.41,99.59,97.52,95.30,92.98,90.53,87.41,84.01,80.86,77.91,74.90,72.09,69.69,67.14,64.65,62.13,59.37,57.30,54.88,53.07,51.63,49.79,47.95,46.07,44.14,42.52,40.72,38.63,36.38,34.08,31.74,29.41,26.96,24.46,22.02,19.52,16.96,14.48,12.03,9.38,5.39,1.82,0.59,e,e,e,e,e,e,e,e,e,e,e,e,e,e,e,e,e,e,e,e,e,e,e,e,e,e,e,e,e,e,e,e,e,e,e,e,e,e,e
895.00,877.18,855.91,832.52,839.50,855.85,863.99,873.21,889.28,906.50,919.85,925.97,930.00,937.53,947.48,944.13,930.08,915.07,898.72,883.84,868.73,854.42,840.05,824.86,814.04,804.02,790.97,776.55,763.17,749.49,730.62,714.74,699.89,685.91,669.24,655.65,637.75,622.00,609.12,598.00,585.05,573.72,563.74,553.84,553.07,553.59,550.10,546.70,545.40,552.03,560.54,567.08,570.50,562.56,552.49,543.63,536.23,532.30,527.99,522.14,516.41,511.43,505.66,498.96,492.06,481.27,469.59,459.43,449.41,446.21,443.42,437.51,434.48,434.90,436.35,432.79,426.60,418.77,409.11,401.40,395.38,388.64,377.69,366.58,358.24,353.01,348.25,345.81,347.93,354.03,351.96,348.12,343.76,339.03,332.46,326.55,321.94,317.52,313.24,309.53,306.98,305.04,302.91,299.84,296.78,294.33,292.44,290.80,289.22,287.27,284.82,282.19,277.64,272.05,267.61,264.45,261.59,258.46,254.68,250.74,246.87,243.10,239.13,234.08,229.11,224.63,220.56,217.58,214.56,211.81,209.28,205.85,202.75,199.93,196.80,193.44,190.34,186.29,182.20,178.78,173.81,169.40,166.33,163.92,161.81,159.57,157.90,155.63,154.08,153.30,151.03,147.64,144.53,142.31,140.65,138.58,136.94,135.70,134.07,132.85,131.42,129.52,127.44,125.47,123.58,122.04,120.36,118.82,116.81,114.69,112.65,110.51,108.07,105.55,103.20,100.58,98.06,95.63,93.09,90.50,87.44,84.16,81.07,77.93,74.86,71.96,69.49,67.29,64.82,62.35,60.87,59.40,56.79,54.36,52.66,50.75,48.90,47.05,45.15,43.25,41.37,39.27,36.87,34.41,31.93,29.43,27.04,24.56,22.11,19.63,17.15,14.68,12.29,10.67,8.38,4.91,2.17,0.84,e,e,e,e,e,e,e,e,e,e,e,e,e,e,e,e,e,e,e,e,e,e,e,e,e,e,e,e,e,e,e,e,e,e,e,e,e,e
896.72,875.28,857.20,844.33,857.52,872.93,881.29,887.74,897.70,912.60,930.14,943.26,948.83,955.42,957.95,944.05,926.34,911.51,894.87,879.85,866.20,852.14,838.59,825.33,813.64,801.86,787.84,776.63,761.61,742.82,723.52,707.39,693.66,678.23,664.41,649.05,632.73,616.20,603.59,590.51,577.65,568.40,563.09,568.70,568.02,559.66,554.94,554.12,557.80,566.17,572.92,577.59,573.82,566.18,560.58,555.86,550.43,544.91,538.81,532.61,524.06,516.35,510.05,499.34,489.28,478.32,469.00,462.37,460.12,459.87,456.59,450.38,446.62,444.88,442.73,436.84,428.45,417.91,409.17,402.88,393.96,382.81,370.66,364.88,359.26,353.47,349.98,353.28,365.47,369.77,364.92,358.63,353.35,348.82,342.31,334.25,327.34,321.15,316.39,312.46,309.75,308.91,306.86,303.48,300.09,297.69,295.68,294.03,292.59,290.80,288.13,283.34,278.59,274.58,270.78,267.29,263.72,259.79,255.51,251.19,247.28,243.31,239.03,233.92,229.14,225.02,221.35,218.66,215.63,212.43,209.79,206.47,203.29,200.30,196.24,191.94,188.20,184.34,180.12,175.72,171.30,168.84,168.59,167.62,165.69,163.57,162.08,159.98,157.63,155.06,152.12,149.16,146.46,145.21,143.35,141.28,140.03,138.19,136.47,135.32,133.75,131.85,130.23,128.20,126.12,124.17,122.22,120.05,117.92,115.78,113.69,111.64,109.58,106.98,104.04,101.04,98.32,95.68,92.96,90.27,87.25,84.09,81.19,78.14,74.65,71.17,68.83,67.12,65.22,63.54,61.90,60.07,57.80,55.61,53.64,51.73,49.76,47.85,45.80,43.83,41.84,39.67,37.07,34.43,31.78,29.19,26.66,24.05,21.95,19.45,16.96,14.62,12.87,12.01,10.76,8.91,6.64,4.50,2.96,1.53,e,e,e,e,e,e,e,e,e,e,e,e,e,e,e,e,e,e,e,e,e,e,e,e,e,e,e,e,e,e,e,e,e,e,e,e
893.70,878.44,875.59,861.68,877.19,889.94,897.30,901.74,911.57,925.94,940.85,957.59,968.90,971.27,960.27,942.06,924.15,910.97,894.07,877.52,864.29,850.59,838.20,825.74,814.62,803.67,791.51,774.45,755.81,734.67,715.38,700.83,686.66,671.21,657.28,638.17,622.17,605.75,593.14,580.51,573.33,571.49,580.87,582.47,572.36,563.02,562.70,566.77,572.83,579.76,585.41,585.20,577.97,573.38,569.87,566.10,560.70,553.74,545.60,537.82,530.23,520.18,509.99,495.68,486.48,482.30,477.72,473.42,472.48,470.14,466.70,462.31,457.15,451.62,445.46,435.44,426.53,420.10,412.20,400.93,386.28,373.50,367.26,363.06,359.13,357.46,363.04,378.16,385.26,379.96,374.92,368.61,361.23,355.98,351.13,344.06,334.80,325.94,320.07,316.06,314.04,313.05,310.93,307.87,305.25,302.00,298.90,297.24,295.82,293.54,290.59,286.31,282.47,278.73,273.71,269.48,265.91,261.02,255.70,250.71,246.93,243.45,239.69,234.31,229.44,225.90,222.54,219.99,216.72,213.19,209.70,206.35,203.14,199.97,196.03,191.90,187.95,183.40,179.27,176.22,173.96,173.20,173.14,171.75,169.48,167.18,164.27,161.48,158.62,155.72,152.83,150.31,149.29,148.81,147.47,145.69,143.42,140.63,138.90,137.83,136.09,134.16,132.26,129.85,127.52,125.23,122.96,120.76,118.61,116.50,114.38,112.25,110.03,107.16,104.19,101.25,98.36,95.63,93.01,90.44,87.67,84.92,82.28,79.39,74.93,70.31,68.15,66.44,64.81,63.19,61.70,60.30,58.55,56.65,54.69,52.66,50.49,48.35,46.16,43.79,41.67,39.39,36.76,34.09,31.39,28.37,25.27,22.34,20.30,18.21,16.42,15.67,14.71,14.15,14.27,13.71,13.68,11.14,9.23,6.50,3.18,1.96,e,e,e,e,e,e,e,e,e,e,e,e,e,e,e,e,e,e,e,e,e,e,e,e,e,e,e,e,e,e,e,e,e,e
904.13,901.44,891.99,878.34,894.57,905.11,913.86,919.98,928.31,937.07,951.06,969.20,980.57,972.59,954.74,939.51,923.23,909.13,893.48,876.76,863.91,851.33,839.39,825.70,814.45,802.88,788.12,768.42,748.61,727.49,709.34,694.86,680.70,665.46,648.17,628.64,610.20,593.99,585.47,582.96,583.37,590.35,595.80,584.51,573.54,572.63,576.16,579.85,585.57,593.16,597.35,594.35,588.15,583.87,579.39,573.73,565.00,555.90,547.52,539.63,532.04,522.12,509.30,495.57,493.40,491.85,487.61,484.13,482.63,480.00,476.09,471.26,465.21,456.43,444.51,433.64,426.45,417.94,405.08,389.85,377.61,369.69,366.36,363.97,362.53,368.46,388.73,396.90,393.56,388.24,382.23,375.37,367.71,362.07,357.87,352.11,342.79,332.45,325.68,320.42,318.77,316.95,314.52,312.35,310.66,308.23,304.85,301.71,299.03,296.19,292.88,288.51,284.09,279.54,275.68,272.63,268.97,262.02,255.66,250.25,246.33,242.77,238.87,233.61,229.11,226.25,223.42,220.57,216.62,212.37,208.29,204.56,200.98,198.08,195.00,191.82,188.42,184.27,181.37,181.01,179.74,178.59,177.23,174.79,172.22,169.69,165.82,162.43,159.22,156.38,154.22,153.42,152.84,152.10,151.16,149.31,146.37,143.62,141.70,140.31,138.31,136.06,133.34,130.58,128.28,126.12,123.56,120.95,118.55,116.39,114.22,112.09,109.89,107.15,104.30,101.41,98.67,95.77,93.36,91.25,88.78,85.94,83.18,80.22,74.45,69.49,67.63,66.34,65.25,63.95,62.45,61.05,59.58,57.60,55.36,52.98,50.77,48.43,45.84,43.26,40.83,38.28,35.59,33.11,30.57,27.34,23.89,21.18,19.68,19.02,18.80,18.16,16.93,17.43,18.71,19.15,19.21,15.75,13.68,11.83,8.83,4.50,2.42,0.98,0.39,e,e,e,e,e,e,e,e,e,e,e,e,e,e,e,e,e,e,e,e,e,e,e,e,e,e,e,e,e,e,e
926.88,921.77,904.42,896.88,914.73,923.91,928.94,937.92,944.80,951.85,965.29,977.90,983.79,969.93,951.65,936.07,918.85,905.28,891.70,876.60,865.06,853.66,841.01,824.62,809.73,794.12,779.34,761.65,742.24,724.17,706.68,691.54,676.01,660.26,642.27,620.99,602.49,593.28,594.81,596.85,603.32,607.54,599.52,586.22,580.53,585.46,589.14,592.86,599.68,606.05,607.48,605.71,601.15,593.80,585.65,575.98,566.86,557.59,547.69,538.95,530.87,520.39,509.87,505.72,505.62,502.52,497.95,494.07,490.83,488.33,484.97,478.00,467.97,455.82,444.60,432.78,418.80,404.27,392.96,382.42,375.63,370.31,368.24,368.72,373.46,391.39,404.12,402.23,396.68,392.01,386.80,380.22,373.11,367.71,363.65,358.14,348.90,337.63,331.24,326.95,324.05,321.07,318.69,316.44,314.49,312.92,310.77,306.80,302.58,298.88,294.55,290.00,285.88,281.78,278.31,274.60,270.51,263.04,255.67,249.91,246.12,242.53,238.61,234.08,230.15,227.19,224.50,221.67,217.34,211.51,207.44,204.74,202.47,199.94,196.84,193.63,190.13,186.49,184.53,184.29,183.07,181.98,180.09,177.14,173.98,170.74,167.28,163.98,160.41,157.98,157.75,157.38,156.30,155.05,153.63,151.48,148.92,146.55,144.37,142.15,139.70,137.15,134.43,131.84,129.65,127.17,123.87,120.65,118.34,116.37,114.24,112.12,109.97,107.29,104.53,101.75,98.91,95.91,93.37,91.32,89.02,86.16,83.42,80.99,76.36,70.01,68.68,68.00,67.01,65.57,63.99,62.37,60.45,58.24,55.71,53.13,50.69,48.16,45.48,42.83,40.11,37.00,34.12,31.49,28.95,26.03,24.15,24.17,23.88,23.66,23.05,20.94,19.46,20.74,22.09,22.44,21.29,19.23,16.80,14.38,11.71,9.63,7.80,4.21,1.69,0.63,0.52,e,e,e,e,e,e,e,e,e,e,e,e,e,e,e,e,e,e,e,e,e,e,e,e,e,e,e,e,e
945.17,937.44,918.04,916.15,933.46,941.27,945.14,956.90,965.11,972.06,979.54,988.96,985.55,967.56,949.78,933.13,917.90,904.06,889.41,876.53,867.71,859.32,845.23,824.61,805.26,788.80,773.06,756.65,737.17,721.42,704.92,690.59,673.31,656.00,635.27,610.40,601.48,604.37,608.71,615.33,621.51,612.32,600.16,589.74,592.67,599.26,601.76,607.13,614.43,618.22,616.48,613.60,608.59,599.98,590.66,579.82,568.43,558.30,547.22,537.15,528.12,521.82,520.85,519.23,516.65,512.63,507.42,503.76,500.50,496.65,489.56,477.61,465.75,451.16,436.44,418.31,402.73,392.87,387.04,381.05,376.71,373.44,373.31,378.99,394.85,409.81,412.20,405.70,398.93,394.46,389.87,383.93,379.16,374.02,368.15,361.81,353.43,341.97,335.49,332.60,328.97,326.25,323.87,320.49,318.19,316.32,313.48,309.76,305.51,301.14,296.53,292.04,287.92,282.72,278.07,273.83,269.20,262.76,256.27,250.58,246.94,243.36,239.60,235.91,232.26,229.39,225.89,221.97,217.41,211.97,209.58,207.37,204.95,202.34,199.45,196.18,192.16,188.66,187.95,187.42,185.90,183.82,180.74,177.58,174.65,172.06,169.55,165.42,161.69,161.21,161.16,160.68,159.30,157.60,155.50,152.97,150.54,148.61,146.26,143.67,140.93,138.26,135.59,132.95,130.81,128.09,124.77,121.59,119.10,117.07,114.91,112.67,110.14,107.24,104.36,101.54,98.79,95.98,93.39,91.23,88.94,86.84,84.78,82.84,80.70,76.64,73.28,70.68,68.72,67.18,65.43,63.36,61.07,58.64,56.00,53.32,50.64,47.89,45.07,42.33,39.47,36.03,32.71,29.96,27.96,26.97,27.69,28.74,29.45,29.03,28.04,25.38,23.62,24.32,24.90,23.91,22.37,20.73,18.74,16.35,14.04,12.29,10.26,7.33,4.17,2.33,1.51,0.70,e,e,e,e,e,e,e,e,e,e,e,e,e,e,e,e,e,e,e,e,e,e,e,e,e,e,e,e
962.63,951.12,932.62,933.59,947.01,958.44,965.03,973.57,983.81,989.35,994.37,998.17,983.97,965.33,947.80,931.96,917.40,903.49,891.61,880.23,871.92,863.66,850.43,825.63,800.90,785.24,772.01,755.04,734.87,718.37,704.08,689.19,667.82,647.95,624.31,608.45,614.69,620.03,627.56,634.75,630.16,615.60,603.67,597.44,605.38,608.87,613.58,622.20,629.14,628.71,624.12,620.03,614.20,604.01,590.95,577.39,565.88,556.91,546.08,537.25,534.76,534.71,533.57,531.29,527.79,523.35,517.62,512.35,504.25,493.52,478.50,463.49,451.52,436.70,419.22,403.00,393.43,388.58,384.91,380.99,378.63,378.36,382.52,398.05,416.41,422.23,418.13,410.20,402.19,396.71,392.01,386.96,383.27,379.00,371.90,364.52,355.49,345.02,340.04,337.48,334.12,331.69,329.45,325.59,322.18,319.00,315.30,311.36,306.67,301.84,297.34,293.45,289.47,284.27,278.60,273.24,267.98,262.89,258.32,252.86,248.58,244.96,241.20,237.00,232.73,229.09,223.43,219.28,216.16,213.95,212.27,209.84,207.31,204.59,201.58,197.71,193.83,191.76,191.58,190.35,187.70,184.39,181.52,179.63,177.34,174.65,171.27,166.58,164.63,164.44,163.91,162.84,161.05,159.48,157.09,154.66,152.37,150.61,148.09,145.20,142.09,139.10,136.51,133.93,131.72,129.24,126.21,123.13,120.23,117.75,115.29,112.86,110.05,106.69,103.70,100.90,98.38,96.18,94.33,92.57,90.83,88.88,86.82,84.89,83.01,81.76,80.21,76.43,71.45,68.47,66.22,63.79,61.41,58.97,56.19,53.36,50.49,47.56,44.74,41.94,38.83,35.30,32.62,31.75,30.98,31.49,33.15,33.76,33.45,32.40,31.22,29.74,28.21,27.41,26.38,24.79,23.02,21.23,19.40,17.18,14.39,11.71,9.79,8.27,6.29,4.56,3.11,0.85,e,e,e,e,e,e,e,e,e,e,e,e,e,e,e,e,e,e,e,e,e,e,e,e,e,e,e,e
979.25,963.37,944.28,950.71,963.21,973.70,983.29,989.63,1001.15,1008.58,1009.60,998.93,981.06,963.42,948.38,934.14,919.30,903.90,890.89,879.58,870.19,859.54,844.59,816.85,791.19,775.40,764.47,751.31,732.02,715.44,700.50,676.70,653.08,635.01,617.30,623.36,639.29,642.32,648.30,645.87,633.54,620.06,610.40,611.18,619.60,621.15,628.02,637.08,639.75,636.24,631.00,625.20,615.97,601.84,588.15,576.72,566.57,556.47,549.53,548.02,548.79,548.03,546.15,543.45,538.22,529.85,520.65,508.40,495.01,477.87,458.26,445.47,433.40,418.18,404.11,396.64,391.80,388.88,385.65,382.14,384.16,391.19,406.35,425.77,431.19,427.46,422.36,415.12,408.02,400.64,394.61,389.31,385.17,380.60,374.15,366.51,356.41,347.89,344.92,342.32,339.38,336.36,332.71,328.37,324.13,319.44,315.20,311.03,306.71,302.44,298.49,295.05,291.75,287.45,280.59,273.49,268.16,264.63,260.63,255.48,250.53,246.35,241.90,234.25,228.99,225.85,222.54,220.11,218.28,217.01,214.97,212.31,209.48,206.24,202.14,199.00,197.90,196.44,194.80,191.89,188.97,186.31,183.52,181.68,179.69,176.14,171.91,168.32,168.32,167.35,166.20,164.22,162.25,160.73,158.69,156.36,154.08,152.09,149.43,145.84,142.45,139.37,136.88,134.46,132.10,129.53,126.25,122.90,119.85,116.94,114.23,111.81,109.54,106.96,104.23,101.57,99.59,98.23,96.61,94.87,92.89,90.76,88.78,86.94,85.10,83.63,81.89,79.13,73.59,69.01,66.42,63.93,61.63,59.12,56.05,52.96,49.95,46.78,43.95,41.20,37.94,36.00,36.32,37.16,38.16,39.52,40.05,38.41,36.13,34.55,33.22,32.02,30.52,28.83,27.13,25.37,23.54,21.72,19.63,16.94,13.89,10.78,9.04,7.73,6.13,4.37,2.58,0.61,e,e,e,e,e,e,e,e,e,e,e,e,e,e,e,e,e,e,e,e,e,e,e,e,e,e,e,e
993.21,975.84,960.04,969.13,978.99,987.69,999.37,1006.51,1018.80,1025.50,1014.47,997.48,980.09,962.87,949.77,934.25,916.56,900.20,881.88,869.80,860.04,848.65,833.78,807.10,783.88,767.19,749.01,738.67,722.81,704.39,683.57,657.26,639.26,625.38,622.99,640.82,658.80,663.05,662.93,654.49,638.27,625.66,620.76,630.06,635.08,635.87,644.60,651.34,648.93,644.16,638.12,629.10,615.70,600.28,589.03,580.45,569.21,564.55,563.90,562.52,562.05,561.52,559.05,551.72,540.45,527.21,514.18,497.52,477.30,455.78,441.50,429.00,415.31,404.84,399.15,395.62,392.10,390.25,391.22,393.90,402.14,418.61,436.76,440.80,436.43,431.67,426.15,419.25,413.17,405.79,397.59,390.96,385.60,380.63,374.57,367.60,360.22,353.94,349.41,346.08,342.94,339.36,334.94,331.05,327.33,321.60,317.13,312.76,308.34,303.98,299.47,295.81,291.99,287.81,281.92,275.88,270.93,266.64,261.96,256.62,251.09,245.14,239.34,233.64,231.20,228.13,225.36,223.40,221.60,219.96,217.43,214.28,211.02,207.72,204.49,202.65,201.59,199.23,196.26,193.46,191.55,188.98,185.66,183.32,180.86,176.69,172.41,170.82,171.26,169.71,167.66,165.38,163.39,161.69,159.76,157.45,154.75,152.06,149.34,146.01,142.69,139.70,136.72,133.86,131.43,128.52,124.85,121.53,119.37,117.53,115.43,113.43,111.56,109.36,106.50,103.82,101.46,100.29,98.90,96.80,94.58,92.29,90.06,88.25,86.22,83.72,81.15,77.70,72.86,68.80,66.22,63.73,61.43,58.89,56.01,52.84,49.70,46.27,43.04,40.38,39.55,40.27,41.02,41.92,42.34,42.88,42.27,40.46,38.56,36.85,35.24,33.57,31.51,29.48,27.67,25.80,23.78,22.01,19.85,16.55,12.80,10.19,8.54,6.92,5.25,3.54,1.63,0.66,e,e,e,e,e,e,e,e,e,e,e,e,e,e,e,e,e,e,e,e,e,e,e,e,e,e,e,e
1005.16,990.41,981.38,986.64,994.57,1004.43,1015.42,1024.68,1029.81,1021.46,1008.30,992.05,978.34,960.07,944.65,927.11,907.53,889.37,870.64,856.68,843.96,829.55,819.94,804.24,784.44,759.44,733.30,712.22,696.72,679.03,661.10,642.68,630.94,632.22,644.78,661.01,675.93,678.73,674.10,660.47,644.06,632.00,634.87,646.66,651.78,656.15,662.91,662.68,657.22,651.19,641.98,630.67,615.77,602.90,593.75,584.64,580.41,580.96,579.93,578.56,577.17,573.59,563.63,550.43,536.74,519.47,499.96,474.80,453.23,437.72,424.42,414.93,408.75,404.78,400.81,398.37,396.12,397.31,403.00,413.52,433.21,450.05,452.01,446.49,440.61,435.15,429.43,422.08,415.57,408.80,398.96,391.27,384.79,378.82,372.97,367.79,363.63,359.95,354.22,349.01,345.27,341.58,338.35,335.26,331.74,326.40,320.39,315.42,311.28,307.32,300.62,295.54,290.79,285.45,280.09,275.42,270.91,265.24,260.62,253.22,246.91,241.29,239.73,239.17,235.50,231.10,228.58,226.87,224.72,222.30,219.09,215.62,212.83,210.41,208.24,206.19,203.61,200.76,198.07,195.62,193.16,190.60,187.61,184.27,180.65,177.07,175.08,174.11,172.80,170.31,168.16,166.03,164.01,162.06,159.95,157.16,154.12,151.14,148.34,145.59,142.59,139.67,136.33,133.11,130.19,127.57,125.27,123.47,121.99,119.71,117.25,114.80,112.70,110.68,107.99,105.23,102.89,101.63,100.37,98.25,95.84,93.41,90.92,88.62,86.10,83.47,80.75,76.70,72.06,68.04,64.99,62.54,60.39,57.79,55.28,52.64,49.95,46.10,43.37,43.81,45.63,46.28,46.95,46.56,45.91,45.26,43.87,42.16,40.31,38.52,36.55,34.25,32.10,29.95,27.93,25.78,23.24,21.04,18.66,15.36,11.58,9.11,7.52,5.94,4.33,2.69,0.93,0.12,e,e,e,e,e,e,e,e,e,e,e,e,e,e,e,e,e,e,e,e,e,e,e,e,e,e,e,e
1021.44,1007.99,1002.63,1005.75,1010.80,1020.75,1030.17,1029.36,1018.53,1002.98,991.17,980.42,968.51,951.81,932.61,915.38,893.93,874.29,857.43,835.13,817.10,805.56,798.03,782.80,748.32,713.79,694.57,686.43,677.24,660.26,646.80,639.88,639.58,650.69,670.32,688.88,695.22,692.57,680.52,661.88,645.20,641.36,652.46,663.13,669.27,675.30,675.38,670.64,664.56,657.27,644.68,631.48,617.85,606.46,600.74,599.79,599.35,597.72,595.97,594.26,587.59,575.13,560.30,546.17,522.28,499.62,475.79,454.07,439.12,424.26,417.38,414.36,412.02,408.84,405.69,404.94,406.36,413.95,424.29,438.43,457.33,463.93,459.61,451.16,443.96,437.13,430.25,421.87,415.06,408.34,398.34,390.60,384.27,378.57,376.82,373.58,368.47,363.71,357.94,351.42,346.81,343.38,341.38,338.65,334.48,329.13,323.27,318.36,314.51,309.82,301.44,295.88,291.40,285.80,279.20,272.73,266.22,259.62,255.01,250.12,247.65,245.45,244.91,241.98,237.90,234.01,231.71,229.80,226.83,223.21,219.97,217.79,215.55,213.06,210.95,208.34,205.42,202.58,199.66,196.96,194.36,191.71,188.54,184.84,181.71,179.75,178.09,175.94,172.90,169.88,167.48,165.29,163.28,161.35,159.15,156.37,153.38,150.58,147.60,144.66,141.48,138.87,136.40,133.97,131.89,130.12,128.32,126.25,123.54,120.92,118.38,115.87,113.63,111.52,109.08,106.67,104.31,102.85,101.23,98.99,96.39,93.78,91.15,88.56,85.97,83.38,80.79,76.78,71.81,67.00,63.60,61.28,58.94,56.22,53.45,50.79,48.58,46.54,47.23,49.55,51.05,51.47,51.60,50.10,48.45,46.95,45.44,43.63,41.74,39.69,37.26,34.72,32.32,29.99,27.85,25.66,23.11,20.46,17.71,14.83,11.94,9.41,7.49,5.62,3.86,2.07,0.55,e,e,e,e,e,e,e,e,e,e,e,e,e,e,e,e,e,e,e,e,e,e,e,e,e,e,e,e,e
1037.28,1024.02,1023.67,1025.99,1029.92,1034.15,1027.35,1014.07,998.89,984.31,974.68,962.38,950.93,937.95,921.06,901.12,880.27,860.07,838.23,814.36,792.46,780.89,769.97,748.47,727.66,708.40,703.32,696.30,679.77,667.88,661.62,668.81,674.34,673.89,693.56,709.65,713.84,703.32,682.87,659.86,651.42,657.88,671.88,682.64,688.68,690.19,685.51,678.43,670.21,660.90,647.44,635.50,623.09,617.25,618.43,618.65,617.86,616.27,611.83,601.25,582.58,566.52,552.67,528.11,497.98,476.25,457.58,441.30,428.91,422.13,420.23,418.68,416.86,415.43,415.95,419.13,425.59,435.63,447.64,465.25,473.57,470.76,462.90,454.43,445.88,437.52,428.38,418.95,412.05,404.96,397.31,390.86,386.76,383.40,383.23,380.08,372.57,365.78,359.62,352.68,347.93,346.15,344.33,341.64,337.75,332.14,326.48,321.40,315.69,309.03,302.51,297.27,292.94,286.30,277.95,270.95,264.21,258.90,257.90,257.20,255.36,252.10,248.31,243.57,239.22,236.40,234.14,231.40,227.40,223.93,222.56,220.59,218.08,215.52,212.93,209.86,206.77,203.61,200.44,197.69,194.87,191.67,188.57,185.81,183.87,182.07,179.20,176.35,173.37,170.37,167.47,164.95,162.73,160.51,158.19,155.82,153.46,151.06,148.18,145.29,142.68,140.82,138.93,136.42,134.17,132.44,130.51,127.88,124.63,121.52,119.03,116.88,114.62,112.41,110.26,107.99,105.67,103.62,101.42,98.99,96.41,93.84,91.25,88.63,86.05,83.50,81.05,76.51,70.55,65.82,65.81,64.96,60.38,57.75,54.84,51.95,50.41,50.48,52.18,53.95,54.50,54.78,53.67,51.76,50.02,48.61,46.98,45.00,42.73,40.31,37.45,34.15,31.16,29.20,27.48,25.59,23.41,21.09,18.39,15.46,12.56,9.90,7.88,5.97,4.08,2.16,0.66,e,e,e,e,e,e,e,e,e,e,e,e,e,e,e,e,e,e,e,e,e,e,e,e,e,e,e,e,e
1052.64,1041.33,1041.72,1043.63,1043.51,1031.86,1013.10,995.88,985.30,969.25,954.37,944.09,933.02,920.70,907.11,888.56,869.78,843.43,814.75,794.11,781.52,775.74,771.21,768.61,750.63,718.57,705.82,698.03,697.95,692.84,694.85,709.03,714.38,703.29,715.21,730.96,725.82,705.85,682.95,665.50,669.93,678.60,690.62,700.70,704.52,701.96,695.23,686.35,675.96,665.36,654.98,642.75,632.73,632.93,635.59,636.19,633.74,626.09,612.59,593.43,565.94,546.50,529.90,500.29,474.86,459.51,443.95,431.20,427.46,426.22,426.83,428.24,428.91,431.42,435.44,439.82,447.04,458.58,475.10,484.67,481.67,474.49,466.09,456.34,445.44,435.39,424.77,414.49,407.84,401.47,396.33,394.00,392.10,389.45,386.68,382.36,375.86,368.02,360.80,356.26,352.50,349.75,347.25,344.50,341.05,335.63,329.26,323.55,317.61,312.04,306.03,298.85,292.96,285.25,277.59,271.94,265.69,263.46,263.57,262.85,260.27,255.53,250.45,245.25,240.88,238.44,235.63,231.44,228.00,227.27,225.35,222.60,219.81,216.95,213.77,210.50,207.35,204.12,201.11,198.17,195.17,192.06,189.51,187.56,185.02,182.12,179.23,176.77,174.47,171.55,169.26,167.53,165.12,162.69,160.34,158.19,155.93,153.24,150.03,147.23,144.81,142.85,140.85,138.46,136.01,133.46,131.00,128.30,125.07,121.92,119.64,117.48,115.18,112.98,110.80,108.50,106.05,103.34,100.75,98.20,95.61,93.14,90.69,88.12,85.56,83.16,80.65,75.11,69.16,67.40,72.00,72.63,66.55,63.79,59.48,57.23,56.45,56.53,57.87,58.53,58.33,57.01,55.28,53.39,51.80,50.32,48.28,45.38,42.37,40.04,36.90,33.52,30.27,28.22,26.57,24.83,23.04,21.17,18.88,16.03,13.11,10.31,8.37,6.51,4.63,2.56,0.73,e,e,e,e,e,e,e,e,e,e,e,e,e,e,e,e,e,e,e,e,e,e,e,e,e,e,e,e,e
1069.74,1061.83,1060.17,1057.70,1044.91,1023.84,1003.04,983.12,968.78,958.82,943.57,927.41,914.64,904.94,891.46,873.52,852.45,821.63,801.39,797.12,802.41,802.73,801.98,792.33,747.79,723.84,728.65,728.38,727.56,726.51,732.15,740.66,740.12,729.62,740.90,744.78,726.97,704.08,685.90,683.61,688.41,696.37,707.54,716.14,715.96,710.87,703.09,693.74,682.15,672.10,662.24,648.94,644.59,646.61,650.57,651.75,639.57,620.04,601.63,578.54,549.01,523.92,503.43,479.68,459.95,447.47,437.07,433.98,433.23,432.47,436.59,443.12,447.20,451.73,457.15,463.34,472.78,486.14,495.27,492.80,486.04,477.18,467.65,455.92,443.24,431.18,420.39,409.93,405.12,400.81,399.19,398.97,396.93,393.57,389.24,383.82,377.20,369.80,364.62,363.14,360.28,355.52,351.01,347.73,343.58,337.92,331.12,325.05,319.28,314.33,309.58,301.20,294.02,287.19,280.10,273.07,268.44,268.97,268.23,264.94,261.03,256.05,250.51,246.40,243.40,240.83,236.90,231.98,230.78,230.33,227.40,224.28,220.83,217.37,213.87,210.44,207.47,204.73,202.05,199.33,196.50,193.64,191.07,188.06,185.43,183.42,181.40,180.63,180.08,177.70,174.37,171.65,169.01,167.22,164.10,161.15,158.22,154.78,151.22,148.53,146.28,143.89,141.45,138.73,135.66,132.49,130.02,127.63,124.65,121.92,119.91,117.67,115.32,113.10,110.93,108.44,105.85,103.07,100.26,97.42,94.67,92.02,89.32,86.35,83.49,80.97,77.64,71.60,68.88,70.65,77.85,79.60,74.91,71.41,67.34,63.60,62.25,61.75,61.73,61.49,60.17,58.41,56.80,55.06,53.58,51.81,48.77,45.22,41.72,38.88,35.81,32.27,29.35,27.59,25.76,24.02,22.37,20.68,18.65,16.24,13.66,11.17,8.88,7.09,5.17,2.89,1.23,e,e,e,e,e,e,e,e,e,e,e,e,e,e,e,e,e,e,e,e,e,e,e,e,e,e,e,e,e
1086.51,1080.68,1076.17,1063.12,1042.63,1021.31,1000.19,978.82,959.89,944.73,930.13,913.17,896.82,884.60,864.51,842.24,831.26,828.17,820.26,823.08,838.59,833.58,818.41,784.57,742.81,746.19,759.87,762.75,763.13,765.29,767.93,768.45,759.82,752.74,757.28,746.14,724.62,703.06,695.19,701.03,706.81,714.23,725.27,729.84,724.69,716.75,708.90,700.97,690.25,678.72,666.78,659.16,657.77,652.34,656.65,650.14,625.54,599.48,582.02,563.26,533.71,503.45,484.07,464.18,449.77,442.73,441.39,443.81,441.91,441.54,449.52,458.56,467.03,473.99,481.39,489.73,499.98,505.54,503.35,496.66,488.37,477.37,465.47,451.93,438.82,427.63,419.03,413.31,410.56,409.24,408.23,405.33,401.24,396.11,389.84,382.13,376.05,371.67,369.64,367.13,363.98,360.23,355.61,350.95,345.19,338.57,332.60,326.67,320.80,316.47,312.41,305.24,296.18,289.01,280.23,275.62,275.52,274.22,270.18,264.68,259.74,255.20,251.29,248.56,245.75,242.66,238.48,235.31,234.25,232.04,228.73,225.02,221.12,217.48,214.13,210.91,208.20,205.91,203.40,200.95,198.22,195.11,191.85,189.35,189.13,187.95,185.15,183.57,182.80,181.20,178.28,175.29,173.03,170.68,166.58,162.89,159.23,155.52,152.00,149.32,146.70,143.89,141.18,138.25,134.98,131.61,128.89,126.69,124.25,121.92,119.74,117.57,115.22,113.04,110.86,108.24,105.26,102.50,99.84,96.94,94.12,91.29,88.10,84.84,81.80,78.51,75.76,73.68,75.13,77.70,80.42,81.19,80.46,77.41,71.89,68.11,66.24,65.21,64.09,62.68,61.16,59.57,57.86,55.73,53.62,51.55,48.76,45.10,41.27,37.93,34.81,31.70,28.91,26.95,25.11,23.27,21.60,19.87,17.78,15.67,13.29,10.97,8.90,7.13,5.15,3.12,1.53,e,e,e,e,e,e,e,e,e,e,e,e,e,e,e,e,e,e,e,e,e,e,e,e,e,e,e,e,e
1093.58,1089.95,1080.53,1059.92,1036.68,1017.30,1001.69,983.54,961.78,938.82,918.71,900.24,881.17,859.90,844.40,838.99,844.60,857.95,851.19,852.80,852.87,832.76,810.20,773.63,756.66,770.95,785.84,798.14,801.27,800.26,797.37,789.99,783.02,777.01,764.68,745.24,722.21,707.34,707.99,719.19,729.02,735.34,742.00,741.30,732.92,723.87,715.64,706.81,696.95,686.68,676.86,671.11,657.43,641.52,635.52,626.20,605.58,580.39,561.22,544.91,512.58,485.89,467.49,454.15,447.61,449.57,457.34,455.76,449.08,455.33,467.28,479.28,488.67,497.31,506.78,514.76,518.07,514.15,506.32,497.25,487.60,474.05,461.27,447.72,436.27,428.54,424.27,421.64,418.97,416.17,413.01,408.37,402.81,395.80,388.38,382.72,378.62,376.18,373.85,370.63,367.16,363.08,357.97,352.43,346.56,340.68,335.10,328.61,323.15,319.31,314.68,307.91,297.19,288.36,280.89,282.55,281.56,275.59,268.83,263.28,259.45,256.67,253.73,250.89,247.51,243.49,241.01,239.00,236.19,232.97,229.64,225.71,221.58,218.05,215.13,212.24,209.52,207.31,205.03,202.60,199.76,196.70,193.72,192.57,192.54,191.27,187.96,186.25,185.00,182.88,180.59,178.04,173.91,169.65,164.26,160.56,157.81,154.82,151.83,149.51,146.70,143.89,141.10,138.13,135.21,132.24,129.66,127.27,124.53,121.99,119.59,117.10,114.43,112.07,110.05,106.96,103.60,100.50,97.74,94.98,92.61,90.23,86.80,83.74,82.05,81.04,81.34,81.04,81.38,81.38,81.79,81.86,80.30,77.27,73.80,70.74,68.51,66.83,65.01,63.39,61.73,59.90,57.50,54.70,52.23,50.13,47.41,44.41,41.39,37.98,34.52,31.92,29.50,27.50,25.46,23.23,21.19,19.24,17.14,15.02,12.53,10.13,8.29,6.42,4.40,1.91,0.46,e,e,e,e,e,e,e,e,e,e,e,e,e,e,e,e,e,e,e,e,e,e,e,e,e,e,e,e,e
1076.86,1073.93,1059.85,1032.83,1013.73,999.59,989.29,976.87,945.78,928.52,915.38,895.95,874.26,863.53,861.84,862.93,877.89,899.79,892.30,877.20,855.07,830.50,807.20,773.15,771.35,787.99,807.87,822.43,823.90,819.60,812.06,804.96,799.05,785.90,764.92,744.02,723.08,716.50,724.76,739.75,750.73,753.05,754.95,751.36,742.81,735.13,726.18,714.64,703.40,694.72,684.14,666.93,647.78,629.06,607.88,600.30,586.08,566.48,544.99,518.62,493.98,473.59,459.06,453.29,455.28,469.11,477.68,461.60,457.70,472.52,489.00,499.32,509.55,520.08,528.65,529.51,524.17,515.34,504.39,494.28,483.24,469.49,456.15,443.22,436.81,434.30,431.59,428.46,424.79,420.18,414.78,408.62,401.79,395.73,390.36,385.96,383.52,380.90,378.05,374.46,370.33,364.88,358.60,353.12,348.15,343.00,337.44,330.58,325.17,320.23,313.26,305.83,295.63,288.40,288.15,287.81,282.92,276.11,270.17,266.56,262.94,259.31,255.56,251.92,248.48,245.97,243.49,240.38,237.18,233.95,230.69,226.83,222.93,219.84,217.22,214.34,211.52,209.12,206.87,204.45,202.20,199.49,196.98,195.93,195.37,193.00,190.48,188.86,186.84,184.44,181.97,178.72,173.09,167.87,163.00,160.12,157.72,155.05,152.21,149.76,147.05,144.39,141.78,139.14,136.37,133.60,130.94,127.97,125.04,122.34,119.48,116.48,113.61,110.94,108.45,105.34,101.88,98.51,95.27,92.25,89.89,87.83,85.95,86.28,87.25,87.01,85.73,84.09,83.81,83.50,83.23,82.47,80.66,78.10,75.09,72.26,69.71,67.70,65.65,63.57,61.51,59.24,56.34,53.57,50.85,48.09,45.19,42.33,39.79,37.41,34.22,31.75,30.03,28.14,25.93,23.67,21.41,19.11,16.77,14.38,12.00,9.73,7.69,5.66,3.61,1.50,0.17,e,e,e,e,e,e,e,e,e,e,e,e,e,e,e,e,e,e,e,e,e,e,e,e,e,e,e,e,e
1061.82,1046.95,1028.43,1013.81,998.92,984.30,971.11,953.10,931.73,916.81,905.53,893.50,884.34,884.65,882.76,891.02,907.84,918.58,908.37,890.29,869.29,846.52,816.50,785.35,781.72,798.20,819.87,839.74,838.41,829.03,822.05,818.28,806.78,786.00,764.77,744.31,731.94,727.23,741.24,756.93,766.71,766.81,764.90,760.84,754.56,747.46,736.30,722.82,711.78,702.45,681.20,660.75,639.15,615.45,591.80,575.45,561.03,544.94,519.80,496.45,480.12,466.50,458.78,463.13,477.98,493.41,482.22,465.25,471.12,492.60,508.10,522.03,535.60,544.99,543.96,535.57,524.42,511.88,499.81,489.55,478.05,466.38,456.48,448.47,443.45,441.31,437.58,433.55,429.00,423.51,416.75,409.72,403.01,398.11,393.54,390.11,388.98,386.11,382.22,377.75,372.59,366.41,360.11,355.08,349.02,341.68,335.09,328.76,321.77,315.47,308.55,301.71,296.45,294.25,292.97,289.37,284.12,279.52,274.55,269.17,264.00,259.25,255.83,252.95,250.84,248.26,244.97,241.38,237.98,234.79,231.69,228.47,225.38,222.58,219.49,216.53,213.86,211.51,209.23,207.11,205.04,202.25,200.26,199.11,197.97,195.51,193.19,190.84,188.50,185.80,182.90,179.31,173.30,168.35,165.80,163.37,160.17,156.80,153.54,150.37,147.63,144.96,142.30,139.61,136.52,133.51,131.08,128.14,124.79,121.91,119.03,115.76,112.66,109.66,106.70,103.74,100.62,96.97,93.56,91.00,90.07,88.83,89.12,90.10,90.79,90.66,88.86,87.39,86.31,85.39,84.08,82.48,80.91,78.64,75.81,72.97,70.19,67.76,65.50,62.94,60.51,57.77,54.83,51.99,48.88,45.70,42.86,39.98,37.40,35.78,33.90,32.05,30.59,28.64,26.34,24.02,21.70,19.32,16.69,13.79,11.13,9.13,7.36,5.48,3.51,1.54,0.25,e,e,e,e,e,e,e,e,e,e,e,e,e,e,e,e,e,e,e,e,e,e,e,e,e,e,e,e,e
1052.96,1032.54,1016.56,1002.41,989.01,975.10,960.61,944.59,930.59,923.49,913.30,910.12,910.53,909.12,903.27,917.53,926.10,910.89,895.09,881.06,867.00,850.27,824.84,799.07,794.79,806.51,822.47,845.74,846.83,838.91,834.80,825.78,807.96,787.30,765.71,751.11,743.48,743.24,758.06,773.88,780.62,778.21,773.50,769.29,763.86,755.30,744.29,731.27,721.29,709.91,688.36,663.87,637.24,613.45,585.34,562.47,543.75,522.06,500.00,485.12,472.52,467.36,473.51,488.05,503.38,498.36,480.95,475.55,487.13,505.69,525.86,546.86,554.55,554.17,547.30,535.47,521.79,507.22,496.36,487.21,476.65,471.44,467.53,459.94,452.11,447.84,443.28,438.04,433.17,427.20,420.36,413.26,407.31,402.32,397.86,395.21,393.54,390.14,385.19,379.79,374.40,368.88,363.79,358.28,351.44,342.66,336.34,330.16,323.71,318.89,313.77,308.10,301.70,297.21,293.65,290.07,284.58,278.75,271.53,266.46,262.82,260.78,258.83,255.79,252.99,249.62,245.96,242.20,238.82,235.85,233.03,230.71,228.15,224.95,221.63,218.79,216.50,214.14,211.67,209.94,207.97,205.33,203.15,201.78,200.25,197.85,195.01,192.40,189.87,187.01,183.84,180.45,175.81,172.00,168.99,165.39,161.45,157.69,154.13,150.66,147.65,144.85,142.05,139.09,135.92,132.87,130.39,127.00,123.15,120.08,117.49,114.49,111.13,107.57,104.38,101.62,98.75,95.46,94.27,94.28,93.84,92.41,91.83,91.95,92.38,91.78,90.24,88.86,87.07,85.10,83.39,81.75,80.18,77.44,74.84,72.18,69.45,66.84,64.26,61.31,58.42,55.37,52.54,49.72,45.73,43.07,40.87,39.63,38.34,36.51,34.75,32.86,31.16,28.96,26.57,24.18,21.78,19.32,16.40,13.43,10.50,8.41,6.67,4.93,3.19,1.47,0.49,e,e,e,e,e,e,e,e,e,e,e,e,e,e,e,e,e,e,e,e,e,e,e,e,e,e,e,e,e
1048.56,1025.33,1008.89,995.01,981.09,967.64,956.16,947.11,944.90,944.01,938.06,937.70,939.02,930.61,927.62,941.10,922.44,898.69,882.84,867.15,853.93,837.04,820.45,808.29,814.73,819.96,826.97,847.01,853.06,849.10,845.00,828.34,807.57,788.16,769.66,760.94,752.58,759.54,774.46,789.33,794.07,789.07,781.20,775.81,770.03,760.53,749.42,741.37,732.13,713.37,691.54,668.95,648.69,620.21,590.57,561.09,534.30,507.50,490.61,480.89,475.15,485.86,502.01,514.36,512.41,496.87,488.84,492.06,504.98,522.90,546.00,562.89,563.34,556.69,546.54,533.24,518.56,505.23,497.35,492.01,486.30,482.15,477.94,470.15,461.20,454.47,449.50,443.12,437.06,429.47,423.37,417.74,412.16,407.11,402.65,400.22,397.51,393.38,388.40,382.93,377.78,372.71,368.06,361.52,353.87,346.38,340.21,332.78,325.35,319.57,313.98,308.55,302.25,295.63,290.56,286.79,279.52,273.59,270.66,269.52,267.10,264.45,260.99,257.44,253.87,250.20,246.53,242.85,239.79,237.25,235.03,232.77,230.31,227.08,223.75,221.12,219.03,216.33,213.65,211.89,210.35,208.06,205.81,203.80,201.60,199.06,196.30,193.61,190.92,187.46,183.86,180.56,177.12,173.65,170.16,165.87,161.42,157.26,153.40,149.79,146.75,144.00,141.19,137.84,134.29,131.38,128.75,125.17,121.34,118.52,115.95,113.13,110.02,105.78,101.93,99.47,98.25,98.65,98.88,98.73,97.57,95.73,94.47,94.22,93.81,92.26,90.60,88.80,86.60,84.36,82.50,80.84,78.57,75.20,72.45,70.26,67.80,65.01,61.79,58.97,56.06,52.90,49.89,47.25,46.34,48.25,50.33,46.52,39.34,36.76,34.26,32.53,30.74,28.59,26.44,24.14,21.86,19.42,16.40,13.37,10.42,8.41,6.67,4.93,3.20,1.48,0.39,e,e,e,e,e,e,e,e,e,e,e,e,e,e,e,e,e,e,e,e,e,e,e,e,e,e,e,e,e
1045.59,1022.70,1004.41,991.77,983.80,981.75,968.90,965.63,968.56,969.36,964.73,962.45,963.09,950.21,950.24,945.33,915.69,894.52,882.06,865.34,849.04,835.47,824.06,828.19,842.91,841.55,840.54,853.09,860.98,858.37,850.68,828.00,807.04,789.31,778.79,769.91,763.48,774.80,792.58,804.89,805.56,796.95,787.67,782.32,775.49,763.98,746.76,732.78,722.41,702.52,677.59,661.18,639.43,608.95,579.99,551.40,518.68,494.87,485.27,481.16,491.30,510.22,526.99,529.64,516.48,503.07,501.24,511.58,527.18,543.90,562.24,572.64,568.94,558.59,546.05,531.49,516.95,504.76,497.84,493.44,489.17,484.52,480.95,475.10,466.93,458.76,452.66,446.31,439.69,430.86,425.16,420.28,415.28,410.38,408.08,406.19,402.53,398.04,393.00,386.94,381.49,375.72,370.04,362.37,353.88,345.44,338.04,330.73,323.97,318.41,313.67,308.55,300.72,291.78,286.34,282.73,279.39,278.27,276.17,273.22,269.67,266.04,262.00,257.69,253.74,250.00,246.80,244.11,241.74,239.65,237.37,234.83,231.95,228.86,225.72,223.09,220.73,218.12,215.56,213.51,211.53,209.25,206.43,203.76,201.55,199.16,196.64,194.02,191.37,188.10,183.82,179.88,176.39,172.97,169.25,164.35,159.99,155.78,151.82,148.17,144.84,142.24,139.58,135.90,132.10,128.94,126.25,122.92,119.67,117.21,114.70,112.01,108.98,105.16,102.91,103.72,105.04,105.21,104.35,103.26,101.01,98.70,97.23,95.93,93.99,92.10,90.55,88.41,86.09,83.81,81.57,79.42,75.93,72.30,69.70,67.94,65.72,62.36,59.31,57.09,54.30,51.14,49.08,49.61,54.37,60.84,62.63,52.90,38.80,34.94,32.14,30.53,29.06,27.37,25.45,23.58,21.66,19.27,16.16,13.12,10.28,8.39,6.71,5.04,3.35,1.71,0.46,e,e,e,e,e,e,e,e,e,e,e,e,e,e,e,e,e,e,e,e,e,e,e,e,e,e,e,e,e
1052.07,1023.50,1007.81,1002.50,1003.64,995.93,983.72,989.40,994.44,996.23,994.62,992.76,988.24,974.45,960.18,938.67,914.06,901.96,897.50,881.21,865.02,854.30,845.13,852.50,863.92,857.84,858.65,870.47,873.65,868.35,852.85,831.26,808.49,795.53,787.67,779.06,779.60,793.03,811.31,819.22,814.53,804.56,795.69,790.55,781.80,760.42,736.13,718.19,702.21,682.29,663.68,648.18,617.28,586.21,557.97,529.24,499.90,489.13,490.05,500.30,516.18,535.17,549.01,538.98,522.39,512.56,517.93,533.11,547.64,562.98,579.07,580.75,573.57,561.32,546.73,531.50,517.56,505.82,497.85,492.37,486.98,482.21,478.44,473.13,467.07,460.27,453.28,446.58,440.04,432.56,426.71,421.90,417.24,415.11,414.37,412.07,408.31,402.54,395.51,387.80,381.13,374.46,367.39,359.20,351.12,343.16,335.93,329.50,320.72,313.45,308.05,302.71,295.99,291.23,290.46,288.87,285.81,282.95,279.50,275.53,271.34,266.73,262.10,258.58,255.79,252.09,249.17,246.93,244.64,242.10,239.31,236.36,233.33,230.05,227.00,223.79,221.01,218.45,216.05,213.78,211.64,209.07,205.81,203.15,200.91,198.61,196.06,193.87,191.70,188.84,184.58,180.50,176.97,172.71,167.70,161.75,157.64,153.61,149.83,146.33,142.84,139.61,136.78,133.54,130.08,127.30,124.97,122.29,119.78,117.33,114.64,111.91,109.45,108.96,109.72,110.73,111.22,110.65,109.33,107.25,103.79,100.24,97.97,95.44,93.39,91.33,89.71,87.58,85.19,82.82,80.49,77.57,74.04,70.23,67.65,65.95,63.17,59.77,57.80,55.59,53.56,52.62,53.37,58.19,62.45,65.05,65.14,57.04,38.40,32.86,29.96,28.56,27.24,25.82,24.10,22.27,20.56,18.17,15.26,12.34,9.83,8.10,6.43,4.84,3.46,2.40,0.90,0.20,e,e,e,e,e,e,e,e,e,e,e,e,e,e,e,e,e,e,e,e,e,e,e,e,e,e,e,e
1057.32,1029.71,1022.21,1023.27,1022.54,1007.53,1002.35,1012.26,1019.15,1021.95,1020.28,1014.67,1003.87,984.04,957.72,934.73,919.58,920.59,915.42,901.15,891.58,881.63,874.75,878.55,876.99,873.65,879.89,888.45,886.87,871.39,852.89,832.06,814.46,806.75,796.66,789.44,796.30,810.52,825.11,829.27,820.87,811.70,802.04,791.67,780.41,755.16,731.87,711.33,694.27,665.92,646.10,624.04,596.05,562.08,536.32,507.63,496.10,496.47,509.96,535.36,550.31,558.16,562.33,545.33,528.45,525.05,537.60,551.42,566.89,584.97,592.00,586.97,577.87,564.76,549.57,534.87,521.03,508.04,499.31,491.28,484.12,478.81,474.68,469.47,464.26,458.75,452.51,446.07,439.97,434.02,428.70,424.40,421.28,421.06,419.77,415.76,410.85,402.76,394.49,386.17,377.82,370.80,363.82,355.66,347.75,340.19,330.70,320.59,312.42,307.63,303.82,300.16,298.55,298.21,296.42,293.62,289.98,285.08,280.20,275.20,270.56,266.47,264.34,262.84,260.78,257.53,253.58,249.87,246.85,243.83,240.80,237.65,233.96,230.15,226.31,222.37,219.64,217.26,214.82,212.51,210.69,208.23,205.18,202.51,199.90,197.19,194.67,192.76,190.91,188.45,185.37,182.19,178.71,173.96,168.73,162.97,157.69,152.09,148.04,144.59,141.44,138.71,136.40,133.67,130.86,129.06,126.87,123.98,121.00,118.74,116.25,115.41,115.47,115.67,114.86,113.90,113.99,113.28,111.71,109.16,104.71,100.41,97.32,94.53,92.37,90.50,88.46,86.39,84.11,81.61,78.80,75.87,72.84,69.30,65.95,63.49,60.97,59.22,57.75,56.45,55.92,56.86,58.53,61.49,64.02,66.00,66.00,59.95,39.67,29.97,28.12,26.74,25.41,24.02,22.57,20.82,18.96,16.74,13.75,10.82,9.15,7.87,6.67,5.77,5.02,3.72,1.73,0.51,e,e,e,e,e,e,e,e,e,e,e,e,e,e,e,e,e,e,e,e,e,e,e,e,e,e,e,e
1058.07,1044.18,1041.88,1045.54,1041.66,1028.16,1028.19,1035.75,1036.98,1034.81,1031.24,1021.22,997.99,974.01,951.89,936.71,935.41,943.89,938.74,925.74,914.35,903.78,898.51,894.49,886.71,888.03,896.06,902.05,894.59,871.42,853.06,835.17,829.11,823.97,809.77,802.58,813.34,826.06,836.77,834.62,824.74,809.34,791.37,776.00,765.38,754.56,733.80,710.52,688.76,652.34,624.01,604.53,577.20,543.31,515.89,503.24,508.35,520.56,536.78,558.55,570.85,574.86,567.26,550.39,539.40,544.17,555.08,567.80,588.79,601.10,599.28,592.75,582.79,569.14,554.54,540.07,525.20,511.19,501.25,491.63,484.10,478.95,474.15,468.17,462.51,457.25,452.09,446.32,440.56,435.63,431.54,428.99,426.79,424.85,421.85,416.76,409.66,400.53,392.07,383.52,374.32,367.08,360.22,351.42,343.84,335.31,325.58,318.53,314.44,312.13,309.57,308.68,308.13,304.98,300.27,296.08,292.00,285.70,279.30,274.49,271.41,270.66,269.71,267.17,264.32,261.05,256.72,251.97,248.11,244.91,241.88,238.44,234.45,230.33,225.53,220.84,217.94,215.55,213.32,211.13,209.01,206.50,203.93,201.24,198.28,195.59,193.45,191.55,189.66,187.25,184.77,182.42,179.42,174.62,169.30,163.59,157.93,151.83,148.20,145.72,143.04,141.22,139.24,136.44,133.76,131.55,128.25,124.71,121.91,120.38,119.81,120.21,120.72,120.55,118.88,117.46,116.00,113.73,111.25,107.37,102.28,98.70,96.03,93.43,91.08,88.93,86.59,84.43,82.79,80.62,76.66,73.52,70.92,67.50,64.32,63.82,64.33,63.20,59.73,58.93,59.08,60.13,61.19,62.59,64.67,66.57,66.87,61.78,43.85,30.49,27.75,25.97,24.23,22.50,20.91,19.30,17.35,15.34,12.68,10.65,9.68,9.04,8.42,7.69,6.63,4.93,2.81,0.76,e,e,e,e,e,e,e,e,e,e,e,e,e,e,e,e,e,e,e,e,e,e,e,e,e,e,e,e
1070.76,1067.07,1065.09,1069.40,1064.81,1055.80,1055.36,1052.92,1047.52,1040.86,1032.96,1018.30,991.38,966.95,954.19,950.77,954.36,961.82,957.30,945.72,930.76,917.22,912.85,908.10,901.24,905.02,911.63,912.11,896.56,873.83,857.18,849.28,848.54,841.22,825.74,819.41,829.45,842.11,845.53,831.99,816.43,795.32,776.80,760.11,744.10,738.51,725.91,698.90,669.21,635.80,610.48,584.31,551.32,526.11,513.39,515.68,526.16,543.19,563.63,581.10,591.02,584.34,567.53,553.96,557.04,566.97,576.47,590.77,608.17,611.24,606.91,600.06,589.68,575.92,561.28,547.48,529.07,513.07,502.03,493.06,486.89,482.12,475.55,468.15,462.54,457.24,451.83,446.84,441.89,437.85,435.50,433.22,430.13,424.67,419.80,413.35,404.71,395.79,387.76,379.80,370.26,363.47,355.41,346.63,339.07,331.72,325.85,321.77,320.19,320.45,319.30,316.85,313.64,309.32,303.23,297.90,292.87,287.32,282.79,279.87,278.78,277.60,274.50,270.25,266.35,262.33,257.91,253.03,248.80,245.47,242.20,238.84,234.75,230.59,225.31,220.06,216.89,214.08,211.41,209.13,206.87,204.37,201.89,199.52,196.71,193.92,191.77,189.82,187.85,185.53,183.17,181.06,178.03,173.52,168.39,162.61,157.94,154.02,150.68,147.93,145.49,143.55,141.04,137.63,133.95,130.95,127.85,125.47,124.33,123.41,123.29,123.25,123.14,122.47,120.75,118.64,115.86,113.01,109.87,103.32,98.42,96.12,93.94,91.50,88.80,86.10,84.08,82.13,80.75,78.36,74.15,70.58,68.63,66.70,65.43,66.15,66.18,64.66,61.87,63.18,64.69,65.05,64.41,63.58,64.60,66.45,67.77,63.80,48.92,33.47,28.27,26.41,24.54,22.63,20.67,18.04,15.89,14.16,12.97,12.38,11.61,10.98,10.39,9.59,8.18,6.14,3.87,1.93,0.64,e,e,e,e,e,e,e,e,e,e,e,e,e,e,e,e,e,e,e,e,e,e,e,e,e,e,e
1094.29,1093.43,1089.98,1086.33,1081.59,1075.52,1070.23,1061.10,1050.10,1037.58,1025.13,1013.25,996.75,978.84,974.15,976.48,974.38,978.20,972.79,960.09,943.21,929.48,924.69,920.77,920.62,922.63,928.08,919.54,900.87,880.19,866.63,867.08,867.72,855.88,837.87,834.01,845.04,854.39,843.92,820.13,799.26,781.35,761.94,745.71,725.96,711.78,696.65,666.72,644.17,617.86,595.48,563.44,535.20,522.70,523.46,534.57,548.20,554.10,575.16,596.56,598.28,583.00,567.19,565.65,580.33,593.07,601.27,614.87,622.03,620.21,616.05,608.42,597.84,584.01,565.87,551.02,531.73,514.13,503.34,495.60,489.30,483.04,476.57,470.40,465.26,460.07,454.77,450.21,445.49,441.61,438.21,433.62,428.73,421.47,414.29,405.73,396.88,389.07,380.88,372.98,365.22,357.98,349.17,343.44,336.71,331.98,331.92,331.24,329.79,328.31,325.60,321.37,316.51,311.06,305.19,300.19,295.68,291.89,289.33,286.31,284.17,281.34,276.89,271.72,267.02,262.57,257.99,253.25,248.94,245.04,241.22,237.93,234.12,230.11,225.33,220.80,217.57,214.27,210.98,208.01,205.27,202.49,199.93,197.39,194.67,192.03,189.84,188.06,186.03,183.75,181.49,178.98,175.43,171.28,166.59,161.35,157.10,153.91,151.26,148.50,145.74,142.98,140.12,136.37,132.69,129.94,129.02,128.91,127.75,126.86,126.66,125.94,124.54,122.49,120.36,117.67,115.14,112.34,107.77,98.46,92.77,92.03,91.67,89.23,85.91,82.92,80.92,79.57,77.55,74.61,72.04,70.68,70.48,69.29,67.20,67.63,65.83,63.85,64.13,65.66,66.34,66.14,65.27,63.95,63.83,65.59,67.32,65.25,53.63,38.13,28.92,26.96,24.65,22.26,20.14,17.68,16.12,15.63,15.21,14.81,14.31,13.54,12.79,11.60,9.39,7.06,5.42,3.92,2.33,2.04,e,e,e,e,e,e,e,e,e,e,e,e,e,e,e,e,e,e,e,e,e,e,e,e,e,e
1113.96,1106.74,1102.04,1095.74,1089.03,1082.61,1070.50,1054.55,1043.81,1038.70,1034.96,1026.28,1006.82,994.19,1002.27,1002.74,996.28,993.16,985.28,969.07,952.64,943.50,940.27,938.64,938.92,940.77,940.83,924.07,905.24,889.18,885.76,888.14,882.70,864.45,848.66,851.31,861.93,859.33,838.83,813.13,793.27,770.63,748.30,726.00,704.41,689.35,667.88,641.27,620.87,598.32,575.45,549.60,534.09,531.44,541.56,561.36,577.51,582.75,584.25,600.46,598.75,582.34,575.72,585.08,600.11,610.78,620.61,631.89,633.95,630.85,627.21,618.94,604.18,588.14,567.08,549.87,530.93,515.50,505.36,497.81,491.88,485.79,478.56,473.30,468.30,463.02,457.22,450.81,444.23,439.27,434.49,429.10,422.73,414.12,404.31,395.23,388.44,380.01,372.13,364.63,355.86,349.66,344.92,341.55,340.60,340.77,341.47,340.88,337.51,333.53,328.88,323.49,317.73,314.14,310.79,305.71,300.51,297.19,293.96,290.23,286.15,282.06,277.43,272.28,267.25,262.72,258.48,254.06,250.08,245.96,241.09,237.20,233.47,229.68,225.65,221.79,218.38,215.11,211.90,208.85,205.57,202.06,198.91,195.79,192.67,190.08,188.26,186.45,184.16,181.61,179.67,177.37,173.57,169.51,164.63,159.91,156.10,153.07,150.49,147.51,144.66,142.16,140.07,139.04,137.91,134.82,133.17,132.10,130.64,130.18,128.69,124.65,122.81,121.86,119.18,114.78,112.78,110.25,103.99,94.60,89.76,89.09,88.35,86.03,83.83,81.82,80.34,79.25,77.13,75.06,73.58,72.88,72.42,70.45,68.64,68.92,66.76,65.55,66.07,66.93,67.49,66.75,65.74,64.57,63.32,64.39,65.91,64.74,57.18,42.91,30.04,27.51,24.68,21.68,19.44,18.39,18.28,17.95,17.72,17.70,17.08,16.20,15.01,12.71,10.13,8.78,7.88,6.19,5.09,5.03,3.58,e,e,e,e,e,e,e,e,e,e,e,e,e,e,e,e,e,e,e,e,e,e,e,e,e
1122.13,1115.36,1109.96,1104.22,1096.72,1083.14,1067.34,1063.87,1062.36,1059.21,1050.95,1037.18,1018.29,1016.15,1025.65,1025.73,1016.94,1006.08,996.68,978.64,963.63,957.00,954.88,956.16,957.13,957.87,952.36,930.78,912.33,907.20,907.59,901.93,884.87,869.35,865.35,870.57,868.60,857.36,841.95,821.06,799.93,772.84,748.00,726.83,702.31,678.39,653.18,628.09,606.97,583.65,561.99,548.31,543.70,549.69,572.52,597.24,606.31,611.02,612.02,611.47,600.82,591.57,598.87,607.51,618.23,629.59,640.61,645.84,645.27,640.13,633.05,621.80,605.21,587.24,566.71,549.61,532.67,517.74,507.99,501.35,496.17,490.38,482.88,477.57,471.63,465.17,457.46,448.63,440.54,435.74,429.23,421.01,413.64,404.66,395.09,387.21,381.66,375.08,368.50,361.76,356.85,353.92,353.51,354.19,354.00,352.50,350.45,346.82,341.02,334.90,329.22,324.40,320.32,322.79,319.88,312.67,307.05,301.31,295.54,290.10,283.60,278.98,273.30,270.35,265.99,261.82,258.15,255.02,252.02,248.37,243.50,239.31,234.84,230.24,226.31,222.70,219.33,216.15,212.97,209.69,206.06,202.38,199.06,195.73,191.62,188.49,186.35,184.54,182.71,180.10,177.73,175.88,173.07,169.68,164.75,160.27,156.36,152.16,149.36,147.20,145.41,143.69,142.61,142.20,141.36,138.83,136.25,134.52,133.22,131.59,127.31,121.31,119.27,119.09,116.37,109.31,103.78,101.05,97.66,92.91,91.52,90.98,89.60,88.14,86.67,84.54,83.16,81.78,79.88,77.67,75.67,75.00,73.60,71.38,70.16,70.69,70.95,69.56,68.53,68.78,68.35,67.36,66.35,65.31,63.89,63.31,64.37,63.68,60.39,48.23,33.33,27.88,24.87,21.94,20.54,21.50,21.75,21.10,21.00,21.03,19.96,18.60,16.25,13.37,11.77,11.38,10.30,8.67,7.79,8.83,5.56,1.54,e,e,e,e,e,e,e,e,e,e,e,e,e,e,e,e,e,e,e,e,e,e,e,e
1129.65,1123.60,1118.36,1111.38,1099.35,1083.35,1083.13,1085.23,1082.67,1076.38,1064.68,1046.92,1032.73,1040.81,1049.62,1047.97,1033.92,1016.15,1006.90,992.76,979.84,971.76,971.02,975.18,975.19,973.41,964.09,943.77,929.97,929.84,917.57,902.76,888.58,883.82,883.90,876.44,860.76,850.03,843.58,831.97,805.74,784.18,764.92,747.97,717.87,681.86,647.14,620.59,600.06,575.14,559.88,556.35,560.23,568.09,589.28,613.25,625.22,631.55,632.51,621.01,608.11,610.68,619.52,629.67,642.84,652.26,655.88,658.00,655.83,647.73,632.65,617.72,600.84,584.51,566.44,549.34,534.52,519.85,511.36,504.92,498.48,493.93,488.67,481.22,474.23,467.20,458.71,451.33,446.39,443.83,436.68,423.11,414.05,404.69,393.49,385.61,379.88,376.71,373.78,371.67,370.07,368.18,366.34,365.57,363.67,359.82,355.31,349.85,341.57,335.60,331.16,327.08,326.17,330.60,324.94,316.47,308.01,299.59,290.98,285.69,279.92,274.69,269.23,265.54,261.67,256.93,252.67,250.93,249.50,245.97,241.96,238.91,234.85,230.42,226.90,223.47,220.10,216.77,213.48,210.15,206.75,203.25,200.02,196.47,192.74,189.83,187.06,183.60,180.91,178.83,176.28,173.91,172.18,169.71,166.12,162.66,158.69,154.09,151.74,149.59,147.63,146.17,145.38,144.44,142.28,139.92,137.88,135.26,132.74,129.77,123.36,114.00,111.16,110.38,108.63,102.06,99.20,97.69,95.48,94.52,94.26,93.34,92.41,91.46,89.21,86.85,84.84,82.96,81.24,79.27,77.66,76.76,74.73,72.80,72.24,72.66,72.38,71.32,70.59,69.98,69.03,68.04,67.00,65.97,64.90,63.44,62.97,62.90,62.26,54.78,39.34,28.82,25.73,23.04,23.80,26.13,27.23,26.92,26.02,24.95,23.11,20.11,16.86,14.92,14.44,13.99,12.74,11.21,10.30,11.23,10.93,4.83,e,e,e,e,e,e,e,e,e,e,e,e,e,e,e,e,e,e,e,e,e,e,e,e
1137.79,1131.28,1126.12,1116.40,1098.81,1095.46,1101.57,1100.63,1094.36,1083.10,1071.85,1059.75,1055.14,1064.15,1068.10,1065.83,1047.81,1029.51,1019.52,1006.82,994.93,990.70,991.95,991.93,990.46,987.07,973.85,957.75,950.37,933.74,916.51,907.11,902.62,900.99,893.42,873.61,851.53,836.06,828.01,821.12,808.91,791.11,771.46,751.06,717.88,679.55,641.92,611.74,590.38,571.36,567.04,571.57,582.94,594.16,596.38,616.38,637.48,649.75,645.71,630.40,622.75,629.94,640.68,653.63,663.27,666.97,669.94,670.71,662.55,649.29,630.87,613.01,595.61,579.74,563.34,547.77,534.67,522.80,514.33,508.62,505.88,501.12,496.70,490.25,482.66,477.18,470.52,462.55,456.98,450.79,440.93,427.16,416.53,404.52,394.00,388.25,387.32,386.04,384.26,382.49,381.04,379.61,377.23,373.94,369.85,364.10,357.58,351.77,344.28,338.45,334.20,329.60,327.44,328.92,323.66,314.52,303.66,296.04,291.00,287.50,282.99,277.12,271.07,265.76,260.94,255.25,248.83,243.79,241.00,238.31,233.73,232.07,230.62,227.84,225.44,222.82,219.97,216.88,213.67,210.43,207.33,204.07,201.10,198.02,194.88,192.38,189.76,185.61,180.81,178.01,175.39,172.79,170.45,167.98,165.15,162.38,159.59,156.69,154.51,152.10,150.00,148.78,147.62,145.59,143.27,140.52,136.26,132.49,129.72,124.77,118.72,111.13,108.94,106.51,104.25,102.72,102.03,100.94,98.81,97.70,96.64,95.61,94.29,92.21,89.94,87.76,86.16,84.48,82.62,80.76,79.52,78.15,76.00,74.74,74.46,74.43,73.66,72.71,72.03,70.93,69.69,68.66,67.63,66.63,65.65,64.38,63.01,63.98,64.90,59.31,43.51,30.92,26.70,24.73,26.99,29.68,30.84,30.83,30.12,28.45,24.74,20.21,17.81,18.03,17.30,16.55,15.42,14.00,13.17,13.58,12.83,10.16,4.75,e,e,e,e,e,e,e,e,e,e,e,e,e,e,e,e,e,e,e,e,e,e,e
1145.80,1140.47,1131.93,1114.89,1105.36,1112.25,1115.42,1109.34,1098.49,1084.58,1075.92,1071.10,1075.09,1079.74,1081.95,1079.48,1062.08,1045.45,1033.59,1016.51,1007.38,1008.59,1008.25,1006.40,1002.58,990.97,979.80,972.13,954.26,933.14,924.54,923.70,924.06,916.85,899.67,874.83,846.14,822.37,806.14,799.05,795.24,779.43,760.03,737.11,700.70,665.17,625.94,597.52,584.06,579.03,584.42,596.11,614.83,627.33,616.27,623.44,645.24,661.02,657.58,642.03,639.28,649.44,660.57,674.29,679.02,682.53,685.96,679.97,663.46,647.04,627.97,608.80,590.29,573.10,558.72,544.74,532.64,522.96,519.65,519.98,517.61,512.78,508.05,504.62,498.19,492.25,483.71,472.96,462.79,452.85,441.84,429.38,417.28,404.63,398.28,400.85,400.57,398.75,396.39,393.69,391.38,388.83,384.65,379.75,374.47,367.54,359.61,353.72,348.08,342.12,335.95,329.47,324.36,321.21,315.87,308.87,301.88,296.63,293.08,289.82,284.21,277.83,271.33,265.66,260.39,254.96,249.22,243.05,238.41,234.40,229.89,226.81,224.92,222.75,221.61,220.21,217.01,213.94,212.20,209.56,205.44,201.97,199.37,196.55,194.29,192.83,190.97,187.40,182.63,179.46,176.53,173.66,171.02,168.43,165.80,163.30,161.01,158.73,156.46,154.14,152.14,150.56,148.13,144.37,141.88,138.40,132.78,127.89,122.78,119.05,115.71,113.07,111.26,108.66,106.62,105.84,105.01,103.59,101.82,100.20,98.67,97.25,95.28,93.13,90.97,89.31,87.98,86.26,84.50,82.74,81.33,79.50,77.50,76.80,76.56,75.97,75.02,74.09,72.96,71.63,70.31,69.22,68.20,67.18,66.17,64.56,63.37,64.96,66.62,63.94,51.48,35.85,28.36,26.64,28.34,30.66,32.34,32.78,32.15,30.24,25.32,20.81,20.80,21.27,20.22,19.23,18.25,16.71,16.09,15.90,14.29,12.20,7.55,1.65,e,e,e,e,e,e,e,e,e,e,e,e,e,e,e,e,e,e,e,e,e,e
1154.83,1148.64,1134.69,1118.46,1121.57,1128.49,1125.74,1115.25,1101.54,1088.76,1082.15,1085.48,1091.06,1094.14,1096.10,1091.27,1075.75,1061.87,1049.97,1030.47,1021.44,1023.28,1021.09,1019.22,1009.98,993.95,990.56,973.59,955.58,946.68,943.11,938.04,933.84,921.62,899.01,869.23,837.94,811.99,790.22,775.45,771.55,760.09,736.92,711.86,680.82,649.46,613.01,597.37,592.18,594.10,607.20,624.15,645.73,658.29,646.98,639.25,654.59,672.23,670.55,655.43,655.01,664.44,679.82,694.00,697.32,701.30,696.72,681.15,662.06,643.40,624.23,603.74,585.32,570.16,556.82,541.69,533.40,533.92,536.51,536.35,532.85,527.69,523.78,520.70,514.44,503.21,490.73,477.49,464.37,452.74,440.67,429.14,419.23,413.23,413.59,414.10,412.97,410.92,408.77,406.65,402.30,396.39,389.76,384.02,378.13,370.60,362.03,355.95,350.45,344.15,336.03,328.19,323.05,317.94,313.20,307.16,300.24,294.51,289.53,285.32,280.07,274.79,269.35,264.37,259.48,254.78,249.89,244.88,241.59,237.28,231.86,227.67,223.53,219.88,217.78,215.94,213.04,209.90,207.94,205.74,201.93,198.90,196.31,193.20,190.90,190.02,189.04,186.82,183.84,180.50,177.45,174.51,171.69,168.94,166.40,163.97,161.76,159.30,156.55,153.44,151.45,149.30,144.49,139.72,135.32,131.37,127.46,124.80,123.29,121.23,118.11,115.81,113.58,111.35,109.90,108.97,107.78,106.12,104.44,102.49,100.18,98.28,96.28,94.20,92.46,91.43,89.74,87.99,86.23,84.44,82.54,80.62,79.41,78.85,78.14,77.20,76.23,75.00,73.66,72.31,70.88,69.37,67.94,66.50,65.49,63.95,62.99,65.42,66.81,66.80,63.43,54.79,38.21,29.26,28.72,30.68,33.04,34.41,32.68,30.12,25.34,23.97,24.44,23.88,22.52,21.51,20.61,19.34,18.65,17.68,15.67,13.37,10.77,3.84,e,e,e,e,e,e,e,e,e,e,e,e,e,e,e,e,e,e,e,e,e,e
1164.48,1157.02,1138.34,1130.28,1139.73,1142.35,1133.24,1119.02,1103.48,1092.91,1090.50,1098.58,1104.24,1107.20,1108.44,1101.78,1088.40,1073.28,1058.60,1044.97,1040.16,1039.67,1036.51,1030.20,1015.73,1004.06,992.38,973.10,963.63,959.74,947.72,934.20,923.24,913.98,889.71,861.17,833.88,807.24,784.24,760.93,742.68,731.94,706.79,687.55,663.16,633.77,613.02,612.84,615.21,620.93,628.86,647.31,662.76,678.85,675.50,663.29,668.76,682.81,682.77,670.48,673.00,682.10,699.12,711.50,715.57,710.78,695.73,677.06,659.46,639.92,622.46,601.17,584.09,569.99,555.64,547.25,549.94,553.54,554.47,552.97,550.68,547.75,543.83,536.11,521.44,504.58,491.06,476.56,462.91,449.98,438.36,433.54,431.11,431.30,430.71,428.11,425.17,422.57,418.39,415.03,408.57,401.06,393.14,386.55,380.58,373.25,365.62,359.04,352.78,346.05,338.49,329.79,325.00,320.51,315.97,310.70,304.75,298.29,292.65,286.75,279.33,272.73,266.98,261.59,256.93,253.80,250.14,246.34,242.72,238.70,233.79,229.24,225.23,221.28,217.76,214.88,212.11,209.12,205.78,202.59,199.40,196.57,193.83,190.94,188.66,187.37,186.23,184.30,182.49,180.04,177.19,174.21,171.23,168.41,165.64,163.09,161.41,158.97,155.40,152.03,149.58,145.75,140.19,135.28,130.91,129.88,130.16,129.31,127.23,124.74,120.88,118.02,115.79,113.65,111.99,111.19,110.16,108.73,106.93,104.58,101.92,99.36,97.27,95.59,94.49,93.43,91.41,89.35,87.43,85.41,83.49,82.31,81.75,80.64,79.38,78.30,77.06,75.70,74.20,72.58,70.86,69.15,67.45,65.78,63.67,61.03,60.07,62.14,63.79,64.33,64.05,63.42,57.25,39.47,31.20,32.01,34.54,35.49,32.51,29.26,26.88,28.97,28.27,26.99,25.09,23.51,22.55,21.63,20.59,19.02,16.75,14.37,11.96,5.97,e,e,e,e,e,e,e,e,e,e,e,e,e,e,e,e,e,e,e,e,e,e
1173.58,1163.35,1144.46,1141.10,1152.26,1150.76,1137.32,1119.52,1104.85,1099.44,1100.60,1109.07,1117.12,1122.48,1121.35,1114.09,1099.49,1084.35,1073.17,1062.69,1058.01,1055.10,1050.26,1038.65,1029.28,1013.32,992.92,979.84,974.23,959.95,936.99,919.42,903.94,897.83,878.46,855.71,833.31,812.00,798.00,770.40,739.32,712.72,690.74,666.94,644.06,627.10,624.66,630.64,648.00,651.97,646.71,663.84,675.96,694.25,692.47,682.43,687.35,695.15,692.22,688.57,695.95,704.77,718.32,728.50,728.25,713.62,694.87,675.24,657.24,638.21,620.09,599.52,582.87,569.91,564.05,566.84,567.96,568.73,568.65,567.45,566.66,562.84,554.66,539.39,520.37,504.00,491.49,480.29,467.46,451.24,448.89,446.83,444.23,444.25,446.08,444.28,440.35,435.65,430.06,423.51,414.67,404.68,396.98,389.27,383.30,377.05,369.20,362.31,355.52,348.30,339.92,333.26,330.21,326.10,320.72,314.88,308.56,301.91,295.03,287.01,277.96,270.08,262.87,257.59,252.20,249.42,246.99,244.33,241.63,237.94,233.00,229.20,225.13,221.04,217.87,214.91,211.96,208.94,205.78,202.74,199.80,196.93,194.19,191.37,188.84,186.47,184.14,182.12,180.33,178.18,175.63,173.11,170.43,167.39,164.53,161.92,160.32,158.09,154.74,150.97,147.55,144.10,140.38,135.43,133.88,133.67,133.34,132.25,130.69,128.43,124.75,120.77,117.98,115.87,113.93,112.87,111.84,110.78,109.07,106.50,103.59,100.68,98.69,97.67,96.71,95.34,92.84,90.47,88.34,86.37,85.30,84.61,83.64,82.11,80.53,79.15,77.81,76.31,74.54,72.74,70.98,69.26,67.56,65.95,63.83,61.04,59.41,58.29,58.09,58.54,58.12,57.21,56.48,51.02,37.25,34.46,36.21,37.13,33.06,29.27,29.92,31.84,31.24,29.94,27.13,25.57,24.88,23.60,21.68,19.31,16.76,13.89,11.25,6.46,0.59,e,e,e,e,e,e,e,e,e,e,e,e,e,e,e,e,e,e,e,e,e
1181.20,1166.17,1151.36,1154.63,1161.66,1156.36,1139.99,1120.85,1109.43,1108.01,1111.32,1121.71,1133.49,1139.31,1133.72,1127.70,1110.87,1094.79,1086.15,1078.03,1073.81,1069.30,1058.00,1050.68,1038.73,1015.14,999.14,990.96,976.53,952.04,929.16,909.13,890.60,875.51,861.20,844.80,823.92,808.82,794.01,770.78,746.87,713.67,686.36,658.86,643.72,637.08,640.09,655.02,679.98,677.03,664.93,682.12,693.75,709.52,707.33,700.57,704.79,710.70,704.28,707.46,716.59,726.91,739.67,746.06,736.28,717.23,697.65,679.23,659.67,641.59,621.91,600.26,582.77,578.71,584.99,586.98,586.81,586.26,585.24,584.42,580.57,570.35,556.63,537.52,521.27,507.87,498.12,489.06,473.13,462.03,463.89,462.11,461.00,462.30,464.26,462.44,456.42,447.20,439.14,428.63,417.56,408.40,401.37,393.15,386.16,380.13,372.04,364.48,356.97,349.06,342.19,337.63,333.66,328.38,321.63,314.60,307.30,298.56,289.96,280.07,271.68,267.47,264.48,260.91,255.10,249.97,245.90,242.01,239.15,236.27,232.91,229.52,225.29,221.05,217.66,214.95,212.29,209.80,206.91,203.17,199.63,197.24,194.96,192.55,190.21,187.44,184.52,181.68,178.93,176.21,173.61,171.07,168.75,166.09,163.07,160.31,158.19,155.94,153.57,150.93,147.29,143.58,140.08,138.24,138.20,137.36,136.22,134.93,133.42,131.37,128.84,124.08,119.94,117.58,115.79,114.75,113.75,112.50,110.74,108.21,105.28,102.69,101.04,99.81,99.03,97.50,94.94,92.15,89.31,88.07,87.76,86.56,84.89,83.22,81.57,80.00,78.50,76.73,74.96,73.16,71.43,69.70,68.14,66.59,64.88,62.77,61.19,60.11,57.83,55.27,53.89,52.38,50.55,50.38,41.74,37.10,38.20,39.32,35.11,31.12,32.65,34.17,32.70,30.25,28.71,27.90,26.19,23.77,21.24,18.60,15.80,12.75,9.23,4.37,1.16,e,e,e,e,e,e,e,e,e,e,e,e,e,e,e,e,e,e,e,e,e
1186.75,1168.42,1162.00,1167.20,1168.49,1159.93,1143.09,1124.56,1118.26,1116.78,1123.83,1136.63,1147.57,1151.44,1145.56,1138.29,1120.34,1105.99,1098.62,1092.45,1090.64,1080.05,1067.28,1059.86,1039.14,1018.76,1003.44,985.26,959.62,936.19,913.04,895.73,878.86,860.83,844.00,828.26,809.94,792.70,776.87,758.56,733.78,702.51,674.71,659.83,655.41,655.90,666.11,687.48,705.81,696.57,685.56,698.62,709.75,724.68,722.42,720.96,725.70,728.90,721.68,729.01,737.64,747.86,760.20,757.80,741.37,720.85,702.84,685.38,664.65,645.99,625.53,603.29,590.78,600.57,605.61,606.43,607.38,608.39,606.71,600.96,588.55,571.09,554.58,541.01,530.44,519.75,508.06,497.47,482.44,477.23,476.84,477.86,482.52,484.96,484.42,480.87,470.87,455.29,444.94,432.54,421.13,412.90,405.47,397.64,388.47,381.53,373.47,365.24,357.66,351.20,344.94,339.36,330.95,322.77,313.10,305.33,297.46,288.49,280.33,276.84,274.56,273.07,269.25,264.07,258.72,253.44,248.36,243.79,241.03,238.92,235.00,230.78,226.56,222.51,219.08,216.46,213.73,211.08,207.38,202.75,198.91,196.25,193.71,191.25,189.55,186.90,183.90,181.15,178.43,175.75,172.90,170.22,167.63,165.05,162.44,159.63,156.30,153.42,150.96,148.11,144.73,142.00,141.25,142.88,141.68,140.05,138.85,137.68,135.72,133.38,130.91,126.67,122.14,118.85,117.76,116.82,115.66,114.00,111.98,109.75,107.34,105.00,103.33,101.94,101.20,99.72,97.37,94.31,91.32,90.58,89.71,87.69,85.97,84.28,82.51,80.74,78.98,77.24,75.49,73.76,71.98,70.18,68.53,66.92,65.40,64.01,62.84,61.80,60.17,57.03,54.78,53.13,51.01,46.63,42.00,39.85,40.49,40.64,36.19,33.96,35.77,36.11,33.87,31.77,30.64,28.37,26.05,23.63,21.35,18.93,16.00,13.13,10.00,5.94,1.91,e,e,e,e,e,e,e,e,e,e,e,e,e,e,e,e,e,e,e,e,e
1190.03,1175.02,1176.30,1181.15,1178.40,1164.20,1144.99,1130.23,1126.38,1126.91,1138.07,1147.56,1160.12,1164.05,1157.82,1145.79,1128.42,1116.22,1111.07,1107.27,1104.71,1088.78,1075.75,1061.30,1035.27,973.13,898.69,871.70,846.98,838.00,826.13,815.26,811.60,815.38,818.90,812.62,796.55,779.80,763.17,744.49,714.75,691.98,676.36,674.01,680.01,691.33,701.23,719.37,723.86,713.12,704.72,712.90,728.02,743.87,743.17,747.64,753.85,747.63,743.98,757.16,766.30,772.38,776.43,762.12,744.13,723.77,705.64,687.36,665.86,645.67,623.85,606.98,610.84,622.15,625.90,627.35,627.44,625.96,619.44,606.16,593.33,578.26,566.11,555.02,543.05,531.54,519.69,506.90,491.92,490.26,492.78,498.83,504.40,507.98,503.83,493.50,480.57,462.92,448.86,435.43,424.50,416.46,409.36,401.67,390.71,382.36,374.31,366.32,358.84,351.71,342.59,334.17,323.90,312.45,303.85,299.24,294.22,290.10,287.64,285.31,281.51,276.80,271.71,266.20,260.03,254.27,249.22,245.19,242.43,240.07,235.96,231.55,227.52,223.82,220.33,217.57,214.46,211.32,207.57,203.31,199.71,197.03,194.19,191.19,188.29,185.97,183.99,182.05,179.79,176.84,173.72,170.84,168.12,165.31,162.90,160.16,155.77,151.97,149.31,148.76,147.30,146.22,146.32,145.96,144.24,142.66,141.50,140.11,137.75,135.00,131.70,127.96,124.37,121.48,120.08,118.82,117.28,115.33,113.31,111.24,109.04,106.92,105.39,104.01,102.85,101.41,99.84,97.33,94.75,93.33,90.96,88.64,86.84,85.01,83.21,81.36,79.55,77.78,75.96,74.08,72.17,70.28,68.65,67.28,66.67,65.86,64.73,63.30,61.53,59.24,57.03,54.47,51.69,47.88,43.67,43.60,42.43,40.50,36.40,37.89,39.04,37.84,35.80,33.44,30.49,28.00,25.89,23.81,21.75,19.47,16.65,13.89,11.16,7.70,3.65,0.86,e,e,e,e,e,e,e,e,e,e,e,e,e,e,e,e,e,e,e,e
1195.13,1184.44,1191.97,1193.93,1185.17,1166.14,1146.97,1137.60,1134.29,1139.64,1151.21,1160.92,1173.07,1173.93,1167.81,1152.73,1137.38,1127.13,1123.69,1123.72,1115.43,1098.48,1079.88,1060.25,936.95,845.79,913.95,911.60,909.57,912.56,904.72,884.96,859.09,839.35,820.96,802.94,788.68,773.04,754.29,728.45,706.37,692.87,687.12,690.16,704.57,725.76,742.88,751.09,743.01,731.39,721.82,728.78,748.15,765.34,764.89,770.10,771.66,764.26,771.43,786.75,794.24,795.72,784.84,766.16,749.08,727.63,708.50,689.78,668.37,646.09,625.56,622.90,636.26,644.74,648.28,649.92,647.52,638.79,624.99,612.97,603.85,592.30,578.94,567.28,554.91,542.69,529.26,517.18,503.11,504.13,507.48,513.65,520.78,519.75,509.61,497.97,482.99,465.33,449.56,437.10,426.67,418.67,411.83,403.04,391.96,383.15,375.62,368.49,360.95,352.25,341.36,331.03,320.74,316.95,314.35,311.75,306.92,300.91,295.38,290.28,284.50,278.58,273.31,267.51,260.34,254.13,249.19,246.19,243.27,240.36,236.48,232.41,228.70,225.20,221.75,218.58,215.31,211.87,208.27,204.77,201.66,198.93,195.80,192.85,189.96,187.75,185.30,182.59,180.24,176.91,173.48,170.40,166.47,162.85,160.59,158.33,154.94,152.40,151.63,152.68,151.56,150.87,150.36,148.72,146.78,145.30,143.74,141.62,139.23,135.99,132.87,129.98,127.15,124.58,122.75,120.84,118.83,116.81,114.78,112.72,110.57,108.70,107.16,105.58,104.10,102.58,101.30,99.76,97.37,94.56,91.68,89.24,87.42,85.62,83.81,82.00,80.14,78.24,76.34,74.44,72.50,70.52,68.93,68.69,69.30,69.00,67.13,65.20,63.15,61.06,58.87,55.84,52.60,48.68,46.47,45.43,41.02,39.08,38.69,40.71,40.63,38.86,36.40,33.36,30.38,28.11,26.06,24.05,22.07,20.02,17.49,14.87,12.21,9.21,5.32,1.63,0.40,e,e,e,e,e,e,e,e,e,e,e,e,e,e,e,e,e,e,e
1202.18,1197.95,1207.81,1203.76,1188.39,1168.47,1152.03,1145.93,1143.93,1151.82,1164.44,1174.53,1186.88,1184.76,1177.40,1160.57,1147.40,1140.70,1139.11,1137.83,1121.81,1104.79,1084.70,1063.05,980.60,1013.53,1010.18,986.37,963.69,943.15,925.92,908.25,888.02,865.30,846.02,823.51,802.84,779.10,754.31,726.95,710.88,705.75,701.11,706.36,720.95,751.00,765.78,770.54,764.24,752.55,742.12,748.22,764.12,781.52,791.11,796.97,790.98,784.08,794.28,805.94,811.58,805.58,789.04,771.47,755.20,734.56,713.52,693.61,670.03,645.95,638.92,650.78,659.54,663.07,666.51,667.24,657.54,645.51,635.32,626.68,616.09,602.42,590.12,578.23,566.04,552.89,539.58,528.36,517.12,519.12,523.58,529.69,534.74,526.00,512.04,498.54,481.52,465.14,449.74,437.41,428.31,420.79,413.15,403.46,393.07,383.47,373.77,364.32,355.77,346.43,336.86,330.58,328.99,325.64,321.23,315.55,308.71,300.73,295.25,290.16,284.32,278.00,272.28,266.90,261.11,255.39,250.81,247.51,243.99,240.86,237.36,233.61,230.01,225.69,221.57,218.34,214.54,211.19,208.41,205.47,202.67,200.17,197.20,194.26,191.33,188.59,185.18,181.25,177.91,174.27,170.72,168.56,166.09,163.29,161.57,160.72,159.02,157.69,155.86,156.05,155.27,154.31,153.02,151.10,149.18,147.47,145.05,142.50,140.05,137.28,134.37,131.67,129.42,127.27,125.39,123.24,120.56,118.32,116.30,114.15,112.01,110.06,108.36,106.76,105.21,103.69,102.34,100.70,98.12,95.10,92.30,89.97,88.13,86.27,84.45,82.65,80.77,78.84,76.91,74.99,73.09,71.16,70.06,70.45,71.16,71.15,69.30,67.11,64.99,62.83,60.49,56.83,52.36,49.65,49.88,47.83,43.42,41.77,41.97,42.39,41.54,39.32,36.51,33.50,30.57,28.38,26.57,24.70,22.79,20.84,18.57,15.86,13.08,10.20,6.61,3.03,1.17,e,e,e,e,e,e,e,e,e,e,e,e,e,e,e,e,e,e,e
1209.22,1212.80,1220.74,1209.38,1191.98,1172.52,1159.25,1156.06,1153.63,1165.39,1181.32,1192.06,1200.39,1195.86,1186.29,1170.69,1157.77,1154.61,1155.76,1145.80,1130.05,1110.78,1092.70,1073.57,1053.28,1030.52,1009.17,983.56,961.26,940.14,916.87,894.20,873.67,858.12,842.07,821.89,803.47,775.51,748.33,729.16,727.40,733.92,731.34,726.44,735.38,754.24,785.11,791.58,787.35,773.36,761.64,769.06,783.68,798.82,814.00,821.04,806.62,804.11,813.38,822.16,824.50,812.78,797.95,779.96,760.46,740.65,719.42,698.00,672.43,655.95,663.12,671.87,677.85,681.39,685.43,680.30,666.84,657.14,648.26,639.02,627.79,615.25,603.16,590.57,577.12,564.07,551.19,538.98,532.22,534.93,538.46,545.93,545.07,530.41,514.20,499.00,483.75,468.77,453.89,441.39,431.57,423.55,412.53,400.77,391.37,381.41,370.44,360.78,351.87,347.83,343.50,339.10,333.93,327.58,321.04,313.27,304.50,297.54,292.35,287.83,283.94,278.78,272.77,267.29,262.46,257.85,253.47,248.74,244.47,240.55,236.68,232.74,228.93,223.69,219.29,216.47,213.71,211.05,208.24,205.84,202.99,200.32,197.46,194.44,191.64,189.17,185.96,182.89,179.73,175.76,173.20,172.19,170.02,167.31,165.42,163.98,162.63,161.66,159.75,159.44,158.78,157.19,155.59,153.73,151.57,149.12,146.43,143.65,140.87,138.24,135.62,133.25,131.34,129.89,128.06,125.49,122.73,120.00,117.73,115.56,113.43,111.41,109.52,107.89,106.34,104.77,103.00,100.94,98.36,95.66,93.18,90.92,88.87,86.98,85.17,83.32,81.41,79.49,77.56,75.68,73.83,72.76,72.50,72.74,73.13,72.15,70.32,68.21,66.02,63.59,60.88,56.72,53.06,52.66,52.52,50.49,47.08,45.21,44.74,43.90,42.03,39.61,36.74,33.96,31.38,29.38,27.61,25.68,23.73,21.76,19.58,16.77,13.82,10.83,7.92,6.24,3.10,e,e,e,e,e,e,e,e,e,e,e,e,e,e,e,e,e,e,e
1217.17,1224.35,1229.62,1216.34,1197.04,1179.01,1168.69,1166.52,1167.78,1181.48,1196.43,1206.96,1213.04,1207.37,1195.46,1180.85,1169.64,1169.11,1164.07,1150.92,1140.12,1120.00,1100.05,1073.77,1051.39,1030.72,1010.11,986.39,965.84,945.97,920.62,893.09,871.89,852.24,836.06,817.42,795.76,765.83,746.38,740.98,752.32,767.25,760.52,745.25,750.19,764.82,789.43,811.96,812.36,799.73,785.27,790.15,802.26,814.44,831.47,833.23,818.58,824.89,834.71,841.32,837.65,821.10,805.42,784.61,765.18,746.63,724.35,701.65,678.92,680.28,688.25,694.96,699.71,701.82,698.21,688.97,679.76,671.88,662.80,651.85,640.67,629.32,618.78,604.30,588.96,576.27,562.08,549.09,549.71,550.10,554.08,560.92,551.99,535.26,516.83,500.72,487.81,472.91,459.68,447.20,435.73,426.15,415.12,402.19,391.39,382.40,374.86,366.97,359.33,351.76,342.91,335.63,330.53,324.38,317.25,308.84,301.30,295.94,291.38,287.29,282.87,278.13,272.33,267.33,262.92,258.80,253.10,247.79,243.09,238.96,235.98,232.81,229.26,224.94,221.70,219.58,217.26,214.43,210.77,207.15,202.42,199.33,196.84,194.50,192.65,191.03,188.45,185.29,181.84,178.85,177.15,175.61,173.16,170.67,168.38,166.78,165.23,163.29,162.47,162.31,161.27,159.78,158.44,156.35,153.53,150.31,147.35,144.54,141.72,139.15,136.98,134.97,133.32,131.84,130.20,127.72,124.69,121.59,118.97,116.94,115.03,112.93,110.86,109.04,107.45,105.84,103.56,101.18,98.77,96.46,94.22,92.00,89.80,87.84,86.00,84.12,82.17,80.30,78.38,76.47,75.68,75.50,75.31,75.21,74.33,72.52,70.67,68.60,66.34,63.63,60.29,56.84,56.12,55.57,53.48,50.99,48.89,47.31,45.71,43.97,41.92,39.86,37.48,34.92,32.51,30.55,28.59,26.58,24.52,22.40,20.31,17.94,15.13,12.42,11.02,10.40,4.75,0.46,e,e,e,e,e,e,e,e,e,e,e,e,e,e,e,e,e,e
1227.86,1235.19,1238.10,1223.87,1203.02,1188.05,1180.89,1177.98,1183.98,1200.84,1212.24,1220.70,1224.43,1217.16,1205.14,1193.14,1184.05,1182.72,1168.69,1156.89,1139.18,1122.95,1101.30,1076.32,1057.24,1039.55,1021.01,999.44,981.09,961.93,938.17,913.24,889.70,866.23,848.37,822.93,793.14,767.04,757.45,763.87,784.68,799.20,781.75,762.13,767.55,780.78,795.34,819.00,829.94,817.15,807.47,808.88,818.49,834.11,846.82,839.10,839.91,849.96,856.99,854.63,839.16,821.88,805.29,783.57,765.37,745.94,724.26,702.43,696.82,703.24,709.73,715.82,718.17,715.33,707.58,698.33,693.24,686.71,677.12,666.93,655.69,643.93,631.51,619.18,603.88,588.36,572.28,565.40,564.85,565.15,570.54,572.10,556.19,540.86,522.44,505.76,492.68,477.27,464.73,453.21,443.17,435.48,427.79,417.57,406.68,398.28,390.22,379.25,364.30,349.40,341.18,333.46,326.88,320.86,315.27,310.43,305.39,299.62,295.45,291.09,285.30,279.31,273.01,267.63,262.00,256.35,250.76,246.22,242.95,241.49,239.69,236.09,231.78,228.05,225.90,223.68,221.08,218.07,213.38,207.69,201.82,198.81,197.53,196.63,195.52,193.70,190.63,187.05,183.85,182.03,180.68,178.67,175.96,173.28,170.94,168.87,166.63,165.85,165.43,164.79,163.42,162.09,160.78,158.20,154.82,151.26,148.16,145.42,142.91,140.63,138.63,136.90,135.25,133.68,131.77,129.25,126.15,123.16,120.58,118.95,116.99,114.81,112.46,110.20,108.53,107.11,104.78,102.41,99.83,97.50,95.23,93.00,90.81,88.99,87.47,85.53,83.39,81.35,79.11,78.18,78.50,78.32,77.81,76.63,74.83,72.95,71.06,68.96,66.66,63.81,60.17,59.46,58.77,56.70,53.94,51.24,49.16,47.41,45.64,43.79,41.88,39.98,37.94,35.72,33.57,31.47,29.36,27.19,24.98,22.72,21.01,19.55,17.39,15.15,13.47,11.22,5.76,1.57,e,e,e,e,e,e,e,e,e,e,e,e,e,e,e,e,e,e
1238.56,1244.19,1245.43,1229.71,1209.13,1196.74,1193.37,1190.66,1198.89,1217.34,1226.37,1233.80,1238.20,1229.35,1216.32,1206.68,1199.51,1191.30,1174.24,1151.29,1129.26,1110.68,1088.94,1070.25,1054.31,1040.09,1024.78,1010.64,998.33,977.42,953.60,930.94,903.38,872.46,845.08,812.72,784.39,772.49,772.31,789.34,812.37,816.97,794.03,781.09,789.61,802.99,810.67,825.30,844.03,831.13,823.31,827.15,839.55,852.96,858.04,856.80,865.51,872.22,869.73,851.89,832.46,815.74,799.54,780.41,761.01,742.02,722.46,713.61,719.11,726.39,731.98,735.75,735.02,727.13,718.82,712.54,709.90,702.10,691.91,681.77,670.12,657.13,644.21,629.95,616.16,600.26,585.37,581.70,579.04,581.94,588.18,579.13,560.66,546.08,527.88,510.66,497.29,482.21,470.07,463.39,456.29,450.64,443.65,433.69,422.32,414.21,403.27,385.80,369.28,355.61,349.58,339.30,329.70,324.47,321.14,318.26,314.87,308.47,300.36,294.38,288.52,282.17,275.51,268.68,261.39,255.27,250.23,248.38,247.19,245.66,242.96,239.50,235.69,232.70,230.16,227.31,224.49,221.65,216.99,209.64,204.49,202.17,200.94,199.85,198.58,195.92,192.34,188.62,186.32,184.81,183.13,180.90,178.31,175.56,172.71,170.09,169.13,169.05,168.23,166.98,165.61,164.20,162.13,159.35,155.81,152.22,149.14,146.75,144.41,142.59,141.29,139.07,137.23,135.25,132.94,130.47,127.74,125.15,122.84,121.00,118.71,116.33,113.92,111.64,109.83,108.47,106.36,103.92,101.02,98.49,96.27,94.21,92.24,90.55,89.17,87.14,84.84,82.66,80.71,80.61,81.17,80.41,78.95,77.24,75.38,73.48,71.59,69.37,67.06,64.71,62.65,61.78,59.90,57.58,54.81,52.01,49.46,47.54,45.77,43.98,42.06,40.00,37.84,35.64,33.43,31.31,29.27,27.33,25.24,23.09,21.59,20.16,18.23,16.02,13.63,11.18,6.46,1.48,e,e,e,e,e,e,e,e,e,e,e,e,e,e,e,e,e,e
1248.76,1253.61,1252.48,1235.01,1216.93,1209.62,1205.91,1202.52,1208.60,1225.88,1237.58,1246.06,1251.34,1239.80,1223.47,1213.53,1202.93,1189.71,1169.65,1143.65,1121.84,1094.98,1068.07,1051.93,1035.02,1018.99,1005.30,996.26,983.12,964.21,941.76,915.53,892.74,858.59,828.62,804.45,789.68,790.52,791.73,804.65,829.10,825.63,810.48,805.60,812.19,820.40,841.31,854.32,859.42,849.73,842.63,847.04,857.94,870.75,876.36,881.68,888.01,891.36,874.79,847.94,831.58,813.63,797.63,782.32,766.54,750.08,731.18,733.10,741.28,747.72,752.32,752.44,747.76,738.87,730.63,729.38,725.71,715.47,704.15,694.79,683.42,670.28,654.08,638.98,623.50,606.34,597.35,595.88,596.43,600.62,598.23,582.12,564.47,549.67,533.95,516.71,502.59,490.31,483.28,477.61,471.18,462.57,454.60,445.81,435.85,422.98,407.66,388.49,375.21,369.01,362.25,346.29,336.44,333.08,330.03,327.23,322.13,314.19,304.67,296.53,289.87,281.61,273.57,265.59,258.78,254.96,253.71,253.10,251.61,249.20,246.08,243.09,240.52,237.66,234.36,230.73,227.84,225.05,221.09,213.78,209.39,207.89,205.64,203.89,201.72,198.68,194.94,191.51,189.10,187.25,185.05,182.54,179.66,176.53,174.00,173.13,172.78,172.06,170.61,169.06,167.66,165.90,163.06,160.09,156.72,153.40,150.44,148.16,146.29,146.58,145.35,141.82,138.78,136.46,134.06,131.58,129.18,126.83,124.49,122.16,119.88,117.60,115.41,113.51,111.81,110.33,108.13,105.24,102.24,99.60,97.64,95.68,93.71,92.00,90.67,88.74,86.43,84.63,83.70,83.26,83.20,81.61,79.75,77.94,75.78,73.20,71.00,69.12,67.17,65.94,64.73,62.86,60.94,58.69,55.96,53.20,50.63,48.77,46.91,45.04,42.99,40.84,38.42,36.01,33.61,31.19,28.74,26.79,25.26,23.77,21.97,20.36,18.35,16.11,13.78,11.48,7.51,1.87,e,e,e,e,e,e,e,e,e,e,e,e,e,e,e,e,e,e
1259.64,1265.38,1261.13,1243.89,1230.05,1225.90,1220.03,1215.98,1220.31,1234.81,1248.58,1258.89,1258.11,1234.69,1212.96,1200.71,1191.09,1178.11,1141.62,1119.70,1100.52,1068.10,1043.15,1024.73,1012.04,995.77,981.62,970.86,958.60,935.45,906.26,882.82,863.46,840.78,821.65,811.37,807.57,813.18,808.33,814.01,837.47,844.93,845.42,848.32,850.13,858.76,882.69,885.33,879.10,869.69,863.42,867.70,876.67,890.65,897.72,902.83,909.93,908.28,885.06,856.33,839.85,825.58,811.03,795.10,776.40,758.23,749.62,752.33,758.33,765.17,768.68,767.49,760.48,752.21,745.64,745.02,739.64,726.50,715.22,704.28,692.55,678.85,660.77,643.66,627.07,616.78,613.34,612.43,616.07,617.60,604.45,585.32,568.21,552.59,538.58,522.71,510.34,501.86,493.97,485.56,476.25,465.80,455.48,445.02,434.98,422.60,406.81,392.02,385.66,379.32,366.23,351.77,344.77,341.30,336.28,330.95,323.26,313.38,303.17,293.35,283.75,274.76,268.45,264.04,260.07,258.81,258.58,257.64,255.75,252.85,249.58,247.04,244.63,241.82,238.10,234.54,231.61,228.43,224.07,218.75,214.23,212.11,209.82,207.68,204.92,201.74,198.24,194.89,191.96,189.30,186.69,183.57,180.21,177.62,177.37,177.04,176.38,174.96,173.23,171.30,169.66,167.56,164.54,161.10,157.71,154.36,151.36,149.76,149.43,150.15,148.58,144.33,140.21,137.47,134.99,132.59,130.29,128.01,125.66,123.30,120.98,119.05,117.60,115.91,114.17,112.05,109.43,106.48,103.64,100.90,98.80,97.01,95.16,93.39,91.85,90.13,88.40,87.45,86.71,85.88,84.41,82.49,80.58,78.55,75.95,73.14,70.62,68.99,68.08,67.42,65.85,63.88,61.90,59.77,57.25,54.65,52.43,50.51,48.23,45.96,43.44,40.92,38.44,36.14,33.83,31.53,29.16,27.58,26.74,25.31,23.20,21.08,18.94,16.81,14.29,11.91,8.85,2.91,0.60,e,e,e,e,e,e,e,e,e,e,e,e,e,e,e,e,e
1269.96,1275.81,1269.75,1254.42,1245.59,1239.84,1233.29,1228.16,1232.96,1249.67,1261.60,1267.27,1248.57,1229.22,1210.76,1192.40,1174.53,1157.91,1129.54,1099.73,1079.52,1060.74,1039.86,1014.88,995.11,975.64,962.42,949.18,929.57,899.73,883.13,867.10,850.98,837.87,828.01,826.36,831.48,834.80,824.74,830.75,844.57,869.08,888.19,885.15,877.57,882.01,895.69,903.19,898.21,888.86,882.99,887.48,895.94,912.37,919.92,926.35,928.53,916.63,894.01,869.49,852.47,838.28,818.98,797.65,777.63,769.61,769.73,770.55,775.19,783.02,785.52,781.67,773.63,764.83,759.53,756.84,750.75,735.95,721.92,708.81,695.40,681.08,663.50,647.46,638.08,634.10,631.86,632.27,633.83,625.95,607.65,589.30,571.72,555.81,543.67,530.74,519.77,509.85,499.50,489.31,479.02,468.93,459.81,450.51,439.24,428.06,414.56,406.09,400.37,389.01,371.55,360.09,353.63,348.50,339.12,329.48,318.73,306.41,294.80,284.04,277.22,273.63,272.10,269.28,264.89,264.65,264.02,262.27,260.01,257.13,254.15,251.34,248.81,245.76,241.96,238.23,234.92,231.35,226.91,221.82,217.75,215.31,213.14,210.81,207.83,204.37,200.95,197.66,194.16,191.06,187.42,183.65,181.09,180.83,181.12,180.75,179.62,177.83,175.72,173.72,171.81,169.14,165.47,161.78,158.28,154.89,152.25,151.67,152.19,151.90,149.56,145.50,141.27,138.22,135.87,133.66,131.45,129.22,126.91,124.60,122.36,121.02,119.87,118.09,115.84,113.26,110.62,107.91,105.16,102.39,99.87,98.03,96.34,95.10,93.63,92.13,90.89,90.05,88.89,87.40,85.38,83.25,81.17,78.98,76.42,73.89,71.74,70.37,69.81,68.80,66.95,64.88,62.71,60.39,58.13,55.85,53.41,50.82,48.26,45.78,43.26,40.92,38.62,36.19,33.68,31.52,30.07,29.39,28.57,26.91,24.77,22.48,20.27,17.84,15.16,12.43,9.37,4.04,1.17,e,e,e,e,e,e,e,e,e,e,e,e,e,e,e,e,e
1282.04,1287.20,1280.25,1269.73,1260.86,1251.53,1245.97,1240.88,1243.94,1261.46,1272.28,1262.53,1239.16,1219.16,1206.89,1188.54,1161.48,1139.63,1121.10,1094.92,1070.59,1051.90,1028.89,1009.88,993.95,975.76,961.44,950.19,930.19,912.55,898.13,879.07,857.13,845.90,842.58,848.69,857.06,851.54,842.82,850.27,859.11,877.17,903.71,912.56,901.11,900.08,910.24,922.63,923.15,911.50,904.26,908.60,919.66,933.98,942.75,948.03,938.22,919.36,897.85,878.21,861.39,846.26,825.29,800.37,788.66,790.74,790.64,790.82,796.59,802.88,801.53,794.89,786.49,780.87,774.59,767.21,756.93,742.95,725.82,710.43,696.72,682.81,669.46,659.46,653.23,651.00,649.51,650.15,647.85,630.87,611.97,593.62,577.47,562.65,552.14,540.73,527.58,515.12,504.01,494.42,484.04,473.93,464.38,455.00,444.47,435.45,427.01,418.54,410.39,395.96,379.40,369.77,359.23,349.94,339.37,327.37,313.88,299.89,289.41,286.19,286.73,284.86,280.66,274.99,270.71,270.68,269.30,266.91,264.31,261.71,258.87,255.85,253.03,249.82,245.77,241.56,237.88,234.44,230.35,225.60,221.25,218.60,216.02,213.15,209.89,206.31,202.53,198.89,195.09,191.35,187.21,184.92,184.84,184.93,184.75,183.74,182.16,179.88,177.06,173.83,171.38,168.70,164.31,160.94,157.79,154.92,153.64,153.63,154.06,152.50,149.83,146.30,142.31,139.29,137.14,135.03,132.86,130.54,128.25,125.95,123.84,122.51,121.20,119.54,117.18,114.56,111.94,109.25,106.57,103.84,101.22,99.14,98.13,97.48,96.02,94.49,93.16,91.95,90.35,88.55,86.44,84.26,81.91,79.52,77.19,74.96,73.46,72.44,71.79,70.03,67.84,65.56,63.20,60.82,58.58,56.55,54.05,51.31,48.99,46.59,44.13,41.80,39.19,36.43,34.41,33.16,32.14,30.94,30.15,28.44,26.14,23.79,21.34,18.68,15.73,12.75,9.37,4.45,0.85,e,e,e,e,e,e,e,e,e,e,e,e,e,e,e,e,e
1295.54,1298.80,1293.64,1285.59,1274.80,1265.11,1259.84,1255.13,1257.76,1266.58,1275.51,1262.60,1236.69,1211.14,1194.23,1174.16,1153.85,1131.18,1110.36,1085.00,1066.57,1053.49,1042.06,1025.39,1006.20,991.25,991.89,993.80,967.16,932.09,905.32,884.50,865.42,859.27,862.89,872.82,882.58,870.36,861.86,868.51,882.25,900.48,919.92,935.34,928.17,928.69,934.38,941.85,943.78,931.92,926.46,932.04,940.49,952.38,965.83,960.51,942.58,920.82,900.08,882.58,866.95,851.59,833.95,814.11,812.98,813.77,811.69,811.24,814.81,816.51,814.60,808.47,799.74,793.40,786.73,775.25,760.41,746.51,729.29,714.75,701.68,690.76,683.73,676.42,670.23,669.26,668.50,665.43,653.11,635.62,616.51,598.84,585.56,573.69,559.51,548.64,535.63,521.96,510.71,500.75,489.24,479.00,468.54,458.40,448.72,440.61,434.41,426.56,414.37,397.94,383.14,369.07,352.41,340.24,330.74,321.59,307.92,296.59,294.17,299.30,299.40,295.29,287.80,280.43,275.91,275.32,273.94,271.19,268.70,266.26,263.54,260.15,257.15,253.42,249.19,245.03,241.44,237.96,233.67,229.03,224.93,221.33,217.93,214.46,210.80,205.41,200.21,196.35,192.98,190.03,188.92,189.28,189.36,188.95,187.98,186.00,182.88,179.35,174.56,170.66,168.03,164.98,161.26,158.89,157.11,156.05,155.41,155.55,155.40,153.06,150.43,147.29,144.26,141.26,138.75,136.63,134.39,132.01,129.41,127.19,125.60,124.43,123.07,121.04,118.50,115.88,113.23,110.52,107.88,105.32,103.22,101.67,100.96,99.93,98.33,96.77,95.12,93.33,91.53,89.66,87.40,85.03,82.52,80.07,77.97,76.53,75.46,74.39,72.76,70.75,68.56,66.30,64.00,61.53,59.26,57.19,54.83,52.27,50.08,47.56,44.81,41.93,39.14,37.72,36.67,35.45,34.04,32.30,31.34,29.59,27.19,24.63,22.06,19.30,16.22,13.09,9.98,5.48,1.61,e,e,e,e,e,e,e,e,e,e,e,e,e,e,e,e,e
1309.83,1313.04,1310.04,1298.90,1287.32,1279.85,1272.74,1271.39,1279.41,1285.94,1281.93,1260.10,1233.52,1210.95,1192.10,1170.96,1146.72,1126.48,1110.45,1096.44,1091.10,1073.20,1054.95,1034.42,1021.38,1022.08,1022.68,1008.99,973.51,937.98,906.76,886.70,876.74,879.87,889.38,898.50,902.42,887.51,880.84,885.54,900.23,920.92,943.04,959.38,954.15,955.52,959.06,959.24,959.38,949.33,946.48,952.16,960.51,974.76,977.77,963.18,944.79,924.05,904.33,887.57,871.96,854.48,839.08,831.03,832.61,830.42,824.56,819.92,821.32,825.78,819.90,816.70,815.61,809.07,798.29,782.99,765.76,750.60,736.92,723.76,713.26,703.00,695.41,689.94,686.38,683.24,682.96,675.95,656.74,640.37,621.94,606.43,593.34,581.68,567.63,555.85,545.05,530.01,518.64,508.13,497.83,486.73,473.76,461.89,451.87,443.96,436.85,427.96,413.09,397.44,383.32,370.45,360.18,344.55,326.67,314.84,305.26,303.67,311.96,316.29,313.12,305.17,294.58,285.22,280.35,279.98,278.74,276.17,273.56,271.05,268.12,264.47,260.77,256.58,251.91,247.41,243.13,239.05,234.56,230.08,226.13,222.29,218.35,214.55,210.75,204.26,200.41,200.02,198.19,195.37,194.44,193.83,193.33,192.33,190.20,186.19,181.41,176.99,172.23,169.19,166.75,164.27,161.78,160.34,159.18,158.05,157.21,157.48,156.74,154.53,152.00,149.93,147.22,143.90,140.76,138.40,136.18,133.53,130.74,128.60,127.66,126.72,125.04,122.60,119.93,117.29,114.64,111.99,109.42,107.80,106.99,105.59,104.09,102.23,100.38,98.53,96.51,94.38,92.57,90.64,88.28,85.80,83.44,81.35,79.67,78.35,77.17,75.68,73.81,71.85,69.81,67.53,65.06,62.53,60.08,57.80,55.53,53.16,50.78,47.97,45.09,42.44,40.66,40.64,39.07,37.44,35.52,33.63,32.36,30.46,28.06,25.36,22.53,19.67,16.77,13.94,11.58,8.38,2.88,0.58,e,e,e,e,e,e,e,e,e,e,e,e,e,e,e,e
1323.62,1328.69,1325.04,1311.93,1301.77,1292.82,1286.34,1292.02,1299.78,1299.81,1280.05,1254.48,1229.09,1205.27,1185.47,1167.02,1145.23,1136.52,1136.17,1126.69,1102.22,1075.55,1060.67,1056.56,1054.05,1053.86,1037.42,999.17,963.37,934.36,911.06,895.98,891.45,902.00,916.61,921.78,912.28,900.95,898.55,902.60,919.32,938.37,959.92,980.04,977.58,975.50,979.61,978.98,974.82,967.71,966.74,973.64,982.01,990.35,982.84,965.63,945.80,926.10,909.41,893.46,877.91,857.40,848.24,848.80,845.93,834.74,819.33,806.73,805.28,809.87,805.36,804.19,809.20,811.85,799.93,786.92,773.70,758.93,747.94,735.31,725.06,717.48,709.06,703.71,701.58,698.73,693.87,678.25,660.56,644.96,629.16,615.50,602.78,591.79,579.70,566.27,554.48,541.17,528.31,516.32,504.62,493.33,479.30,465.59,453.79,444.45,436.09,425.95,410.40,395.94,384.20,379.89,368.98,353.41,337.00,323.61,315.19,319.30,325.10,325.15,321.63,312.86,300.87,289.54,284.94,285.34,284.22,281.57,278.47,275.53,271.88,267.55,263.31,258.63,252.80,247.22,242.02,237.53,233.32,229.29,225.50,221.72,217.75,213.63,209.83,206.36,204.80,203.95,202.00,200.75,199.40,198.13,197.00,194.57,191.32,186.13,180.08,176.54,175.22,173.09,170.64,167.75,165.07,163.22,161.41,159.63,159.13,159.20,157.98,156.15,153.98,151.98,149.51,146.22,143.23,140.55,138.06,135.31,132.55,130.55,129.75,128.94,126.87,124.40,121.45,118.72,116.26,114.38,112.96,111.88,110.71,108.52,106.33,104.26,102.14,100.00,97.82,95.57,93.57,91.53,89.33,87.19,85.38,83.60,81.72,79.84,78.33,76.76,75.05,73.09,70.94,68.53,65.98,63.49,60.98,58.54,56.10,53.59,51.24,49.34,47.56,45.62,43.90,42.81,40.96,39.02,36.95,34.95,33.21,31.17,28.53,25.48,22.60,19.87,17.51,15.66,13.43,10.89,6.33,1.57,0.20,e,e,e,e,e,e,e,e,e,e,e,e,e,e,e
1338.13,1344.92,1340.34,1325.40,1316.07,1307.05,1300.29,1311.03,1316.32,1300.36,1276.57,1256.91,1231.27,1207.88,1190.14,1175.69,1158.38,1152.70,1155.13,1141.01,1105.98,1092.22,1092.06,1093.39,1079.82,1057.28,1019.38,980.77,953.58,932.93,920.00,910.41,911.57,922.32,938.68,940.71,927.62,921.97,922.88,927.30,939.21,953.41,982.05,1002.13,1001.55,999.32,1001.08,998.88,995.19,990.13,988.98,991.48,996.31,991.94,981.71,966.39,942.84,922.16,904.05,890.27,877.86,863.83,858.84,853.20,839.58,821.72,804.40,790.90,782.51,782.52,780.13,777.71,786.30,796.14,786.75,780.09,771.71,762.51,758.33,748.82,736.90,728.87,724.72,720.43,715.94,711.41,699.94,682.42,668.01,652.43,639.20,627.41,615.62,605.71,593.28,580.26,567.92,554.11,540.36,526.30,513.15,501.14,485.77,470.05,456.81,445.43,434.50,422.88,409.77,396.66,391.59,386.43,374.02,358.62,342.00,330.47,328.07,329.71,331.77,329.27,323.63,315.10,303.50,291.67,290.35,290.87,289.96,287.69,283.80,279.51,274.82,269.39,264.25,258.58,252.05,246.59,241.47,236.50,231.83,227.99,224.60,221.03,217.47,214.35,212.20,210.40,208.83,206.87,204.50,203.08,202.47,201.69,199.53,194.77,190.35,185.00,181.17,181.67,180.10,176.76,173.21,169.63,166.96,165.06,163.16,161.66,161.46,160.99,159.34,157.63,155.72,153.46,151.13,148.42,145.38,142.43,139.81,136.92,134.59,132.93,131.94,130.86,128.89,126.24,123.28,120.47,118.65,118.62,117.82,115.78,113.14,110.43,108.00,105.69,103.43,101.19,98.96,96.77,94.76,92.85,90.99,89.37,87.63,85.64,83.50,81.34,79.47,77.93,76.30,74.10,71.73,69.32,66.74,64.13,61.52,58.93,56.56,54.45,52.65,51.42,49.98,48.14,46.18,44.21,42.18,39.97,37.92,35.95,33.50,31.07,28.42,25.61,23.27,21.18,19.38,17.77,15.35,12.63,9.19,3.99,1.33,e,e,e,e,e,e,e,e,e,e,e,e,e,e,e
1354.94,1360.69,1353.89,1341.39,1331.07,1322.35,1315.78,1327.03,1325.92,1301.52,1280.60,1261.34,1237.80,1221.11,1207.50,1193.74,1176.73,1171.57,1167.76,1153.93,1138.77,1133.09,1123.78,1107.28,1079.47,1045.19,1008.64,975.86,952.73,938.91,929.25,926.03,932.62,938.52,958.36,962.89,949.92,949.75,952.41,949.27,957.09,975.47,993.54,1018.40,1026.00,1022.04,1020.32,1018.66,1012.39,1002.59,992.02,985.72,978.89,968.69,960.38,948.11,930.30,902.43,879.82,868.60,859.86,847.22,839.30,833.74,820.81,806.86,791.93,773.94,760.32,750.75,746.11,754.44,771.55,783.50,773.36,759.25,752.19,742.68,744.46,754.90,751.86,744.11,738.37,733.40,726.87,719.39,705.94,691.25,677.44,664.93,651.25,641.48,632.42,623.73,610.78,596.25,582.43,568.75,553.71,539.43,521.70,507.57,492.27,474.21,460.14,446.93,435.50,424.71,412.50,404.80,400.78,390.57,377.58,361.00,346.63,341.39,339.24,337.80,336.60,331.77,323.25,313.03,302.52,295.88,296.23,296.15,294.58,292.14,288.31,283.09,277.07,270.56,264.50,258.03,250.81,245.87,241.36,236.76,232.05,228.30,225.39,222.16,219.45,217.35,215.19,213.18,211.56,209.07,206.53,205.78,205.21,203.45,199.80,193.14,188.85,187.61,188.28,187.09,182.94,178.19,174.32,170.77,168.47,166.80,165.11,164.26,163.92,162.78,161.16,159.41,157.30,155.04,152.72,150.08,146.94,143.95,141.10,138.62,136.94,135.33,133.92,132.34,130.61,128.24,125.39,122.95,122.17,122.23,121.03,118.30,115.33,112.24,109.33,107.00,104.69,102.32,99.96,98.10,96.69,94.83,93.13,91.46,89.59,87.39,85.14,82.93,81.18,79.52,77.57,75.16,72.63,70.00,67.33,64.69,62.15,59.71,57.61,55.82,54.21,52.79,51.25,49.43,47.21,44.96,42.70,40.56,38.69,36.67,34.24,31.58,29.26,26.64,24.52,22.46,20.72,19.63,17.10,14.10,10.97,6.47,1.93,0.45,e,e,e,e,e,e,e,e,e,e,e,e,e,e
1373.59,1374.58,1366.18,1355.04,1345.66,1336.35,1333.01,1342.96,1333.22,1310.11,1292.26,1271.47,1252.28,1244.52,1225.25,1211.74,1199.32,1192.96,1182.32,1163.04,1147.47,1135.66,1118.63,1100.24,1071.12,1036.73,1009.24,981.87,959.47,949.07,940.59,943.80,953.95,963.66,986.80,997.47,983.02,983.78,979.51,971.13,976.91,994.48,1014.06,1039.89,1049.85,1041.38,1037.22,1029.02,1010.38,990.54,974.41,961.70,951.22,941.58,933.08,924.23,913.53,889.72,861.00,841.11,832.21,823.16,817.99,814.78,806.91,794.15,779.10,761.12,744.48,728.68,724.82,733.87,750.69,761.66,756.61,742.44,729.51,719.99,719.41,735.30,744.69,749.42,745.04,740.47,738.40,727.92,713.99,701.83,688.38,676.36,665.45,655.73,647.42,637.55,624.58,610.64,595.74,580.09,564.70,550.23,530.94,512.47,496.46,478.60,464.24,450.83,436.90,423.65,416.68,413.14,403.60,390.34,374.95,361.11,354.03,350.26,347.38,344.75,341.12,333.64,326.21,317.90,309.70,305.65,303.54,301.26,298.16,294.77,290.56,284.06,277.21,270.86,264.53,257.81,250.62,246.16,242.59,238.93,234.27,230.13,227.08,224.49,222.36,220.11,217.92,215.91,213.63,210.61,208.73,208.62,207.28,202.47,197.85,194.62,193.38,192.90,192.90,189.35,184.00,179.04,175.56,172.49,170.21,168.64,167.52,166.91,166.18,164.73,163.08,161.17,158.93,156.69,154.16,151.08,148.12,145.24,142.37,139.99,138.44,137.07,135.62,133.88,132.11,130.03,127.50,126.27,125.94,125.05,122.79,120.26,117.19,113.99,110.85,108.23,105.87,103.52,101.40,100.21,98.72,96.79,94.93,93.03,91.05,88.77,86.48,84.62,82.81,80.87,78.61,76.03,73.31,70.65,68.06,65.50,63.00,60.63,58.64,56.89,55.34,53.58,51.77,49.89,47.65,45.47,43.43,41.47,39.52,37.39,35.14,32.70,30.15,27.81,25.74,23.69,21.76,20.55,18.30,15.13,11.86,7.86,3.43,1.16,e,e,e,e,e,e,e,e,e,e,e,e,e,e
1391.09,1388.09,1378.44,1368.55,1360.03,1350.74,1350.68,1358.81,1346.17,1325.32,1307.62,1285.08,1272.89,1267.65,1254.40,1239.53,1214.65,1196.68,1174.46,1155.10,1138.60,1120.12,1102.70,1082.35,1061.43,1032.38,1002.23,982.16,969.30,964.94,956.24,961.83,976.90,1000.88,1018.94,1020.89,1010.76,1011.10,999.34,992.37,997.84,1017.78,1038.00,1058.28,1054.78,1039.01,1028.37,1019.65,1001.04,981.45,962.00,942.60,927.86,919.84,907.53,883.69,878.78,874.84,846.62,819.16,807.04,801.37,798.88,797.58,791.10,778.11,764.20,750.11,732.08,715.09,708.66,713.55,721.33,727.49,725.25,721.62,710.20,700.84,701.06,710.50,723.86,732.47,726.44,720.93,727.09,727.77,721.30,712.53,701.75,689.73,679.72,671.85,661.90,651.51,638.47,622.17,606.43,591.25,573.67,556.30,537.10,516.11,499.47,483.67,468.19,454.53,439.70,430.95,425.94,418.55,408.02,395.94,383.70,372.95,365.46,360.79,356.75,351.30,344.48,338.39,333.25,324.39,319.56,314.59,310.35,305.89,301.14,296.20,291.04,283.43,276.67,270.78,264.95,259.04,252.61,247.87,244.21,240.57,236.37,232.47,229.31,227.16,225.21,222.98,220.71,218.56,216.34,213.61,212.61,212.27,208.55,202.34,199.53,200.13,199.45,197.90,193.68,188.50,184.11,180.17,177.19,174.53,172.51,170.84,169.84,169.06,168.27,166.89,165.10,162.95,160.84,158.69,155.83,152.59,149.34,146.49,143.95,141.84,140.07,138.78,137.33,135.58,133.69,131.59,129.98,129.57,128.98,126.99,124.45,121.77,118.89,115.79,112.63,109.59,107.14,104.82,103.36,102.32,100.42,98.31,96.36,94.32,92.16,89.90,87.82,85.78,83.72,81.57,79.25,76.57,73.92,71.25,68.71,66.23,63.75,61.38,59.29,57.64,56.04,54.23,52.30,50.39,48.46,46.45,44.45,42.44,40.42,38.25,35.84,33.26,30.68,28.53,26.54,24.54,22.61,21.05,18.92,15.64,12.26,8.55,4.91,1.67,0.61,e,e,e,e,e,e,e,e,e,e,e,e,e
1407.29,1400.63,1391.75,1383.15,1375.16,1365.80,1370.18,1376.36,1361.00,1337.36,1317.09,1298.86,1296.02,1285.31,1265.53,1237.94,1204.67,1177.84,1158.24,1140.89,1121.99,1105.80,1088.40,1072.32,1058.63,1030.98,1003.78,992.03,985.14,980.35,971.56,979.08,998.49,1035.11,1046.23,1042.63,1044.95,1032.86,1016.69,1013.31,1023.94,1048.66,1063.43,1054.24,1028.48,1011.72,998.93,990.36,979.42,970.17,954.96,932.64,915.53,901.98,879.61,855.31,842.63,841.80,834.15,806.20,787.78,777.00,770.51,768.37,764.93,756.75,746.61,728.11,712.24,699.91,690.99,692.37,694.38,690.40,692.40,696.25,691.56,680.46,679.98,688.02,700.26,708.95,705.86,700.93,702.82,705.49,713.97,720.59,714.44,703.85,693.49,682.73,670.84,659.31,646.85,629.77,612.25,595.74,577.26,557.28,538.19,517.99,502.21,487.92,472.04,458.07,449.85,443.47,436.23,428.04,417.19,406.66,396.73,387.13,377.28,371.63,365.35,356.31,348.86,345.49,340.24,331.15,325.72,320.81,315.24,309.81,304.49,298.00,291.28,284.43,278.79,273.16,267.05,261.23,254.96,249.52,245.80,242.29,238.82,235.51,232.22,229.85,228.22,226.13,223.81,221.61,219.38,217.45,217.35,214.51,208.91,204.32,203.90,204.30,203.02,200.64,195.43,189.05,185.35,181.89,178.84,177.11,175.11,173.21,172.13,171.48,170.49,169.03,167.06,164.98,162.93,160.56,157.48,154.05,150.77,148.13,145.97,143.99,141.99,140.56,139.04,137.25,135.16,133.16,132.37,132.02,130.84,128.62,125.91,123.26,120.74,117.95,114.82,111.45,108.42,106.53,105.53,104.15,101.91,99.66,97.55,95.31,92.98,90.60,88.39,86.23,84.08,81.92,79.71,77.12,74.50,71.91,69.33,67.00,65.02,62.57,60.04,58.40,56.70,54.92,53.02,51.21,49.47,47.43,45.38,43.32,41.28,39.02,36.55,34.02,31.51,29.18,27.19,25.20,23.26,21.46,19.26,16.05,12.94,10.39,7.51,3.80,1.24,e,e,e,e,e,e,e,e,e,e,e,e,e
1421.78,1415.60,1406.69,1398.38,1388.76,1381.10,1390.05,1389.53,1366.44,1344.86,1326.76,1314.26,1299.24,1279.37,1256.70,1227.92,1194.58,1174.08,1156.28,1136.89,1120.16,1101.86,1084.22,1071.87,1058.02,1031.07,1016.99,1009.86,1003.26,993.91,989.56,1007.22,1039.04,1067.89,1064.26,1063.43,1065.84,1046.89,1037.29,1042.19,1051.29,1065.14,1057.10,1022.72,1002.01,984.05,961.22,948.90,942.05,940.15,934.64,919.13,904.00,888.23,863.94,836.80,815.87,808.75,813.07,797.16,773.30,758.12,747.15,739.19,733.47,729.18,719.30,704.13,693.99,682.50,671.33,671.08,676.42,668.74,669.10,674.47,669.76,660.95,662.90,669.12,677.70,685.52,683.89,679.92,680.68,683.89,692.68,714.26,718.24,708.26,695.16,682.04,669.75,658.23,646.25,629.94,612.14,594.38,576.20,555.38,537.88,519.07,504.05,490.36,476.86,467.40,460.97,455.13,447.40,437.63,427.66,416.25,406.72,395.74,385.98,379.06,369.72,360.90,357.43,353.12,347.41,340.35,333.94,328.84,322.30,315.64,309.70,302.94,295.57,290.81,286.21,280.36,273.26,265.95,258.63,252.64,248.38,245.09,242.09,239.29,235.97,233.21,231.35,229.31,227.24,225.44,224.29,222.61,221.10,214.82,208.97,207.99,208.70,207.93,205.45,202.09,196.98,191.04,188.05,184.63,181.60,180.13,177.98,175.69,175.05,174.53,173.19,171.29,169.18,167.11,164.72,162.00,158.89,155.56,152.60,150.13,148.14,146.01,143.89,142.32,140.77,138.76,136.61,135.14,134.70,133.81,131.98,129.94,127.58,125.28,122.97,120.53,117.58,113.76,110.06,108.60,107.67,106.09,103.68,101.00,98.41,95.99,93.54,90.97,88.66,86.54,84.41,82.29,80.16,77.70,75.17,72.73,70.48,69.13,67.59,64.82,61.51,59.17,57.35,55.58,53.73,52.02,50.34,48.27,46.25,44.22,42.24,40.10,37.80,35.15,32.53,29.80,27.79,25.98,24.07,22.13,20.20,17.54,14.74,12.12,9.22,6.39,4.01,0.91,e,e,e,e,e,e,e,e,e,e,e,e
1434.91,1428.70,1421.61,1411.65,1402.20,1398.32,1406.67,1400.01,1376.02,1357.98,1339.51,1314.92,1293.22,1270.79,1244.89,1216.45,1194.14,1191.12,1179.36,1152.53,1131.00,1114.50,1096.03,1085.09,1063.28,1047.98,1047.59,1039.15,1018.34,1009.73,1019.65,1047.38,1080.35,1099.70,1090.42,1086.18,1092.42,1082.13,1072.60,1074.85,1074.34,1064.51,1041.56,1016.39,1001.04,979.68,957.77,937.86,911.98,903.59,896.36,889.03,885.35,873.02,853.42,828.12,799.93,787.02,790.68,782.16,756.94,738.73,727.01,718.39,710.28,704.31,696.32,681.51,671.20,660.86,652.90,652.43,655.43,646.17,641.89,653.43,649.56,642.55,649.46,653.51,655.26,661.05,659.63,658.53,658.88,660.72,671.83,696.75,710.06,706.06,692.97,677.42,663.83,651.86,638.03,622.75,606.15,590.07,572.68,554.11,538.14,521.04,508.26,498.57,490.06,482.54,473.74,466.08,457.09,444.65,433.27,421.67,412.11,401.60,392.12,383.02,373.33,369.09,367.11,363.16,357.34,350.25,343.45,337.52,331.88,325.05,319.17,314.05,307.44,300.98,296.24,290.32,283.02,274.01,265.95,257.43,252.24,248.28,245.38,242.38,239.03,236.27,234.45,233.06,231.59,230.25,230.06,227.48,221.36,215.72,213.28,212.96,212.96,210.41,206.44,201.56,196.92,193.52,190.56,187.38,184.50,182.48,179.91,177.98,178.20,177.44,175.70,173.53,171.35,169.06,166.40,163.48,160.17,157.14,154.56,152.11,150.05,147.81,145.72,144.22,142.41,140.21,138.16,137.38,136.79,135.10,133.18,131.41,129.76,127.66,125.28,122.81,120.07,116.17,113.08,111.19,109.83,108.10,105.30,102.19,99.16,96.56,93.92,91.24,88.85,86.77,84.74,82.72,80.73,78.50,76.11,73.89,71.97,70.89,69.73,66.66,63.26,60.14,58.09,56.26,54.64,53.32,51.48,49.16,47.33,45.38,43.45,41.36,39.03,36.19,33.31,30.69,28.88,27.22,25.10,23.00,21.29,19.48,16.84,13.96,11.18,9.82,7.88,3.23,0.57,e,e,e,e,e,e,e,e,e,e,e
1449.76,1442.99,1436.20,1427.72,1418.60,1415.22,1422.92,1409.40,1382.42,1358.88,1336.56,1311.19,1291.08,1267.13,1242.76,1221.01,1213.92,1216.55,1207.40,1190.30,1163.98,1135.68,1118.05,1105.22,1082.45,1076.49,1067.48,1050.24,1032.86,1032.07,1052.35,1075.64,1101.21,1124.38,1119.96,1114.56,1117.85,1112.67,1099.46,1085.08,1069.94,1049.54,1019.32,1002.41,990.99,975.31,955.79,934.06,913.68,899.04,874.95,854.95,855.26,853.53,838.25,814.54,790.65,771.39,767.83,762.18,745.17,724.73,711.33,702.47,693.29,684.35,674.58,663.56,652.30,640.44,631.70,629.20,629.10,624.47,622.75,633.06,632.18,624.53,626.60,629.79,630.84,635.75,636.83,636.98,637.44,639.60,649.83,675.80,692.94,694.26,686.61,671.03,657.43,644.30,630.18,613.52,599.74,586.05,570.01,555.00,540.90,526.98,516.30,509.00,501.47,494.33,485.88,474.89,463.75,450.11,436.58,424.65,416.79,410.34,400.65,389.03,385.38,382.19,378.47,375.06,371.08,364.71,355.30,347.27,340.30,334.46,330.12,324.38,319.22,313.99,308.27,301.85,294.88,285.39,275.72,267.52,258.30,252.88,248.54,245.19,241.85,239.12,237.58,237.72,237.58,236.41,233.56,228.21,221.39,219.85,219.57,218.29,215.54,211.58,207.12,202.44,198.70,195.67,192.30,189.13,186.46,183.83,181.37,180.36,180.83,179.96,177.84,175.59,173.48,171.08,168.36,165.10,161.83,159.02,156.47,153.92,151.53,149.13,147.67,146.54,144.80,142.38,140.36,139.79,138.41,136.43,134.59,133.10,131.68,129.78,127.16,124.38,121.60,118.57,115.77,113.70,111.61,109.87,107.08,103.69,100.03,96.93,94.04,91.18,88.93,87.02,85.14,83.23,81.37,79.34,77.22,75.31,73.40,72.11,70.63,67.87,64.42,61.05,58.80,57.52,56.69,55.22,51.40,49.43,48.38,46.73,44.70,42.17,39.73,36.75,33.94,31.89,30.23,28.37,26.13,23.91,22.21,20.66,18.66,16.16,13.75,11.52,8.45,4.66,1.14,e,e,e,e,e,e,e,e,e,e,e
1466.74,1459.04,1453.18,1447.55,1438.57,1433.05,1427.10,1403.13,1376.97,1352.41,1329.89,1304.95,1289.12,1273.24,1258.98,1252.73,1251.03,1247.52,1232.86,1213.08,1195.61,1170.37,1143.14,1113.78,1105.51,1104.91,1095.02,1074.73,1054.96,1064.26,1089.88,1105.73,1123.20,1144.24,1148.23,1145.07,1139.27,1119.91,1097.31,1072.27,1053.64,1026.46,993.66,974.26,961.07,952.79,933.54,911.39,893.86,879.55,859.02,835.78,827.28,823.71,812.10,796.01,776.76,759.17,745.18,738.29,729.14,713.79,699.73,687.20,676.07,666.59,656.92,646.75,635.53,623.88,614.47,609.68,607.30,605.61,603.61,605.31,605.39,599.98,599.68,601.84,605.41,611.54,613.72,615.22,616.07,619.54,631.38,652.20,669.48,672.31,672.39,664.43,651.43,639.70,626.54,610.43,594.90,582.54,569.79,558.50,546.97,535.09,523.52,515.69,507.85,499.16,490.64,478.54,468.36,454.86,442.44,433.25,426.07,419.08,407.78,402.11,401.65,398.77,394.03,388.57,384.15,377.26,366.63,355.74,348.39,340.51,335.16,330.12,325.36,321.10,316.30,309.94,303.13,296.64,287.69,278.31,268.93,259.79,253.04,248.31,245.21,242.53,241.33,241.54,241.81,239.70,234.33,228.03,225.07,225.61,224.74,221.81,217.59,213.17,208.74,204.66,201.09,197.68,194.16,190.58,187.63,184.93,183.09,182.89,182.92,181.49,179.68,177.77,175.52,172.97,170.12,166.84,163.75,160.78,158.18,156.08,154.56,152.66,150.36,149.46,148.23,145.91,143.88,142.26,139.74,137.83,136.54,135.01,133.33,131.00,128.22,125.42,122.74,120.14,117.58,115.19,112.91,111.25,108.85,105.01,100.83,96.85,93.16,90.29,88.87,87.08,85.28,83.44,81.64,80.01,78.30,76.51,74.72,73.08,71.27,68.90,65.84,62.85,60.53,59.78,59.14,57.17,53.50,51.05,50.05,48.62,46.33,42.84,39.66,37.09,35.09,33.27,31.39,29.27,27.04,24.86,23.06,21.32,19.41,17.02,14.14,10.94,7.78,4.58,1.40,e,e,e,e,e,e,e,e,e,e,e
1482.88,1475.05,1468.75,1464.25,1458.98,1447.09,1426.03,1403.92,1381.13,1357.32,1335.75,1319.23,1305.34,1288.67,1286.84,1285.72,1273.43,1263.05,1246.26,1220.30,1201.68,1165.59,1142.15,1133.40,1137.98,1135.17,1117.00,1089.43,1086.10,1104.88,1119.69,1133.76,1147.47,1162.66,1166.44,1157.95,1137.77,1112.88,1086.66,1056.98,1026.99,999.55,981.35,957.02,938.88,929.77,910.56,888.86,869.06,851.07,837.91,825.10,810.29,795.01,783.74,770.48,757.06,743.67,726.83,716.27,708.02,697.37,684.41,672.85,661.35,651.20,641.31,630.12,618.51,606.60,599.59,594.30,590.21,585.44,582.10,581.50,581.14,577.46,573.73,574.14,578.57,583.89,586.96,588.51,591.88,599.18,612.04,635.08,648.62,653.01,656.49,653.76,645.58,635.90,624.68,611.98,598.80,584.87,572.79,561.78,551.30,541.23,530.86,521.44,512.06,502.02,493.44,482.17,472.38,462.65,452.58,444.65,436.81,428.20,418.49,416.45,416.36,413.85,409.86,405.14,398.53,385.03,372.08,359.99,351.66,344.02,337.73,332.91,328.28,324.44,320.46,313.94,307.22,302.11,295.85,287.81,277.26,266.38,257.28,252.08,248.55,246.83,245.91,245.33,243.56,240.15,233.78,229.14,230.41,231.00,228.96,224.70,219.47,214.89,210.61,206.72,203.02,199.32,195.58,191.62,188.38,186.06,185.42,185.30,184.24,182.62,181.39,179.84,177.36,174.47,171.53,168.44,165.32,162.48,160.19,159.50,159.03,158.11,155.69,153.70,151.69,148.88,146.46,144.08,141.56,139.99,138.67,136.78,134.32,131.43,128.52,125.76,123.07,120.72,118.72,116.37,114.15,112.27,109.99,105.94,101.38,96.75,92.30,89.60,88.75,87.05,85.22,83.52,82.00,80.43,78.80,77.12,75.53,74.07,72.34,70.47,68.68,66.14,63.47,62.04,61.14,59.38,56.34,53.83,52.12,50.44,48.04,44.36,40.75,38.28,36.30,34.11,31.58,29.32,27.52,25.60,23.68,21.75,19.68,17.02,14.18,11.20,8.54,5.35,2.20,0.38,e,e,e,e,e,e,e,e,e,e
1501.30,1492.83,1485.46,1483.56,1479.64,1460.01,1438.17,1415.79,1393.74,1367.82,1349.68,1342.26,1318.70,1313.41,1312.59,1303.72,1280.09,1264.40,1247.81,1222.81,1194.03,1153.72,1145.23,1163.57,1174.70,1159.35,1118.42,1099.47,1120.50,1137.19,1150.91,1163.01,1171.07,1180.32,1181.90,1157.67,1131.56,1105.07,1084.48,1061.12,1015.75,979.95,964.67,946.78,926.04,907.33,890.61,870.90,852.58,836.73,821.98,810.26,796.08,780.63,764.41,750.65,738.34,729.42,717.28,701.78,691.38,680.38,668.64,658.02,646.99,636.29,625.47,614.38,601.00,591.74,584.44,577.87,571.79,567.59,564.78,561.88,557.68,551.46,547.36,547.82,550.10,551.28,551.20,553.76,562.45,576.59,592.90,613.82,621.83,627.75,637.00,635.65,630.46,627.55,621.54,613.10,603.69,589.51,574.97,562.92,551.77,540.64,530.91,521.48,512.65,503.74,495.10,485.21,475.42,466.96,457.19,448.42,443.02,439.89,438.01,435.73,433.48,428.47,422.16,414.77,404.89,387.96,373.40,361.43,352.70,345.46,339.54,335.01,330.80,326.86,322.51,316.81,310.31,304.92,299.57,293.39,285.17,272.50,261.13,255.45,252.35,251.12,249.90,247.47,243.27,238.94,235.56,235.95,236.71,234.89,231.44,226.84,221.17,216.41,211.76,207.95,204.39,201.10,197.77,193.41,189.44,187.86,187.73,186.92,185.41,184.26,183.06,181.18,178.75,175.79,172.83,169.83,167.28,164.69,163.28,163.16,162.66,162.06,160.00,157.31,154.04,150.47,147.95,145.91,143.71,142.07,140.25,137.82,134.25,130.43,127.78,125.31,122.84,120.97,118.97,116.74,114.46,112.27,109.88,105.65,100.95,96.55,92.23,89.42,88.57,87.06,85.43,83.93,82.45,80.68,79.20,78.13,76.72,74.99,73.53,71.97,70.65,68.90,66.33,64.34,62.84,60.75,58.18,55.54,53.15,51.18,49.19,45.58,41.96,39.08,36.99,34.67,32.10,30.22,28.46,26.29,24.16,21.94,19.46,16.80,14.11,11.40,8.84,5.96,3.04,0.70,e,e,e,e,e,e,e,e,e,e
1517.11,1507.74,1500.17,1500.02,1497.39,1477.01,1450.78,1426.59,1399.06,1377.60,1371.21,1355.69,1341.64,1344.51,1333.38,1311.91,1286.43,1270.25,1254.81,1229.06,1194.33,1165.09,1168.56,1193.20,1205.17,1181.55,1124.49,1127.81,1152.08,1166.22,1174.06,1185.65,1196.81,1201.33,1192.22,1160.35,1137.29,1114.94,1095.26,1060.13,1024.96,981.49,954.07,934.74,916.41,899.65,883.15,863.36,846.05,826.02,810.66,795.64,778.30,764.63,754.77,742.88,727.67,716.76,706.60,694.03,678.17,664.82,653.02,642.36,631.74,620.84,612.80,603.28,591.51,583.73,574.97,567.69,561.11,555.91,550.80,545.19,540.01,535.66,531.99,529.80,529.51,527.82,527.46,531.82,542.30,556.84,574.85,590.95,591.79,602.81,616.44,615.16,610.03,608.66,608.16,607.05,603.75,593.23,576.00,562.54,550.37,538.24,526.86,515.66,507.42,500.17,491.93,483.33,475.06,467.02,458.97,454.41,452.12,450.58,450.15,446.42,440.72,434.28,427.22,418.44,405.43,387.74,373.79,362.22,353.29,346.72,341.58,337.41,333.32,328.81,324.11,318.86,312.69,307.24,302.13,296.47,289.87,277.20,265.74,259.07,256.74,254.80,252.21,248.52,244.04,241.09,241.03,242.02,240.83,236.91,232.65,227.84,222.43,217.12,211.94,208.22,205.40,202.62,199.50,194.75,191.07,190.66,189.67,188.16,187.22,186.19,184.32,182.07,179.83,177.18,174.41,171.97,169.59,167.13,166.86,166.84,166.07,164.38,162.10,159.57,156.03,152.21,149.12,147.04,145.00,143.02,141.03,138.45,134.78,131.32,128.32,125.39,122.65,120.50,118.29,115.94,113.54,111.16,108.38,104.41,100.68,97.11,93.05,89.86,88.70,87.43,85.91,84.42,82.90,81.28,80.26,80.20,79.29,76.22,74.56,72.91,71.44,69.86,67.80,65.63,63.47,61.26,58.75,55.84,53.18,50.65,48.60,45.24,41.98,39.69,37.66,35.38,33.01,30.87,28.68,26.35,24.00,21.60,19.13,16.41,13.80,11.09,8.41,5.86,3.29,1.09,e,e,e,e,e,e,e,e,e,e
1532.74,1523.31,1518.58,1519.91,1509.38,1485.61,1460.60,1435.77,1409.71,1393.30,1392.41,1381.10,1373.31,1367.13,1346.77,1315.14,1288.41,1272.43,1253.46,1227.43,1206.55,1194.27,1201.70,1228.01,1224.47,1196.28,1145.33,1163.84,1180.93,1189.55,1198.10,1208.79,1216.76,1211.63,1193.03,1171.38,1145.14,1112.73,1086.63,1049.64,1011.84,981.31,959.03,938.93,910.30,894.73,882.71,869.95,856.44,837.12,814.80,795.19,778.26,759.47,744.13,734.83,722.50,707.41,694.63,682.63,669.65,656.28,644.49,634.48,624.74,617.06,609.74,601.31,592.81,586.45,579.85,572.78,564.70,554.43,544.48,537.75,532.61,528.34,524.20,519.24,515.79,511.26,509.04,513.98,523.09,535.89,550.83,562.48,565.97,579.34,589.27,587.08,582.96,581.08,581.40,583.54,586.99,584.80,572.87,560.16,547.85,535.31,525.13,515.77,507.33,500.69,492.83,484.41,477.98,473.24,468.62,463.64,458.92,456.27,454.05,449.20,442.70,435.92,428.62,418.68,403.83,386.60,373.97,362.77,354.40,348.42,343.81,340.04,335.61,330.72,325.63,320.29,314.76,309.53,304.21,298.57,292.18,279.49,268.50,263.24,260.13,256.76,253.01,249.30,247.05,246.04,245.49,244.68,241.49,237.17,232.11,226.60,221.48,216.70,211.79,208.34,205.53,202.26,199.23,195.51,194.96,194.98,192.33,190.40,189.29,187.89,185.73,183.30,180.71,178.15,175.63,173.31,171.36,169.91,170.16,170.28,168.62,166.23,163.80,161.22,157.91,153.77,149.81,147.52,145.45,143.45,141.55,139.36,136.06,132.85,129.70,126.38,123.02,120.02,117.63,115.26,112.79,110.31,107.22,104.36,101.78,98.74,94.59,90.84,89.47,88.27,86.89,86.20,85.49,83.19,81.71,80.76,79.60,77.44,75.32,73.61,71.94,70.10,68.14,65.97,63.80,61.56,59.09,56.02,52.91,49.76,47.39,45.15,42.99,41.03,38.92,36.44,33.82,31.17,28.40,25.63,22.93,20.59,18.59,16.11,13.53,10.96,8.26,5.54,2.81,0.56,e,e,e,e,e,e,e,e,e,e
1546.07,1537.61,1534.64,1535.10,1519.13,1498.42,1475.74,1451.48,1427.48,1419.60,1421.46,1409.76,1399.87,1374.80,1344.13,1309.03,1282.29,1265.36,1249.71,1238.31,1230.63,1235.20,1244.09,1248.75,1229.73,1209.65,1198.07,1209.18,1215.36,1215.49,1222.47,1229.61,1225.10,1203.63,1183.66,1163.15,1135.77,1101.26,1074.19,1049.33,1028.13,1002.13,984.90,970.83,922.69,896.17,874.25,859.16,851.87,840.74,820.14,800.91,783.71,760.78,739.31,725.29,714.18,702.18,692.13,681.67,671.76,660.08,647.94,638.52,631.94,625.36,620.63,616.89,609.67,602.44,597.14,591.33,584.10,572.06,559.57,551.27,542.02,534.02,528.20,520.47,511.84,501.97,497.38,498.23,503.84,510.54,520.39,529.72,537.93,549.68,553.34,552.30,549.48,548.36,548.13,548.73,550.85,553.40,555.67,552.55,542.93,533.49,524.64,516.44,509.19,503.37,497.13,489.32,482.76,477.31,472.68,467.98,463.20,459.76,456.03,450.45,444.07,437.18,429.55,417.64,401.37,384.92,372.49,361.24,354.46,349.31,345.07,341.39,336.95,332.11,326.89,321.32,316.14,311.10,305.85,300.46,293.53,280.92,270.72,265.71,261.29,257.45,255.05,253.45,251.64,250.65,248.84,245.09,240.60,235.77,230.54,224.42,219.36,215.95,212.86,210.08,206.73,202.60,199.19,198.19,199.86,199.24,196.72,194.44,192.00,189.49,187.02,184.29,181.51,178.91,176.84,175.15,173.67,172.81,172.79,172.25,170.25,167.78,165.10,162.32,159.19,154.51,150.03,147.81,145.84,143.88,142.00,139.92,136.84,133.64,130.53,127.23,123.85,120.71,118.12,115.62,113.02,110.45,107.72,105.22,102.79,100.16,96.64,93.61,92.02,90.77,89.92,89.93,89.11,85.65,83.40,81.64,79.63,77.88,75.93,73.98,72.39,70.75,69.02,66.55,64.16,61.83,59.44,56.37,53.37,50.32,47.95,45.84,43.62,41.62,40.02,37.50,34.59,31.93,29.35,25.66,22.04,19.50,17.47,15.43,13.25,11.11,8.45,5.33,2.22,0.20,e,e,e,e,e,e,e,e,e,e
1562.01,1555.47,1552.10,1549.62,1535.30,1514.76,1495.29,1469.93,1444.66,1444.18,1447.72,1436.16,1416.93,1381.80,1341.31,1308.55,1287.07,1273.26,1268.95,1265.45,1264.42,1273.62,1268.85,1250.46,1234.77,1227.24,1235.11,1244.25,1243.55,1237.88,1244.70,1236.61,1214.76,1194.43,1169.94,1146.95,1120.44,1092.37,1072.39,1060.84,1051.66,1040.07,1021.71,1005.67,956.93,900.63,876.78,851.19,833.82,823.86,810.42,795.08,775.33,753.06,736.75,725.88,716.00,706.46,696.96,688.99,681.70,673.55,664.36,659.96,654.62,644.75,636.39,640.99,637.86,621.51,618.02,618.01,608.94,597.17,583.38,573.06,562.33,550.23,542.68,533.10,521.75,509.16,498.52,491.39,489.56,492.07,496.93,504.13,511.67,518.99,523.78,526.18,527.17,528.08,528.65,527.94,526.18,525.18,531.91,537.08,534.22,527.40,520.23,512.69,505.79,500.68,495.50,488.49,481.76,475.19,469.23,464.88,461.66,458.75,455.24,450.92,444.89,437.97,429.87,416.23,399.07,383.27,369.73,358.56,351.38,346.17,342.13,339.15,335.01,330.70,325.79,321.02,315.58,310.33,305.46,300.75,292.51,279.80,271.80,266.46,262.71,260.49,259.64,258.57,255.92,253.33,250.28,245.40,239.91,234.86,230.03,225.20,221.06,218.25,215.44,213.03,209.92,206.20,203.64,204.24,205.09,203.39,200.76,197.33,193.96,190.69,187.99,185.43,183.09,180.74,178.89,177.43,176.49,175.78,175.07,173.38,171.19,168.73,165.88,163.03,159.89,155.13,150.38,147.77,145.67,143.58,141.65,139.56,136.73,133.61,130.90,127.98,124.79,121.62,118.78,116.18,113.56,110.94,108.37,105.95,103.62,101.33,99.16,97.48,95.77,94.23,92.58,91.19,89.63,87.04,84.53,82.26,80.30,78.39,76.27,74.08,72.44,71.26,69.74,67.12,64.26,61.59,59.57,56.76,53.84,50.91,48.41,46.07,43.66,41.40,40.08,37.82,35.04,32.45,29.48,25.63,21.68,18.73,16.76,14.82,12.89,11.05,8.63,5.19,1.74,e,e,e,e,e,e,e,e,e,e,e
1577.92,1575.29,1572.54,1563.32,1551.02,1533.34,1516.50,1490.99,1465.70,1462.49,1452.82,1431.96,1413.95,1383.29,1344.85,1316.12,1298.84,1294.52,1295.35,1289.88,1292.84,1294.46,1276.43,1262.96,1257.30,1262.93,1271.03,1270.71,1262.85,1255.47,1247.67,1221.19,1194.39,1182.20,1162.25,1133.28,1103.81,1078.70,1058.91,1046.41,1041.37,1036.30,1023.77,1006.41,975.42,904.86,873.27,854.19,831.46,809.55,794.76,780.40,764.38,752.97,740.69,730.27,721.64,714.74,708.45,705.34,699.38,691.78,692.92,692.02,678.32,662.51,657.24,664.99,667.28,643.13,641.64,650.88,642.06,620.91,604.45,598.45,581.93,568.71,564.64,552.31,539.86,528.50,511.86,496.80,488.56,483.77,481.31,482.60,487.99,492.91,494.54,496.19,501.06,504.21,506.25,507.20,505.72,503.34,509.44,518.70,520.83,514.01,504.82,497.77,492.37,487.58,483.06,477.27,471.98,468.38,464.16,460.05,455.70,452.84,450.33,447.66,442.81,436.50,428.51,414.65,397.55,381.26,367.68,357.08,348.84,342.36,337.80,333.98,329.93,325.27,320.86,315.64,310.38,305.60,301.06,295.13,286.50,277.05,271.13,268.37,266.51,264.64,263.24,260.53,257.02,253.35,249.74,244.98,239.88,235.36,231.01,226.90,223.55,220.91,219.12,218.94,218.41,214.19,210.55,211.06,209.81,205.88,201.45,197.67,194.17,191.51,189.58,188.38,186.29,183.75,181.38,180.26,179.26,178.19,176.55,174.20,171.88,169.43,166.50,163.38,160.19,155.73,151.19,148.31,146.05,143.62,141.21,138.81,136.37,133.84,131.46,128.76,125.58,122.36,119.28,116.61,113.94,111.30,109.03,107.00,104.81,102.72,101.48,100.38,98.80,96.67,93.94,91.68,89.49,86.97,84.40,82.37,80.65,78.55,76.33,74.03,72.00,71.16,69.84,67.11,64.13,61.23,59.04,56.50,53.73,50.98,48.44,46.02,43.56,41.19,39.44,37.23,34.32,31.66,28.43,24.51,21.26,18.93,17.19,15.08,13.09,11.27,8.88,5.26,1.59,e,e,e,e,e,e,e,e,e,e,e
1597.14,1595.81,1590.42,1577.42,1565.04,1553.06,1535.84,1510.67,1490.50,1475.17,1454.35,1432.49,1410.32,1383.43,1350.02,1327.12,1315.07,1317.32,1319.39,1315.57,1314.51,1302.06,1288.32,1283.25,1293.01,1303.92,1297.16,1284.08,1270.67,1255.12,1231.34,1207.07,1179.83,1160.84,1149.57,1130.76,1097.35,1069.87,1051.24,1030.13,1015.96,1013.61,1006.92,988.91,966.17,910.58,870.74,847.80,829.00,809.50,794.18,780.55,767.56,756.66,748.26,741.96,736.12,729.95,723.92,721.32,718.79,716.33,718.85,712.01,697.11,682.86,684.86,691.10,688.61,663.29,668.03,674.57,662.66,640.83,624.11,618.29,602.73,596.75,597.24,581.90,566.46,553.00,529.94,511.26,496.96,486.47,478.89,474.57,471.03,469.18,467.91,468.58,471.90,474.73,477.05,480.01,481.63,482.61,490.19,497.25,500.05,494.83,484.65,477.18,472.18,466.92,459.57,451.39,447.28,447.79,448.58,446.43,441.91,435.02,429.80,430.53,430.82,427.55,422.73,411.46,395.30,378.76,367.24,359.73,351.58,344.03,338.47,334.34,329.52,323.45,317.31,309.94,301.39,296.65,290.84,286.31,280.83,276.92,274.72,272.77,270.47,268.03,264.51,260.24,256.48,253.10,248.99,243.06,238.77,234.88,231.39,228.82,226.20,223.74,222.56,222.29,222.22,220.48,217.04,214.16,210.77,205.26,200.06,197.24,195.58,193.87,192.23,191.24,189.18,186.59,184.16,182.71,181.21,179.74,177.63,175.20,172.64,170.06,166.68,162.82,159.64,155.87,151.94,148.82,146.53,144.10,141.75,139.35,136.90,134.42,131.99,129.22,125.83,122.44,119.38,116.81,114.17,111.53,109.34,107.59,105.79,104.00,102.37,100.88,99.75,97.14,93.78,91.21,89.02,86.16,83.28,81.26,80.00,77.85,75.45,73.06,71.13,70.58,69.16,66.11,63.12,60.28,58.03,55.88,53.28,50.73,48.23,45.76,43.34,40.78,38.60,36.45,33.31,30.13,27.19,24.67,22.35,20.08,17.82,15.48,13.43,11.57,9.17,5.36,1.53,e,e,e,e,e,e,e,e,e,e,e
1611.47,1611.57,1602.48,1589.31,1580.43,1570.45,1553.19,1528.16,1509.11,1494.69,1473.09,1454.10,1437.85,1406.36,1367.59,1341.44,1335.18,1341.18,1341.66,1342.74,1332.37,1319.16,1309.31,1314.20,1316.09,1302.34,1286.13,1272.00,1261.59,1245.99,1220.70,1196.23,1167.67,1144.93,1126.48,1110.97,1092.16,1069.25,1047.45,1022.04,1001.37,989.27,979.10,964.42,949.06,906.58,869.94,845.21,826.67,811.23,799.75,788.76,778.54,766.71,762.37,760.68,756.22,750.19,740.64,738.41,739.41,740.87,742.43,730.56,711.30,707.42,713.18,709.75,699.63,685.09,696.27,693.26,675.70,656.58,647.48,637.34,623.97,626.20,619.70,604.60,592.76,569.27,546.28,538.09,518.80,498.33,490.16,481.58,470.88,466.12,460.89,457.24,454.91,451.73,451.78,453.57,454.70,459.37,464.96,469.63,472.10,469.16,462.01,454.22,448.66,444.06,437.48,430.55,427.71,425.78,424.47,421.69,417.41,408.67,401.21,399.08,401.63,403.56,403.24,400.53,390.63,377.06,369.23,365.71,360.04,351.52,345.16,341.86,337.92,331.84,324.98,317.77,306.34,297.28,291.88,288.63,285.96,282.99,279.52,276.43,273.31,269.62,265.39,260.81,258.31,254.73,248.20,241.51,237.72,235.02,232.82,230.91,228.64,226.69,225.73,224.89,223.10,220.82,217.37,213.10,209.46,204.27,200.28,199.65,198.61,196.71,194.96,193.27,190.75,188.25,186.16,184.35,182.66,180.82,178.45,175.70,173.04,170.38,166.56,162.33,158.69,155.41,151.96,148.96,146.48,144.17,142.08,139.38,136.54,133.96,131.46,128.59,124.97,121.46,118.70,116.50,114.17,111.63,109.53,107.98,106.31,104.58,102.63,100.85,99.29,96.50,93.49,90.51,87.78,84.73,81.74,79.53,78.26,76.25,74.10,71.90,70.28,69.55,67.62,64.64,61.45,58.79,56.65,54.64,52.62,50.33,47.77,45.24,42.77,40.21,37.72,35.02,33.17,30.86,28.11,25.58,22.89,20.22,17.96,15.77,13.67,11.67,9.18,5.36,1.49,e,e,e,e,e,e,e,e,e,e,e
1627.70,1626.54,1613.03,1602.49,1601.02,1589.75,1561.88,1540.46,1524.49,1510.50,1493.46,1472.76,1450.18,1422.93,1394.14,1363.11,1359.22,1364.56,1366.22,1367.03,1357.45,1346.58,1336.29,1322.11,1303.38,1286.84,1268.58,1252.96,1240.65,1231.68,1211.10,1182.08,1160.01,1135.19,1113.10,1092.67,1076.20,1063.46,1047.77,1023.50,999.87,974.35,955.50,937.23,917.95,890.19,864.50,844.19,829.22,817.72,809.63,803.89,797.46,785.17,782.51,788.82,783.29,774.25,757.96,755.63,757.99,761.68,764.09,750.88,735.95,738.79,740.03,725.93,712.02,704.93,717.21,714.26,700.23,683.84,667.20,650.76,645.09,650.91,643.28,622.34,601.74,576.10,561.33,555.51,534.79,519.16,512.92,503.09,487.19,478.83,473.94,465.08,456.76,447.89,441.51,439.72,438.91,441.51,444.77,443.38,441.99,441.01,437.22,430.58,425.71,421.48,417.17,413.44,410.46,408.44,405.14,401.02,398.37,389.86,381.02,377.06,375.64,376.24,379.69,383.30,383.07,377.42,375.19,373.43,368.73,361.71,353.81,348.13,343.13,336.64,328.89,321.72,314.45,307.51,301.23,297.01,293.57,288.78,283.52,279.28,276.47,272.88,269.98,265.74,261.86,254.16,246.93,241.87,238.96,236.59,234.37,232.47,230.73,229.22,227.68,225.14,222.53,219.84,215.69,211.18,207.34,203.94,202.52,202.17,200.84,199.07,197.19,194.59,191.72,189.20,187.22,185.31,183.41,181.55,179.28,176.05,172.84,169.87,166.24,162.24,158.33,154.79,151.37,147.78,144.33,141.69,140.11,137.86,135.11,132.83,130.26,127.62,123.89,120.31,118.42,116.54,114.41,112.19,110.15,109.01,107.09,105.20,103.23,101.07,98.29,95.13,92.16,89.39,86.67,83.76,80.67,78.06,76.23,74.40,72.38,70.36,68.83,67.62,65.91,63.19,60.54,58.15,55.82,53.52,51.24,49.02,46.45,43.76,41.25,38.73,35.74,32.93,30.86,29.55,27.01,24.37,21.97,19.81,17.71,15.51,13.39,11.40,8.89,5.26,1.58,e,e,e,e,e,e,e,e,e,e,e
1642.29,1640.53,1629.16,1621.38,1617.91,1599.17,1572.63,1556.06,1542.44,1528.72,1504.15,1476.84,1447.13,1421.32,1401.86,1390.84,1391.18,1395.10,1394.26,1382.30,1362.83,1341.27,1315.13,1292.66,1280.38,1275.37,1259.19,1237.60,1211.40,1198.82,1186.41,1167.46,1154.15,1128.83,1106.32,1081.08,1061.38,1049.15,1032.53,1015.84,998.41,969.57,942.74,919.74,898.43,878.43,867.16,854.58,843.07,836.53,831.60,834.44,826.57,804.32,804.09,819.26,812.64,799.01,779.31,774.77,779.23,786.13,786.68,775.11,764.06,764.16,756.46,741.51,731.94,726.80,737.67,735.72,722.97,703.32,681.22,669.59,670.51,673.93,656.11,627.57,601.33,590.82,582.34,566.93,551.03,546.37,543.63,535.75,522.35,507.87,497.43,485.70,472.24,456.77,441.68,435.91,432.51,430.73,428.86,425.89,423.43,420.82,417.75,415.40,412.71,408.39,405.80,400.43,397.56,394.21,389.85,386.50,381.66,376.37,370.96,368.67,366.49,364.71,365.59,367.72,369.58,372.46,379.16,380.20,376.55,368.71,359.84,352.13,345.10,337.70,330.04,323.77,318.64,314.23,309.16,303.63,298.13,292.09,286.96,283.29,280.51,276.26,272.18,266.75,260.44,251.35,246.39,243.31,240.54,238.06,236.05,234.25,232.55,230.48,227.90,224.94,222.01,218.83,214.65,210.34,207.14,205.84,204.87,203.70,202.12,200.69,198.74,195.80,192.66,189.75,187.80,185.85,183.87,182.00,179.55,175.69,171.76,168.58,165.67,162.31,158.73,153.83,150.21,146.93,142.82,139.78,138.56,136.83,134.78,132.82,130.91,128.60,124.81,121.47,119.59,117.76,115.58,113.42,111.51,110.11,108.33,105.86,103.18,100.67,97.88,94.55,91.02,88.23,85.65,83.00,80.28,77.94,75.87,73.83,71.66,69.64,67.74,66.06,64.40,62.37,60.52,58.40,56.10,53.80,51.43,48.87,46.32,43.96,41.75,39.44,35.88,32.86,31.15,28.84,26.39,24.22,21.81,19.30,17.41,15.68,13.74,11.34,8.74,5.23,1.87,e,e,e,e,e,e,e,e,e,e,e
1653.86,1657.64,1649.77,1643.58,1634.14,1610.00,1587.17,1573.28,1558.78,1540.99,1508.34,1476.68,1444.59,1435.21,1436.47,1435.76,1426.18,1413.30,1395.18,1366.73,1344.75,1322.55,1294.49,1269.24,1252.63,1248.42,1243.55,1227.36,1203.20,1180.80,1159.37,1144.89,1128.78,1107.87,1089.68,1064.47,1047.64,1034.05,1014.51,997.80,981.45,954.98,933.88,920.33,909.38,902.92,899.33,888.96,881.84,865.89,857.28,863.60,850.23,828.92,834.33,850.23,840.58,814.46,796.13,793.95,800.67,810.98,812.35,801.90,790.89,784.29,776.81,766.51,759.57,756.48,764.00,754.76,734.67,713.83,698.84,692.43,694.94,690.70,663.89,645.22,629.58,617.22,606.60,588.53,577.03,576.72,575.16,567.08,554.33,537.36,517.64,502.57,485.53,468.04,449.66,440.73,440.15,437.45,431.08,423.17,418.97,415.48,411.48,408.40,405.13,400.55,398.27,393.81,389.74,386.90,384.54,382.17,378.28,374.10,369.19,364.60,361.11,359.12,359.47,360.84,359.47,361.68,373.53,381.11,378.19,369.34,360.19,352.36,345.26,338.75,333.16,328.22,323.59,319.59,313.97,307.33,300.77,294.77,289.85,284.95,279.69,272.79,267.54,261.40,256.76,250.62,247.07,244.33,241.90,239.71,238.11,236.09,233.61,230.75,227.88,224.93,221.90,218.51,214.66,211.12,208.93,207.84,206.54,204.97,203.46,202.02,199.82,196.56,193.20,190.02,187.68,185.48,183.02,180.81,178.36,175.07,171.38,168.16,165.26,162.39,158.19,151.03,149.36,148.19,145.98,143.08,141.66,139.43,137.00,134.63,132.10,129.98,126.97,123.55,121.16,118.98,116.71,114.66,112.80,110.95,108.89,105.66,102.11,99.63,97.56,94.09,90.50,87.72,85.14,82.57,80.04,78.06,76.17,74.00,71.80,69.73,67.97,66.28,64.41,62.47,60.70,58.71,56.49,54.23,51.91,49.76,47.55,45.28,42.79,39.87,36.88,35.11,33.22,30.20,27.30,24.59,22.24,20.28,19.01,17.40,15.50,13.07,9.13,5.75,2.40,0.48,e,e,e,e,e,e,e,e,e,e
1654.74,1672.75,1667.97,1660.77,1646.43,1623.33,1603.01,1591.34,1577.41,1556.06,1522.72,1489.01,1461.77,1465.29,1468.75,1452.08,1427.52,1410.58,1390.25,1354.20,1328.00,1313.50,1302.58,1270.63,1239.86,1221.15,1209.73,1200.45,1188.22,1173.45,1153.16,1127.41,1100.92,1082.36,1064.50,1046.43,1031.10,1016.53,1000.54,985.28,971.21,955.45,950.67,951.73,954.89,959.75,955.63,941.78,913.01,890.31,887.92,886.69,861.04,846.54,857.97,866.48,850.97,826.76,817.47,820.46,821.06,832.89,845.29,834.91,814.48,805.69,806.00,802.56,795.54,793.71,789.50,767.21,743.11,728.81,723.72,716.66,710.38,699.48,681.98,668.82,655.66,644.81,630.07,611.41,604.73,599.26,585.54,568.38,551.32,530.96,510.49,491.41,473.23,465.25,463.34,466.35,468.23,464.67,454.94,444.89,436.87,430.11,424.39,418.67,414.52,406.97,400.21,394.19,390.46,388.23,387.44,388.59,388.07,382.53,375.27,368.19,360.38,356.26,355.09,355.33,355.44,358.75,367.81,379.92,376.89,365.87,357.44,350.86,344.16,338.80,334.71,330.26,325.65,320.71,314.29,307.19,300.15,294.52,289.52,282.29,273.60,266.80,260.79,257.32,254.10,250.61,248.25,246.57,244.51,242.32,239.75,236.80,233.56,230.43,227.64,224.50,222.03,218.84,215.09,211.50,210.19,209.18,207.63,205.92,204.03,202.01,199.75,196.61,193.19,190.01,187.22,184.76,182.42,179.52,175.90,173.53,170.62,167.21,163.90,161.29,157.32,151.91,151.28,150.76,150.03,147.79,144.98,141.81,138.76,136.13,133.49,130.81,128.16,125.28,122.62,120.09,117.89,115.92,113.90,111.66,108.88,105.33,101.76,99.30,97.25,93.96,90.54,87.81,85.30,82.84,80.45,78.50,76.39,74.34,72.25,70.21,68.54,66.84,64.71,62.70,60.76,58.88,56.84,54.66,52.54,50.51,48.23,45.96,43.16,40.70,39.09,36.92,33.42,29.95,27.42,25.50,23.73,22.20,20.70,18.77,16.77,14.28,9.80,6.21,2.85,0.87,e,e,e,e,e,e,e,e,e,e
1651.58,1680.10,1687.69,1677.04,1658.89,1632.72,1615.38,1602.51,1583.28,1562.03,1540.46,1517.47,1499.40,1501.41,1477.17,1439.31,1411.76,1388.53,1365.03,1332.41,1306.22,1293.73,1282.22,1261.35,1237.24,1212.35,1191.39,1176.85,1163.03,1149.01,1138.87,1117.63,1095.40,1073.37,1057.33,1042.80,1027.96,1014.96,1005.07,996.08,983.95,972.45,980.57,986.03,988.25,989.56,968.33,948.90,922.08,906.17,909.21,896.67,871.63,871.84,885.47,883.12,861.44,839.32,843.41,846.21,840.25,854.90,866.90,855.31,838.81,837.11,841.05,839.03,829.15,815.34,801.37,780.72,765.05,757.87,754.22,745.83,733.35,717.03,698.09,676.54,659.24,645.56,628.06,610.43,598.69,586.34,568.78,551.34,535.67,514.31,493.27,479.13,479.07,482.64,489.87,498.18,500.78,497.78,489.54,478.58,469.76,462.39,455.07,448.19,445.06,441.00,432.41,421.98,411.23,403.04,400.38,401.92,401.43,393.53,383.76,376.58,365.63,356.20,351.09,350.61,353.04,356.68,362.50,375.79,373.74,363.24,355.08,348.41,341.40,336.98,333.33,329.97,322.84,314.99,308.60,302.37,295.60,289.71,283.55,275.06,268.46,263.81,259.38,256.86,254.78,252.68,250.76,249.27,247.14,244.07,240.34,237.31,234.36,231.02,226.46,221.99,220.03,217.24,214.04,211.25,210.32,209.45,207.38,205.27,203.36,201.33,198.23,195.17,192.56,189.01,184.58,182.40,181.03,177.69,172.84,170.57,168.21,164.47,161.47,159.34,156.82,153.67,152.62,151.74,151.05,150.01,147.41,143.84,140.32,137.45,134.66,131.89,129.11,126.78,124.08,121.45,119.08,116.80,114.24,111.58,108.69,105.55,102.36,99.59,96.83,93.77,90.93,88.43,86.03,83.67,81.31,79.18,77.17,75.14,73.10,71.01,69.22,67.18,65.00,62.97,60.96,58.94,56.91,54.77,52.71,50.53,48.47,46.43,44.08,42.37,40.59,37.53,34.25,31.20,28.88,27.14,25.36,23.45,21.41,19.46,17.18,13.73,10.14,6.63,3.19,0.41,e,e,e,e,e,e,e,e,e,e
1660.58,1685.28,1702.18,1696.19,1673.72,1647.39,1625.84,1609.90,1589.05,1569.35,1556.35,1539.82,1524.19,1505.56,1467.19,1431.43,1398.56,1378.14,1361.12,1340.08,1313.36,1286.98,1261.91,1243.86,1225.22,1206.99,1191.63,1176.35,1158.53,1141.44,1126.53,1111.45,1095.84,1079.21,1064.05,1054.33,1048.55,1043.89,1035.68,1022.38,1004.93,992.99,1002.68,1014.38,1014.10,1002.33,976.08,952.96,930.62,929.22,933.47,918.90,895.72,895.95,910.65,899.62,875.73,856.77,864.76,868.03,863.01,877.47,886.96,870.40,862.17,863.54,864.19,859.66,847.72,826.86,811.19,801.37,791.06,781.67,773.23,760.39,744.45,722.25,698.94,672.18,651.09,630.88,611.78,592.06,575.24,563.26,548.90,535.19,519.24,498.92,486.90,493.73,502.50,506.24,513.92,524.83,529.91,528.90,522.65,512.84,507.62,500.44,494.20,484.29,481.77,477.63,468.05,455.21,439.32,422.28,414.25,408.31,402.08,395.75,388.79,381.34,369.10,356.69,349.69,347.91,351.02,352.64,356.16,369.99,370.80,359.66,352.10,345.36,338.53,333.52,328.75,321.29,311.03,303.50,298.12,293.34,287.01,281.24,277.02,270.42,266.82,263.94,261.31,259.28,257.50,255.53,253.47,251.53,249.31,246.23,242.62,239.62,234.89,230.31,224.56,221.05,219.27,217.17,214.19,211.01,209.04,207.11,204.92,202.71,200.91,199.00,194.50,191.85,189.21,184.03,180.00,177.73,175.64,171.68,169.17,167.29,165.25,161.37,159.69,158.31,156.30,154.56,153.44,152.53,151.63,150.70,149.04,145.49,141.86,138.71,136.01,133.48,131.10,128.97,125.80,122.92,120.12,117.21,114.09,111.00,108.25,105.34,102.33,99.66,96.93,94.32,91.78,89.41,87.03,84.67,82.33,80.20,78.15,76.00,73.71,71.55,69.68,67.40,65.21,63.11,60.96,58.69,56.37,54.16,52.23,50.17,48.24,46.32,44.36,42.39,40.39,37.83,35.13,32.50,30.07,28.15,26.21,24.20,22.18,20.09,17.02,13.72,10.45,7.03,3.63,0.73,e,e,e,e,e,e,e,e,e,e
1644.94,1670.22,1697.99,1710.52,1691.26,1661.82,1633.09,1613.44,1598.39,1580.86,1560.55,1537.88,1513.03,1488.64,1453.54,1422.20,1391.22,1373.54,1360.28,1341.96,1311.88,1286.92,1260.38,1242.13,1228.31,1217.09,1204.92,1185.91,1171.43,1158.62,1142.58,1124.84,1111.78,1104.04,1088.92,1079.26,1078.21,1081.88,1070.63,1048.57,1020.29,1011.25,1025.84,1039.30,1033.65,1012.15,982.73,959.11,948.81,958.75,958.28,944.13,922.91,925.61,929.58,909.16,888.59,880.98,891.23,893.81,891.98,904.54,901.51,890.91,888.87,886.75,880.20,863.72,846.20,822.43,806.28,795.59,785.78,773.14,761.23,752.76,736.18,713.47,692.45,669.12,648.63,624.40,602.09,577.55,557.23,542.25,527.78,514.53,505.27,498.15,502.44,523.32,536.82,539.71,540.75,549.43,552.18,548.36,542.36,534.77,529.85,523.46,517.25,509.56,502.85,492.50,478.72,463.04,446.22,429.30,418.58,410.36,402.77,396.30,390.05,382.35,369.53,357.71,350.25,343.85,346.84,348.00,350.73,365.95,367.29,355.56,349.04,343.49,336.62,328.82,319.68,307.77,300.32,295.53,290.25,286.10,281.39,277.86,274.56,270.79,268.03,265.71,263.65,261.98,260.31,258.45,256.01,253.65,250.77,245.66,241.64,237.53,231.87,228.54,226.19,224.10,222.44,220.34,217.43,214.55,210.47,207.16,204.45,201.93,198.77,194.61,190.22,187.80,183.82,179.86,179.61,179.87,178.40,173.83,171.74,170.09,166.31,162.49,160.13,158.53,156.86,155.32,153.85,152.66,151.75,150.87,149.69,146.53,143.14,140.08,137.66,135.25,133.00,130.38,127.27,124.03,121.14,117.79,113.89,110.20,107.59,105.06,102.47,100.07,97.56,95.07,92.64,90.24,87.96,85.63,83.34,81.15,78.80,76.40,74.05,71.99,69.78,67.01,64.22,62.03,59.92,57.82,55.66,53.52,51.73,50.06,47.86,45.73,43.66,41.61,39.67,37.58,35.03,32.48,30.55,28.73,26.62,24.39,22.41,20.23,17.27,14.04,10.83,7.46,4.04,1.13,e,e,e,e,e,e,e,e,e,e
1635.12,1663.70,1690.93,1709.71,1693.86,1664.45,1636.91,1612.13,1588.27,1562.88,1535.47,1519.19,1499.15,1472.51,1443.98,1414.53,1386.23,1358.12,1341.72,1320.10,1299.09,1286.00,1271.15,1254.70,1247.25,1237.65,1216.54,1201.26,1197.37,1181.73,1159.72,1139.92,1134.55,1130.75,1119.41,1108.97,1103.72,1097.51,1073.09,1047.88,1034.06,1048.31,1062.05,1060.09,1042.92,1015.93,986.42,969.84,978.03,995.29,987.94,963.62,945.21,951.12,944.09,926.37,912.73,901.67,906.82,918.61,924.88,929.33,919.57,914.34,907.20,897.45,882.18,860.64,837.30,811.28,791.73,777.54,765.86,755.99,743.35,734.85,722.76,700.56,675.25,654.03,639.89,619.08,598.49,570.90,547.36,534.26,527.90,523.52,522.33,526.69,532.08,551.41,567.78,569.53,566.32,563.08,557.45,550.82,542.86,536.21,530.22,522.73,516.32,508.84,501.29,487.25,474.59,459.87,447.66,435.24,421.99,413.96,409.13,403.71,394.89,385.41,372.24,358.27,348.88,340.32,341.26,342.39,347.83,360.52,361.43,352.11,346.74,342.77,335.71,324.79,311.81,300.01,296.53,293.25,289.26,286.44,283.64,280.45,277.06,273.38,270.05,267.85,266.24,264.67,262.90,260.80,257.94,253.85,248.63,240.10,236.81,234.13,232.31,231.54,229.67,227.29,224.69,221.94,219.27,215.94,211.88,208.36,205.56,202.96,200.19,196.03,192.56,191.06,188.47,184.62,184.09,182.89,180.38,177.59,174.89,172.20,168.76,165.18,161.92,159.34,157.66,156.00,154.30,152.66,151.75,150.92,149.92,147.28,144.23,141.24,138.59,136.08,133.59,131.24,128.27,124.83,121.58,118.23,114.18,110.33,107.77,105.43,103.04,100.63,98.17,95.68,93.22,90.91,88.67,86.43,84.08,81.53,79.00,76.90,74.70,72.29,69.32,66.01,62.67,60.06,58.43,56.73,55.19,53.74,52.29,50.72,48.27,45.61,43.02,40.70,38.75,37.00,34.72,32.52,30.86,28.92,26.60,24.23,22.20,20.39,17.70,14.54,11.38,8.14,4.71,1.29,e,e,e,e,e,e,e,e,e,e
1629.52,1658.61,1683.95,1704.99,1692.22,1667.56,1647.70,1624.85,1589.22,1557.70,1537.45,1521.03,1502.31,1475.60,1445.04,1413.28,1384.95,1355.61,1336.52,1323.00,1315.87,1303.90,1288.09,1273.99,1267.46,1248.00,1229.39,1226.09,1212.98,1188.36,1169.46,1157.76,1160.67,1157.70,1143.47,1131.11,1116.61,1093.25,1071.08,1057.26,1062.49,1078.54,1080.19,1065.40,1041.14,1014.24,994.85,993.05,1005.14,1017.09,1003.82,980.96,976.42,972.83,964.48,955.60,939.06,922.80,921.81,933.53,947.34,946.16,937.83,922.30,900.66,882.45,868.49,854.51,833.96,808.74,786.39,764.05,746.71,738.34,723.82,712.13,704.67,683.19,657.70,638.72,621.97,607.47,588.15,563.05,548.01,546.54,547.40,546.80,552.11,557.89,562.55,573.93,584.25,581.54,571.06,560.08,550.88,544.33,537.47,531.66,524.27,516.53,509.67,501.87,498.34,488.30,474.01,458.77,448.58,440.18,431.48,423.75,420.33,417.40,410.54,397.66,374.05,354.68,345.25,339.38,337.13,337.88,342.73,353.38,355.83,349.31,344.20,340.17,332.34,320.52,307.72,299.47,294.47,291.37,288.45,284.48,283.70,282.62,280.05,276.56,272.95,270.14,267.47,263.69,261.81,260.45,256.13,250.45,243.59,240.83,239.43,237.19,235.63,233.52,231.39,228.93,225.94,222.90,219.74,215.97,212.05,208.66,205.88,203.19,200.76,198.26,195.52,193.51,191.24,188.41,185.59,182.41,179.41,176.96,174.34,171.66,168.85,165.68,162.50,159.65,157.79,156.01,154.23,152.56,151.37,150.83,149.96,147.56,144.65,141.77,139.04,136.53,133.97,131.46,128.66,125.02,121.38,117.85,114.30,110.96,108.47,106.08,103.46,100.86,98.45,96.12,93.78,91.51,89.26,87.20,85.00,82.44,80.45,78.72,76.09,72.78,69.31,66.24,63.22,60.61,59.31,57.94,56.51,54.86,52.98,50.92,48.36,45.84,43.16,40.54,38.38,36.43,34.48,32.61,30.85,28.82,26.50,24.15,21.86,20.11,17.77,15.04,12.22,9.15,5.48,1.83,e,e,e,e,e,e,e,e,e,e
1619.71,1647.64,1675.43,1697.69,1698.40,1682.13,1661.39,1632.27,1592.10,1566.22,1542.85,1519.41,1499.02,1474.08,1440.15,1407.05,1382.65,1365.26,1350.97,1343.58,1332.60,1315.35,1303.86,1293.29,1273.33,1250.92,1251.20,1244.78,1217.34,1193.96,1182.68,1190.50,1189.33,1180.34,1158.88,1137.10,1111.72,1091.11,1084.36,1083.36,1085.21,1094.34,1079.79,1059.59,1036.30,1020.25,1015.37,1020.45,1028.21,1032.81,1015.87,1000.06,999.22,995.73,987.14,969.64,952.62,944.89,944.24,952.94,967.57,961.53,942.93,919.00,894.54,869.76,852.11,835.90,819.88,802.82,784.31,760.62,736.93,718.19,703.51,692.23,684.89,666.15,646.21,626.40,611.86,598.01,578.43,564.94,561.47,568.07,573.15,576.17,582.42,586.30,589.23,593.39,590.58,579.42,565.95,553.29,544.83,536.90,530.67,524.30,518.41,511.48,501.65,493.66,490.79,484.60,469.80,457.95,450.48,444.29,438.37,433.18,428.88,424.42,419.56,406.75,380.58,358.39,347.02,342.42,336.82,333.24,333.22,340.64,344.45,341.12,338.18,333.98,326.06,316.25,307.14,300.19,294.23,290.30,287.02,281.69,279.67,280.61,279.79,276.22,273.04,269.27,262.91,259.01,257.25,253.31,249.77,246.32,245.02,243.61,241.73,239.90,237.63,234.87,232.20,229.63,226.31,222.96,219.70,216.17,212.36,208.94,206.14,203.38,200.70,198.27,195.78,193.27,190.66,187.95,185.06,181.98,179.18,176.63,174.09,171.52,168.82,165.77,162.74,159.85,157.81,155.94,154.18,152.52,151.01,150.38,149.47,147.06,144.30,141.50,138.66,136.06,133.60,131.13,127.98,124.13,120.45,117.67,114.45,111.63,109.32,106.63,103.36,100.23,97.83,95.60,93.42,91.26,89.24,87.49,85.60,83.71,81.85,79.87,77.07,73.96,70.91,68.19,65.73,63.50,61.65,59.35,56.97,54.16,51.55,49.45,47.28,45.23,43.10,40.91,38.73,36.58,34.43,32.47,30.60,28.52,26.24,23.96,21.68,19.34,16.95,14.46,11.96,9.12,5.52,1.94,e,e,e,e,e,e,e,e,e,e
1614.46,1640.28,1663.74,1687.63,1692.00,1672.09,1650.86,1619.36,1588.53,1568.32,1546.72,1523.90,1501.42,1473.58,1435.97,1404.55,1392.47,1393.52,1380.87,1358.32,1341.35,1334.20,1321.89,1299.04,1276.99,1273.79,1274.26,1252.66,1224.76,1212.07,1214.50,1218.08,1212.14,1192.27,1163.98,1141.25,1124.43,1119.88,1117.46,1107.40,1103.71,1099.98,1075.45,1057.17,1045.54,1044.10,1040.33,1043.36,1049.18,1051.95,1045.40,1039.74,1030.50,1017.12,1000.60,983.10,974.05,969.99,974.42,987.25,985.27,961.66,939.07,917.20,894.79,863.91,838.43,817.16,803.93,794.87,779.86,758.31,734.12,708.35,690.80,676.09,662.78,649.39,634.70,618.88,606.83,593.03,582.70,587.06,585.02,593.42,602.92,606.72,610.70,613.14,611.12,602.65,590.74,579.59,570.18,561.28,552.97,543.82,532.68,521.85,512.31,505.30,496.42,486.01,479.11,473.34,463.45,455.49,450.79,444.67,438.91,433.13,428.01,422.54,416.66,406.16,386.65,364.65,346.48,342.69,340.37,334.24,329.22,326.96,327.72,329.15,328.60,325.08,318.74,311.29,304.40,298.55,294.87,292.90,291.19,287.92,281.86,276.92,271.82,269.76,267.27,264.75,261.75,259.83,258.67,255.00,251.86,249.84,247.66,245.47,243.52,241.55,239.23,236.31,233.11,229.72,226.09,222.40,218.85,215.58,212.30,209.12,206.22,203.36,200.48,197.94,195.47,192.80,190.09,187.44,184.77,182.03,179.39,176.83,174.27,171.76,169.02,166.08,163.13,160.28,158.07,156.03,154.05,152.32,150.68,149.10,147.41,145.20,143.00,140.39,137.43,134.51,132.06,129.63,126.59,123.02,119.58,117.18,114.67,112.33,109.99,107.07,103.94,100.88,98.19,95.57,93.06,90.64,88.39,86.63,84.98,83.24,81.31,79.04,76.31,73.55,70.87,68.39,66.16,64.01,61.76,59.62,56.28,53.40,51.34,49.79,47.58,45.21,42.95,40.71,38.70,36.75,34.58,32.50,30.53,28.65,26.52,24.23,21.92,19.62,17.10,14.30,11.57,8.63,5.07,1.58,e,e,e,e,e,e,e,e,e,e
1628.72,1657.90,1668.69,1685.71,1690.84,1671.30,1647.67,1616.16,1587.10,1562.71,1541.78,1518.90,1494.08,1467.74,1440.92,1421.73,1419.45,1411.72,1391.24,1371.05,1362.37,1347.55,1330.06,1311.25,1299.80,1304.25,1288.15,1256.20,1243.80,1249.26,1252.20,1240.74,1220.98,1194.22,1172.53,1163.75,1162.63,1161.90,1148.30,1127.80,1123.19,1103.22,1085.79,1075.02,1070.05,1070.76,1067.19,1068.62,1073.12,1077.44,1073.52,1065.46,1050.99,1033.39,1021.79,1006.42,999.07,997.19,997.55,994.69,974.57,950.26,929.34,911.05,891.93,865.25,837.81,811.81,790.53,778.01,765.91,751.72,727.19,700.01,682.15,664.90,652.67,645.99,638.30,626.98,615.89,605.37,599.64,611.70,613.57,621.76,631.22,634.39,633.91,627.12,615.74,604.03,594.18,583.95,573.48,563.85,555.14,546.63,535.70,523.44,514.99,507.14,495.39,482.00,469.85,463.76,455.85,447.65,441.39,436.87,429.95,423.95,419.12,413.86,408.03,400.03,384.94,365.20,345.92,339.11,338.53,336.07,332.63,329.08,321.98,318.65,318.03,315.50,311.75,307.75,302.06,298.76,297.73,295.81,293.84,291.63,287.85,283.00,277.57,270.92,269.73,269.18,266.92,264.80,263.00,260.19,255.75,252.09,249.21,246.92,244.64,242.40,239.95,236.18,232.32,228.77,225.41,222.00,218.69,215.56,212.47,209.39,206.43,203.49,200.57,198.08,195.54,192.88,190.19,187.55,184.86,182.15,179.51,177.01,174.48,172.03,169.47,166.56,163.57,160.64,158.28,156.14,154.03,151.98,149.90,147.28,144.85,142.55,140.67,138.61,135.78,132.81,129.85,127.16,124.41,121.45,118.83,116.56,114.30,112.18,109.94,107.13,104.19,101.23,98.42,95.84,93.29,90.78,88.33,85.97,83.92,82.28,80.69,78.43,75.53,72.39,69.54,67.38,65.13,62.85,60.64,58.31,55.94,54.38,52.97,51.11,48.71,46.50,44.30,42.15,40.09,37.67,35.16,32.90,30.76,28.78,26.91,24.78,22.60,20.55,17.81,14.83,11.85,8.74,5.13,1.56,e,e,e,e,e,e,e,e,e,e
1646.31,1664.09,1669.61,1685.06,1698.82,1685.64,1656.35,1629.12,1603.05,1568.73,1545.04,1516.62,1498.32,1482.02,1461.09,1450.21,1436.64,1418.91,1400.78,1390.05,1372.47,1356.44,1345.90,1332.10,1326.38,1310.98,1287.74,1274.18,1280.83,1284.11,1264.27,1238.66,1220.64,1199.32,1188.05,1181.60,1183.95,1179.73,1163.71,1145.74,1136.12,1117.56,1107.17,1100.49,1099.52,1099.42,1098.28,1096.89,1096.52,1100.34,1099.12,1086.63,1069.97,1060.33,1051.19,1026.35,1002.48,994.35,984.61,971.63,953.79,934.77,917.32,902.23,882.10,860.82,839.55,810.71,782.95,763.50,754.19,742.27,720.46,698.26,680.10,670.67,666.48,661.33,652.68,643.15,643.90,636.95,626.92,634.26,643.13,652.50,655.61,651.71,642.20,629.24,617.90,606.05,595.03,584.64,574.21,563.45,553.24,543.13,529.92,517.64,508.35,499.17,489.04,477.60,463.90,454.31,446.75,438.65,431.64,426.41,418.28,411.95,407.62,403.95,398.72,389.07,375.44,363.41,355.21,344.35,336.18,333.36,332.43,330.36,324.88,319.75,315.75,311.23,308.69,306.01,302.63,300.68,299.86,298.01,295.04,292.15,289.34,285.64,281.58,276.77,274.33,271.80,268.82,266.22,263.27,260.12,256.77,253.14,249.73,247.00,244.35,242.14,239.74,235.83,231.65,228.16,225.11,221.95,218.79,215.75,212.74,209.80,206.88,203.95,201.00,198.28,195.63,192.99,190.35,187.68,184.93,182.18,179.55,177.13,174.68,172.26,169.77,166.70,163.56,160.52,158.12,155.98,153.84,151.87,149.55,146.50,143.58,140.95,138.56,136.67,134.05,131.28,128.36,125.15,121.99,119.50,117.83,115.90,113.72,111.66,109.47,106.78,104.03,101.29,98.62,96.00,93.40,90.75,88.16,85.73,83.34,81.19,79.43,77.92,75.80,73.02,70.61,68.53,66.00,63.59,61.24,58.86,57.17,55.26,53.20,51.10,49.00,46.86,44.66,42.45,40.32,38.14,35.77,33.48,31.33,29.27,27.20,24.97,22.71,20.48,17.94,14.98,12.08,9.17,5.41,1.69,e,e,e,e,e,e,e,e,e,e
1649.01,1649.09,1658.12,1676.97,1696.99,1696.46,1668.12,1647.30,1623.43,1591.98,1552.75,1524.86,1513.01,1497.32,1482.63,1467.75,1451.79,1436.48,1419.94,1401.22,1390.86,1381.14,1366.29,1356.36,1337.90,1317.09,1304.15,1297.81,1306.86,1297.05,1267.77,1239.32,1229.83,1223.78,1210.91,1201.58,1200.01,1189.13,1178.36,1167.96,1151.85,1139.38,1129.63,1125.50,1126.89,1125.14,1125.49,1128.47,1127.71,1125.55,1115.73,1100.08,1082.88,1066.14,1050.09,1024.47,994.58,976.68,962.66,948.23,934.96,919.33,904.75,887.59,866.01,847.15,824.37,800.54,774.92,753.09,745.14,733.14,714.57,698.79,687.67,687.23,685.65,678.69,671.53,673.50,673.01,659.86,652.83,656.16,663.79,668.12,663.05,652.38,640.72,627.42,616.45,604.37,592.37,582.06,572.60,561.69,550.87,539.12,525.24,511.55,500.19,491.03,482.07,473.25,463.98,454.51,445.12,436.87,431.19,425.77,419.52,413.91,408.80,401.39,395.18,388.70,382.14,381.21,377.20,363.26,343.12,332.19,329.30,327.65,324.69,321.56,317.67,312.69,309.98,307.88,304.81,302.49,300.94,298.72,295.34,292.05,288.96,285.44,281.72,278.24,275.12,271.68,268.30,265.44,263.08,260.56,256.63,252.25,248.98,246.39,243.77,241.37,238.97,235.29,231.44,228.06,225.01,221.96,218.95,216.07,213.22,210.36,207.41,204.38,201.34,198.43,195.71,193.02,190.32,187.59,184.90,182.18,179.58,177.18,174.77,172.37,169.92,166.83,163.63,160.53,157.78,155.17,152.74,150.63,148.48,145.43,142.78,140.38,137.88,135.40,132.98,130.50,127.37,124.01,120.74,118.53,116.80,115.08,113.31,111.54,109.56,106.86,104.16,101.43,98.84,96.28,93.67,91.20,88.79,86.01,83.14,80.61,78.16,76.39,74.94,73.46,71.62,69.29,66.81,64.37,61.99,59.60,57.31,55.13,53.02,50.89,48.76,46.62,44.40,42.14,39.88,37.73,35.71,33.70,31.66,29.48,26.99,24.57,22.27,20.10,17.63,15.05,12.54,9.97,6.32,2.27,e,e,e,e,e,e,e,e,e,e
1623.07,1629.20,1651.80,1675.90,1698.94,1709.89,1677.28,1647.90,1616.35,1582.19,1557.53,1544.59,1533.60,1516.24,1499.13,1481.13,1468.00,1453.29,1436.70,1420.74,1415.96,1401.28,1391.59,1372.01,1357.41,1349.06,1337.93,1326.22,1318.56,1292.69,1277.09,1256.31,1251.13,1244.63,1230.21,1225.22,1219.97,1210.39,1199.47,1185.23,1169.69,1159.46,1151.34,1152.32,1155.12,1152.74,1151.85,1145.84,1134.24,1119.71,1103.76,1088.27,1069.96,1053.03,1035.91,1016.16,993.48,965.25,946.70,932.74,916.99,902.55,885.25,865.49,845.57,825.51,804.20,785.09,764.89,748.91,737.80,726.84,714.69,706.81,702.94,704.15,704.34,703.87,705.12,705.25,695.36,680.89,673.96,674.01,673.65,667.90,659.28,647.36,634.50,622.36,612.27,600.53,589.30,578.22,569.10,560.02,548.53,536.26,523.81,511.46,500.92,493.03,484.46,478.17,471.81,462.97,453.16,445.03,439.94,434.95,429.54,423.73,416.37,409.29,404.33,400.18,396.82,394.53,391.11,379.91,357.40,339.95,329.88,326.08,323.46,320.49,316.93,313.48,310.59,308.66,306.35,304.18,301.52,298.93,295.38,291.77,288.09,284.34,280.54,276.77,273.40,270.45,267.51,264.24,261.43,258.67,254.84,250.82,247.80,245.23,242.83,240.45,237.68,234.40,230.91,227.84,224.93,222.00,219.11,216.27,213.45,210.59,207.66,204.66,201.62,198.47,195.49,192.68,189.82,187.33,184.73,182.16,179.88,177.40,174.78,172.18,169.67,166.88,163.75,160.97,158.27,155.25,152.23,149.49,146.98,144.42,142.04,139.76,137.39,134.96,132.57,130.00,126.69,123.25,120.04,117.95,116.26,114.67,113.01,111.50,109.87,107.09,104.16,101.31,98.73,96.41,93.99,91.75,89.33,86.37,83.39,80.60,78.08,75.53,73.39,71.77,70.43,68.81,66.67,64.44,62.13,59.79,57.36,54.90,52.56,50.35,48.10,45.91,43.84,41.77,39.59,37.27,34.94,32.88,30.88,28.67,26.43,24.25,22.25,20.34,18.04,15.62,13.25,10.86,7.32,2.64,e,e,e,e,e,e,e,e,e,e
1580.61,1612.28,1645.72,1670.84,1685.34,1699.40,1677.89,1650.52,1617.89,1589.15,1581.18,1568.59,1552.77,1532.43,1511.01,1499.58,1482.18,1463.46,1451.00,1447.43,1442.85,1421.96,1412.98,1409.75,1399.93,1381.95,1365.09,1344.83,1323.23,1309.93,1299.32,1283.68,1271.80,1258.10,1248.42,1250.74,1242.44,1229.37,1215.53,1198.04,1187.97,1183.11,1180.35,1180.62,1177.32,1167.64,1152.23,1134.07,1115.94,1098.60,1087.59,1072.12,1055.54,1038.97,1021.56,1005.30,984.91,959.14,936.91,918.45,902.80,885.93,867.33,851.15,833.89,813.64,793.22,781.22,771.31,760.68,747.45,738.23,731.94,730.80,733.28,731.76,732.63,740.62,741.11,729.25,713.51,701.55,691.16,681.91,671.90,662.21,651.04,637.95,625.15,613.80,603.39,593.36,583.50,573.97,566.66,559.89,551.35,540.66,530.74,521.37,509.33,499.67,492.52,485.02,475.80,466.07,459.30,453.48,449.04,442.60,436.96,431.95,424.42,417.19,412.22,407.99,405.00,403.00,400.38,391.55,374.67,359.24,342.46,330.86,324.88,319.52,316.56,314.50,312.54,309.88,308.75,305.97,302.06,298.41,294.60,290.91,287.61,284.30,281.09,277.72,274.20,270.94,267.89,264.89,262.08,258.90,254.38,249.87,246.75,243.91,241.28,238.84,236.10,233.04,230.06,227.37,224.56,221.82,219.21,216.37,213.51,210.64,207.78,204.63,201.30,198.19,195.20,192.35,189.52,187.14,184.83,182.35,180.14,177.59,174.71,171.78,169.10,166.63,163.92,161.42,158.66,155.49,152.32,149.34,146.69,144.08,141.50,139.13,136.96,134.70,132.35,129.76,126.25,122.60,119.55,118.06,116.97,115.47,113.55,111.79,110.06,107.27,103.38,100.41,97.97,95.57,93.23,91.17,89.01,86.32,83.41,80.59,78.05,75.49,72.99,70.65,68.77,67.40,65.47,63.37,61.40,59.60,57.22,54.45,51.22,48.81,46.55,44.39,42.58,40.83,38.56,36.39,34.19,32.30,30.56,28.52,26.52,24.65,22.70,20.71,18.62,16.34,13.98,11.68,8.19,2.23,e,e,e,e,e,e,e,e,e,e
1572.04,1594.38,1624.67,1645.95,1669.99,1691.42,1681.03,1656.04,1631.38,1609.63,1597.31,1575.71,1555.28,1541.08,1526.46,1516.32,1500.03,1485.81,1476.32,1470.05,1458.64,1437.38,1435.49,1429.04,1411.97,1393.55,1376.62,1353.08,1340.30,1332.68,1320.76,1304.19,1285.99,1275.20,1268.75,1269.91,1259.11,1241.83,1229.00,1224.76,1229.49,1220.58,1207.97,1200.67,1180.23,1153.24,1133.73,1116.25,1098.88,1082.32,1069.02,1054.21,1037.89,1022.21,1008.28,994.13,974.98,955.40,935.63,913.78,893.02,875.42,859.19,842.34,826.38,811.51,806.30,801.24,791.42,781.45,774.50,764.61,759.50,760.37,768.35,761.04,756.59,762.18,759.96,747.63,730.17,714.33,700.53,686.06,673.83,663.45,652.37,638.71,626.65,613.60,601.33,590.81,579.37,568.21,560.67,553.75,548.35,541.38,533.47,524.29,514.44,505.95,498.22,490.14,481.61,473.81,468.49,463.46,458.49,453.01,447.00,441.31,435.19,428.48,420.51,413.69,407.92,403.67,400.05,395.95,391.28,383.44,366.93,351.82,338.70,328.59,322.29,319.80,319.32,315.96,310.72,305.98,301.17,297.25,293.59,290.07,287.42,284.44,281.60,278.84,275.57,272.20,268.88,265.93,263.06,259.89,254.42,249.29,246.05,242.99,240.00,237.33,234.74,231.96,229.31,226.85,224.28,221.76,219.28,216.50,213.69,210.92,207.98,204.77,201.55,198.54,195.75,193.02,190.74,188.45,185.78,183.03,180.44,177.68,174.76,171.84,169.08,166.34,163.52,161.14,158.40,155.25,152.06,149.15,146.57,144.06,141.54,139.13,136.81,134.56,132.27,129.75,126.38,123.09,120.64,119.70,118.34,116.39,114.37,112.52,110.58,107.20,102.73,99.07,96.64,94.23,91.87,89.72,87.86,85.83,83.31,80.72,78.14,75.39,72.50,70.02,67.97,66.07,64.23,62.48,60.86,59.08,56.94,54.33,51.73,49.28,46.54,43.94,41.49,39.59,37.61,36.03,34.46,32.89,31.21,29.19,26.93,24.69,22.48,20.39,18.58,16.78,14.67,12.71,10.07,3.90,e,e,e,e,e,e,e,e,e,e
1554.38,1572.13,1599.92,1628.94,1663.67,1698.21,1693.66,1667.78,1642.19,1607.58,1582.22,1560.32,1540.37,1523.88,1507.78,1506.25,1506.39,1503.65,1498.87,1488.90,1471.24,1457.74,1445.34,1432.31,1416.21,1400.45,1388.78,1373.29,1363.79,1349.92,1332.98,1311.74,1296.69,1291.03,1291.33,1286.48,1276.10,1267.74,1265.08,1263.85,1256.92,1238.87,1223.04,1203.29,1175.65,1147.90,1128.62,1108.90,1090.20,1072.08,1056.29,1038.86,1023.09,1009.53,998.50,983.26,967.01,948.48,929.75,912.17,897.46,883.33,868.45,850.20,837.96,829.02,824.67,817.52,809.34,807.61,808.85,805.29,799.81,797.36,804.21,790.80,778.35,777.77,767.48,753.01,736.75,722.92,710.14,695.91,683.46,672.90,660.00,645.55,631.98,617.55,604.61,593.68,581.98,569.06,558.35,547.17,540.50,535.75,530.35,524.26,517.00,510.31,502.59,494.79,487.39,479.93,474.64,469.77,464.62,459.61,452.53,445.46,438.66,430.64,421.10,411.71,404.58,399.87,394.46,390.12,391.49,391.55,387.45,378.01,367.33,357.32,346.93,336.41,328.19,317.75,310.42,306.34,302.07,298.31,294.38,290.12,287.34,284.64,282.01,279.26,275.87,272.30,269.00,265.99,262.98,259.83,254.41,249.57,246.43,243.40,240.53,238.32,235.81,233.01,230.37,227.78,225.10,222.44,219.81,217.12,214.29,211.33,208.26,205.14,202.04,199.12,196.53,194.31,192.04,189.45,186.61,183.73,180.85,177.82,174.81,171.82,168.84,165.81,162.90,160.35,157.77,154.80,151.80,149.07,146.67,144.34,142.04,139.75,137.43,135.06,132.66,130.21,127.61,124.94,123.08,121.38,119.40,117.28,115.18,113.23,111.09,107.64,102.87,98.88,96.12,93.39,90.80,88.56,86.63,84.65,82.66,80.52,77.93,75.22,72.33,69.57,67.32,65.24,63.31,61.57,59.84,57.96,56.06,54.10,52.11,49.82,47.55,45.22,43.10,40.94,38.66,36.97,35.10,33.15,31.11,28.82,26.46,24.12,21.82,19.69,17.96,16.04,13.94,12.00,10.39,4.87,e,e,e,e,e,e,e,e,e,e
1531.33,1555.80,1584.41,1614.94,1649.76,1695.99,1698.63,1668.91,1637.26,1599.80,1570.19,1546.91,1525.88,1504.53,1482.53,1475.48,1479.31,1485.91,1487.81,1490.00,1485.29,1470.36,1456.06,1443.47,1429.76,1416.79,1406.91,1397.44,1386.08,1364.50,1343.37,1328.16,1317.02,1317.04,1317.41,1306.68,1299.20,1302.49,1298.32,1286.33,1272.07,1254.64,1233.88,1207.99,1184.03,1161.31,1141.74,1122.81,1102.93,1086.41,1065.29,1047.59,1032.20,1015.04,998.01,980.93,962.08,944.99,934.82,925.10,916.10,906.47,893.62,876.64,863.41,853.73,844.06,838.11,833.24,841.07,845.67,842.85,840.35,834.63,828.34,810.33,795.74,780.57,766.52,754.13,742.17,731.55,720.00,709.50,697.23,681.76,665.97,650.91,637.74,620.42,604.41,592.04,578.78,566.50,557.22,546.86,537.88,530.01,524.32,519.96,515.59,510.30,503.63,496.62,489.47,481.04,474.56,468.75,462.94,455.67,448.19,441.33,433.32,421.53,408.19,400.99,395.40,392.00,389.36,385.95,385.92,387.65,385.78,383.24,379.81,371.63,361.68,350.71,338.76,327.67,318.93,312.19,306.94,302.10,296.76,291.55,287.90,285.03,282.23,279.37,275.86,272.28,268.96,265.86,262.74,259.53,255.40,251.11,247.79,244.96,242.35,240.22,237.63,234.88,231.92,228.90,226.13,223.45,220.80,217.83,214.57,211.32,208.26,205.44,202.68,200.07,197.91,195.48,192.64,189.82,186.90,183.95,181.01,177.81,174.52,171.27,168.24,165.24,162.31,159.50,156.92,154.31,151.71,149.31,147.07,144.82,142.63,140.44,138.07,135.58,133.09,130.55,128.23,125.93,123.89,122.09,120.17,117.97,115.40,112.81,110.55,107.38,102.98,99.27,96.46,93.36,90.31,87.64,85.45,83.19,81.20,79.27,76.81,74.39,72.07,69.52,66.92,64.33,62.34,60.52,58.54,56.55,54.65,52.89,51.08,49.03,46.99,44.96,43.01,41.16,38.77,36.48,34.31,32.22,30.17,27.87,25.65,23.47,21.29,19.10,16.97,14.93,12.88,10.30,6.57,2.91,e,e,e,e,e,e,e,e,e,e
1521.44,1545.92,1566.79,1596.54,1626.04,1671.59,1687.86,1664.07,1629.61,1595.67,1563.48,1532.32,1500.58,1480.98,1462.96,1452.21,1448.18,1450.42,1451.53,1461.30,1478.24,1480.53,1470.63,1457.36,1444.28,1432.33,1422.97,1417.67,1408.66,1396.12,1375.63,1355.61,1347.61,1351.41,1349.73,1328.55,1327.89,1329.19,1318.42,1301.06,1281.49,1258.40,1233.25,1212.96,1197.83,1176.56,1157.20,1138.11,1117.82,1100.57,1084.40,1066.27,1048.94,1029.85,1007.50,987.90,972.71,964.83,958.20,948.64,939.38,931.44,918.75,904.54,891.71,877.56,868.51,868.12,864.96,871.32,873.30,863.93,854.18,842.13,828.94,815.03,801.73,786.59,772.04,758.57,746.15,732.18,717.72,706.05,692.86,678.49,661.42,645.11,632.94,616.78,603.08,592.00,577.44,566.08,558.13,547.78,536.28,526.71,519.39,514.33,510.33,505.40,499.76,493.63,486.55,477.76,471.69,466.68,461.15,450.08,439.57,430.24,420.28,408.40,399.42,392.31,388.26,386.54,385.25,383.11,380.67,381.40,377.86,376.78,375.76,369.30,358.91,349.46,339.19,331.72,324.37,317.33,310.70,303.52,296.25,289.75,285.60,283.38,281.55,278.84,274.88,271.02,267.79,264.86,261.85,258.52,254.72,251.13,248.49,246.19,243.93,241.75,239.26,236.13,232.91,229.74,226.98,224.25,221.54,218.53,215.15,211.75,208.67,205.98,203.32,200.99,199.08,196.29,193.33,190.37,187.44,184.48,181.53,178.41,175.06,171.71,168.40,165.55,162.43,159.53,156.98,154.51,152.13,149.83,147.59,145.35,143.11,140.90,138.60,136.07,133.51,130.97,128.58,126.08,123.63,122.02,120.30,117.62,114.56,111.59,109.05,106.62,103.66,100.92,97.59,94.14,90.73,87.63,84.64,81.87,79.38,77.29,75.00,72.69,70.50,68.32,65.80,63.28,61.08,59.29,57.50,55.93,54.44,52.90,51.36,49.52,47.61,45.71,43.75,41.69,39.42,37.20,34.81,32.55,30.24,27.89,25.59,23.30,21.12,18.89,16.54,14.24,11.99,9.35,5.36,1.28,e,e,e,e,e,e,e,e,e,e
1498.78,1525.98,1547.93,1577.15,1597.75,1623.42,1665.88,1654.75,1619.13,1584.38,1550.31,1506.44,1462.64,1455.25,1446.96,1437.65,1430.66,1425.65,1427.67,1436.87,1449.87,1456.74,1450.35,1441.29,1432.00,1413.39,1411.18,1426.40,1434.24,1425.50,1409.37,1393.79,1382.90,1378.94,1367.48,1353.22,1353.12,1340.35,1322.08,1301.77,1278.75,1250.95,1228.04,1209.08,1191.97,1172.80,1153.17,1131.15,1107.66,1091.55,1078.22,1063.11,1046.51,1032.56,1018.58,1006.69,995.81,991.35,980.41,969.02,964.66,953.49,937.31,924.96,914.65,901.99,900.54,900.86,894.37,888.55,876.51,862.04,847.18,831.71,816.39,805.35,794.04,780.84,767.34,755.47,741.55,726.10,711.06,698.23,683.70,669.55,652.13,636.72,623.90,608.02,595.21,585.72,573.37,560.68,550.40,540.79,529.52,518.38,511.54,506.63,501.56,496.99,492.74,487.86,481.19,472.55,466.18,461.59,456.26,448.00,433.60,420.67,412.36,406.90,401.93,393.94,387.13,383.24,380.97,379.83,376.42,376.58,373.24,368.78,367.24,361.80,351.83,343.93,336.25,329.45,322.74,316.33,310.16,300.76,290.63,281.85,279.26,278.52,277.93,276.95,274.15,270.59,267.16,263.69,260.66,257.02,253.19,249.94,248.11,246.09,244.13,242.19,239.89,236.61,233.22,229.96,227.16,224.45,221.75,218.97,215.44,211.77,208.88,206.35,203.68,201.70,199.75,196.90,193.84,190.95,188.18,185.37,182.60,179.93,177.49,174.29,169.94,166.67,163.24,159.89,157.32,154.88,152.48,150.11,147.90,145.66,143.43,141.32,139.10,136.55,133.99,131.44,128.87,126.24,123.61,121.52,120.00,117.29,114.19,111.11,108.43,106.03,103.57,101.10,98.13,94.74,91.36,88.15,84.94,81.71,78.86,76.56,74.38,72.26,70.46,68.76,66.38,63.95,61.82,60.23,58.45,56.82,55.09,53.21,51.36,49.52,47.66,45.52,43.43,41.71,39.40,37.27,35.09,32.93,30.75,28.34,25.98,23.69,21.44,19.10,16.58,14.05,11.54,8.68,5.25,1.71,e,e,e,e,e,e,e,e,e,e
1426.33,1491.80,1532.01,1553.59,1574.00,1598.55,1626.63,1629.51,1606.21,1576.97,1532.25,1469.81,1432.09,1426.71,1427.17,1425.68,1413.75,1403.47,1407.80,1419.29,1426.73,1421.00,1411.13,1405.43,1405.96,1389.94,1384.03,1404.76,1431.12,1449.67,1437.95,1416.43,1403.80,1391.22,1374.98,1358.97,1344.70,1328.90,1308.05,1289.37,1269.32,1243.87,1222.52,1203.46,1185.91,1168.93,1150.39,1136.29,1116.29,1098.28,1084.90,1074.28,1063.64,1055.61,1044.89,1029.44,1019.13,1009.18,997.20,989.66,985.82,972.92,957.11,944.81,933.87,930.07,927.75,919.33,902.55,887.05,872.98,858.09,842.88,826.80,812.65,798.70,786.00,772.93,761.50,751.16,737.22,723.79,710.65,696.02,681.96,666.90,653.71,641.50,627.68,614.05,599.78,589.46,576.52,563.49,549.77,537.73,525.99,515.27,506.28,497.66,490.70,486.01,483.82,480.47,475.33,467.83,460.34,452.19,446.02,442.75,435.43,424.63,417.03,413.95,408.85,401.70,390.22,383.38,377.61,374.04,371.48,372.56,369.70,359.62,355.41,351.37,345.46,339.76,333.23,326.94,320.61,313.52,305.01,293.68,282.41,277.43,274.89,273.88,273.56,273.46,272.80,270.39,266.85,263.16,259.62,255.35,251.35,248.98,247.55,245.80,243.87,242.00,240.01,236.28,232.33,229.16,226.74,224.11,221.70,219.03,215.25,211.48,208.56,206.44,204.10,201.97,199.78,197.10,194.19,191.46,189.09,186.82,184.26,182.20,180.61,177.23,171.94,167.59,164.00,160.49,158.05,155.79,152.91,150.47,148.18,145.95,143.80,141.75,139.59,137.03,134.47,131.91,129.21,126.32,123.67,121.05,119.24,116.94,113.99,111.24,109.00,106.50,103.91,101.28,98.23,94.96,91.72,88.51,85.29,82.18,79.43,77.32,75.50,73.73,72.22,70.56,68.33,65.90,63.48,60.89,58.75,56.95,55.04,53.24,51.51,49.47,46.94,44.44,42.20,40.34,38.15,36.12,34.16,31.93,29.54,27.84,26.11,24.10,21.92,19.59,17.17,14.57,11.92,9.08,5.89,2.44,0.08,e,e,e,e,e,e,e,e,e
1359.20,1387.93,1451.65,1521.12,1548.58,1585.06,1606.15,1608.67,1593.22,1558.82,1506.68,1448.57,1421.81,1405.65,1405.83,1413.55,1398.93,1378.40,1386.66,1403.64,1405.47,1390.72,1377.02,1372.08,1379.37,1373.91,1363.61,1374.00,1401.64,1428.75,1439.22,1428.68,1412.46,1390.77,1369.59,1349.42,1335.81,1320.36,1303.04,1286.71,1269.15,1253.83,1239.37,1220.43,1204.81,1190.30,1176.35,1162.98,1142.28,1119.34,1108.94,1102.51,1091.73,1078.87,1067.47,1056.17,1044.65,1027.92,1017.38,1013.37,1007.52,998.07,983.35,966.71,954.52,948.68,935.38,921.50,905.10,889.57,877.32,862.30,848.84,835.32,823.43,808.88,795.19,784.14,770.13,757.61,746.13,733.65,723.05,709.47,697.39,683.00,668.13,655.19,640.79,624.55,608.48,599.42,588.86,573.71,562.77,551.63,538.33,527.83,516.88,505.38,494.47,480.24,473.51,470.30,467.13,461.80,456.02,447.71,439.80,435.15,432.01,429.22,424.14,420.27,414.56,407.34,395.66,385.23,378.88,373.15,368.69,366.20,363.10,354.96,347.54,341.17,337.52,332.81,327.26,322.18,315.44,306.70,295.84,284.75,278.07,275.15,271.75,269.81,269.60,269.87,269.51,268.25,265.49,262.20,258.66,254.07,249.82,247.94,246.55,245.20,243.65,241.91,239.83,235.63,231.19,228.34,226.11,223.87,221.74,219.28,215.74,212.36,209.53,207.42,204.90,202.27,199.71,196.77,193.81,191.00,188.95,187.25,185.37,183.65,181.96,178.85,173.43,168.54,165.02,161.99,159.53,157.08,153.91,150.83,148.38,146.29,144.19,142.19,140.11,137.58,134.88,132.16,129.28,126.06,122.92,119.96,118.00,116.18,113.79,111.69,109.60,107.04,104.40,101.63,98.55,95.19,91.98,88.83,85.89,83.01,80.51,78.54,76.80,74.95,73.10,71.24,69.11,66.50,63.74,61.05,58.69,56.68,54.53,52.16,50.47,48.55,46.20,44.45,42.88,41.13,38.25,35.00,32.43,30.71,28.48,26.00,24.44,23.16,21.72,19.48,17.53,15.39,13.17,11.07,7.69,3.02,0.26,e,e,e,e,e,e,e,e,e
1335.38,1351.61,1378.10,1426.28,1513.63,1555.98,1580.10,1581.12,1571.99,1526.71,1475.58,1434.56,1406.63,1388.58,1387.11,1390.20,1375.25,1357.57,1366.37,1382.77,1376.20,1360.34,1343.54,1344.30,1358.88,1358.21,1342.63,1341.07,1371.19,1407.67,1421.29,1415.47,1406.46,1390.76,1374.72,1362.97,1350.61,1337.41,1320.06,1307.12,1293.85,1276.47,1259.66,1244.34,1226.47,1211.27,1197.09,1181.00,1160.55,1142.74,1135.04,1128.82,1115.80,1104.68,1094.82,1081.23,1064.27,1048.18,1040.96,1037.84,1029.57,1017.31,1001.57,985.09,967.44,954.01,941.50,927.30,912.50,898.80,886.97,874.68,861.86,848.46,836.17,823.45,808.06,797.53,784.65,768.81,754.88,741.80,728.37,716.99,704.83,689.38,673.31,659.55,647.75,634.42,622.36,611.47,599.15,585.76,573.45,563.11,551.57,539.96,530.26,515.20,503.50,488.94,472.90,460.44,454.75,453.73,451.62,446.31,440.94,431.20,421.42,419.29,419.38,416.83,411.72,407.21,401.16,390.61,383.32,377.58,372.39,363.87,356.61,349.88,343.32,337.48,332.21,325.71,319.95,314.07,307.27,299.72,290.88,282.24,277.83,275.55,272.79,270.18,268.08,266.22,265.48,264.73,263.46,261.09,257.80,253.69,249.56,247.02,245.31,243.95,242.73,241.43,239.21,234.80,230.34,227.90,225.94,224.03,222.13,220.05,217.07,213.98,211.30,208.71,205.98,203.33,200.71,197.49,193.31,190.08,188.11,186.40,184.46,182.50,180.88,178.46,173.78,169.34,166.31,163.45,160.97,158.59,155.49,151.87,148.83,146.90,144.97,142.65,140.57,138.07,135.05,132.25,129.31,125.91,122.53,119.49,117.63,115.78,113.92,112.05,110.04,107.33,104.45,101.57,98.50,95.14,92.17,89.31,86.72,84.02,81.68,79.53,77.53,75.47,73.51,71.56,69.38,66.67,63.95,61.21,58.67,56.38,54.14,52.02,50.60,49.00,47.47,45.73,43.71,41.57,39.16,36.40,33.44,31.34,29.48,27.04,23.73,21.03,19.91,18.37,16.66,14.82,13.05,11.39,8.55,3.72,0.91,e,e,e,e,e,e,e,e,e
1323.80,1344.25,1368.59,1397.78,1462.38,1528.73,1551.55,1557.71,1537.81,1493.15,1442.39,1414.71,1386.58,1364.73,1356.47,1355.17,1344.01,1334.08,1348.44,1360.07,1344.34,1325.68,1314.93,1327.28,1343.40,1339.92,1321.83,1316.19,1349.74,1394.30,1404.03,1394.37,1386.42,1385.95,1382.82,1379.15,1370.02,1356.63,1338.60,1321.61,1309.33,1293.09,1273.99,1259.93,1244.02,1228.33,1210.97,1192.62,1175.89,1161.04,1149.88,1140.36,1125.03,1111.46,1102.66,1093.33,1080.19,1067.89,1059.12,1050.17,1035.61,1021.81,1005.72,990.99,976.13,960.23,948.94,935.95,921.89,908.43,899.64,888.69,874.68,857.77,843.63,828.39,814.57,803.69,791.46,775.05,759.19,748.19,731.73,718.91,706.57,690.68,674.86,662.14,651.44,638.33,624.82,611.52,597.18,584.11,571.37,561.02,548.98,536.16,524.84,512.97,500.88,488.14,473.23,457.65,443.93,443.09,441.65,435.50,429.75,420.88,412.95,408.28,407.07,404.50,399.94,396.28,395.00,390.34,385.00,379.84,373.83,367.27,360.22,352.44,343.53,335.95,329.91,323.45,317.39,310.39,304.22,297.90,290.05,284.47,281.69,279.77,277.21,273.83,270.96,267.42,263.82,261.53,260.33,258.88,256.19,253.05,249.75,247.06,244.44,242.57,241.38,240.00,237.37,233.91,230.25,227.93,225.87,223.96,222.22,220.24,217.58,214.83,212.16,209.43,206.80,204.20,201.67,198.30,193.17,189.33,187.36,185.50,183.52,181.49,179.09,176.26,172.62,169.56,167.38,164.60,162.38,160.38,157.35,153.66,150.54,148.75,146.63,143.81,141.07,138.23,135.15,132.35,129.41,125.60,121.68,119.08,117.27,115.48,113.71,111.92,109.97,107.10,104.03,101.13,98.15,94.87,92.00,89.38,87.03,84.71,82.39,80.08,78.01,76.02,73.85,71.75,69.58,66.86,64.09,61.39,58.84,56.86,55.27,53.85,52.23,50.22,48.38,46.53,44.55,42.42,40.34,37.90,35.52,33.64,31.74,29.65,26.10,22.54,19.48,17.37,15.87,14.30,12.74,11.19,8.70,4.40,0.89,e,e,e,e,e,e,e,e,e
1321.19,1349.54,1380.75,1409.92,1462.97,1514.13,1535.41,1524.64,1494.16,1453.06,1412.34,1400.92,1374.55,1349.97,1332.45,1321.17,1315.93,1317.36,1338.79,1341.78,1326.28,1300.33,1288.93,1305.04,1319.73,1311.60,1296.99,1291.86,1330.70,1374.08,1376.88,1370.18,1364.13,1364.02,1360.67,1359.52,1355.96,1349.38,1339.94,1325.52,1309.28,1293.47,1276.12,1260.49,1241.58,1224.30,1207.94,1192.15,1175.78,1157.97,1143.59,1126.91,1107.62,1093.86,1085.36,1077.14,1068.51,1059.96,1052.54,1042.17,1028.60,1014.57,1000.83,988.66,978.76,966.51,953.42,937.87,921.76,905.46,892.89,880.25,866.67,852.00,837.63,824.86,814.81,804.92,790.51,769.43,755.45,742.12,725.06,711.88,701.44,689.64,676.47,664.47,651.98,637.25,620.09,603.08,587.18,572.38,560.60,547.79,535.28,522.95,511.26,500.95,490.31,478.06,466.29,453.30,438.71,432.11,429.91,424.49,417.81,411.00,404.05,398.73,395.66,391.65,387.63,385.14,383.00,379.47,376.48,372.35,368.24,363.54,360.43,355.78,348.34,339.62,329.53,323.42,317.28,309.41,301.71,295.97,291.33,289.67,287.08,283.34,279.90,275.83,271.70,267.83,263.74,260.61,258.10,256.26,254.04,251.67,249.38,246.74,244.03,241.46,239.60,237.34,234.50,231.69,229.22,227.36,225.32,223.31,221.76,219.97,217.42,214.79,212.18,209.54,206.94,204.37,201.80,197.62,191.14,188.34,186.45,184.55,182.67,180.80,177.97,174.50,171.18,169.03,167.61,165.70,163.70,161.70,159.30,156.02,153.27,150.94,148.06,144.52,140.87,137.94,135.15,132.33,129.18,124.99,120.89,118.45,116.63,114.84,113.06,111.33,109.12,105.91,102.61,99.57,97.16,94.62,92.19,89.99,87.85,85.59,83.33,81.03,78.91,76.69,74.38,72.15,69.76,67.11,64.63,62.22,60.24,58.80,57.15,55.16,53.13,51.11,49.17,47.23,45.27,43.20,41.10,38.69,36.60,34.52,32.23,29.67,26.97,23.93,20.68,18.50,16.84,15.15,13.46,11.78,9.37,5.53,1.76,0.30,e,e,e,e,e,e,e,e
1347.28,1363.43,1393.62,1429.92,1488.87,1518.45,1526.35,1492.17,1465.08,1408.72,1379.53,1369.84,1358.69,1345.61,1327.71,1307.82,1293.01,1299.76,1319.45,1312.91,1303.64,1285.05,1268.04,1271.04,1287.34,1283.52,1270.87,1267.99,1309.94,1349.30,1348.34,1345.71,1342.20,1342.79,1336.83,1328.17,1326.57,1329.41,1332.89,1323.28,1308.05,1292.25,1275.48,1260.43,1241.02,1226.34,1212.21,1195.25,1178.92,1157.72,1142.68,1128.36,1104.02,1081.63,1067.26,1056.70,1049.01,1043.04,1036.44,1027.01,1014.96,1001.35,987.70,976.95,967.91,957.97,944.91,929.10,911.84,893.26,878.63,862.74,850.20,836.21,819.97,808.02,800.55,792.59,781.10,763.77,747.12,729.28,714.81,698.41,687.88,680.25,668.69,657.09,644.68,628.93,609.63,590.94,575.04,562.50,547.04,532.78,519.69,507.55,498.06,488.27,477.41,466.41,456.97,447.80,436.19,424.66,420.56,417.19,412.25,406.19,400.66,394.88,389.02,385.62,382.06,377.19,372.50,368.46,364.62,359.89,356.17,353.47,351.21,348.39,342.77,336.57,329.31,322.60,314.96,307.30,301.28,297.63,294.91,292.48,288.61,283.57,279.06,274.90,270.87,267.29,263.58,260.06,257.40,254.83,252.48,250.40,248.54,246.35,243.63,240.92,237.63,234.29,231.33,229.24,227.63,226.27,224.65,222.69,221.02,219.32,217.04,214.62,212.07,209.49,206.94,204.27,201.50,196.24,189.64,187.37,185.48,183.56,181.63,179.68,176.86,173.68,170.48,168.30,166.72,165.36,164.08,162.52,160.40,157.56,154.89,152.32,149.23,144.79,140.39,137.59,134.48,131.47,128.51,124.92,121.25,118.66,116.69,114.62,112.59,110.77,108.30,105.13,101.94,99.18,97.03,94.95,92.78,90.91,88.91,86.63,84.33,82.01,79.67,77.33,75.04,72.82,70.56,68.36,66.16,64.00,62.40,60.38,58.13,55.96,53.84,51.76,49.53,47.08,44.73,42.44,40.22,38.17,35.96,33.67,31.35,28.77,26.02,23.44,21.04,18.83,16.90,14.85,12.84,10.93,8.61,5.59,2.47,0.54,e,e,e,e,e,e,e,e
1364.76,1379.26,1406.24,1449.35,1502.63,1526.42,1514.73,1473.08,1432.03,1384.62,1360.65,1340.20,1329.75,1322.28,1310.90,1295.48,1278.80,1282.78,1298.70,1289.14,1280.23,1267.07,1242.60,1235.89,1255.84,1258.99,1247.66,1248.72,1292.01,1323.98,1328.63,1323.09,1317.80,1315.69,1309.70,1293.34,1287.41,1291.66,1305.24,1311.87,1308.68,1293.08,1277.20,1262.20,1243.27,1229.21,1215.07,1195.51,1174.01,1149.95,1130.37,1114.49,1095.74,1077.33,1056.46,1038.38,1029.46,1024.57,1018.19,1007.80,996.35,984.41,973.97,962.72,952.71,942.81,930.82,916.86,903.14,885.95,867.50,847.56,829.63,815.68,804.43,790.45,779.34,770.57,762.77,754.78,744.14,727.69,706.03,685.09,670.92,661.65,650.91,639.49,627.82,610.74,592.93,575.58,564.18,551.69,531.64,516.60,503.07,492.22,483.55,475.15,467.21,457.87,448.99,439.25,430.04,416.75,407.14,408.50,409.11,405.07,400.75,392.66,387.15,382.94,379.02,373.43,368.78,364.84,360.62,355.93,350.88,346.71,343.56,339.94,335.39,330.48,325.32,319.81,313.95,308.66,304.38,300.40,296.77,292.68,288.12,283.03,278.86,275.40,271.93,268.19,264.15,260.13,257.23,254.46,251.84,249.11,247.09,245.40,243.37,240.85,237.24,232.91,229.40,227.42,225.89,224.62,223.33,221.81,220.18,218.37,216.20,213.99,211.73,209.37,206.94,204.31,201.67,196.47,189.51,186.79,184.57,182.58,180.62,178.55,176.12,173.51,170.71,168.32,166.09,164.22,162.81,161.59,160.25,158.00,155.37,153.00,150.51,146.10,140.96,137.22,133.61,130.18,127.46,124.68,121.63,119.03,116.93,114.80,112.62,110.48,107.79,104.78,101.76,99.19,97.27,95.28,93.42,91.60,89.68,87.43,85.13,82.83,80.66,78.84,76.70,74.34,72.12,69.63,67.38,65.00,62.64,60.52,58.14,55.92,53.56,51.20,48.86,46.40,43.98,41.66,39.35,37.19,35.06,32.84,30.66,28.24,25.86,23.55,21.72,20.01,17.76,15.26,12.89,10.61,8.21,5.93,3.50,0.93,e,e,e,e,e,e,e,e
1353.43,1376.83,1410.83,1467.32,1503.00,1533.43,1524.78,1473.86,1426.16,1395.80,1371.60,1347.63,1319.88,1298.72,1288.91,1278.53,1265.60,1265.83,1274.69,1266.85,1254.61,1245.11,1224.77,1216.17,1227.10,1232.99,1228.97,1243.27,1280.17,1303.76,1307.41,1301.15,1297.51,1294.25,1291.97,1271.64,1250.21,1242.65,1254.22,1275.59,1297.64,1292.33,1277.63,1260.57,1240.07,1224.59,1206.14,1186.38,1165.90,1145.03,1123.58,1105.21,1086.92,1070.11,1052.55,1031.47,1015.26,1006.83,997.96,983.35,970.62,964.33,956.90,947.94,936.39,923.27,912.35,903.26,891.36,877.98,857.86,835.42,811.63,799.62,789.80,773.08,757.72,747.96,741.41,737.73,732.38,721.89,703.16,679.67,658.69,642.78,628.43,617.27,604.63,586.92,569.87,553.51,543.91,533.29,515.61,500.04,485.59,473.69,464.46,457.73,454.51,447.36,437.89,428.50,417.77,402.57,395.22,392.05,394.26,393.90,385.93,380.31,380.38,379.15,374.87,368.71,365.17,362.44,358.17,353.95,350.37,346.27,341.11,336.32,331.42,327.29,323.08,318.66,314.80,310.95,306.68,301.58,297.03,292.85,288.53,284.47,280.65,276.79,272.29,268.20,264.41,260.63,257.53,254.65,251.88,248.85,245.75,243.72,242.23,240.35,236.84,232.86,229.24,226.57,224.26,222.84,221.64,220.37,218.81,217.41,215.63,213.59,211.44,209.14,206.51,203.81,201.09,196.60,190.70,187.15,184.04,181.66,179.61,177.33,175.00,172.59,170.43,168.09,165.44,163.40,161.59,159.84,158.44,157.14,155.47,153.32,150.91,146.83,141.56,137.14,133.17,129.53,126.86,124.25,121.67,119.25,117.08,114.90,112.72,110.52,107.74,104.65,101.60,99.04,97.04,94.95,93.23,91.69,89.93,88.07,85.98,83.88,82.15,80.53,78.28,75.30,72.09,69.18,66.54,63.79,61.00,58.93,57.03,54.92,52.77,50.56,48.22,45.77,43.41,41.14,38.97,37.05,35.15,33.33,31.51,29.52,27.40,25.42,23.33,21.03,18.63,16.16,13.90,11.90,10.48,8.36,5.15,1.76,0.33,e,e,e,e,e,e,e
1334.96,1373.96,1404.29,1472.04,1497.35,1517.72,1529.37,1497.60,1452.85,1422.38,1390.60,1355.75,1319.15,1291.57,1271.88,1257.87,1248.01,1249.53,1257.57,1246.03,1225.70,1212.42,1202.61,1194.12,1197.97,1204.93,1210.84,1234.27,1259.46,1271.41,1282.02,1280.36,1277.55,1275.84,1274.11,1261.07,1239.98,1224.72,1231.81,1252.74,1280.70,1279.66,1271.23,1261.95,1242.53,1226.55,1207.44,1186.49,1166.87,1149.10,1133.49,1117.04,1098.66,1079.52,1058.81,1039.85,1018.31,996.38,983.31,966.73,953.20,946.65,941.35,932.22,920.16,907.72,896.30,885.86,877.08,867.49,848.42,826.01,802.42,780.66,767.13,755.81,741.70,728.23,719.71,715.60,713.42,709.92,696.47,674.86,652.77,632.52,612.94,597.74,581.63,567.49,550.48,533.70,520.10,505.43,491.83,477.89,465.87,457.11,450.88,445.53,439.00,432.96,423.42,414.20,407.12,407.22,407.06,399.52,391.20,386.01,382.52,377.88,373.30,371.77,369.05,364.85,360.36,358.56,356.35,352.21,348.14,344.52,341.23,336.41,330.70,326.73,323.07,319.63,315.95,312.03,307.41,302.38,298.10,294.21,290.35,286.40,282.11,277.74,273.28,269.43,265.32,261.53,258.67,255.26,251.33,248.12,244.75,242.14,240.37,238.23,235.06,231.72,228.83,226.03,223.31,221.04,219.66,218.63,217.18,216.00,214.74,213.00,210.99,208.76,206.10,203.39,200.69,196.18,190.91,186.96,183.78,181.05,178.52,176.22,173.89,171.72,169.63,167.17,164.64,162.75,160.98,158.54,156.02,154.68,153.56,152.58,150.66,146.11,140.69,136.07,131.96,128.97,126.50,123.91,121.51,119.32,117.12,114.92,112.68,110.43,107.53,104.40,101.25,98.71,96.57,94.48,92.57,91.24,89.68,87.86,85.92,83.98,82.20,80.52,77.90,74.18,70.62,67.94,65.46,62.90,60.25,58.07,56.06,54.03,51.91,49.75,47.62,45.50,43.50,41.68,39.89,38.06,36.20,34.36,32.60,30.92,28.75,26.48,24.13,21.75,19.48,17.37,15.54,13.83,12.14,10.11,6.97,3.31,1.01,e,e,e,e,e,e,e
1350.72,1375.59,1401.29,1462.69,1484.45,1492.43,1507.13,1485.10,1449.89,1424.52,1390.67,1356.16,1319.85,1290.54,1268.89,1248.95,1232.12,1233.72,1240.43,1218.73,1194.88,1183.43,1177.13,1170.45,1173.35,1179.35,1199.71,1222.69,1237.82,1239.19,1253.20,1257.59,1255.54,1254.50,1253.84,1245.37,1231.43,1213.27,1213.49,1247.57,1268.40,1260.92,1252.53,1244.72,1236.80,1223.28,1206.76,1192.54,1179.63,1163.81,1147.70,1132.10,1114.51,1095.83,1076.30,1057.57,1038.69,1013.98,996.91,977.71,956.01,938.11,926.16,915.23,903.05,891.52,877.39,867.25,861.00,855.58,841.15,821.59,803.73,774.64,753.50,736.63,720.55,704.42,697.38,695.77,694.48,692.04,684.13,671.11,654.29,632.95,607.43,583.49,566.10,551.66,531.19,515.08,504.73,490.00,470.72,458.20,449.21,442.41,438.99,433.66,425.05,419.74,415.03,414.49,418.92,419.26,414.71,408.22,404.51,401.00,396.75,389.29,380.60,371.81,366.35,361.09,358.35,355.64,352.79,349.45,346.03,342.64,339.07,335.28,331.04,327.41,323.97,320.79,316.54,311.20,306.45,301.87,297.81,293.95,290.35,286.44,282.03,277.89,274.19,270.67,266.90,263.18,259.76,254.36,249.61,247.00,243.88,240.95,238.17,235.39,232.24,229.54,227.69,225.30,222.68,220.26,218.28,216.83,215.54,214.38,213.26,212.05,210.39,208.38,205.96,203.33,200.80,196.09,190.31,186.85,183.98,181.23,179.13,176.89,173.79,170.87,168.48,166.15,163.92,162.09,160.16,157.33,154.20,152.20,151.06,150.26,148.09,143.71,138.60,134.25,130.19,128.00,126.01,123.69,121.55,119.06,116.61,114.40,112.18,109.90,107.03,104.00,100.96,98.38,96.16,93.98,91.92,90.53,88.85,86.84,84.84,82.90,80.91,78.77,76.24,72.89,69.60,67.23,64.94,62.59,60.26,58.22,56.31,54.34,52.32,50.40,48.40,46.32,44.27,42.48,40.80,39.00,37.16,35.30,33.42,31.38,29.33,27.21,24.98,22.73,20.69,18.68,16.76,14.91,13.01,11.10,8.33,4.67,1.33,0.11,e,e,e,e,e,e
1362.56,1391.48,1412.84,1449.41,1466.79,1466.07,1479.93,1465.13,1433.99,1406.15,1376.72,1346.56,1315.57,1293.88,1275.47,1247.01,1221.04,1220.14,1225.23,1209.22,1187.61,1166.95,1154.78,1146.83,1154.76,1160.92,1186.60,1208.78,1211.42,1214.91,1229.83,1231.48,1228.83,1232.54,1232.84,1223.51,1210.82,1196.88,1195.48,1226.31,1253.78,1243.32,1232.78,1224.84,1220.19,1211.90,1194.20,1180.93,1173.86,1163.83,1151.40,1138.07,1122.80,1103.31,1084.55,1067.47,1052.28,1034.10,1012.95,994.82,966.55,943.89,925.81,903.33,889.49,876.31,860.64,849.55,845.08,839.53,825.96,808.44,792.34,767.52,751.99,728.41,702.78,683.45,674.43,670.19,666.22,661.43,656.73,648.18,637.27,619.47,599.21,574.76,550.36,529.54,509.25,495.06,488.07,477.94,463.40,456.43,453.56,449.12,443.51,436.80,433.92,435.58,438.76,441.37,442.21,436.79,427.46,421.13,416.92,412.41,406.83,401.86,396.92,392.58,386.77,378.68,371.93,363.44,356.75,350.53,346.13,341.08,336.71,333.43,330.59,326.96,323.54,320.41,315.90,310.61,305.89,301.37,297.18,293.20,289.04,284.75,280.40,276.15,271.95,268.50,264.65,260.72,257.47,253.77,251.51,249.83,246.66,241.31,237.41,233.63,230.21,228.10,226.32,224.37,222.29,220.04,217.91,215.87,214.06,212.81,211.73,210.61,208.97,207.07,205.18,203.29,201.00,196.74,191.45,188.05,185.47,183.03,181.15,178.41,174.81,171.16,168.23,165.63,163.12,160.72,158.15,155.59,152.59,150.03,148.75,147.93,145.79,141.83,137.66,133.30,129.59,127.44,125.43,123.45,121.44,118.89,115.94,113.62,111.39,108.91,106.19,103.38,100.47,97.82,95.62,93.49,91.35,89.59,87.72,85.69,83.72,81.81,79.81,77.27,74.60,71.86,69.05,66.86,64.67,62.45,60.27,58.32,56.49,54.67,52.79,50.90,48.96,47.00,45.04,43.18,41.29,39.40,37.55,35.74,33.74,31.74,29.89,27.83,25.78,23.71,21.57,19.29,17.23,15.13,13.23,11.30,8.89,5.75,2.80,0.77,e,e,e,e,e,e
1395.66,1418.59,1429.56,1450.63,1450.92,1439.66,1446.30,1447.23,1422.65,1390.55,1367.25,1344.80,1322.43,1305.48,1286.28,1253.53,1220.27,1207.22,1210.90,1199.50,1177.39,1152.77,1137.37,1128.37,1136.61,1140.56,1164.64,1188.07,1186.30,1195.69,1212.18,1208.53,1205.67,1209.87,1208.46,1202.66,1193.18,1182.08,1173.82,1184.22,1227.36,1233.18,1220.26,1208.06,1200.90,1194.28,1183.38,1165.50,1153.99,1146.60,1137.67,1125.39,1111.57,1095.20,1079.32,1064.63,1052.45,1039.65,1022.05,1005.51,986.23,964.37,945.51,920.06,902.10,889.69,868.47,844.01,832.03,824.87,808.79,785.38,765.38,749.11,740.24,727.22,706.83,681.48,657.24,644.93,633.75,626.29,621.01,612.55,601.48,588.20,570.54,550.22,529.88,512.04,494.54,483.21,477.89,470.91,466.97,470.74,471.13,468.92,467.54,464.83,462.43,464.77,468.48,470.91,468.18,460.53,451.16,441.26,431.44,423.33,416.72,414.87,412.58,410.01,406.03,399.70,394.54,384.23,373.95,367.23,357.61,348.95,340.75,332.59,328.42,324.80,321.74,318.54,314.57,310.04,305.46,300.92,297.12,293.58,289.95,285.75,281.24,276.84,272.08,267.65,263.99,260.69,258.82,256.80,254.38,252.72,250.76,245.08,237.56,232.94,229.04,226.77,224.86,222.69,221.13,219.12,216.97,215.09,213.25,211.42,209.97,208.53,206.46,204.40,202.85,201.69,200.15,197.03,192.47,188.79,186.29,184.04,181.87,179.25,175.74,172.33,169.32,166.52,163.62,160.73,157.09,153.62,150.85,148.46,146.73,145.87,144.33,141.37,137.60,133.56,129.89,127.52,125.24,122.91,120.94,118.24,114.79,111.94,109.93,107.32,104.62,102.05,99.51,97.14,94.83,92.70,90.48,88.28,86.48,84.58,82.63,80.70,78.79,76.53,73.77,71.09,68.73,66.59,64.41,62.24,60.12,58.27,56.47,54.68,52.82,51.04,49.31,47.52,45.70,43.75,41.80,39.74,37.85,36.05,34.17,32.33,30.49,28.52,26.25,23.77,21.59,19.18,17.06,14.91,13.03,11.21,9.21,6.58,4.20,1.89,0.60,e,e,e,e,e
1427.12,1446.28,1453.28,1451.47,1436.30,1421.11,1422.41,1427.94,1415.30,1388.57,1368.32,1346.74,1326.68,1306.16,1287.91,1262.87,1232.35,1200.81,1189.84,1185.79,1172.37,1153.44,1132.00,1111.08,1113.64,1125.37,1152.23,1166.36,1165.87,1181.56,1197.97,1193.25,1184.86,1189.19,1185.12,1180.94,1176.22,1166.63,1154.82,1153.29,1178.31,1214.08,1217.00,1198.99,1185.57,1176.83,1169.92,1153.92,1139.31,1126.35,1116.36,1105.11,1092.33,1077.97,1064.46,1052.70,1040.65,1025.84,1012.36,1000.74,985.99,968.52,952.47,933.71,913.59,900.89,876.36,846.17,822.99,812.05,792.80,764.77,744.57,731.73,721.83,710.59,704.05,684.71,646.02,622.01,606.10,597.18,590.56,581.23,569.20,556.75,545.97,533.29,519.50,506.35,494.74,496.21,492.85,487.40,489.58,499.19,501.46,502.41,503.01,501.69,499.31,498.69,497.08,490.11,480.88,474.36,467.83,461.59,446.93,433.64,425.96,422.91,421.44,419.84,415.34,409.24,401.09,389.05,381.64,376.95,367.84,360.06,352.75,340.97,331.20,325.57,320.64,316.69,312.73,308.68,304.19,300.14,297.30,294.08,291.06,287.69,283.33,279.73,275.02,270.83,268.34,265.74,263.28,260.05,257.32,254.82,252.25,248.10,239.82,233.70,228.67,225.61,223.17,220.87,219.25,217.44,215.29,213.20,211.75,210.19,207.87,205.68,203.71,201.71,200.42,199.38,197.51,195.00,191.68,188.54,185.84,183.76,181.91,179.57,176.35,173.29,170.38,167.48,164.58,161.53,157.60,152.92,149.07,147.05,145.03,143.73,142.78,140.80,137.53,133.64,129.95,127.47,125.10,122.36,119.73,116.69,113.46,110.38,108.23,105.95,103.53,101.22,99.04,96.98,94.71,92.50,90.48,88.32,86.15,83.98,81.95,79.97,77.91,75.77,73.39,71.03,68.73,66.57,64.36,62.16,60.02,58.23,56.55,54.91,53.29,51.68,49.90,47.91,45.87,43.77,41.54,39.40,37.63,35.90,34.17,32.48,30.75,28.48,25.68,22.74,20.17,18.52,16.75,14.69,12.79,11.12,9.65,8.20,6.34,3.53,0.97,e,e,e,e,e
1444.56,1465.60,1457.17,1437.51,1412.84,1397.65,1399.29,1409.05,1412.13,1398.95,1379.13,1357.10,1336.73,1312.57,1288.69,1262.55,1234.98,1214.38,1184.02,1154.03,1158.22,1150.51,1126.04,1096.05,1093.26,1115.85,1144.62,1146.38,1146.53,1160.65,1171.84,1173.47,1162.84,1166.30,1154.58,1141.89,1156.03,1148.32,1135.28,1134.09,1158.76,1189.11,1203.30,1198.25,1180.58,1163.79,1152.50,1144.02,1132.27,1112.28,1094.14,1082.24,1070.43,1059.90,1048.89,1035.31,1020.31,1008.50,996.84,984.79,971.64,957.36,943.30,924.42,905.41,889.94,869.60,845.82,818.07,798.89,773.57,748.11,730.91,718.59,701.79,686.46,678.04,663.47,637.85,628.21,628.37,610.15,590.21,574.15,561.97,550.29,537.91,526.60,519.26,512.35,513.38,518.07,511.63,505.53,511.46,525.50,529.03,527.87,528.21,520.78,513.73,509.19,502.56,493.31,485.44,481.00,475.92,470.62,457.25,440.83,431.64,427.13,424.34,420.99,415.54,408.68,401.81,393.66,387.85,382.38,374.83,368.16,361.59,352.00,340.87,333.21,327.56,320.17,314.58,309.05,303.71,299.51,297.40,294.60,292.16,289.56,285.79,282.38,278.56,275.00,272.31,269.69,265.80,261.73,258.11,253.98,250.32,246.79,241.78,235.41,229.48,225.48,221.78,219.30,217.44,215.55,213.22,210.88,209.34,208.16,206.08,203.51,201.11,199.35,198.30,197.17,194.98,192.52,189.84,187.83,185.37,183.37,181.57,179.49,176.73,173.91,171.10,168.32,165.41,162.39,159.38,153.77,148.58,145.91,143.60,141.76,140.76,138.99,136.24,132.88,129.64,127.38,124.97,122.29,119.73,117.10,114.53,112.02,110.03,107.52,104.97,102.66,100.39,97.94,95.44,93.00,90.91,88.90,86.50,83.95,81.85,79.46,77.09,74.82,72.76,70.78,68.72,66.53,64.33,62.17,60.25,58.68,57.06,55.25,53.27,51.31,49.38,47.45,45.39,43.24,41.16,39.25,37.54,35.84,34.14,32.35,30.61,28.19,25.25,22.35,19.63,17.64,16.04,14.41,12.73,11.27,9.95,8.78,7.55,4.95,1.30,e,e,e,e,e
1457.55,1456.01,1436.96,1424.87,1393.76,1379.28,1376.32,1385.60,1395.49,1395.32,1377.69,1356.18,1332.40,1309.72,1288.56,1268.12,1248.29,1235.68,1209.13,1136.62,1127.63,1144.68,1124.70,1091.21,1088.00,1112.91,1130.64,1123.91,1121.57,1133.91,1150.18,1151.65,1138.55,1145.19,1131.55,1109.65,1131.74,1127.29,1116.30,1121.44,1148.46,1167.43,1180.71,1188.22,1179.30,1162.15,1145.26,1133.09,1120.49,1105.30,1083.17,1064.44,1054.13,1043.04,1029.13,1015.30,1003.88,990.86,978.35,968.26,956.62,942.50,927.67,911.80,895.04,877.89,860.94,840.50,816.45,801.96,782.79,762.17,745.93,725.07,704.44,691.10,670.09,651.44,645.62,656.06,660.65,637.69,606.93,594.50,586.76,572.48,558.89,551.46,549.93,548.51,545.60,543.75,544.92,544.90,545.33,554.28,556.03,549.84,537.74,523.10,513.16,507.54,502.75,495.67,488.43,483.42,478.17,472.32,464.21,452.77,438.19,429.92,425.15,420.03,415.28,409.44,403.24,396.06,388.91,382.59,376.88,371.27,364.81,357.20,346.68,337.52,332.27,325.14,317.49,309.67,302.48,298.39,296.31,294.65,292.77,290.38,286.50,282.22,278.26,274.83,272.57,270.16,265.68,261.48,257.47,253.19,248.28,243.72,240.13,234.75,229.66,225.53,221.45,218.76,216.53,213.84,211.61,209.15,206.94,205.58,204.18,201.92,199.50,197.61,196.34,194.87,192.83,190.94,188.99,186.94,184.88,182.93,181.07,178.79,176.21,173.63,171.03,168.70,166.16,163.43,161.23,156.60,149.51,146.63,143.72,140.89,138.47,136.49,133.97,131.26,128.82,126.89,124.80,122.66,120.31,117.93,115.48,113.06,110.64,108.12,105.60,103.25,101.00,98.51,95.94,93.50,91.09,88.45,85.55,82.11,79.86,78.06,75.96,73.75,71.78,69.79,68.08,66.26,64.12,62.18,60.68,59.05,57.13,55.15,53.05,50.95,48.82,46.97,45.02,42.97,41.14,39.43,37.86,36.22,34.57,32.91,31.32,28.96,25.91,22.97,20.14,17.76,16.47,15.36,13.60,11.75,10.27,9.00,7.23,5.00,2.09,0.53,e,e,e,e
1461.16,1439.25,1407.30,1408.36,1391.73,1365.87,1353.67,1356.88,1367.68,1372.30,1368.28,1351.71,1327.55,1303.69,1284.76,1269.67,1255.42,1240.66,1213.75,1124.58,1090.58,1107.49,1107.25,1081.33,1087.46,1099.93,1112.00,1105.93,1092.85,1102.81,1126.02,1127.39,1116.09,1124.95,1112.87,1088.76,1105.55,1104.89,1097.79,1112.38,1134.38,1146.54,1161.09,1169.70,1165.41,1159.79,1144.49,1129.61,1114.46,1095.64,1073.42,1053.16,1036.93,1023.37,1010.95,999.02,985.68,971.69,961.54,952.30,939.45,926.26,912.50,901.09,884.46,867.38,851.74,831.68,805.04,789.79,774.89,760.28,745.34,729.19,714.09,697.77,681.05,672.32,673.39,679.81,681.28,666.41,652.07,630.64,615.22,605.73,589.09,579.46,584.47,587.91,583.92,580.36,582.61,581.70,580.38,574.28,564.77,551.80,537.21,522.08,512.34,506.02,501.10,495.93,490.03,485.10,480.46,475.57,471.25,462.98,447.70,436.54,428.84,423.95,420.21,413.00,403.78,395.50,388.30,381.92,376.19,370.44,364.18,358.08,349.70,339.96,333.31,326.21,317.74,305.73,298.25,295.28,293.37,292.55,291.26,289.26,284.98,280.10,274.90,271.03,268.82,265.29,261.13,258.02,254.83,251.50,246.27,240.41,236.21,231.02,227.58,224.53,220.93,217.78,214.82,211.94,209.74,207.54,205.09,203.08,201.69,200.28,198.28,196.21,194.45,193.26,191.76,190.18,188.59,186.68,184.54,182.43,180.39,177.66,174.97,172.48,170.10,168.04,166.01,164.12,162.19,158.56,151.47,147.62,144.65,141.69,138.65,135.48,132.43,129.79,127.60,125.56,123.65,121.84,119.91,117.54,114.98,112.28,109.89,107.77,105.59,103.34,101.16,98.61,95.68,92.87,90.23,87.39,84.51,81.91,79.82,77.73,75.69,73.42,71.52,69.68,67.71,65.89,63.99,62.33,60.72,58.96,57.01,55.01,53.03,51.27,49.54,47.47,45.14,42.82,40.76,39.04,37.52,35.92,34.34,32.73,31.13,29.14,26.33,23.62,21.03,19.06,18.21,16.97,15.00,12.93,10.87,8.83,6.61,4.36,2.10,0.58,e,e,e,e
1449.83,1422.48,1393.98,1384.80,1382.52,1362.25,1335.11,1335.08,1342.46,1343.73,1352.06,1339.72,1319.29,1294.19,1272.43,1251.28,1237.94,1227.03,1205.31,1116.35,1061.07,1064.03,1075.06,1068.25,1068.71,1080.29,1095.85,1084.97,1069.13,1077.50,1101.55,1098.26,1096.56,1108.64,1095.70,1066.85,1079.64,1081.56,1081.57,1101.73,1108.28,1121.87,1148.24,1148.74,1143.53,1151.84,1148.43,1134.64,1121.30,1099.86,1072.10,1048.65,1032.19,1016.49,1001.04,987.28,972.84,955.69,944.15,933.88,921.84,909.21,898.67,887.25,872.03,856.51,841.98,816.28,793.65,780.29,768.30,758.20,747.17,738.34,730.39,713.41,708.04,705.89,701.38,703.83,704.24,696.49,681.49,658.25,641.09,630.17,612.74,607.55,614.05,620.81,616.43,608.57,609.92,607.30,596.21,579.84,564.69,550.89,536.19,522.67,513.43,506.73,501.12,496.19,491.70,487.59,482.06,476.09,471.09,463.26,450.87,442.25,434.25,427.85,421.90,410.45,399.95,393.66,388.03,381.73,376.11,370.34,361.94,354.00,347.48,340.45,332.84,325.77,317.70,303.77,295.88,291.45,289.43,289.04,288.05,286.12,282.66,278.71,273.49,269.27,265.08,260.12,257.04,254.34,251.41,248.19,242.65,237.57,233.51,229.06,225.48,222.55,219.62,216.56,213.44,210.39,207.87,205.58,203.31,201.14,199.31,197.99,196.43,194.44,192.53,191.44,190.16,188.54,187.09,185.86,184.31,182.36,179.99,176.57,173.34,170.78,168.44,166.34,164.23,162.58,161.13,158.23,152.83,148.51,145.54,142.58,139.91,136.74,133.37,130.63,128.39,125.43,122.53,120.36,118.50,116.56,114.35,111.75,109.29,107.28,105.15,102.83,100.72,98.39,95.52,92.60,89.93,87.52,85.41,83.25,81.02,78.57,76.17,73.81,71.56,69.70,67.83,65.90,64.01,62.24,60.46,58.66,56.85,55.18,53.51,51.88,50.11,47.75,45.28,42.91,40.48,38.61,37.14,35.67,34.09,32.57,31.09,29.27,26.81,24.41,22.10,20.48,19.89,18.37,16.09,13.75,11.31,8.96,6.78,4.66,2.62,0.68,0.00,e,e,e
1419.24,1403.16,1379.51,1357.85,1356.27,1351.21,1317.53,1312.99,1323.04,1319.90,1331.49,1328.69,1309.71,1289.78,1266.69,1239.38,1220.14,1208.70,1191.03,1111.78,1049.62,1031.87,1030.98,1043.57,1049.13,1062.21,1065.10,1053.43,1047.19,1058.60,1076.09,1074.52,1071.24,1084.25,1074.66,1049.76,1058.43,1058.02,1065.58,1078.75,1081.95,1103.78,1130.60,1129.26,1126.10,1135.32,1149.85,1141.37,1124.00,1100.98,1079.59,1062.01,1047.66,1031.93,1011.67,996.92,981.54,963.87,947.68,937.16,919.74,901.94,890.06,877.23,861.62,848.32,833.82,817.17,811.67,801.16,791.86,782.61,773.92,772.22,765.89,749.78,743.27,734.45,728.20,729.82,728.42,721.25,707.84,684.95,663.31,646.03,640.73,638.89,642.60,640.96,629.61,618.47,609.72,603.64,594.37,579.64,563.30,549.51,535.85,524.58,515.80,509.51,504.30,498.87,493.35,487.21,479.36,471.33,463.39,454.19,445.36,439.72,432.83,425.68,416.29,403.25,393.40,388.62,384.58,380.49,375.59,369.70,361.73,353.42,345.39,337.61,330.27,324.17,317.45,307.23,297.23,289.27,285.29,283.96,283.47,282.28,279.65,276.95,274.24,271.58,266.40,258.77,255.09,251.61,248.65,245.77,241.52,237.41,233.23,229.01,224.69,220.79,218.07,215.61,212.84,209.89,207.37,204.95,202.51,199.97,197.41,195.63,194.12,192.48,190.57,189.10,187.60,185.41,184.02,183.67,182.83,181.57,179.06,175.38,171.71,168.78,166.43,164.22,162.25,160.56,158.98,156.48,152.45,148.84,146.11,143.39,140.60,137.66,134.89,132.58,130.17,126.58,122.80,119.76,117.29,115.13,113.19,111.12,108.92,106.85,104.63,102.19,99.85,97.72,95.31,92.70,90.48,88.23,85.98,83.67,81.35,79.01,76.66,74.34,71.99,69.70,67.92,66.21,64.39,62.58,60.80,59.01,57.41,55.80,54.15,52.42,50.58,48.38,45.98,43.58,41.26,39.45,37.97,36.36,34.69,33.13,31.51,29.71,27.75,25.51,23.58,22.20,20.86,18.88,16.53,14.15,11.81,9.71,7.70,5.74,3.57,1.30,0.24,e,e,e
1395.02,1375.31,1354.87,1333.34,1332.26,1335.86,1304.73,1296.18,1305.36,1300.44,1315.90,1320.31,1296.74,1278.82,1262.29,1242.34,1216.71,1203.61,1186.85,1113.83,1052.62,1020.97,1002.50,1000.48,1005.99,1028.10,1038.57,1032.62,1030.57,1041.10,1053.98,1050.76,1043.32,1050.07,1046.37,1030.38,1031.54,1036.60,1051.33,1058.90,1072.86,1103.21,1112.69,1108.92,1107.34,1117.52,1137.99,1137.95,1127.78,1108.70,1091.30,1080.26,1068.95,1053.45,1031.31,1014.86,999.19,982.67,971.33,957.93,935.73,916.63,899.08,886.36,870.63,852.13,842.84,838.86,836.62,828.56,824.47,814.46,809.90,810.33,801.60,784.95,771.54,758.12,753.20,752.81,748.33,739.05,725.81,704.15,680.67,671.90,671.96,664.95,654.20,640.39,625.83,613.02,603.40,594.52,586.63,576.04,561.28,548.88,537.41,527.90,519.03,512.96,506.22,497.23,487.14,478.10,469.02,460.72,451.21,442.00,432.91,427.51,423.39,417.01,406.99,397.65,389.63,384.36,379.51,374.17,372.40,366.72,359.56,353.22,345.12,334.80,327.57,320.85,312.15,303.54,295.98,288.24,282.25,279.42,278.65,277.82,275.78,273.25,270.93,268.01,262.50,257.58,253.94,250.37,247.31,244.38,241.19,237.36,233.19,228.92,224.32,220.01,217.16,214.55,211.99,209.37,206.81,204.30,201.78,199.31,196.65,194.00,191.88,190.21,188.40,186.52,184.72,182.43,180.48,180.63,180.74,179.28,176.55,173.38,170.13,167.21,164.54,162.06,160.01,158.34,156.38,154.19,151.10,148.08,145.33,142.76,140.46,137.95,135.61,133.16,130.56,126.42,122.03,118.83,116.41,114.11,112.00,109.99,108.27,106.36,104.12,101.78,99.58,97.38,95.20,92.96,90.75,88.62,86.31,84.00,81.68,79.47,77.33,75.06,72.79,70.77,68.89,67.08,65.27,63.46,61.68,59.67,57.98,56.30,54.61,52.95,51.22,49.20,47.02,44.65,42.52,40.61,38.80,37.06,35.27,33.41,31.54,29.67,27.95,26.19,24.54,22.89,20.55,18.25,16.19,14.10,12.20,10.56,8.85,6.58,4.25,2.13,0.57,e,e,e
1368.94,1357.55,1332.85,1308.58,1308.98,1319.72,1299.27,1276.44,1281.15,1283.23,1307.28,1314.77,1287.35,1265.30,1245.43,1226.26,1209.72,1197.08,1175.66,1119.87,1056.00,1019.03,994.29,980.60,979.96,991.97,1004.42,1011.01,1011.68,1021.70,1035.58,1027.96,1018.84,1012.57,1009.11,1001.31,1004.08,1016.49,1033.66,1043.60,1064.82,1092.40,1088.88,1083.88,1083.98,1098.31,1115.37,1118.02,1121.52,1120.23,1110.55,1103.60,1093.81,1075.27,1054.45,1039.54,1020.45,1003.24,990.18,971.77,950.20,935.93,923.08,910.87,895.15,873.70,863.95,862.88,861.35,856.33,854.65,851.76,846.35,836.50,823.20,809.62,794.52,778.12,767.47,760.47,752.09,743.61,733.94,720.10,702.92,697.14,684.46,667.28,651.38,636.06,621.46,608.73,597.58,587.79,577.22,568.02,557.99,548.74,539.24,529.82,520.08,511.59,503.39,493.24,481.61,473.46,467.74,462.48,456.16,446.85,434.81,423.75,414.99,408.68,400.48,393.77,388.16,383.39,377.98,370.69,364.73,358.34,351.30,346.60,339.61,330.48,322.93,315.01,304.84,297.23,290.56,285.62,281.29,279.40,277.62,275.36,272.96,270.12,267.32,263.95,259.64,256.31,252.81,249.47,246.31,243.18,239.89,236.23,232.29,228.31,223.88,219.94,217.23,214.77,212.35,209.76,207.06,204.22,201.35,198.60,196.01,193.40,190.86,188.81,186.93,184.90,182.73,180.62,178.40,178.00,177.99,177.02,173.94,170.75,168.38,166.18,163.38,160.63,158.17,156.10,154.03,151.82,149.31,146.66,143.93,141.15,138.55,136.26,134.10,132.34,129.95,125.10,120.39,117.87,115.60,113.34,111.30,109.32,107.56,105.76,103.80,101.75,99.62,97.48,95.38,93.20,91.12,88.91,86.62,84.33,82.03,79.78,77.65,75.34,72.94,70.72,68.70,66.80,64.86,62.81,60.87,59.21,57.43,55.63,53.80,51.92,50.06,48.43,46.85,45.19,43.39,41.48,39.34,37.30,35.32,33.21,31.16,29.03,27.09,25.28,23.57,21.80,19.57,17.08,15.63,14.38,13.01,11.64,9.37,7.11,5.07,3.04,1.03,e,e,e
1329.07,1319.36,1310.69,1292.51,1287.32,1299.08,1290.46,1260.25,1258.43,1271.67,1296.01,1302.17,1275.12,1252.86,1231.19,1207.80,1189.39,1174.07,1156.83,1118.46,1068.19,1022.28,990.38,971.65,963.95,964.16,972.59,981.60,983.28,1006.83,1019.67,1006.57,996.11,991.58,988.23,983.43,988.80,999.46,1013.25,1028.76,1050.27,1065.98,1064.69,1060.90,1068.09,1086.24,1093.63,1090.69,1096.72,1112.57,1125.44,1120.06,1108.81,1094.33,1076.06,1058.70,1041.91,1025.05,1009.03,996.19,979.35,961.18,947.42,929.79,910.98,891.80,888.06,892.05,887.14,875.12,865.19,852.67,839.97,827.25,816.94,809.76,799.46,785.59,771.79,760.54,750.94,743.45,735.85,726.48,714.85,703.86,686.60,668.38,651.56,635.16,620.36,607.44,593.72,582.39,571.63,562.86,552.86,545.03,536.45,527.24,517.18,507.68,498.09,489.65,483.68,480.76,476.47,471.31,464.28,452.11,439.15,427.78,418.18,411.12,402.75,396.97,390.86,385.42,379.13,372.82,367.01,361.57,357.58,353.62,349.59,341.77,332.74,323.53,312.80,303.83,295.23,288.65,285.46,283.77,281.82,279.79,276.80,272.92,270.35,267.36,262.15,258.06,254.10,250.25,247.04,244.04,241.31,239.01,233.99,229.34,225.89,221.43,218.34,215.93,213.29,210.89,208.28,205.45,202.15,198.97,196.61,194.27,192.00,190.21,188.47,185.82,182.56,179.81,177.60,175.70,175.26,174.82,172.42,169.59,167.38,165.21,162.98,160.64,157.94,155.14,152.46,149.97,147.47,145.11,142.66,139.87,136.75,133.92,131.52,129.35,126.49,122.09,118.97,117.06,114.84,112.58,110.49,108.65,106.77,104.84,102.88,101.34,99.45,97.16,94.92,92.81,90.77,88.62,86.41,84.20,81.96,79.69,77.33,74.84,72.31,69.72,67.68,65.75,63.71,61.63,59.42,57.72,56.18,54.45,52.65,50.88,48.88,47.27,45.75,44.22,42.74,41.20,39.23,36.98,34.79,32.70,30.74,28.61,26.46,24.42,22.47,20.65,19.58,18.59,16.98,15.25,13.20,11.15,9.26,7.28,5.33,3.58,1.70,0.43,e,e
1309.32,1292.92,1291.97,1280.77,1265.44,1275.80,1273.95,1250.31,1239.98,1255.80,1272.41,1285.11,1264.83,1236.63,1217.87,1205.07,1183.62,1162.33,1151.06,1114.95,1077.51,1049.72,1007.77,967.70,946.85,941.07,944.75,946.36,960.75,996.85,999.64,984.14,972.50,977.07,975.49,969.63,974.04,985.25,998.14,1016.65,1037.08,1043.77,1042.11,1043.93,1058.65,1065.91,1068.83,1068.19,1076.02,1092.35,1107.54,1110.59,1101.37,1092.70,1085.45,1072.88,1058.51,1043.81,1026.19,1009.80,997.29,977.53,961.12,945.08,926.33,910.34,908.99,903.73,892.68,880.27,865.67,847.95,830.45,817.95,805.29,796.82,788.82,779.84,768.47,758.12,749.68,742.71,735.18,726.24,715.12,703.48,686.74,668.62,652.78,636.12,621.79,608.94,593.86,582.75,572.49,563.59,554.10,545.28,535.07,525.31,517.49,510.75,504.00,497.60,489.90,482.94,476.05,468.81,461.25,449.29,436.97,426.40,418.20,410.59,404.86,400.04,393.62,387.67,380.78,375.71,371.22,366.37,363.07,360.22,355.15,347.73,339.07,332.07,322.25,311.12,302.76,296.65,292.26,288.82,286.19,284.06,282.10,279.41,275.50,271.41,266.33,260.99,256.53,252.01,248.55,245.91,243.58,241.52,237.53,232.75,228.72,223.91,219.61,216.81,214.26,212.29,210.56,208.12,204.67,201.44,198.63,196.30,194.12,192.22,190.09,187.02,183.71,180.84,178.76,175.25,172.94,172.48,171.22,168.88,166.74,164.62,162.60,160.47,157.85,155.02,152.20,149.27,145.81,143.26,140.98,138.38,135.30,132.11,128.93,125.53,122.19,119.28,117.71,116.08,114.09,111.85,109.69,107.79,105.90,103.86,101.80,99.82,98.29,96.05,93.87,91.85,89.79,87.83,85.71,83.55,81.44,79.35,76.96,74.47,71.99,69.60,67.61,65.66,63.59,61.42,58.95,56.81,55.33,53.74,52.13,50.63,49.01,47.38,45.74,44.16,42.65,41.10,39.34,37.18,35.05,32.88,30.83,28.71,26.79,24.35,22.52,21.02,20.24,18.65,16.08,14.45,12.45,10.50,9.22,7.78,6.01,3.99,1.85,0.32,e,e
1311.66,1282.75,1269.17,1266.88,1252.17,1253.86,1255.58,1238.52,1221.58,1232.88,1249.38,1270.58,1263.26,1234.68,1203.95,1187.60,1179.77,1171.08,1155.95,1110.81,1077.26,1060.44,1037.53,979.78,937.39,929.83,925.75,929.13,955.75,977.90,969.76,958.45,948.99,965.79,962.87,952.59,957.34,970.32,987.45,1005.93,1016.79,1018.09,1017.71,1028.93,1042.49,1043.74,1048.05,1049.62,1062.73,1076.16,1086.73,1087.90,1083.13,1074.87,1068.26,1063.27,1054.92,1041.51,1025.92,1009.45,995.37,977.83,960.44,944.29,931.32,920.32,908.76,897.10,885.30,876.03,863.97,848.33,829.36,813.38,798.40,786.31,775.33,768.50,761.07,752.44,745.39,738.75,731.04,723.19,712.24,700.32,687.57,672.45,658.33,643.04,629.77,615.58,603.43,593.88,583.57,572.38,563.59,553.63,539.88,530.29,523.65,517.77,509.77,499.30,487.45,480.13,472.88,464.78,455.78,443.14,431.07,421.41,413.38,406.17,400.29,396.46,392.52,387.75,381.94,376.32,371.23,367.06,363.47,360.02,354.92,348.47,341.44,333.64,324.27,315.64,309.22,304.29,300.41,294.61,289.57,286.14,282.49,279.42,275.83,272.04,268.03,263.17,258.27,252.52,248.69,246.25,243.73,241.27,238.01,233.84,229.56,224.65,220.33,217.79,216.29,214.69,212.70,209.81,206.55,203.28,200.14,197.62,195.33,193.13,190.91,188.35,185.46,182.83,180.18,175.11,170.96,170.03,169.07,167.44,165.69,163.98,162.06,160.02,157.63,154.91,152.28,149.68,145.39,141.40,138.75,135.91,133.34,130.48,127.12,123.44,120.04,118.23,116.63,114.97,113.27,111.36,109.30,107.33,105.31,103.10,100.97,98.81,96.86,94.89,92.90,91.08,89.20,87.06,84.95,82.86,80.83,78.94,76.82,74.38,72.00,69.89,67.96,66.06,63.97,61.74,59.53,57.59,55.92,54.28,52.67,50.99,49.35,47.80,46.18,44.59,42.94,41.29,39.63,37.93,35.99,34.03,32.11,30.08,27.49,24.46,22.23,20.73,19.51,17.51,15.60,13.89,12.38,11.21,10.35,8.78,6.68,4.55,2.24,0.39,e,e
1314.72,1284.72,1262.22,1250.21,1247.65,1235.11,1232.50,1213.53,1197.80,1215.72,1246.31,1256.95,1261.62,1239.62,1205.96,1173.63,1159.06,1151.50,1124.69,1086.16,1055.15,1045.90,1030.88,989.27,941.90,923.81,911.42,907.38,935.00,946.00,937.13,933.26,940.73,951.70,945.10,936.97,939.85,953.20,970.72,987.93,994.38,991.88,994.85,1009.33,1014.48,1021.96,1028.99,1037.70,1054.78,1063.49,1069.45,1071.88,1066.07,1056.81,1047.78,1040.36,1033.63,1025.35,1013.12,998.34,983.07,967.79,950.83,934.11,921.53,911.44,899.38,885.61,875.23,866.53,857.26,845.18,828.06,809.91,794.82,782.34,767.38,756.71,749.81,742.71,738.29,732.87,724.46,716.07,705.91,693.91,682.35,669.93,656.85,644.53,631.26,618.25,609.03,600.73,589.45,576.86,566.72,554.74,540.64,530.56,520.84,515.04,507.87,497.33,486.11,477.71,468.89,459.32,449.35,437.11,425.59,415.49,408.82,403.89,400.15,396.60,390.65,385.00,379.71,374.05,368.74,364.41,360.67,357.71,353.94,348.13,340.92,332.15,323.93,317.38,312.16,306.96,301.67,295.77,289.68,284.97,280.45,275.62,271.61,268.43,265.06,261.63,258.02,252.44,248.31,245.73,243.16,240.48,237.00,232.95,229.49,226.88,222.78,220.36,218.75,216.04,212.57,209.22,205.72,202.46,199.75,197.66,195.65,193.59,191.35,188.88,185.91,183.00,179.85,173.64,168.95,167.04,165.95,164.65,163.11,162.13,160.88,158.43,156.17,154.25,152.24,149.63,145.04,140.28,136.63,133.40,130.51,128.27,125.51,122.22,119.21,117.17,115.50,113.83,112.09,110.37,108.54,106.69,104.73,102.59,100.39,98.01,95.82,93.83,92.22,90.57,88.64,86.42,84.25,82.20,80.16,78.33,76.55,74.39,72.27,70.23,68.34,66.44,64.42,62.42,60.53,58.57,56.67,54.88,53.13,51.29,49.49,47.70,45.88,44.24,42.60,40.83,39.20,37.75,36.13,34.34,32.50,30.55,27.70,24.54,21.99,20.46,19.66,18.83,16.93,15.15,13.68,12.11,10.85,9.77,7.86,5.46,3.07,0.80,e,e
1316.78,1289.10,1266.80,1246.58,1228.07,1209.30,1209.03,1195.46,1185.42,1217.20,1244.52,1238.63,1249.82,1236.48,1207.50,1174.27,1144.67,1126.88,1103.81,1080.49,1046.48,1024.54,1002.94,977.76,948.94,919.55,896.83,886.99,897.29,910.81,904.73,906.02,926.11,928.37,921.46,915.70,923.72,936.45,950.54,967.09,969.93,964.04,972.83,988.86,992.75,1002.28,1009.50,1017.66,1034.94,1044.17,1052.29,1058.68,1051.38,1037.23,1025.83,1018.21,1011.98,1006.52,996.28,981.76,968.48,955.38,939.65,924.20,911.44,902.11,889.77,876.52,865.50,854.94,846.70,836.94,822.25,805.99,791.32,778.20,764.53,750.44,738.99,733.09,729.72,725.24,718.18,709.57,699.80,688.31,675.81,662.27,647.93,635.27,623.47,613.34,604.45,596.33,582.89,569.61,559.94,549.41,538.20,529.23,518.59,512.62,506.03,497.69,487.17,475.44,463.67,453.39,443.25,436.27,428.41,418.19,412.37,407.17,403.44,399.65,391.85,384.72,378.27,372.45,366.94,362.09,358.59,355.58,352.46,347.10,338.70,331.45,324.72,318.87,312.43,306.11,299.77,293.92,288.00,282.57,277.99,273.04,268.91,265.79,262.55,259.09,255.72,251.74,248.52,246.45,243.78,240.11,236.92,234.33,232.41,230.34,226.64,223.38,220.24,215.77,210.71,207.19,203.57,200.09,197.87,196.00,194.28,192.80,191.17,188.25,184.76,181.66,178.35,173.19,169.42,166.77,163.70,161.67,160.31,159.32,158.00,155.56,153.06,151.81,150.70,148.88,145.00,140.69,136.66,132.16,128.57,126.27,123.72,120.89,118.19,116.16,114.34,112.65,110.93,109.12,107.28,105.51,103.66,101.98,99.91,97.39,94.83,92.66,91.00,89.52,87.58,85.36,83.17,81.15,79.28,77.51,75.80,74.04,72.27,70.42,68.57,66.73,64.68,62.51,60.40,58.34,56.45,54.55,52.66,50.85,49.00,47.09,45.19,43.70,42.18,40.59,39.15,37.52,35.47,33.72,32.56,31.05,28.41,24.49,22.89,22.08,21.39,20.20,18.48,16.71,14.95,13.04,11.25,10.15,8.52,6.29,3.91,1.50,0.20,e
1310.42,1297.04,1269.81,1249.86,1226.10,1197.34,1188.49,1176.03,1174.93,1201.86,1225.83,1224.11,1224.46,1216.84,1194.94,1174.59,1151.32,1130.66,1113.14,1088.85,1064.26,1044.56,1019.65,989.74,954.21,920.72,889.35,876.93,874.76,878.24,879.80,893.54,904.26,904.19,901.71,899.27,906.91,920.36,936.08,952.71,953.08,939.22,950.82,966.70,977.01,984.56,986.70,993.07,1006.73,1017.82,1027.91,1036.30,1031.23,1020.63,1008.09,996.66,992.21,988.06,978.28,967.62,957.28,944.77,929.51,916.40,905.05,892.69,882.39,870.02,857.69,845.89,835.41,824.11,812.55,800.63,788.33,774.98,760.99,748.26,736.62,725.14,718.46,714.57,710.00,703.40,694.23,682.70,667.48,654.29,642.15,630.98,620.22,610.46,600.34,590.42,576.69,563.45,552.09,540.88,531.54,522.30,514.39,509.41,503.50,496.30,486.44,474.34,464.61,458.32,450.77,443.51,435.34,422.92,412.09,404.74,399.86,393.98,387.19,381.84,376.94,371.82,366.27,360.72,357.44,354.53,351.29,345.98,338.73,332.23,326.39,320.88,312.70,305.32,299.21,290.29,285.63,281.09,277.55,273.89,269.90,266.66,263.60,260.28,257.12,253.90,251.45,250.01,246.98,242.61,239.76,237.22,234.17,230.68,227.24,223.76,220.34,215.74,210.81,206.88,203.08,199.63,196.70,194.19,192.38,190.94,189.25,186.48,182.95,179.52,177.68,174.69,171.51,168.77,164.84,160.82,158.03,156.07,154.40,152.05,149.91,148.88,147.71,146.61,145.08,141.68,137.43,132.71,129.69,128.82,126.14,121.16,118.57,116.49,113.77,111.52,109.71,107.83,105.96,104.12,102.13,100.41,98.33,96.05,93.71,91.45,89.63,88.16,86.37,84.24,82.07,80.05,78.35,76.62,74.86,73.13,71.30,69.71,68.35,66.84,64.84,62.62,60.45,58.32,56.20,54.12,52.10,50.12,48.16,46.40,44.54,43.12,41.69,40.39,39.01,36.70,34.40,32.41,30.97,30.01,27.56,25.17,24.36,23.61,22.72,21.35,19.67,17.72,15.82,13.95,12.02,10.25,8.40,6.44,4.45,2.26,0.46,e
1290.28,1292.68,1267.07,1244.72,1223.61,1203.40,1172.26,1146.30,1160.64,1196.08,1215.30,1213.20,1198.55,1192.15,1173.97,1163.53,1146.32,1127.71,1104.38,1075.86,1054.86,1042.24,1020.29,989.17,953.18,921.46,889.91,868.36,856.15,851.61,854.91,871.57,877.17,880.66,882.58,882.65,891.53,905.92,926.54,939.98,933.40,917.02,927.31,949.95,964.47,966.23,969.16,979.10,989.31,996.96,1005.67,1013.99,1016.71,1006.02,992.43,981.38,974.18,970.08,963.28,956.84,949.21,937.08,921.88,908.75,895.66,882.46,873.68,864.47,852.88,838.77,824.76,812.29,801.46,791.40,781.20,769.90,757.32,745.52,734.68,722.27,709.13,701.49,698.76,694.22,687.14,677.04,663.50,651.86,640.45,629.50,619.55,608.73,599.20,590.44,580.03,566.66,552.47,537.33,525.05,514.15,505.59,500.13,496.33,491.30,483.90,476.28,471.74,467.67,458.93,450.37,440.05,427.22,416.12,407.08,400.24,393.35,387.61,385.00,381.82,375.80,368.05,361.37,357.23,353.48,349.87,344.75,339.42,332.32,324.40,316.79,308.70,301.06,294.39,288.43,285.50,282.81,280.55,276.89,271.86,268.18,265.15,262.37,259.79,256.73,254.43,251.91,248.61,244.81,241.54,237.48,232.32,229.17,226.19,223.04,219.62,215.51,211.12,207.02,203.09,199.36,196.28,193.15,190.52,188.69,186.77,184.44,181.60,178.25,175.59,174.47,172.81,170.20,166.17,162.27,158.93,155.25,151.80,149.27,146.90,145.44,144.19,142.69,142.51,142.02,138.71,135.25,132.97,131.90,130.36,124.93,121.36,118.60,114.86,111.18,108.66,106.86,105.12,103.34,101.55,99.80,98.20,96.67,94.75,92.15,89.56,86.96,85.13,83.11,80.95,79.11,77.53,75.81,74.10,72.39,70.64,68.84,67.48,66.18,64.55,63.13,61.13,58.07,55.18,53.03,51.17,49.13,47.15,45.57,43.92,42.54,41.20,40.35,38.56,35.61,33.48,31.69,30.18,29.48,28.16,26.81,25.98,25.06,23.75,22.10,20.42,18.61,16.71,14.87,12.88,10.77,8.81,6.82,4.82,2.77,0.78,e
1273.18,1282.57,1267.64,1247.08,1229.35,1204.30,1168.85,1135.67,1151.93,1182.56,1198.53,1202.27,1180.89,1170.56,1159.57,1140.57,1125.65,1112.88,1092.85,1066.91,1047.40,1028.04,1006.88,971.15,937.37,906.83,883.91,852.43,843.38,837.54,840.23,850.90,852.90,855.59,860.46,864.50,873.38,891.37,916.19,920.56,903.13,895.78,916.43,939.86,950.44,946.33,952.20,966.34,975.63,980.32,985.83,995.75,1003.33,993.84,979.83,968.40,960.78,955.72,951.91,946.15,938.95,927.64,913.97,901.80,887.19,874.09,863.08,856.58,847.38,833.35,818.58,804.36,792.69,781.71,770.41,759.80,749.58,739.37,728.98,718.04,706.94,696.01,685.96,682.09,677.09,668.61,657.75,646.22,635.14,625.47,617.71,608.19,599.53,593.17,586.06,576.03,560.84,545.38,530.67,515.42,501.23,490.49,486.42,482.65,478.73,475.86,473.48,469.37,457.41,446.92,438.19,429.51,421.26,413.40,407.23,401.13,394.75,391.94,387.96,381.53,373.23,364.29,357.69,352.44,346.97,341.72,336.57,328.20,319.53,311.35,305.13,300.37,295.64,290.51,287.03,284.08,281.11,277.70,273.86,270.61,267.15,264.99,260.92,257.24,254.06,250.99,247.70,244.40,241.04,235.14,229.75,227.09,224.37,221.53,218.01,213.83,210.07,206.35,202.57,199.08,195.92,192.75,189.60,186.66,184.33,182.15,179.88,176.50,173.27,171.82,170.92,169.75,166.88,163.29,160.04,155.84,151.49,147.87,144.71,142.31,140.91,139.46,139.40,140.10,139.14,137.11,135.01,132.99,130.64,126.93,122.94,119.00,115.17,111.67,109.54,108.25,106.66,104.98,103.47,102.15,100.96,99.80,97.43,94.21,90.77,86.10,83.70,81.94,80.19,78.20,76.69,75.00,73.36,71.81,70.42,68.55,66.69,65.27,63.15,61.86,60.89,56.24,53.20,51.41,49.98,48.57,47.02,45.56,43.95,42.21,40.64,39.36,37.55,35.88,34.25,32.78,31.66,30.86,29.71,28.74,27.58,26.10,24.48,22.84,21.20,19.62,17.74,15.70,13.63,11.70,9.96,7.91,5.77,3.52,1.30,0.13
1251.65,1267.55,1266.61,1252.73,1229.30,1193.30,1156.82,1128.30,1141.59,1168.71,1191.21,1199.28,1175.84,1156.03,1144.20,1127.13,1108.77,1094.31,1071.73,1049.60,1030.56,1008.13,993.69,967.15,931.91,895.23,871.71,847.43,831.85,826.55,828.27,833.85,832.60,835.83,844.03,850.42,857.55,874.00,895.53,893.44,880.32,886.08,909.51,916.95,926.83,926.63,936.21,954.32,962.01,962.87,964.32,976.50,988.79,983.88,969.27,959.87,953.97,945.46,937.32,932.08,926.10,915.92,906.68,896.95,884.14,868.54,854.84,844.49,837.39,829.36,817.96,805.74,791.30,776.90,763.88,752.72,741.03,731.93,720.03,706.46,698.56,692.08,681.66,671.05,663.75,658.51,650.15,637.36,624.56,614.50,608.03,600.29,594.48,588.82,580.68,573.50,562.69,549.50,536.81,521.97,506.97,491.14,480.26,473.76,470.15,469.36,468.84,463.77,451.68,440.53,431.26,422.23,413.24,406.67,401.73,397.61,391.51,385.60,378.91,372.02,364.14,358.15,353.49,347.31,340.23,333.78,328.69,322.73,315.56,309.19,305.27,301.87,296.56,290.57,287.76,286.16,282.66,279.98,279.30,277.22,272.45,268.03,262.38,258.86,254.84,250.12,246.45,242.61,238.15,232.14,228.53,225.99,223.05,220.64,216.71,211.96,208.24,205.04,201.69,198.64,195.50,192.36,189.33,186.18,183.00,180.21,177.31,173.92,170.73,169.09,167.77,166.47,165.24,163.45,160.56,156.44,151.87,147.95,144.22,140.71,138.87,137.65,137.68,137.79,137.35,135.71,133.67,131.56,129.23,125.65,121.56,118.36,115.61,113.39,111.42,110.17,108.77,107.05,105.70,104.36,102.78,101.08,98.30,94.65,91.00,86.02,82.70,80.65,79.25,77.77,76.03,74.49,72.99,71.53,70.29,68.28,66.08,64.30,62.13,60.27,59.32,56.36,54.61,52.86,51.98,50.21,48.69,47.15,45.11,42.83,40.90,39.45,38.51,37.18,35.63,34.29,33.03,32.10,31.23,30.05,28.35,26.79,25.21,23.57,22.08,20.62,18.60,16.55,14.52,12.65,10.76,8.66,6.39,4.08,1.73,0.28
1228.04,1242.88,1250.08,1238.01,1207.31,1175.71,1138.24,1120.74,1148.68,1176.60,1200.42,1210.16,1193.10,1166.03,1137.51,1116.11,1098.78,1081.62,1060.96,1049.74,1021.08,981.64,956.38,943.46,921.57,894.19,860.73,841.66,828.36,818.39,814.24,813.48,815.01,820.18,826.88,831.88,837.79,851.90,866.28,859.37,857.55,875.90,891.08,890.60,896.79,904.58,920.75,936.57,944.28,942.19,941.98,955.56,971.72,973.61,959.20,950.54,944.93,935.19,923.91,915.60,910.50,902.17,894.04,886.83,876.16,863.04,849.48,834.00,825.40,818.25,811.54,804.79,794.18,778.90,763.39,751.33,737.65,725.36,709.83,695.15,685.95,678.74,672.49,664.60,653.54,648.42,646.00,636.28,620.53,605.11,595.09,588.97,582.81,576.84,570.03,562.46,551.65,542.25,531.50,518.42,505.59,492.86,481.54,471.96,463.90,459.57,457.62,451.90,441.82,430.45,418.03,406.21,396.88,391.06,386.34,381.13,375.64,370.62,364.92,359.61,355.08,350.57,345.38,338.82,334.87,328.94,323.15,318.28,312.54,308.27,305.81,304.45,301.84,300.24,298.71,295.72,291.56,287.73,285.58,283.09,278.61,273.38,269.98,265.01,259.23,253.66,249.96,244.98,240.30,236.00,230.64,226.61,222.62,220.16,216.36,211.96,207.99,204.33,200.89,197.69,194.61,191.74,188.91,185.97,182.86,179.46,175.27,171.34,168.20,166.25,164.53,162.66,161.37,160.72,159.39,156.80,152.85,149.29,145.36,141.12,138.61,136.79,135.74,135.47,135.20,134.03,131.84,129.88,127.31,124.38,121.03,118.61,116.51,114.54,112.74,111.48,110.23,108.55,106.45,103.96,101.66,99.95,97.15,93.53,90.10,86.95,83.72,81.35,80.22,79.07,76.44,74.22,72.72,71.39,70.07,68.25,66.43,64.38,62.79,61.18,59.32,58.17,56.83,55.53,54.24,52.25,50.56,48.37,46.02,43.62,41.59,40.40,39.92,38.45,37.04,35.73,34.43,33.44,32.27,30.58,28.95,27.44,25.88,24.23,22.51,20.68,18.67,16.75,14.79,12.88,11.01,9.00,6.68,4.32,1.93,0.49
1207.06,1215.00,1221.82,1216.86,1193.60,1154.36,1118.62,1119.60,1153.09,1175.99,1193.18,1207.01,1208.49,1180.14,1151.97,1127.99,1109.01,1088.79,1075.81,1060.32,1033.40,995.01,959.86,931.61,903.77,883.17,860.21,845.24,831.06,814.98,801.51,793.86,797.78,803.70,808.93,813.60,820.74,841.25,842.79,833.37,843.98,862.80,865.95,866.30,876.47,889.22,904.90,916.47,923.10,921.83,923.43,942.64,958.64,964.10,951.63,938.60,928.48,920.67,909.35,897.88,892.38,884.26,876.10,870.52,861.96,853.97,846.80,832.72,815.74,806.25,800.76,796.25,790.82,782.40,769.04,755.71,741.27,724.98,708.74,692.13,678.63,667.91,660.42,652.88,642.66,637.33,639.86,636.69,623.15,605.25,587.21,574.49,567.62,562.84,556.09,548.34,538.33,529.38,518.07,507.22,497.75,488.38,478.76,469.41,461.51,454.13,447.18,439.65,429.32,416.20,402.87,391.69,383.24,377.17,371.89,367.20,362.30,358.75,353.88,352.08,350.59,345.77,342.35,337.61,331.33,326.22,320.28,318.08,317.48,317.46,316.98,317.06,315.87,312.83,310.22,304.56,298.49,293.93,289.97,285.29,279.89,276.05,272.22,267.78,262.00,257.08,252.97,248.58,244.19,239.42,232.57,226.90,222.39,219.15,215.86,212.16,208.17,203.75,199.79,196.59,193.48,190.50,187.88,185.13,182.33,179.41,175.37,171.12,167.72,164.92,162.45,160.13,158.42,157.63,156.75,155.42,153.59,150.78,146.56,141.79,138.63,137.31,135.98,133.95,133.27,132.48,130.31,127.69,125.09,122.38,119.88,117.76,115.61,113.53,111.63,110.70,109.81,107.98,105.59,102.75,99.88,97.34,94.97,92.07,89.59,87.56,85.03,83.04,82.18,80.99,78.17,74.99,73.21,71.84,70.41,69.04,67.34,65.80,64.38,62.86,61.04,60.67,59.34,57.94,56.25,54.17,51.83,49.36,46.87,44.45,42.56,42.09,41.34,39.64,38.31,37.01,35.75,34.36,32.77,31.14,29.48,27.87,25.90,23.85,21.90,19.94,18.04,16.15,14.21,12.25,10.36,8.43,6.30,4.17,1.90,0.49
1182.32,1180.30,1183.64,1184.09,1144.43,1105.42,1095.30,1114.32,1142.12,1161.18,1177.01,1194.04,1193.78,1166.36,1141.70,1121.55,1102.44,1086.27,1067.02,1046.18,1027.56,1006.40,975.59,943.51,908.08,891.02,883.74,857.72,834.45,810.52,793.05,785.22,785.64,787.89,790.61,796.04,807.26,821.91,816.77,818.46,836.99,851.24,846.96,848.99,862.65,877.42,885.52,891.38,897.25,897.75,904.20,927.67,942.68,951.39,953.11,936.12,918.63,904.84,892.16,881.39,874.19,865.68,857.88,851.44,844.88,836.24,830.87,826.09,813.09,798.97,786.85,779.68,776.57,772.96,767.97,759.30,746.31,730.24,710.97,692.81,677.58,663.47,649.71,641.64,633.13,624.69,624.61,621.82,612.93,602.78,588.76,570.95,557.03,549.76,543.35,534.59,525.26,515.07,505.11,495.90,486.87,478.61,470.99,462.78,455.24,448.23,438.82,427.76,415.88,403.03,390.64,383.42,382.84,383.77,380.45,376.31,372.24,369.18,364.55,356.01,349.61,345.46,342.42,339.36,335.92,334.75,335.02,334.10,331.07,328.68,325.73,323.40,320.35,316.53,313.01,309.05,303.19,297.83,293.33,289.05,283.28,278.87,274.29,269.00,263.55,258.61,254.57,250.61,245.93,240.30,233.23,226.88,221.65,217.65,214.40,210.99,207.12,202.80,199.07,195.91,192.72,189.56,186.83,184.03,181.07,178.24,174.70,170.97,168.03,165.85,163.22,160.93,158.41,155.87,154.09,152.75,151.60,150.30,146.17,141.26,139.57,139.12,137.43,134.67,132.02,130.78,129.26,126.62,123.69,120.87,118.36,116.34,114.35,112.20,110.17,108.78,107.66,106.20,104.37,102.14,99.36,96.61,94.19,92.06,90.09,88.06,86.12,85.00,83.93,82.09,79.91,76.89,74.97,73.51,72.03,70.38,68.73,67.63,66.06,64.56,63.47,62.83,61.38,59.90,57.68,55.34,52.93,50.45,47.81,45.26,44.05,43.72,42.31,40.53,39.13,37.91,36.74,35.18,33.51,31.60,29.62,27.54,25.32,23.29,21.31,19.42,17.48,15.62,13.96,12.46,11.08,9.35,7.02,4.49,1.95,0.38
1150.69,1145.63,1129.55,1097.08,1078.05,1075.36,1091.00,1112.97,1129.87,1149.97,1173.28,1193.13,1190.84,1154.29,1127.70,1106.50,1083.95,1062.22,1044.93,1027.69,1010.58,993.91,972.00,946.52,919.70,904.87,889.07,864.86,840.03,810.74,791.62,780.28,774.90,773.77,772.60,779.12,793.96,798.07,792.83,803.63,821.35,831.70,831.29,836.63,851.93,862.01,865.46,870.84,876.78,880.36,892.20,907.88,920.64,931.47,941.13,939.29,921.07,900.90,882.94,865.33,852.39,845.27,838.46,833.97,828.20,818.21,810.56,804.38,798.63,790.13,780.43,767.53,758.02,751.41,747.06,744.97,741.63,730.57,711.04,692.87,676.16,659.01,641.94,629.93,619.14,607.94,602.84,597.74,591.15,588.02,584.30,572.31,556.88,544.86,535.22,524.65,514.21,502.33,492.04,480.73,470.55,463.01,454.97,447.17,438.95,430.64,420.63,410.89,403.30,397.56,396.69,400.29,404.70,403.49,399.09,394.54,389.98,384.30,378.55,371.80,363.72,357.92,354.82,352.25,350.98,349.03,345.37,342.15,337.28,331.35,327.07,323.41,319.89,316.51,313.11,309.78,304.57,299.48,295.51,291.65,287.36,281.64,275.63,269.84,264.71,260.04,256.03,252.24,247.20,240.22,233.75,228.16,223.15,218.71,214.81,210.73,206.94,202.14,198.28,195.31,192.11,188.94,185.90,182.94,179.93,176.95,173.92,171.67,170.78,168.45,165.16,162.47,159.72,156.78,153.50,150.96,149.22,147.76,144.36,142.12,141.74,140.95,138.94,136.23,132.75,129.82,127.85,125.71,123.15,120.90,118.42,116.45,114.91,112.77,110.54,108.14,106.17,104.56,102.89,101.19,99.16,97.25,95.34,93.02,91.07,89.22,87.89,86.90,85.22,83.07,80.90,78.66,76.93,75.33,73.71,71.85,70.56,69.69,68.17,66.70,65.73,64.43,63.07,61.21,58.63,55.87,53.06,50.46,47.97,46.15,45.77,45.02,43.36,41.66,40.08,38.95,37.68,35.97,33.56,31.01,28.76,26.88,24.92,23.00,21.13,19.32,17.75,16.46,15.15,13.64,11.88,9.83,7.14,4.34,1.56,e
1123.50,1120.47,1096.69,1067.51,1053.88,1061.93,1087.79,1105.02,1122.68,1145.35,1169.00,1189.08,1195.69,1158.40,1129.75,1109.88,1087.72,1069.60,1046.89,1027.16,1011.62,998.38,977.56,952.08,927.23,902.10,878.30,856.91,837.25,817.47,796.67,778.12,767.29,759.10,755.59,759.64,772.04,776.36,782.73,793.25,802.16,805.33,811.50,826.85,846.53,852.45,854.82,856.56,861.63,863.39,873.43,888.10,902.35,912.93,921.86,929.54,927.24,908.23,889.00,866.75,847.49,832.34,821.98,813.78,811.65,801.01,790.31,782.67,777.35,772.96,770.97,759.74,744.86,734.87,728.12,724.22,725.79,723.64,709.89,693.64,673.43,654.54,637.55,620.52,605.50,592.69,582.00,573.02,566.15,565.86,571.25,569.73,560.37,548.06,537.24,525.63,511.51,494.78,479.71,466.86,456.12,447.55,438.27,430.92,421.90,412.46,408.02,407.19,407.10,406.63,410.19,413.90,413.89,410.10,404.92,400.28,394.50,388.60,381.98,376.05,371.39,366.11,362.15,358.47,354.86,349.94,345.39,341.16,335.97,330.65,326.57,322.66,319.00,315.82,312.73,309.16,304.05,299.42,296.11,292.90,289.11,281.78,275.10,269.25,265.10,261.27,257.63,253.91,249.63,242.89,237.34,232.17,227.66,222.34,217.46,213.33,209.89,204.03,199.01,196.16,192.48,188.84,185.46,181.99,179.00,176.48,175.04,174.12,172.75,170.05,166.87,163.94,160.88,157.27,153.75,151.08,148.78,146.42,144.98,144.25,143.62,142.14,140.46,137.66,133.92,130.23,127.75,126.05,124.13,122.03,120.04,118.55,117.11,115.00,112.40,109.03,106.71,105.03,103.53,102.37,101.30,99.55,97.03,94.30,92.30,90.90,89.73,88.42,86.53,84.39,82.39,80.49,78.69,77.00,75.42,73.76,72.63,71.48,70.09,68.55,67.16,65.35,63.25,61.11,58.62,55.73,52.84,50.27,48.49,47.83,47.44,46.23,44.64,42.92,41.45,40.25,38.81,36.37,33.67,31.18,29.04,27.20,25.34,23.59,22.12,20.84,19.16,17.52,15.74,13.84,11.93,9.92,7.56,4.86,1.66,e
1101.68,1107.20,1079.04,1046.79,1039.14,1051.51,1083.80,1105.65,1123.77,1142.76,1160.67,1183.33,1201.90,1176.00,1140.46,1120.71,1101.15,1084.67,1066.46,1053.22,1024.85,996.95,973.44,946.22,927.13,910.23,893.94,872.28,844.75,822.61,800.20,777.85,761.81,752.74,747.71,747.82,753.73,758.58,769.32,777.53,783.22,784.35,793.36,813.47,830.88,834.33,842.97,841.62,842.80,841.37,847.44,863.09,882.59,893.53,900.35,908.58,917.66,918.20,903.01,881.14,860.80,842.44,821.47,796.63,790.70,784.53,771.99,762.50,758.19,753.27,757.82,753.20,740.39,726.20,714.38,708.92,709.78,713.45,710.79,698.62,673.72,655.75,639.74,619.56,600.07,579.02,563.16,552.36,546.24,543.87,548.35,553.96,553.32,546.51,534.32,521.78,506.30,489.62,472.62,457.56,445.30,437.05,431.29,420.79,415.86,414.40,414.79,414.52,415.36,418.10,419.97,420.01,416.87,410.91,406.06,401.43,396.31,390.83,383.98,378.17,372.71,367.99,364.08,360.36,356.20,351.69,347.15,342.34,337.91,332.20,327.25,323.00,318.95,314.94,311.39,308.30,303.45,299.16,296.06,293.09,289.72,282.77,276.25,270.87,267.53,263.65,259.02,254.98,250.81,245.53,240.13,235.36,230.55,225.07,219.98,215.62,211.93,206.94,201.81,198.07,193.67,189.33,185.99,182.73,179.96,178.51,177.38,175.60,173.31,170.85,167.93,164.28,160.28,157.17,155.07,152.97,150.55,148.20,147.18,146.21,144.86,143.21,141.38,138.94,135.29,132.03,129.90,128.11,126.04,123.94,121.98,120.62,119.37,117.43,113.21,109.50,108.05,107.14,106.24,105.12,103.75,101.61,98.42,95.62,93.87,92.64,91.36,89.84,87.91,85.98,84.13,82.19,80.22,78.48,76.96,75.47,74.11,72.70,71.23,69.51,67.51,65.38,63.24,61.14,58.78,56.05,53.48,51.47,50.38,49.71,48.76,47.36,45.85,44.27,42.77,41.06,39.06,36.50,33.81,31.57,29.65,27.91,26.16,24.77,23.58,21.80,19.68,17.80,16.03,14.38,12.65,11.04,9.12,5.60,1.85,e
1083.61,1091.85,1062.93,1033.56,1029.06,1049.64,1080.98,1101.72,1120.88,1139.95,1160.17,1185.40,1206.17,1191.13,1159.13,1132.46,1113.03,1100.81,1087.82,1068.27,1036.73,1006.95,986.44,970.53,959.44,948.17,929.79,911.06,891.41,851.37,809.19,784.34,761.45,748.07,743.58,738.80,738.46,745.55,756.57,762.11,760.96,768.53,786.77,806.27,813.61,810.82,821.27,823.29,819.63,821.98,830.24,842.55,857.91,868.40,879.67,886.88,898.89,910.29,911.68,897.11,878.06,857.74,835.76,805.43,782.29,768.80,755.51,745.65,738.23,731.17,737.06,735.39,724.52,716.07,703.47,694.17,694.92,699.38,703.54,692.68,670.94,653.49,636.88,614.85,590.79,567.58,548.54,535.05,527.31,521.81,522.01,527.75,534.67,534.83,526.01,511.30,492.81,475.25,459.55,446.64,440.24,437.89,432.55,427.95,426.34,423.30,421.67,418.94,418.39,420.76,421.86,421.02,417.43,411.05,405.82,401.33,396.32,391.04,385.74,380.22,373.89,368.37,363.93,359.80,355.42,351.41,347.07,342.86,338.46,332.80,327.81,323.53,319.13,314.40,310.03,306.88,303.56,299.93,296.43,293.23,289.91,285.04,280.02,275.11,270.79,265.68,260.29,255.76,251.28,246.49,241.99,237.96,232.31,226.56,221.57,217.43,212.96,208.50,204.01,199.93,195.83,192.09,189.44,186.29,183.14,180.79,178.53,176.16,173.65,171.07,168.09,164.49,161.28,159.50,158.01,156.05,153.47,150.73,148.97,147.58,146.02,144.20,142.21,140.11,137.50,135.20,132.98,130.28,127.89,125.69,123.80,122.35,121.43,120.07,116.24,112.72,111.21,110.41,109.15,107.38,104.83,101.76,98.91,97.25,95.80,94.38,92.87,91.15,89.55,87.79,85.91,83.92,81.80,79.74,78.11,76.58,74.99,73.28,71.53,69.64,67.58,65.47,63.34,61.25,58.97,56.66,54.51,53.11,52.40,51.68,49.95,48.20,46.45,44.52,42.53,40.56,38.49,36.39,34.41,32.54,30.60,28.74,27.39,26.19,24.50,22.30,20.01,18.16,16.63,15.10,13.45,11.90,10.14,6.62,2.47,e
1065.12,1070.65,1051.86,1023.82,1021.63,1049.71,1078.48,1106.70,1128.65,1143.59,1160.51,1182.34,1205.55,1202.05,1179.44,1153.95,1129.30,1113.85,1095.55,1070.10,1051.45,1038.57,1018.83,994.94,978.55,965.83,951.08,934.55,910.22,885.00,835.23,791.57,762.75,744.18,738.12,732.80,726.72,730.58,739.66,746.76,744.36,755.67,776.99,794.12,795.38,791.34,803.60,806.82,801.29,806.89,818.56,827.44,835.43,846.82,861.88,869.77,879.74,893.13,906.53,906.29,893.34,873.25,850.83,826.13,797.38,773.77,751.35,737.43,725.91,715.59,712.22,711.76,708.52,704.14,689.87,673.39,678.27,682.16,686.57,679.59,663.47,646.24,626.38,603.46,578.40,557.11,536.78,521.17,510.74,503.31,500.15,502.25,508.65,515.37,513.58,500.33,481.08,462.43,449.83,451.80,454.11,454.25,451.76,444.34,433.49,426.97,422.52,418.18,414.30,414.67,418.46,417.25,413.21,409.00,403.65,398.74,394.59,389.51,383.78,378.92,373.79,368.22,362.56,356.79,352.09,348.41,344.37,340.11,335.69,331.08,327.43,323.63,319.28,314.08,308.94,304.55,300.84,298.13,294.65,291.47,288.71,285.42,281.56,277.00,272.08,266.88,261.45,256.46,251.63,247.40,243.51,240.28,234.23,227.99,223.46,219.02,214.19,209.35,205.14,202.10,199.44,196.75,192.22,187.97,184.73,181.79,178.93,176.28,173.48,170.84,167.94,164.85,162.52,161.50,160.66,159.42,156.61,153.54,150.70,148.78,147.15,145.40,143.47,141.66,140.33,138.59,136.08,132.83,129.52,127.38,125.64,124.08,122.89,121.43,119.37,116.37,114.67,113.29,111.12,108.51,106.16,103.59,101.29,99.45,97.63,95.70,93.84,92.37,91.03,89.57,87.55,85.28,82.96,80.61,78.58,76.80,75.05,73.27,71.54,69.85,68.06,66.04,63.95,61.85,59.79,57.59,55.83,54.99,54.18,52.56,50.24,48.23,46.27,44.37,42.54,40.86,39.23,37.44,35.60,33.70,31.72,30.03,28.81,27.38,25.37,23.03,20.83,19.30,17.52,15.85,14.19,12.52,10.69,7.51,3.22,0.46
1046.39,1048.12,1040.41,1014.16,1014.37,1047.79,1082.91,1121.87,1145.83,1160.78,1173.55,1188.04,1204.24,1212.80,1192.31,1168.09,1147.25,1130.97,1102.58,1081.65,1079.27,1074.16,1049.48,1006.87,973.13,953.29,934.61,916.45,894.11,873.27,848.87,800.22,761.51,745.56,735.75,727.06,718.83,712.94,712.87,718.88,724.34,742.39,756.53,773.39,776.98,776.21,787.67,785.83,781.37,788.70,802.78,812.07,817.89,828.17,842.91,848.92,861.43,878.27,889.82,891.79,891.53,881.50,864.04,842.47,816.45,790.70,770.00,752.90,737.01,716.00,700.39,693.79,692.02,683.30,666.24,652.95,658.97,663.22,666.29,665.66,654.10,635.76,615.01,591.15,565.08,541.64,524.94,516.43,515.41,511.32,502.38,490.57,486.95,492.68,495.77,487.54,471.05,455.75,459.42,468.43,470.00,466.92,463.26,457.63,444.28,428.85,421.67,416.90,412.69,408.32,408.95,408.60,405.14,401.37,398.13,394.03,390.22,385.76,380.45,375.18,370.81,364.68,358.14,351.82,346.77,343.29,340.50,335.23,330.77,327.37,324.77,322.67,319.19,313.71,308.20,303.78,299.64,296.37,292.80,289.54,286.91,284.48,281.46,277.43,272.75,267.93,262.32,256.86,251.69,247.74,244.41,241.05,234.73,228.30,224.09,220.25,215.35,210.08,207.48,206.06,203.44,198.97,191.40,187.41,184.72,182.35,180.13,176.86,173.11,169.73,167.29,165.15,164.16,163.34,162.58,161.36,158.67,155.63,152.76,150.11,148.28,146.53,144.79,143.37,142.15,140.91,138.75,135.20,131.32,128.76,127.06,125.44,123.94,122.39,120.66,118.50,116.22,113.88,111.94,110.78,109.39,106.56,103.76,100.77,98.38,96.49,95.05,93.72,92.38,90.69,88.51,86.08,83.66,81.17,78.83,77.30,75.75,73.90,72.05,70.33,68.52,66.64,64.69,62.68,60.67,58.64,57.66,56.67,54.65,52.16,49.86,48.06,46.27,44.61,43.24,41.99,40.60,38.59,36.78,34.93,33.09,31.65,30.34,28.55,26.69,24.56,22.69,20.97,18.73,16.47,14.16,12.63,11.07,8.50,3.95,1.00
1035.58,1027.07,1027.79,1003.84,1004.72,1043.63,1082.54,1126.29,1149.67,1158.39,1171.43,1176.91,1181.49,1195.44,1200.97,1186.37,1167.66,1154.47,1122.76,1104.67,1111.34,1098.71,1067.45,1036.78,987.91,965.36,943.75,909.35,883.14,858.39,841.04,812.96,763.58,747.33,737.59,724.98,713.34,704.52,695.73,694.60,703.58,721.99,735.65,751.42,756.17,759.02,769.69,765.52,761.49,770.13,780.85,791.92,797.48,807.16,820.87,828.68,845.21,864.82,871.79,869.42,868.32,869.95,866.26,852.10,833.04,806.72,785.91,768.30,750.82,730.15,710.36,690.63,677.27,666.71,648.22,640.64,642.17,645.69,647.20,648.79,643.05,627.76,608.45,583.16,553.98,532.35,525.37,531.07,535.04,529.62,518.01,502.50,486.50,479.65,477.11,472.26,468.61,471.84,480.33,482.82,480.12,477.36,471.95,464.80,454.95,438.88,425.88,418.88,414.19,407.04,402.14,400.19,396.93,393.51,390.28,386.66,382.46,378.35,374.74,369.69,362.73,356.41,349.31,345.63,340.84,337.47,333.91,329.27,325.97,322.36,319.94,319.10,316.04,312.46,308.56,305.21,302.11,298.63,293.74,289.21,284.23,281.39,280.10,276.47,272.19,267.73,262.47,257.53,252.14,248.14,244.73,241.16,234.44,228.28,224.88,221.62,216.99,212.62,211.31,208.25,203.91,199.09,191.23,187.74,185.65,183.18,180.31,176.90,173.50,170.18,167.73,166.75,165.97,165.18,164.03,162.19,160.26,157.85,155.10,152.24,149.66,147.86,146.35,145.05,143.75,142.28,140.63,137.71,133.47,129.81,128.04,126.52,124.99,123.38,121.34,119.03,116.75,115.00,113.88,112.81,111.03,108.02,104.45,101.37,99.16,97.73,96.41,95.03,93.28,91.22,89.06,86.73,84.43,82.36,80.53,78.86,76.98,75.05,73.09,71.08,69.07,67.21,65.36,63.42,61.68,60.35,59.19,57.59,54.87,52.09,49.63,48.13,46.74,45.37,44.10,42.69,41.11,39.30,37.71,36.06,34.47,33.04,31.50,29.49,27.49,25.36,23.27,21.29,18.88,15.93,13.67,11.88,10.28,7.37,3.61,0.43
1030.00,1011.46,1012.66,994.49,992.55,1034.28,1077.79,1112.23,1127.89,1138.68,1151.95,1154.80,1157.97,1168.00,1186.68,1198.89,1189.50,1177.38,1157.14,1142.54,1129.20,1105.73,1075.93,1049.95,1017.35,991.74,969.96,942.93,903.31,868.20,841.64,820.08,777.05,747.86,737.54,726.23,712.27,697.64,687.28,680.88,686.68,697.89,712.34,730.12,736.24,743.67,750.33,748.04,745.99,754.95,770.10,776.61,777.32,785.09,797.90,810.54,826.45,843.50,846.38,844.15,847.57,849.21,849.48,848.01,838.36,819.90,800.89,783.58,770.56,757.49,730.50,702.40,677.81,665.56,653.61,641.41,633.85,631.31,629.71,627.08,624.46,620.56,603.49,575.12,544.56,534.38,541.11,552.28,554.47,546.79,533.80,518.95,505.01,495.33,487.94,486.54,490.27,494.81,497.03,494.50,488.98,484.97,480.19,470.12,461.03,450.51,439.58,427.33,417.32,406.41,399.04,395.72,392.10,388.37,384.53,379.60,375.05,371.92,368.75,362.20,356.78,352.32,348.17,344.49,341.02,337.25,332.93,328.90,324.19,320.03,316.21,313.66,310.75,307.31,305.02,304.80,302.72,299.12,295.28,291.69,285.72,279.58,276.49,273.52,270.25,266.46,262.61,258.56,253.49,248.89,245.04,241.07,235.42,229.83,226.47,223.04,219.44,216.57,212.53,208.02,204.40,200.60,194.08,189.05,185.91,182.56,179.70,177.18,174.12,171.41,169.69,168.59,167.75,166.72,165.15,163.34,161.56,159.98,157.57,154.65,151.65,149.42,148.00,146.61,145.16,143.63,141.93,139.56,135.46,131.59,129.14,127.70,126.15,124.23,121.92,119.71,118.27,117.08,115.77,113.72,111.15,108.13,104.94,102.66,100.77,99.08,97.75,96.28,94.34,92.21,90.09,87.84,85.66,83.79,81.95,80.04,78.01,75.93,73.84,71.72,69.64,67.80,66.03,64.37,62.96,61.70,60.34,58.15,55.36,52.54,50.04,48.56,47.23,45.94,44.35,42.60,40.92,39.32,37.69,35.99,34.36,32.73,30.95,28.99,26.72,24.38,22.01,19.86,17.80,15.20,13.00,10.97,8.97,5.71,2.63,0.48
1026.66,1002.27,993.06,983.15,982.84,1024.74,1069.75,1092.58,1103.17,1118.64,1133.64,1132.49,1137.51,1150.89,1167.82,1191.22,1200.00,1191.36,1171.75,1148.43,1126.61,1104.17,1079.02,1056.80,1038.34,1013.88,985.25,956.09,919.08,882.01,846.73,821.55,791.62,754.39,738.37,727.22,709.56,695.70,683.95,672.29,671.47,677.91,690.05,708.14,716.75,725.63,731.59,730.69,734.57,747.85,760.47,761.18,763.43,769.45,780.54,798.69,813.83,825.85,825.20,825.38,829.01,831.64,835.31,835.16,831.61,825.92,815.45,802.37,788.00,770.43,747.00,720.94,704.13,689.36,669.91,652.19,636.58,624.66,616.87,609.74,602.58,603.70,592.99,565.77,546.04,550.33,562.06,574.46,574.04,563.09,548.20,534.63,523.38,515.61,513.42,512.97,512.84,510.84,507.00,501.59,494.23,487.55,481.85,473.49,464.89,456.20,445.37,433.02,421.27,409.17,400.94,396.36,391.42,386.46,382.10,376.78,370.29,367.59,366.00,361.58,356.68,352.59,349.06,345.93,342.89,339.46,334.82,330.11,325.54,321.31,316.91,311.60,306.55,301.65,299.98,301.06,301.00,298.58,295.37,292.09,287.55,282.06,278.50,274.99,271.39,267.99,264.22,259.79,254.58,249.47,245.40,241.42,236.73,231.84,227.95,224.77,221.80,218.80,213.63,208.87,205.47,202.13,196.10,189.05,185.41,181.97,179.10,176.96,174.60,172.64,171.18,170.23,169.26,167.79,166.20,164.46,162.76,161.40,159.70,156.74,153.61,151.24,149.44,147.94,146.47,144.88,142.83,140.48,136.94,133.46,130.78,129.24,127.48,125.47,123.26,121.56,120.50,118.81,116.60,113.73,110.79,108.51,107.17,105.44,103.26,100.86,99.10,97.43,95.55,93.52,91.38,89.03,86.95,85.08,83.04,80.85,78.69,76.58,74.42,72.36,70.27,68.51,66.95,65.47,63.99,62.40,60.72,58.48,55.76,53.06,50.49,48.87,47.63,46.45,45.00,43.08,41.18,39.15,37.31,35.63,33.93,32.18,30.31,28.18,25.97,23.70,21.36,19.03,16.93,14.83,12.60,10.39,7.96,5.25,2.83,0.78
1017.78,1003.46,982.74,968.09,976.43,1021.56,1050.77,1066.15,1077.29,1095.12,1109.17,1112.27,1120.50,1139.79,1157.57,1176.37,1193.46,1185.23,1169.70,1146.10,1123.53,1103.71,1081.44,1063.52,1047.63,1022.59,992.10,962.15,933.61,901.89,869.67,832.97,804.26,776.81,754.79,740.38,719.51,702.10,693.32,679.86,667.25,663.93,670.36,685.60,697.68,707.20,710.63,709.55,717.83,736.79,748.31,746.48,751.23,756.18,764.31,781.65,798.11,804.64,802.18,804.45,807.80,810.61,821.32,822.75,819.84,818.11,814.36,805.02,787.36,770.94,753.85,737.59,723.74,707.28,686.03,669.10,652.37,635.13,620.38,607.77,594.67,586.53,576.85,565.01,564.39,571.42,583.50,592.09,589.16,577.07,563.88,550.40,541.39,535.59,531.47,527.05,520.81,514.89,509.16,502.68,495.42,487.93,481.36,473.39,465.48,456.50,445.93,437.70,432.20,421.08,409.78,401.66,395.21,388.96,383.20,376.86,370.32,366.02,363.14,360.81,356.08,351.74,347.92,344.52,341.34,338.37,334.49,330.12,326.08,322.17,317.84,312.51,306.52,300.27,297.98,298.19,298.13,297.08,294.69,291.51,288.03,283.84,280.60,277.06,273.42,269.98,265.53,260.60,255.41,250.37,246.26,242.38,238.41,234.10,230.01,227.09,223.79,219.31,213.01,208.06,204.61,201.09,194.84,188.52,184.98,181.50,178.64,176.60,174.75,173.41,172.53,171.68,170.54,168.77,167.18,165.56,163.93,162.42,160.71,158.25,155.41,153.13,151.08,149.36,147.87,146.08,143.69,140.66,137.99,135.15,132.76,130.97,128.91,126.94,124.92,123.35,121.66,119.50,116.95,114.27,112.09,111.19,110.02,108.19,105.70,103.15,100.84,98.74,96.68,94.46,92.21,90.13,88.13,86.01,83.78,81.56,79.38,77.27,75.23,73.17,70.97,69.06,67.53,65.99,64.28,62.56,60.86,58.77,56.22,53.55,51.10,49.30,48.13,46.92,45.60,43.80,41.87,40.05,38.41,36.77,34.80,32.54,30.25,28.05,25.89,23.78,21.82,20.03,18.05,15.92,13.66,11.23,9.11,6.25,3.38,0.83
996.27,992.55,975.84,956.91,972.10,1008.27,1026.80,1042.84,1051.15,1067.01,1085.12,1096.67,1112.55,1133.32,1153.71,1174.45,1187.12,1177.69,1161.97,1139.67,1118.53,1101.53,1080.69,1062.20,1043.19,1020.90,992.55,966.52,942.21,918.77,893.68,855.22,824.36,799.49,775.79,753.07,732.88,715.04,705.00,685.59,667.68,658.21,650.42,656.09,669.05,679.16,684.82,688.71,702.88,720.85,730.01,730.71,737.02,740.79,749.20,761.38,772.24,777.84,779.93,780.72,784.40,793.43,808.36,813.02,809.74,805.76,801.50,793.27,777.25,763.24,748.60,734.25,723.90,711.40,692.54,679.13,665.61,650.64,635.31,619.61,605.80,590.18,579.14,578.25,583.08,589.62,596.88,599.81,597.56,586.34,576.08,565.25,556.84,550.06,542.08,532.28,521.30,513.67,506.88,499.99,493.00,485.61,478.88,471.01,463.90,456.82,450.80,444.75,438.58,429.48,419.79,412.69,405.91,396.91,389.00,382.54,376.47,370.71,363.13,357.52,352.32,348.79,345.24,341.91,338.82,336.43,332.83,329.17,325.70,322.20,318.16,313.23,307.69,300.89,297.43,295.72,295.38,294.58,293.28,290.71,287.63,284.32,281.12,277.70,274.00,270.34,265.24,259.96,255.62,251.40,247.56,243.88,240.73,236.75,232.43,228.77,224.34,219.38,213.74,209.06,205.93,201.90,195.82,189.54,185.41,181.36,178.45,176.77,175.85,174.90,174.09,173.38,171.68,169.62,167.96,166.27,164.51,162.74,161.03,159.02,156.87,154.97,153.00,151.10,149.55,147.75,144.63,141.19,138.43,136.06,133.82,131.73,129.65,127.77,125.86,123.92,122.01,120.24,117.80,115.77,114.65,113.55,112.11,110.27,107.88,105.37,102.65,99.84,97.52,95.24,93.00,91.07,88.97,86.72,84.52,82.31,80.19,78.27,76.14,73.88,71.43,69.39,67.93,66.28,64.55,62.82,61.12,59.11,56.73,54.34,51.98,49.88,48.59,47.36,46.11,44.52,42.72,41.56,40.16,37.96,35.48,32.95,30.50,28.33,26.24,24.46,22.82,21.15,19.29,17.14,14.98,12.78,10.94,8.21,5.03,1.69
975.59,971.69,960.51,946.78,963.29,990.72,1002.21,1017.27,1032.40,1051.47,1074.26,1093.26,1116.85,1140.30,1161.30,1177.78,1183.20,1172.64,1155.73,1135.08,1112.83,1093.28,1074.08,1054.92,1035.79,1016.66,994.93,974.68,954.22,941.47,918.97,869.61,839.18,812.63,785.67,759.19,737.49,723.66,709.50,687.45,671.49,655.27,640.11,632.31,637.59,650.66,662.75,672.90,690.47,703.79,703.59,709.54,718.61,722.53,734.87,747.19,751.65,758.48,759.18,760.15,763.94,776.27,793.35,801.65,796.45,789.02,784.63,776.93,767.53,753.64,740.82,728.00,715.56,702.26,686.96,677.21,667.26,658.13,648.15,632.99,617.26,604.03,596.41,597.24,599.49,601.68,602.37,601.19,597.43,588.72,580.73,570.82,562.40,552.45,542.50,533.56,523.95,514.78,507.66,500.14,492.10,486.29,482.23,476.76,469.33,462.72,456.62,449.79,443.38,435.69,427.93,420.55,414.26,406.89,399.21,393.04,387.33,380.37,369.00,361.54,355.03,350.73,346.19,341.09,337.20,333.54,331.32,328.36,325.49,322.46,318.59,313.36,308.01,302.20,298.29,295.38,293.15,292.11,291.23,289.33,286.70,283.19,279.80,276.66,273.37,269.75,264.30,259.09,255.38,251.85,248.36,244.86,241.77,238.26,233.86,229.43,224.89,220.44,215.79,211.84,209.16,204.81,199.41,192.96,187.45,183.08,179.70,178.33,177.55,176.50,175.95,175.04,172.70,170.33,168.34,166.69,165.26,163.83,162.35,160.51,158.50,156.66,154.81,153.02,151.50,149.25,145.70,141.84,138.67,136.17,133.80,131.84,129.95,128.03,126.15,124.43,122.78,121.13,119.37,118.25,117.07,115.57,113.83,111.90,109.74,106.91,103.63,100.57,98.19,95.95,93.76,91.63,89.50,87.29,85.13,82.98,81.09,79.41,77.14,74.70,72.26,69.93,68.28,66.56,64.86,63.23,61.61,59.95,57.81,55.49,53.11,50.82,49.13,47.86,46.58,45.22,43.77,42.31,40.72,38.59,36.09,33.56,31.06,28.79,26.79,25.13,23.52,21.89,20.22,18.27,16.16,14.05,11.90,9.63,6.18,2.35
971.67,954.27,941.50,937.86,952.37,970.23,987.32,1017.57,1046.55,1061.36,1078.55,1100.31,1128.03,1152.09,1171.39,1181.13,1180.37,1167.84,1151.99,1132.10,1109.78,1089.41,1069.89,1052.76,1037.23,1021.75,1008.98,995.40,980.45,967.99,947.04,882.52,849.31,819.82,789.21,769.56,753.54,738.15,714.86,690.68,674.89,661.35,642.30,629.33,626.94,631.25,642.52,654.02,668.89,678.14,676.99,685.68,694.82,702.60,716.12,726.84,735.17,742.99,742.04,746.29,750.58,760.16,775.49,780.79,773.39,775.47,774.47,766.40,756.36,744.22,734.81,724.26,710.09,690.87,677.71,670.07,663.67,656.70,650.91,640.37,628.55,618.49,610.90,605.33,601.42,599.09,597.58,594.56,591.10,585.99,579.10,570.17,562.08,550.71,539.87,532.15,524.99,518.47,511.34,503.84,495.70,488.28,483.46,478.37,471.68,464.02,456.63,450.01,443.31,435.91,428.07,420.48,413.92,408.48,402.65,396.89,391.05,384.26,378.05,371.47,363.50,357.74,353.70,349.04,344.43,338.38,330.10,325.59,323.65,321.56,317.93,313.24,308.32,303.33,299.14,296.02,293.03,290.47,288.21,286.30,284.65,282.46,278.90,275.35,272.05,268.22,263.02,258.55,255.34,252.10,248.66,245.04,241.59,237.99,233.32,229.02,224.97,220.95,217.15,213.06,209.71,205.01,199.89,193.95,189.12,185.76,182.30,180.34,178.98,178.17,177.89,177.15,174.72,171.92,169.66,168.51,167.33,165.93,164.20,162.16,160.01,158.07,156.15,154.20,152.22,149.94,145.20,140.43,138.19,136.04,133.77,131.93,130.27,128.48,127.16,126.02,124.56,122.94,121.52,120.49,119.04,117.33,115.41,113.30,110.97,108.16,104.73,101.28,98.61,96.51,94.23,91.93,89.81,87.91,85.84,83.74,82.00,80.32,78.04,75.57,73.00,70.55,68.74,67.14,65.55,63.96,62.40,60.85,59.01,56.72,54.43,52.10,49.94,48.48,47.15,45.72,44.19,42.63,41.04,38.94,36.46,34.00,31.53,29.21,27.43,25.81,24.20,22.57,20.93,19.11,17.02,14.93,12.82,10.68,7.22,3.04
971.02,949.79,931.15,931.27,948.37,969.26,1007.75,1047.69,1068.29,1081.62,1095.55,1109.90,1133.22,1156.66,1159.21,1175.12,1176.65,1164.02,1150.72,1134.27,1114.22,1096.51,1080.73,1066.24,1052.97,1038.27,1022.34,1006.58,989.79,972.56,954.92,903.04,867.33,840.72,812.35,794.53,774.20,747.81,718.11,701.99,687.68,673.89,650.34,632.71,624.74,620.99,622.67,633.23,647.13,653.36,656.55,665.81,675.40,684.58,696.95,703.10,713.98,721.23,723.17,731.29,741.33,751.22,761.85,758.45,759.33,765.32,765.64,758.40,746.26,733.07,723.90,714.30,698.32,680.63,668.75,662.21,656.66,650.45,645.21,638.18,630.07,620.59,610.01,597.95,592.52,588.77,584.56,582.03,580.79,580.40,576.86,570.80,563.24,553.80,543.60,535.35,527.87,521.07,513.02,505.37,497.62,489.16,483.21,477.08,470.39,462.96,455.45,448.23,441.99,434.77,426.75,420.47,415.33,409.98,404.39,398.96,393.63,388.50,382.09,375.82,369.44,363.48,358.35,353.52,348.97,343.82,337.02,326.87,320.07,316.60,313.35,310.89,307.66,303.06,298.98,296.15,293.30,290.39,286.22,282.34,280.47,280.69,278.58,274.93,271.42,267.11,262.11,258.19,255.16,252.12,248.66,244.65,240.86,236.76,232.41,228.33,224.66,220.89,215.66,210.13,205.74,201.47,197.91,194.10,191.12,188.31,184.90,182.43,180.72,180.26,179.92,179.28,177.44,174.86,172.36,170.85,169.51,167.88,165.77,163.33,160.74,158.51,156.41,154.30,152.32,150.23,144.80,139.41,137.52,135.91,134.46,132.97,131.52,130.05,128.92,127.84,126.39,124.89,123.48,122.14,120.63,118.89,116.77,114.44,112.09,109.52,106.09,102.44,99.30,97.03,94.72,92.39,90.13,88.27,86.45,84.50,82.73,80.88,78.67,76.14,73.58,71.38,69.52,67.92,66.36,64.82,63.27,61.72,60.17,58.09,55.70,53.23,50.73,48.98,47.55,46.07,44.45,42.69,40.91,38.97,36.65,34.27,31.93,29.78,28.11,26.49,24.86,23.22,21.57,19.75,17.57,15.28,12.96,10.62,7.03,2.98
959.97,939.23,921.55,923.15,946.92,974.07,1007.28,1046.58,1070.28,1085.07,1101.87,1114.70,1101.88,1079.51,1070.68,1154.47,1168.39,1160.07,1147.63,1135.17,1119.67,1103.94,1089.85,1078.43,1063.97,1043.24,1021.06,1002.60,983.83,963.16,944.09,917.14,888.40,865.06,845.70,820.37,791.41,767.61,750.32,728.68,706.68,684.54,659.80,645.05,629.43,618.93,616.30,619.36,625.66,629.55,634.56,645.14,653.12,663.15,674.37,683.01,691.94,696.24,701.02,714.86,729.62,742.86,746.10,744.14,748.89,756.57,757.79,752.31,740.47,726.59,714.05,701.63,683.68,667.82,657.75,650.53,646.71,642.68,636.96,628.93,620.09,610.89,601.00,590.29,582.24,576.11,571.53,569.79,570.18,570.54,570.03,568.26,563.92,557.33,548.10,538.28,529.11,522.18,513.96,505.96,498.61,490.51,483.76,477.66,472.02,464.97,457.08,450.43,444.18,436.71,427.49,420.62,414.31,408.39,402.80,397.16,390.94,385.27,379.62,374.38,368.43,361.25,355.12,350.11,345.37,340.29,335.75,329.83,321.51,314.96,309.66,307.06,305.20,302.33,298.78,296.04,293.34,290.65,286.71,282.05,277.93,276.36,276.17,274.39,270.94,266.33,261.37,257.87,254.89,251.93,248.36,243.96,239.69,235.51,230.96,226.55,222.83,219.02,213.92,209.20,204.56,199.87,197.28,194.52,192.07,189.53,186.81,184.84,183.34,182.59,182.02,181.58,180.35,177.42,175.06,173.36,171.71,169.10,166.33,163.53,160.72,158.47,156.43,154.38,152.47,150.65,145.66,140.04,138.61,137.50,136.07,134.60,133.12,131.66,130.59,129.62,128.19,126.57,124.76,123.21,121.69,120.09,117.89,115.50,113.06,110.54,107.14,103.45,100.02,97.59,95.30,93.01,90.73,88.78,86.96,84.99,82.89,80.83,78.67,76.44,74.23,72.17,70.23,68.69,67.21,65.65,64.10,62.58,61.15,59.16,56.59,54.07,51.58,49.60,48.02,46.28,44.50,42.66,40.82,38.99,37.05,34.82,32.62,30.60,28.79,27.16,25.52,23.88,22.18,20.36,17.22,14.16,11.65,8.96,5.75,3.17
954.55,933.84,912.84,912.94,932.14,961.43,1001.79,1034.42,1057.55,1070.92,1087.05,1092.45,1025.95,1001.07,1049.39,1148.13,1154.69,1154.46,1143.18,1129.36,1117.77,1105.05,1089.34,1074.18,1055.59,1033.73,1014.49,995.80,976.76,958.76,938.70,917.64,894.05,876.09,854.99,834.55,810.54,783.64,759.87,735.88,713.40,691.48,675.16,665.49,645.00,623.21,615.92,610.59,610.50,611.61,614.38,625.27,631.96,637.16,644.12,655.44,668.98,674.26,680.63,696.64,715.78,727.92,726.10,728.59,738.88,745.67,741.72,735.38,732.80,728.76,715.84,701.65,683.89,668.36,656.38,644.57,637.70,632.77,627.43,617.63,605.88,595.74,586.54,579.57,572.34,565.31,560.74,558.57,557.86,559.07,559.89,558.29,556.54,552.42,547.43,539.53,529.80,521.72,514.36,507.49,500.93,492.69,485.45,479.42,473.63,466.59,458.73,452.23,444.77,436.81,428.43,421.94,416.01,409.25,403.01,397.03,390.29,383.15,376.42,370.64,364.14,357.61,351.49,346.38,341.46,335.18,329.67,326.15,321.93,316.01,309.84,306.22,303.19,300.74,298.43,295.97,293.33,290.55,286.52,281.99,277.69,273.73,271.74,272.07,269.75,265.23,260.61,257.57,254.65,251.67,247.78,242.92,238.54,234.58,230.24,223.75,219.39,216.47,213.67,210.94,206.50,201.57,197.94,195.56,193.49,191.40,189.43,187.49,185.68,184.77,184.07,183.48,181.68,179.25,176.95,174.54,172.04,169.19,166.07,163.17,160.40,158.28,156.62,155.03,153.05,151.15,147.72,143.12,140.96,139.26,137.70,136.20,134.72,133.24,132.10,131.13,129.71,127.76,125.72,124.02,122.48,120.86,118.67,116.11,113.52,110.88,107.70,104.26,100.91,98.29,95.96,93.62,91.33,89.41,87.40,85.32,83.14,80.94,78.79,76.76,74.71,72.78,70.99,69.36,67.91,66.41,64.83,63.17,61.38,59.38,56.87,54.32,51.90,50.11,48.31,46.53,44.58,42.40,40.49,38.59,36.73,34.88,33.05,31.13,29.07,27.36,25.63,23.88,22.15,20.21,16.71,13.48,11.03,9.13,6.92,3.91
944.12,928.88,907.12,899.45,916.00,959.64,1004.06,1022.19,1041.75,1056.62,1071.43,1066.29,1004.35,1000.40,1069.50,1130.95,1140.57,1146.18,1136.98,1123.68,1112.19,1100.24,1085.72,1065.87,1045.72,1026.89,1010.51,991.22,973.64,956.23,939.42,918.03,897.31,880.49,860.62,844.37,827.07,802.26,774.46,749.38,726.54,705.07,692.63,682.04,661.16,637.41,623.63,611.72,604.52,603.22,601.34,604.72,611.88,619.79,623.69,629.95,641.30,652.74,662.30,679.61,700.37,709.07,705.79,714.28,727.04,730.67,723.58,718.89,718.14,717.95,714.04,706.30,690.62,675.89,664.37,652.52,642.41,632.16,623.33,613.20,602.20,587.89,575.13,567.29,562.18,556.54,549.69,546.56,544.64,544.63,546.66,545.92,543.82,543.15,542.16,537.44,530.06,521.84,515.26,508.75,501.54,493.47,486.41,480.83,474.79,468.29,460.91,453.88,446.70,439.65,432.57,425.75,418.81,411.74,405.31,398.61,391.94,384.50,377.54,371.86,365.03,358.06,351.76,345.27,339.13,333.04,327.85,323.94,319.91,314.06,309.10,306.02,302.90,299.84,297.36,295.07,292.88,290.43,286.56,282.30,277.95,273.37,268.99,267.15,264.69,261.60,258.91,256.64,254.26,251.63,247.21,241.58,237.33,233.14,228.68,222.91,220.45,219.53,217.04,211.86,206.61,202.40,199.67,198.06,196.14,194.06,191.81,189.56,187.80,186.89,186.01,184.38,182.04,179.63,176.95,174.20,171.40,168.61,166.06,163.74,161.46,159.64,158.22,156.45,154.36,152.32,149.81,146.82,144.32,141.59,139.34,137.76,136.31,134.84,133.57,132.41,130.70,128.70,126.76,124.85,123.22,121.41,119.29,116.65,113.95,111.28,108.27,105.04,101.71,98.81,96.45,94.09,91.97,89.99,87.79,85.63,83.47,81.21,79.10,77.22,75.42,73.64,71.89,70.16,68.64,67.02,65.11,63.10,61.23,59.30,56.94,54.44,52.25,50.40,48.64,47.15,45.15,42.46,39.86,37.70,35.99,34.32,32.56,30.78,28.90,27.17,25.35,23.52,21.82,20.47,18.93,16.41,14.01,11.29,8.15,4.78
938.85,918.43,899.73,889.61,900.54,939.77,981.58,999.13,1018.11,1040.20,1053.53,1030.12,997.37,1019.89,1091.47,1111.26,1123.43,1131.51,1129.39,1117.99,1105.41,1094.73,1084.01,1065.81,1049.60,1034.08,1019.48,1003.72,984.18,963.43,945.93,927.83,913.63,896.46,876.20,856.10,839.32,820.49,796.74,775.24,755.54,733.22,713.03,697.86,679.90,653.92,632.82,617.12,603.62,597.25,594.10,592.14,598.28,607.51,612.92,616.04,622.94,632.00,645.96,665.16,682.49,687.89,686.15,695.06,707.95,712.24,707.54,701.88,697.75,697.26,697.21,693.44,682.25,673.27,665.95,658.02,648.38,639.12,630.84,621.55,607.90,592.37,575.63,561.30,553.30,548.42,543.31,537.96,535.32,534.00,534.47,533.13,532.24,534.13,532.40,528.53,525.15,520.35,513.62,506.46,498.88,491.65,485.78,480.24,472.89,466.59,460.35,453.60,446.93,440.53,434.01,426.91,419.17,412.68,406.43,399.67,392.02,384.31,377.45,371.93,365.83,359.39,352.68,346.46,340.96,334.70,328.80,324.55,320.09,314.34,308.69,304.61,301.94,298.97,296.08,293.63,291.38,288.68,284.70,280.60,277.13,273.10,268.87,263.83,259.89,257.99,256.36,254.29,252.19,249.85,244.09,239.40,236.29,232.52,228.49,225.79,223.87,221.94,218.76,211.06,206.69,204.35,202.43,200.72,198.64,196.29,193.80,191.47,189.78,188.63,187.28,185.04,182.67,180.28,177.65,174.82,172.03,169.54,167.81,165.68,163.52,161.67,159.88,157.86,155.74,153.65,151.65,149.80,147.51,144.83,141.56,139.17,137.77,136.37,134.94,133.19,131.25,129.35,127.54,125.66,123.69,121.60,119.39,116.76,114.24,111.81,109.32,105.97,102.29,99.06,96.83,94.61,92.55,90.50,88.42,86.28,84.19,81.98,79.88,78.28,76.44,74.53,72.76,71.03,69.26,67.28,65.29,63.23,61.16,58.84,56.70,54.68,52.81,51.00,49.36,47.86,45.78,43.20,40.41,38.40,36.81,35.23,33.46,31.61,30.12,28.32,26.31,24.42,23.13,22.47,21.31,18.59,15.43,12.29,9.17,5.67
937.35,914.61,891.05,880.76,887.24,919.75,955.09,974.38,994.41,1019.06,1029.80,1001.73,1000.92,1054.05,1081.61,1094.26,1109.28,1120.67,1124.04,1112.29,1097.35,1086.95,1079.05,1068.21,1053.99,1043.79,1037.38,1019.98,998.73,974.87,957.18,943.07,926.78,907.02,886.26,867.60,849.30,835.86,813.92,794.46,774.45,755.31,732.36,710.95,692.73,670.61,642.50,625.28,609.56,595.65,589.98,587.99,589.78,594.91,599.01,603.66,611.79,618.98,634.34,655.26,664.10,664.05,665.13,673.18,683.05,688.48,687.28,678.90,668.98,662.97,664.02,665.99,663.87,660.83,657.49,650.95,642.19,634.54,627.86,619.07,606.22,590.73,575.34,562.33,552.43,544.63,538.55,532.60,527.92,525.86,524.12,521.44,521.57,524.39,521.60,516.04,512.58,510.11,507.11,502.61,497.17,490.26,484.02,477.61,468.88,462.93,456.44,450.42,445.28,440.03,433.50,426.57,419.15,411.85,404.85,398.02,390.68,383.43,376.47,370.55,365.17,359.48,351.80,345.36,340.25,333.00,327.20,323.28,318.77,312.69,308.14,303.57,299.58,297.16,294.81,292.17,289.55,286.44,282.68,279.03,275.96,272.71,268.92,263.73,259.25,256.79,254.65,252.53,250.13,245.44,239.66,236.74,234.16,231.46,228.64,226.18,223.72,221.12,217.03,211.72,209.02,206.79,204.49,202.18,200.33,198.09,195.58,193.39,191.60,189.95,188.12,185.79,183.49,181.18,178.63,175.97,173.38,171.04,169.70,167.49,165.44,163.47,161.38,159.18,156.99,154.82,153.04,151.74,150.32,147.63,143.96,140.65,138.90,137.56,135.79,133.76,131.80,129.93,127.97,126.00,123.88,121.65,119.47,117.16,114.69,112.32,110.05,106.75,103.04,99.82,97.49,95.24,93.27,91.37,89.35,87.24,85.29,83.15,81.24,79.39,77.41,75.47,73.63,71.75,69.81,67.79,65.78,63.72,61.59,59.33,57.73,56.05,54.13,52.34,50.51,48.59,46.44,44.08,41.64,39.59,38.09,36.45,34.60,32.72,31.16,29.21,27.21,25.66,24.82,23.53,21.79,19.46,16.24,12.96,9.69,6.24
935.41,917.27,890.44,873.29,877.42,901.84,929.00,950.59,974.93,1001.32,1005.42,995.02,1018.48,1052.22,1064.26,1081.91,1102.02,1116.37,1120.39,1107.22,1091.47,1078.06,1068.12,1061.55,1051.68,1038.40,1034.51,1029.65,1015.60,993.54,971.21,955.74,935.83,920.08,904.85,887.97,864.88,846.35,830.02,812.35,793.06,772.50,748.53,723.52,704.89,681.70,656.36,639.57,621.13,600.54,590.04,585.69,584.39,585.45,587.52,593.15,598.25,606.83,623.44,641.72,642.52,640.49,645.22,650.10,656.73,663.50,665.32,657.63,644.76,636.10,638.10,641.75,641.86,642.21,643.38,639.31,630.87,623.39,616.61,610.98,604.44,594.06,581.60,570.68,560.36,551.86,543.44,536.17,529.94,520.42,515.24,512.87,511.87,514.72,514.16,505.14,499.39,497.10,495.94,495.05,493.83,488.64,480.87,473.66,465.93,459.72,452.51,446.20,441.61,435.92,429.54,422.99,416.84,410.04,403.46,396.69,389.93,382.57,374.65,367.57,362.03,356.78,350.02,343.77,337.82,331.51,325.29,319.55,314.88,309.88,306.18,302.75,298.71,294.79,292.60,290.41,287.32,284.06,280.96,277.71,274.56,271.71,268.27,263.78,259.63,257.13,254.73,252.49,250.19,245.71,240.80,236.83,232.33,229.50,227.32,224.99,222.64,220.17,216.83,213.53,210.28,207.54,205.10,203.09,201.42,199.44,197.21,195.18,193.16,191.11,188.98,186.74,184.47,182.17,179.90,177.35,174.79,172.34,170.89,169.08,167.00,164.80,162.40,159.90,157.69,155.91,154.58,153.14,151.50,149.48,146.01,142.72,140.34,138.47,136.47,134.39,132.29,130.22,128.22,126.26,124.17,121.99,119.86,117.50,115.12,112.82,110.51,107.36,103.81,100.50,98.08,96.31,94.43,92.33,90.20,88.23,86.34,84.37,82.29,80.09,78.22,76.51,74.72,72.79,70.87,68.98,66.97,64.98,62.87,61.21,59.54,57.64,55.68,53.79,51.93,49.95,47.57,45.32,43.11,41.06,39.40,37.59,35.66,33.80,32.02,29.89,28.18,27.02,25.47,23.63,21.71,19.46,16.37,13.20,10.10,7.14
922.23,905.99,884.61,866.69,869.75,885.09,904.35,929.87,960.03,983.99,986.75,996.25,1020.43,1036.65,1053.60,1078.20,1102.03,1116.17,1115.65,1102.21,1087.55,1073.32,1060.81,1052.03,1046.07,1036.86,1025.42,1021.28,1017.36,1007.87,991.93,969.46,952.25,939.09,924.84,909.45,886.08,865.18,849.92,831.63,804.41,777.60,752.12,732.24,719.36,701.39,683.43,661.79,633.90,614.25,599.34,587.40,581.67,579.34,580.44,584.58,588.55,594.43,606.38,621.96,620.04,618.61,623.47,625.41,632.59,639.42,644.77,637.79,624.07,615.82,617.24,621.08,620.00,620.28,621.82,621.76,617.46,612.78,606.11,601.09,596.77,591.76,585.94,578.00,569.09,562.43,553.02,542.06,534.75,524.58,514.14,506.81,501.76,502.93,502.25,494.55,488.19,486.02,485.63,486.16,485.45,481.12,474.29,467.18,457.79,453.11,448.00,443.35,437.58,431.60,424.56,417.92,412.39,406.94,400.85,395.00,388.66,381.98,374.68,367.69,361.34,356.13,351.10,345.61,340.11,332.99,326.25,320.19,311.59,305.79,303.08,300.49,296.19,292.68,290.35,288.15,285.97,284.18,282.16,279.73,276.06,270.87,266.80,263.30,259.62,257.31,255.31,253.29,251.27,247.88,243.48,239.27,232.13,228.29,226.31,224.36,222.43,220.50,217.43,213.78,210.15,207.72,206.27,204.56,202.86,200.89,199.01,197.14,195.02,192.55,189.93,187.67,185.47,183.16,180.93,178.62,176.17,173.69,171.94,170.31,168.13,165.63,163.06,160.53,158.75,157.26,155.67,153.95,152.24,150.50,147.86,144.73,141.78,139.10,136.94,134.79,132.63,130.53,128.53,126.59,124.41,122.23,120.05,117.52,115.11,112.81,110.49,107.41,104.09,101.52,99.50,97.72,95.63,93.52,91.31,89.25,87.41,85.49,83.39,81.27,79.44,77.71,75.93,74.06,72.27,70.08,68.06,66.18,64.33,62.74,60.94,58.77,56.75,54.73,52.75,50.78,48.64,46.58,44.54,42.62,40.67,38.59,36.68,34.77,32.80,30.79,29.05,27.22,25.21,23.20,21.27,19.04,16.09,13.02,10.80,9.93
914.42,890.35,872.43,859.61,863.49,877.90,895.66,922.20,951.23,965.37,969.74,988.08,1009.43,1030.53,1053.91,1082.95,1105.73,1111.56,1106.38,1095.15,1082.62,1069.35,1055.97,1043.84,1036.63,1032.49,1024.66,1014.67,1004.33,996.75,993.60,985.86,970.07,955.08,940.56,925.30,903.95,880.33,857.31,838.61,811.40,784.84,766.65,751.92,736.38,714.46,691.89,670.62,650.55,632.23,610.92,591.82,582.69,578.02,574.91,574.37,578.00,582.83,589.37,594.06,595.03,599.11,605.13,608.56,618.04,623.34,623.08,617.39,605.50,598.15,598.85,597.00,594.34,596.82,600.14,597.45,594.28,597.21,594.36,589.62,585.40,582.11,579.45,577.03,572.94,568.06,561.49,551.27,541.75,532.13,520.47,510.43,502.72,494.68,490.31,487.21,481.98,477.43,474.38,473.93,472.81,468.04,463.72,457.71,448.15,441.39,437.22,435.34,433.09,428.36,422.72,416.68,410.26,404.52,398.75,393.27,387.98,382.32,376.05,369.72,363.83,357.81,349.90,342.64,334.54,325.98,320.09,314.88,309.84,304.57,300.88,300.79,298.01,295.50,293.34,291.01,289.73,288.23,285.82,282.77,279.54,273.35,269.35,266.68,261.67,258.58,256.45,254.21,251.94,248.52,244.76,240.94,234.26,229.15,227.21,225.58,224.08,222.03,219.11,215.47,212.06,209.70,208.11,206.28,204.43,202.59,200.85,199.08,196.77,194.19,191.30,188.84,186.48,183.84,181.43,179.15,176.88,174.89,173.30,171.62,169.09,166.42,163.80,161.45,159.78,158.11,156.42,154.70,152.98,151.23,148.97,145.60,142.22,139.38,137.24,135.09,133.00,131.14,129.38,127.45,124.81,121.75,119.02,116.61,114.50,112.39,110.30,107.74,105.63,103.44,101.28,99.13,96.94,94.76,92.60,90.48,88.59,86.61,84.54,82.51,80.46,78.44,76.21,73.99,71.99,69.88,67.94,66.03,64.05,62.10,60.33,58.57,56.52,54.50,52.65,50.68,48.67,46.66,44.68,42.72,40.63,38.59,36.69,34.73,32.86,31.07,28.78,26.62,24.53,22.56,20.60,18.22,15.63,13.64,12.55,11.98
910.23,888.16,865.38,851.51,858.47,877.08,897.30,919.06,936.79,946.00,958.18,981.56,1004.52,1032.52,1059.02,1084.53,1098.97,1101.08,1096.03,1086.81,1074.80,1064.63,1054.87,1040.78,1028.18,1022.76,1017.73,1012.40,1001.51,986.00,979.07,980.30,976.45,966.14,953.14,933.11,912.62,892.43,871.05,852.68,827.15,804.78,790.60,765.80,740.19,717.19,697.92,684.04,671.17,652.08,625.12,603.70,590.76,582.73,574.43,568.35,566.97,568.93,571.36,572.97,575.03,578.29,583.83,591.18,598.85,604.64,604.60,600.17,591.36,583.37,581.07,580.12,574.30,574.44,575.83,572.74,573.11,579.46,581.80,579.00,575.33,571.62,567.74,565.46,563.92,561.49,558.68,554.32,548.09,540.94,529.04,518.09,507.98,500.76,493.61,487.68,482.08,476.68,468.85,461.59,457.46,451.66,448.77,444.00,436.45,427.80,422.21,421.06,422.78,420.76,417.89,414.91,411.41,405.10,397.21,390.40,385.95,381.57,375.97,369.93,362.78,355.38,346.66,337.31,329.73,325.46,321.44,319.14,317.59,312.38,307.18,305.23,302.71,301.88,299.74,296.75,294.09,291.73,288.10,284.47,280.84,276.06,272.20,268.02,261.94,257.74,255.13,252.62,250.13,247.35,244.49,241.42,236.34,231.25,229.14,227.83,226.08,223.52,220.76,217.78,214.88,212.35,209.97,207.96,206.13,204.34,202.65,200.97,198.60,195.63,192.81,190.09,187.40,184.68,182.09,179.47,177.56,176.94,175.69,173.12,169.57,167.13,164.56,162.39,160.62,158.89,157.17,155.36,153.39,151.50,149.22,145.88,142.41,139.44,137.41,135.54,133.84,132.24,130.46,128.50,125.62,122.36,119.35,117.63,115.81,113.73,111.65,109.80,107.81,105.50,103.15,100.52,98.16,96.00,93.88,91.82,89.62,87.38,85.05,82.76,80.47,77.91,75.25,72.78,70.79,69.04,67.23,65.30,63.32,61.33,59.22,57.50,55.84,53.93,52.12,50.35,48.40,46.35,44.32,42.29,40.25,38.12,35.98,33.87,31.88,30.14,28.21,26.29,24.28,22.33,20.34,17.99,16.58,15.42,14.26,12.66
898.15,878.39,858.02,845.79,852.58,871.92,891.44,904.83,914.13,931.78,957.70,984.01,1005.17,1033.67,1055.06,1073.78,1082.03,1087.48,1086.21,1075.02,1062.56,1054.28,1048.78,1038.72,1023.30,1011.42,1005.40,1001.54,994.45,983.54,971.86,967.78,966.97,961.55,953.19,938.87,921.83,907.63,889.98,870.72,847.23,822.79,800.35,771.64,744.83,726.13,714.66,702.46,683.13,662.82,644.74,627.02,608.58,592.23,579.57,568.36,562.48,559.04,555.88,551.99,551.20,551.63,554.31,560.50,569.99,581.53,589.36,587.33,576.02,565.72,562.87,564.45,552.33,555.20,555.90,552.63,552.20,558.70,566.60,569.19,566.32,560.64,555.54,553.04,550.78,548.23,546.45,546.21,543.88,540.09,533.96,527.06,518.68,509.90,504.70,499.31,493.84,488.83,480.48,470.23,454.93,439.56,431.02,426.76,421.66,417.26,412.75,410.58,410.45,408.07,406.65,406.05,405.62,402.98,396.85,389.59,382.91,378.34,373.07,365.47,357.60,350.46,342.63,335.95,332.71,331.55,328.43,324.63,321.13,315.75,311.25,309.88,307.84,306.01,303.29,300.36,296.17,291.53,286.43,282.51,278.37,272.19,268.27,264.05,260.71,259.37,256.31,252.80,249.52,246.75,243.57,240.37,236.50,233.64,231.68,230.11,227.60,224.90,222.41,219.97,217.40,214.79,212.20,209.79,207.75,205.90,203.93,201.90,199.53,196.67,193.78,190.97,188.27,185.65,183.63,181.38,179.87,179.62,178.02,173.96,169.72,167.39,165.23,163.25,161.44,159.68,157.88,155.72,153.58,151.56,149.20,146.00,142.86,140.15,138.38,136.72,135.02,133.40,131.61,129.69,126.80,123.88,121.48,119.65,117.56,115.49,113.52,111.75,109.72,106.92,103.86,100.76,98.32,96.20,93.83,91.62,89.44,87.03,84.59,82.32,80.03,77.42,74.48,71.74,69.44,67.91,66.38,64.57,62.67,61.00,59.28,57.33,55.39,53.49,51.76,50.05,48.06,46.00,43.99,42.02,40.00,37.86,35.78,33.99,32.44,30.98,29.20,27.23,25.20,23.19,21.16,19.30,17.94,16.36,14.60,12.79
895.72,870.07,846.41,839.13,843.51,859.12,874.08,887.71,905.76,931.67,955.15,979.17,1000.23,1024.07,1043.38,1057.24,1067.46,1075.78,1074.65,1064.27,1051.52,1041.31,1037.04,1029.31,1015.80,1002.13,992.96,990.18,983.90,975.51,966.78,959.33,956.56,953.00,947.28,938.13,929.67,918.70,903.32,880.64,858.91,832.45,803.21,778.91,757.98,739.25,725.62,706.20,690.20,679.42,664.01,641.27,620.08,602.48,586.94,576.09,568.00,558.70,551.74,545.14,539.09,534.13,531.55,535.06,543.45,555.96,567.85,569.31,558.15,547.81,543.72,545.42,535.34,534.56,533.28,531.35,536.00,542.95,550.72,557.22,555.97,549.21,544.78,543.75,542.71,538.82,535.78,535.59,533.53,530.09,526.40,523.36,519.40,514.22,509.90,503.96,498.09,493.23,487.77,480.39,468.01,449.17,434.18,423.81,416.62,411.34,407.08,403.29,399.06,395.58,394.97,393.91,395.26,395.28,392.00,385.83,378.96,372.90,365.44,355.88,349.34,346.13,341.35,337.51,335.01,332.82,329.80,325.45,320.41,317.19,314.79,312.21,310.06,306.61,303.20,300.26,293.12,286.92,280.90,277.32,274.16,271.85,270.15,267.62,264.62,261.94,258.49,255.09,251.80,248.66,244.93,241.42,238.25,235.85,233.64,231.39,229.08,227.07,224.73,222.31,219.60,216.83,213.91,210.80,208.30,206.11,203.99,201.92,199.86,197.15,194.32,191.83,189.61,188.13,187.82,186.30,184.34,183.05,179.78,174.78,170.03,167.71,165.89,164.12,162.41,160.49,158.28,155.99,153.81,151.78,149.69,146.90,144.09,141.67,139.60,137.88,136.17,134.41,132.54,130.50,128.13,125.45,122.83,120.19,118.05,116.13,114.12,112.06,109.83,106.69,103.38,100.36,98.12,96.02,93.55,91.02,88.74,86.49,84.16,81.88,79.58,77.06,74.21,71.31,68.97,67.38,65.81,64.17,62.59,61.11,59.44,57.42,55.43,53.41,51.42,49.58,47.60,45.55,43.57,41.71,39.82,38.02,36.43,34.89,33.33,31.73,30.15,28.24,26.18,24.16,22.16,20.13,18.30,16.53,14.63,12.75
901.53,871.94,842.29,831.79,836.88,848.30,863.77,882.61,905.79,924.00,945.32,967.05,989.84,1009.78,1028.28,1042.23,1053.83,1062.67,1065.21,1055.45,1041.56,1029.50,1025.46,1019.95,1008.52,992.25,979.26,978.67,973.53,966.23,958.69,952.24,947.26,942.99,939.13,932.54,923.68,914.65,905.13,886.06,862.83,838.77,811.03,788.98,771.02,751.69,732.47,717.20,709.35,697.47,675.27,650.05,629.03,613.10,598.24,588.39,576.29,561.30,551.83,547.99,540.85,533.51,528.49,525.69,526.60,534.69,546.87,547.59,539.49,528.89,523.61,523.86,513.57,511.13,509.94,512.46,520.29,528.01,534.86,539.54,538.71,535.94,535.10,534.66,533.37,529.68,526.59,523.32,519.94,517.22,515.41,513.48,509.92,506.48,503.27,500.22,495.32,490.02,486.08,480.36,471.76,456.01,439.12,426.49,417.68,411.75,405.33,400.13,395.89,392.05,389.09,385.91,385.20,384.64,383.74,376.87,369.34,363.73,356.67,350.19,346.34,343.19,340.02,335.98,332.62,330.52,327.55,324.05,321.28,316.36,311.05,305.56,301.93,299.42,296.98,293.32,287.94,283.23,281.48,279.91,277.14,274.72,272.25,269.12,264.50,260.39,257.53,254.64,251.87,249.05,245.62,242.32,239.36,237.02,234.93,233.01,231.40,229.62,226.81,223.68,220.54,217.46,214.33,211.07,208.29,206.63,205.09,202.58,200.15,197.59,195.68,194.03,192.16,191.50,191.52,190.56,188.07,184.47,180.45,175.70,171.28,168.71,167.09,165.25,163.04,160.58,158.29,156.25,154.22,152.38,150.47,148.00,145.41,142.88,140.50,138.56,136.68,134.77,132.78,130.80,128.52,125.52,122.39,119.73,117.87,116.00,113.98,111.85,109.52,106.28,102.89,99.86,97.89,95.85,93.37,90.96,88.69,86.42,84.06,81.71,79.35,76.74,74.09,71.48,69.25,67.58,65.91,64.30,62.74,61.19,59.47,57.45,55.47,53.45,51.41,49.25,47.34,45.69,43.97,42.23,40.45,38.78,37.19,35.64,34.05,32.48,30.86,28.91,26.76,24.63,22.58,20.70,18.91,16.95,14.89,12.87
902.74,874.88,848.01,827.06,829.64,838.25,856.86,877.39,897.51,911.44,929.27,949.79,972.32,997.46,1013.94,1027.35,1038.95,1051.49,1056.42,1046.22,1033.00,1019.89,1013.24,1012.74,1001.47,983.39,968.57,963.44,960.27,955.06,947.40,942.13,936.68,932.92,929.91,924.99,916.59,908.60,902.46,891.13,869.71,845.93,824.06,801.58,784.26,767.01,752.15,739.49,723.58,701.15,678.24,656.55,641.93,633.80,618.59,599.53,581.72,569.76,552.63,544.02,538.92,533.76,528.42,523.96,520.70,519.92,525.43,524.10,518.40,511.86,505.15,500.86,496.30,493.66,493.44,496.00,498.56,502.85,509.89,514.97,516.70,518.58,521.10,521.78,521.63,520.88,517.92,514.01,510.08,506.75,503.93,501.47,498.10,495.21,493.27,491.54,488.65,483.77,480.24,475.79,470.57,460.26,445.40,431.59,420.37,413.83,407.82,402.16,397.55,393.36,388.68,383.71,379.58,375.95,374.11,369.17,364.26,359.36,353.26,348.90,345.69,342.37,338.61,334.33,329.75,324.90,320.12,317.81,315.47,310.97,307.39,303.47,301.30,300.46,296.77,294.13,291.49,287.78,284.19,280.39,277.52,274.93,272.29,269.27,264.78,260.59,258.24,255.64,252.18,249.19,245.95,242.96,240.66,238.65,236.89,235.37,233.46,230.57,227.22,223.80,220.49,217.61,214.64,211.80,210.20,209.10,207.26,204.40,201.38,199.31,198.38,197.00,195.40,194.73,193.69,191.49,188.62,184.88,181.03,176.98,173.44,170.40,168.22,166.14,163.56,160.88,159.03,157.17,155.13,153.19,151.19,149.04,146.27,143.51,141.00,138.81,136.88,134.99,133.03,131.11,128.58,125.39,122.15,119.43,117.68,115.89,113.86,111.77,109.49,105.96,102.32,99.34,97.42,95.53,93.51,91.55,89.27,86.91,84.46,82.09,79.76,77.13,74.40,71.80,69.56,68.03,66.51,64.95,63.30,61.50,59.49,57.50,55.51,53.53,51.80,50.16,48.54,46.82,44.97,43.08,41.21,39.47,37.89,36.33,34.67,32.78,30.90,28.91,26.84,24.73,22.82,21.13,19.32,17.32,15.23,13.15
902.44,878.44,851.31,823.72,819.30,825.77,845.85,865.59,879.20,896.45,917.03,934.83,953.65,977.07,999.09,1012.03,1025.08,1037.75,1043.34,1035.41,1024.25,1010.78,1001.36,1000.00,990.19,975.54,962.72,952.32,947.58,943.58,936.34,932.51,928.57,922.53,918.81,914.30,908.84,902.42,895.17,889.15,879.86,859.87,837.30,816.99,800.68,789.85,775.82,756.31,731.12,704.99,686.69,677.52,666.66,657.77,641.38,614.11,593.33,578.89,563.88,545.74,536.47,532.29,527.87,523.27,519.30,516.27,514.17,510.06,507.75,504.20,499.07,494.92,491.50,487.19,484.77,482.94,481.48,481.50,484.91,487.67,488.80,491.50,493.84,498.49,504.40,508.37,509.13,506.30,501.29,497.78,495.82,493.08,488.80,485.58,483.64,480.99,477.66,475.16,472.43,469.09,464.95,457.67,448.75,439.41,429.19,420.93,413.60,406.24,400.06,395.46,389.69,385.63,379.90,375.27,371.46,365.52,361.14,357.98,354.32,351.68,349.08,347.63,345.07,338.94,331.91,325.54,321.88,319.42,317.00,312.86,310.81,309.27,306.50,302.99,298.90,295.15,291.43,287.46,283.72,280.07,277.37,274.82,272.40,269.83,266.54,263.19,260.43,257.18,253.31,249.69,247.11,245.16,242.92,240.91,239.19,237.30,234.24,230.89,227.38,223.83,220.39,217.60,215.19,214.15,213.44,212.10,209.36,206.27,203.77,202.05,201.00,199.87,198.36,196.18,193.39,190.66,187.71,184.49,181.12,177.79,174.64,171.60,169.08,166.89,164.56,162.27,160.15,158.13,156.17,154.17,152.15,149.85,146.92,144.05,141.23,138.93,136.99,134.94,132.89,130.98,128.48,125.28,122.08,119.39,117.55,115.77,113.86,112.01,109.88,106.22,102.22,98.74,96.66,94.82,92.99,91.13,88.95,86.76,84.59,82.46,80.22,77.73,75.06,72.66,70.69,68.97,67.27,65.45,63.50,61.53,59.52,57.60,55.90,54.31,52.79,51.22,49.66,47.84,45.94,43.99,42.01,40.24,38.61,36.93,35.21,33.17,31.07,28.80,27.01,25.21,23.35,21.54,19.68,17.57,15.48,13.40
891.83,876.51,848.32,819.68,808.79,814.44,832.19,850.12,865.03,885.58,905.58,922.33,938.49,959.20,979.66,997.20,1014.58,1027.48,1030.55,1022.28,1011.16,1000.82,989.31,983.18,976.80,965.32,955.45,944.82,936.42,932.92,926.76,922.24,918.83,913.52,907.42,903.60,899.84,892.96,885.57,879.86,875.26,867.10,851.37,833.93,816.12,801.72,782.62,760.21,734.20,711.41,704.34,701.72,688.96,673.26,656.55,633.01,611.02,589.08,572.24,555.78,541.77,532.98,527.78,524.26,519.98,516.22,511.46,507.75,503.95,500.00,495.96,491.47,489.25,486.10,482.70,480.59,477.37,474.15,471.26,468.60,468.58,467.71,467.60,473.04,479.18,487.55,495.18,496.60,493.88,491.56,489.22,486.44,481.40,477.52,474.81,470.45,465.42,463.09,460.77,459.22,455.19,448.98,444.22,440.33,434.26,428.09,422.01,415.21,408.92,403.13,397.38,392.66,385.85,379.30,372.84,367.25,364.55,360.07,357.87,356.85,354.28,351.80,348.32,340.63,333.50,328.03,324.98,322.65,320.24,316.40,313.30,310.49,306.22,302.22,297.15,292.28,288.03,283.12,281.13,279.14,276.62,274.03,271.81,269.78,266.72,263.05,259.89,257.62,254.43,251.94,250.10,247.89,245.41,243.34,241.24,238.44,235.07,231.51,227.68,224.01,220.83,218.46,217.46,217.51,216.90,214.75,211.25,208.19,206.25,204.62,203.13,201.34,198.85,195.68,192.56,189.80,187.06,184.22,181.28,178.31,175.44,172.56,169.89,167.68,165.61,163.46,161.41,159.12,157.00,154.84,152.54,150.22,147.61,144.47,141.38,138.94,136.82,134.72,132.57,130.50,127.96,124.95,121.94,119.36,117.60,115.87,113.90,111.83,109.59,106.27,102.97,99.99,97.80,95.66,93.34,91.10,88.71,86.62,84.44,82.18,80.05,77.84,75.70,73.67,71.66,69.66,67.82,66.00,64.09,62.06,60.06,58.44,56.94,55.39,53.83,52.25,50.63,48.72,46.73,44.70,42.75,40.98,39.15,37.45,35.75,33.79,31.79,29.87,27.84,25.71,23.52,21.46,19.48,17.39,15.29,13.21
877.49,863.88,839.74,811.43,798.81,804.20,820.11,834.86,853.69,874.44,892.23,908.83,925.96,947.00,967.75,988.96,1007.24,1016.26,1015.27,1006.11,997.29,990.13,979.36,968.01,961.08,952.84,944.50,934.24,926.14,922.27,916.41,911.95,908.92,905.12,899.09,891.24,887.53,883.49,877.50,871.09,866.57,861.50,853.57,839.34,819.35,800.53,781.37,759.48,740.16,727.09,721.07,707.47,689.84,676.42,664.68,648.85,626.49,604.53,587.49,574.28,558.85,545.86,536.79,530.58,525.41,520.02,513.21,509.24,505.85,501.70,498.50,493.61,489.33,485.05,481.78,479.79,476.62,473.01,469.37,465.97,463.44,460.92,459.63,462.01,462.62,467.26,475.05,481.08,481.87,477.68,473.45,475.12,473.36,467.73,459.03,451.84,446.77,444.85,444.57,444.23,441.98,438.84,436.01,432.67,428.06,422.64,416.60,412.39,409.67,406.64,402.44,398.81,392.47,384.69,377.55,372.25,368.45,364.16,360.62,357.74,351.88,347.75,343.91,337.64,332.54,328.35,325.36,322.59,318.75,313.44,309.41,305.01,300.83,295.02,289.44,285.58,281.05,279.46,278.18,276.92,275.29,273.73,271.70,269.74,266.24,262.30,258.91,256.80,254.88,252.96,250.83,248.73,246.69,244.51,242.20,239.53,235.61,231.57,227.89,225.69,223.71,221.68,220.71,220.74,219.73,215.91,211.47,208.58,206.56,204.58,202.57,200.43,197.71,194.67,191.63,189.00,186.54,184.04,181.36,178.66,175.96,173.31,170.68,168.42,166.22,163.92,161.70,159.45,157.38,155.26,153.03,150.95,148.47,145.03,141.54,138.81,136.67,134.50,132.34,130.13,127.49,124.70,121.94,119.47,117.78,116.09,114.15,112.13,110.08,107.31,104.44,101.81,99.45,97.12,94.75,92.42,90.36,88.21,85.67,83.09,80.63,78.54,76.67,74.75,72.76,70.85,68.83,67.00,65.17,63.23,61.49,59.64,57.93,56.23,54.48,52.72,50.89,49.06,47.31,45.38,43.52,41.78,39.94,38.09,36.32,34.42,32.47,30.51,28.12,25.39,23.00,20.69,18.66,16.90,15.02,13.18
867.13,847.27,825.70,802.57,790.46,793.43,808.80,822.77,840.05,860.15,877.29,898.08,917.03,938.19,960.00,981.76,996.70,1000.31,997.20,989.21,983.05,977.03,970.37,960.30,950.63,941.40,932.95,924.67,917.31,912.99,908.25,904.24,900.54,896.34,890.93,883.31,874.38,871.37,868.54,863.87,859.08,853.53,847.60,838.33,823.17,803.32,785.78,768.62,752.22,742.11,728.18,713.31,700.31,686.81,673.24,661.22,642.54,622.90,605.23,587.59,572.04,562.53,560.57,553.50,547.24,538.15,527.97,520.37,518.14,516.32,511.27,507.75,503.44,493.75,484.18,478.31,474.16,469.77,466.96,464.08,461.28,458.02,455.84,454.97,450.53,451.48,456.48,462.92,463.60,458.66,455.20,458.67,456.94,446.95,437.84,430.23,424.85,421.72,421.60,424.09,425.05,425.04,424.05,422.31,419.50,415.22,407.96,403.33,400.19,397.35,393.74,390.78,387.19,382.15,375.52,368.75,365.27,361.18,355.82,353.42,350.16,343.50,340.99,337.55,333.52,328.76,323.68,320.23,312.44,307.88,303.31,298.71,295.63,290.84,286.77,283.56,282.13,281.80,279.77,277.08,276.99,276.60,274.19,270.61,266.56,262.44,258.88,256.20,253.70,251.60,249.69,248.60,247.40,245.36,242.61,239.50,235.91,233.04,230.49,229.74,227.68,226.04,224.37,222.38,219.66,215.28,210.59,207.96,205.78,203.65,201.51,199.21,196.44,193.49,190.53,188.30,186.01,183.56,181.19,178.69,175.94,173.25,170.64,168.20,165.77,163.18,160.58,158.58,157.03,155.32,153.49,151.59,149.08,145.31,141.40,138.60,136.45,134.29,132.13,129.89,127.19,124.45,121.70,119.34,117.66,115.93,114.11,112.42,110.67,108.13,105.56,103.04,100.62,98.28,96.12,94.03,91.95,89.69,87.02,84.40,81.81,79.38,77.34,75.20,73.12,71.03,69.06,67.34,65.57,63.81,62.12,60.14,58.04,56.11,54.18,52.26,50.41,48.74,47.16,45.46,43.81,42.22,40.59,38.64,36.62,34.62,32.72,30.78,28.30,25.42,23.07,21.00,19.00,17.14,15.28,13.49
875.39,848.35,825.56,801.18,785.65,781.99,793.48,810.90,830.72,852.36,871.83,891.54,912.48,932.19,953.78,969.64,978.68,982.76,980.65,972.94,966.18,961.35,958.06,952.19,946.37,938.00,930.01,920.61,911.62,905.15,899.84,895.88,890.80,886.72,883.03,877.84,868.65,861.37,859.79,856.83,851.96,845.87,840.16,832.82,824.83,811.82,793.99,778.20,763.25,751.01,737.36,722.66,708.14,692.85,678.10,666.90,652.91,632.84,614.06,596.51,584.42,582.33,583.49,589.07,585.19,574.86,554.78,545.53,544.51,540.03,530.44,526.60,521.01,510.14,497.56,487.06,478.88,471.72,466.99,462.30,458.88,456.11,453.03,451.49,447.84,444.86,444.00,444.96,444.69,438.37,437.18,439.00,434.23,426.23,420.12,414.77,411.27,408.90,406.00,404.17,404.32,405.50,407.21,408.55,409.12,409.44,406.58,400.93,396.04,390.89,387.12,383.99,380.31,376.59,371.05,362.60,357.20,351.56,346.16,339.18,333.39,331.06,331.16,331.60,331.49,327.27,320.52,313.55,306.91,302.66,299.14,296.10,293.35,290.39,287.06,285.15,284.61,284.04,280.72,279.07,280.25,279.86,277.62,272.23,267.05,262.50,258.79,255.94,253.07,250.40,248.46,247.04,246.11,245.05,243.98,241.20,239.70,238.80,237.08,234.41,230.74,226.94,222.94,219.86,217.44,213.77,210.03,207.57,205.34,203.11,200.94,198.45,195.54,192.55,189.69,187.56,185.45,183.16,181.05,178.60,175.71,172.82,170.07,167.63,165.24,162.74,160.22,158.00,156.13,154.43,152.90,151.30,148.78,144.76,140.81,138.29,136.23,134.07,131.91,129.71,126.90,124.03,121.24,118.96,117.14,115.36,113.52,111.66,109.78,107.60,105.29,102.97,100.65,98.23,96.16,94.23,92.38,90.14,87.28,84.36,81.63,79.07,76.88,74.68,72.48,70.37,68.41,66.64,64.89,63.06,61.28,59.47,57.54,55.59,53.62,51.65,49.78,48.09,46.40,44.72,42.98,41.28,39.87,38.16,36.28,34.41,32.47,30.44,28.08,25.40,23.02,21.04,19.13,17.36,15.53,13.75
891.91,857.86,828.42,804.50,785.65,776.43,782.01,800.12,826.95,850.25,870.19,887.70,905.95,924.10,942.32,955.38,962.70,968.87,966.08,954.25,946.70,944.61,943.16,940.35,937.84,933.48,929.62,922.03,910.51,900.92,894.29,889.12,883.62,879.15,875.02,870.28,864.51,856.70,850.90,849.37,844.77,839.04,832.63,826.33,819.66,812.73,803.62,789.77,774.73,760.65,748.39,731.06,710.83,692.58,677.29,666.89,654.53,635.51,618.64,606.20,604.50,607.74,607.93,613.52,611.13,602.39,590.69,576.89,568.15,560.87,550.78,543.86,537.86,527.15,514.34,501.95,490.47,482.69,473.71,465.74,459.31,455.35,451.61,448.92,446.32,443.01,440.45,437.62,434.28,430.49,427.15,423.43,419.05,416.40,413.60,409.04,405.92,402.97,398.88,394.55,391.04,390.62,391.55,391.83,391.47,392.72,395.30,397.17,395.81,392.32,387.92,384.16,380.51,373.38,364.05,351.36,342.94,338.72,334.68,329.62,327.91,326.57,325.51,323.30,321.06,318.24,315.43,310.23,305.05,300.26,297.37,295.62,293.96,291.00,288.52,287.76,287.15,285.15,280.65,281.37,282.40,281.47,278.24,271.09,266.31,262.06,258.54,255.64,252.75,250.01,247.79,245.77,244.07,242.57,242.01,241.66,241.46,240.71,238.54,233.94,229.58,224.92,220.60,217.66,215.18,212.35,209.43,207.17,204.94,202.71,200.49,197.88,195.07,192.29,189.65,187.57,185.46,183.17,181.08,178.64,175.74,172.87,170.14,167.70,165.19,162.55,160.12,157.83,155.70,153.60,152.00,150.42,147.74,144.19,140.52,138.04,135.96,133.86,131.77,129.65,126.71,123.69,120.73,118.56,116.72,114.95,113.14,111.39,109.51,107.42,105.37,103.25,101.17,98.81,95.96,93.14,90.94,88.77,86.30,83.50,80.95,78.58,76.33,74.11,71.87,69.70,67.76,65.88,64.12,62.29,60.48,58.66,56.85,54.91,52.95,50.99,49.12,47.35,45.60,43.91,42.21,40.37,38.65,36.97,35.25,33.40,31.51,29.41,27.26,25.27,23.24,21.36,19.46,17.60,15.68,13.84
898.16,867.04,835.19,812.70,793.40,773.34,775.24,794.63,822.08,848.32,868.95,885.12,898.94,912.94,927.11,938.81,948.96,956.25,953.00,940.30,932.36,929.34,929.00,928.67,927.57,923.27,919.80,919.93,911.17,900.02,890.22,885.01,879.89,873.60,868.57,864.08,858.57,850.80,842.66,841.18,836.79,831.85,826.40,820.63,814.52,808.25,802.16,794.44,782.50,766.93,752.36,734.40,715.85,696.52,681.41,669.39,661.20,645.53,629.11,620.89,623.02,624.42,623.23,624.57,622.71,618.72,613.59,600.64,587.65,576.42,568.49,566.79,558.93,545.79,529.97,515.55,506.17,496.01,485.33,474.09,464.67,457.68,451.83,447.98,444.40,441.24,439.47,437.45,434.03,430.42,425.91,421.20,417.73,414.95,412.13,408.99,405.65,402.47,399.18,395.44,391.88,387.61,384.90,382.52,379.55,378.60,379.36,380.44,380.63,380.09,378.41,376.54,370.60,360.07,350.50,342.64,338.06,335.36,332.48,329.50,327.93,326.21,322.99,320.00,317.96,316.21,313.43,309.69,305.15,300.79,299.29,299.31,298.46,294.86,292.00,290.54,289.74,288.18,285.08,283.10,280.36,280.30,279.49,272.83,267.27,262.77,258.66,255.56,252.72,250.21,248.06,245.80,243.45,241.25,239.16,238.30,237.80,235.91,231.43,228.46,225.66,221.80,218.79,216.46,213.94,211.51,209.02,206.78,204.55,202.32,200.13,197.66,195.09,192.66,190.33,188.28,185.94,183.52,181.17,178.69,175.92,173.34,170.91,168.41,165.68,162.82,160.10,157.43,155.14,152.94,151.07,149.29,146.48,143.32,140.31,137.85,136.06,134.02,131.92,129.80,126.78,123.57,120.44,118.40,116.65,114.90,113.16,111.49,109.82,107.80,105.70,103.60,101.48,99.24,96.50,93.34,90.22,87.84,85.62,83.19,80.99,78.73,76.30,73.87,71.43,69.17,67.33,65.45,63.63,61.80,59.99,58.12,56.27,54.39,52.50,50.67,48.82,46.97,45.13,43.31,41.52,39.73,38.02,36.34,34.63,32.96,31.38,29.80,28.01,26.14,24.10,21.87,19.57,17.68,15.80,13.96
897.26,876.60,853.65,825.83,803.33,772.87,767.46,787.31,813.66,838.98,861.24,877.51,889.32,900.40,912.16,924.74,937.23,943.15,941.77,929.00,918.60,914.46,912.90,913.38,912.88,909.05,906.95,910.76,910.30,902.80,891.81,882.22,875.67,869.64,863.67,858.46,852.41,844.65,837.01,833.36,830.10,824.77,819.97,814.70,809.44,803.98,798.17,791.24,782.38,769.47,756.37,741.72,724.15,707.31,693.07,681.43,669.18,658.53,647.28,641.29,639.63,634.10,629.81,625.25,619.20,617.23,616.96,611.51,599.56,588.68,582.67,581.01,571.81,556.79,542.88,529.71,523.98,514.02,498.66,485.11,477.73,469.83,456.68,448.30,444.31,440.00,436.94,434.89,432.43,428.79,424.18,420.06,417.21,414.68,411.97,409.10,406.07,402.99,399.79,395.88,392.31,388.91,385.74,382.53,378.97,375.39,372.69,369.58,366.63,364.50,362.06,360.42,356.30,350.81,346.29,341.82,338.67,335.96,333.18,330.88,329.96,328.38,324.75,321.82,320.75,320.14,316.75,311.71,308.83,306.34,303.94,303.18,301.39,298.05,295.37,293.75,292.69,291.26,286.10,279.53,277.24,274.69,274.44,271.80,267.94,262.73,258.54,256.09,253.50,251.00,248.43,245.93,243.53,241.30,238.78,236.17,234.16,231.72,229.09,226.13,222.94,219.95,217.68,215.41,213.06,210.86,208.69,206.47,204.25,202.10,200.09,197.82,195.55,193.32,191.06,188.85,186.39,184.00,181.52,178.91,176.22,173.73,171.44,168.92,166.01,163.11,160.32,157.46,154.60,152.18,149.96,147.75,145.29,142.72,140.67,139.30,137.66,135.30,132.87,130.45,127.22,123.65,120.19,118.28,116.62,114.90,113.23,111.65,109.97,107.84,105.58,103.34,101.17,99.08,96.87,94.12,91.66,89.02,86.23,83.53,81.16,78.89,76.56,74.16,71.78,69.49,67.55,65.70,63.84,61.94,60.02,58.15,56.29,54.41,52.55,50.73,48.92,47.06,45.16,43.28,41.38,39.52,37.91,36.45,35.08,33.80,32.49,31.03,28.91,26.71,24.42,22.10,19.84,17.94,16.08,14.25
895.14,878.38,861.25,836.23,806.75,773.98,760.16,778.95,803.63,825.58,846.23,861.88,875.49,886.60,895.62,906.91,918.83,924.07,917.32,907.94,901.94,899.04,898.77,899.44,899.69,897.12,896.71,900.62,902.60,902.60,896.52,886.31,875.63,864.43,855.56,849.47,846.59,840.39,833.39,826.46,821.62,817.31,812.88,808.02,803.83,798.40,792.48,786.61,779.52,771.11,761.65,749.00,737.86,727.82,717.14,697.74,680.10,669.31,661.65,654.91,646.35,634.63,626.49,621.09,614.14,608.47,609.33,611.40,609.61,602.25,596.93,589.34,578.77,565.66,555.36,547.80,541.44,529.80,513.44,502.27,499.21,484.58,465.64,450.05,443.37,439.55,436.06,432.09,429.56,427.34,423.40,419.02,415.99,413.25,410.78,407.75,404.98,402.33,399.31,395.73,392.21,389.04,386.26,382.96,379.73,376.55,373.04,369.05,365.43,361.81,358.14,355.52,352.87,349.96,347.06,343.54,340.01,337.33,335.23,333.50,332.29,329.96,326.53,324.86,323.98,322.63,319.81,315.95,313.25,310.51,307.71,305.15,302.49,299.86,297.62,295.42,293.01,290.43,286.34,279.82,275.36,271.65,268.97,267.01,265.34,263.03,260.32,257.56,254.34,251.19,248.38,246.00,243.68,241.63,239.44,237.29,235.26,233.18,231.10,227.53,224.06,221.29,218.59,215.69,212.88,210.43,208.16,206.18,204.11,202.15,200.21,198.03,195.84,193.61,191.51,189.43,186.94,184.48,181.96,179.31,176.56,174.02,171.63,168.90,166.04,163.23,160.65,157.82,154.17,151.09,149.05,147.36,145.51,143.65,141.91,140.73,138.77,136.24,133.66,131.12,127.87,123.93,120.24,118.20,116.52,114.78,113.07,111.43,109.69,107.39,104.98,102.54,100.22,98.10,96.10,94.13,92.19,89.48,86.62,83.92,81.34,78.76,76.45,74.09,71.73,69.47,67.52,65.60,63.69,61.78,59.91,58.13,56.33,54.54,52.77,51.07,49.27,47.39,45.46,43.55,41.64,39.90,38.48,37.08,35.62,34.11,32.55,30.90,28.75,26.48,23.99,21.62,19.37,17.33,15.32,13.28
892.86,876.45,859.99,839.82,810.83,776.38,753.51,766.75,791.48,812.51,831.79,849.94,862.11,872.80,879.72,889.32,898.92,899.39,895.13,890.72,886.84,884.46,884.31,885.36,885.50,882.74,883.54,887.89,891.16,894.35,891.89,885.65,879.42,867.80,850.40,838.56,838.14,836.99,829.96,822.49,815.04,809.56,806.19,802.38,797.56,792.15,787.10,782.44,776.33,769.45,764.36,758.28,751.06,745.29,732.65,712.57,694.59,683.22,671.26,659.28,650.10,637.16,626.11,616.77,611.66,603.89,600.74,602.08,603.52,603.28,601.69,596.82,587.88,577.48,568.79,562.06,553.18,540.61,527.46,521.64,515.05,495.50,474.32,460.37,449.94,441.94,436.93,432.32,428.62,423.64,420.97,418.70,415.96,413.22,410.25,406.30,402.67,399.96,397.09,394.14,391.36,388.43,385.66,383.16,380.60,376.67,373.08,369.81,366.49,362.19,358.49,356.12,354.02,352.02,349.83,346.68,342.66,339.31,337.46,335.63,333.26,330.76,328.93,327.56,325.52,323.09,320.63,317.67,314.49,311.27,308.28,305.28,302.32,299.68,297.38,295.19,292.87,289.01,283.72,278.87,275.33,273.51,271.24,267.95,264.21,261.33,259.75,257.36,254.13,250.75,247.91,245.41,243.52,241.82,240.11,238.19,236.14,233.76,231.36,228.55,225.44,222.19,218.98,216.00,213.18,210.74,208.85,207.01,204.90,202.84,200.64,198.33,196.08,193.93,191.87,189.69,187.30,184.93,182.49,180.00,177.08,174.19,171.32,168.52,166.02,163.60,161.13,158.19,154.12,150.24,148.26,146.98,145.63,144.31,142.89,141.20,139.00,136.49,134.00,131.55,128.47,124.47,120.66,118.53,116.83,114.87,112.87,111.04,109.10,106.77,104.34,101.86,99.36,97.10,94.96,92.89,90.85,88.66,86.21,83.77,81.18,78.55,76.25,73.93,71.63,69.44,67.51,65.60,63.73,61.88,60.03,58.28,56.55,54.84,53.14,51.47,49.71,47.70,45.74,43.80,41.94,40.08,38.46,36.88,35.30,33.64,31.95,30.22,28.27,26.10,23.51,20.86,18.51,16.20,13.93,11.61
888.45,872.78,856.92,837.51,814.87,776.50,746.90,755.20,778.89,800.44,817.75,839.22,851.35,860.49,867.63,875.60,881.77,881.93,877.77,874.04,870.85,868.25,867.24,869.47,870.12,868.35,870.09,874.76,879.09,883.30,884.56,877.37,871.17,866.00,855.39,839.79,827.49,830.31,827.21,819.81,811.49,804.03,799.62,795.14,790.62,786.23,782.21,777.56,772.32,766.61,761.54,756.72,752.67,747.09,739.11,726.19,709.26,690.39,677.39,663.81,653.40,643.12,631.72,619.03,607.83,598.98,592.38,592.46,594.43,595.54,593.98,591.43,589.65,586.05,581.62,574.34,562.48,551.45,541.62,533.05,521.05,500.77,482.22,473.88,465.47,454.61,444.88,434.65,428.41,423.52,419.24,417.07,414.41,412.09,409.81,406.60,402.83,398.65,394.31,391.00,388.98,386.44,383.57,380.71,378.20,375.14,372.14,370.12,367.13,362.75,360.04,357.95,355.87,353.89,351.94,350.01,345.94,341.46,338.79,336.96,334.65,332.78,330.86,328.28,325.92,323.53,320.93,317.96,314.87,312.08,309.60,307.12,304.60,302.12,300.40,297.83,291.50,285.71,281.11,277.25,272.53,270.00,269.40,267.98,264.83,261.76,260.24,257.37,252.25,249.21,246.90,244.72,242.99,241.41,239.64,237.48,235.57,233.75,231.92,229.16,225.25,221.90,219.16,216.70,214.64,212.63,210.36,208.01,205.68,203.21,200.75,198.44,196.24,194.03,191.80,189.55,187.28,185.04,182.71,180.38,177.43,174.21,171.12,168.56,166.36,164.05,161.89,159.57,155.28,150.74,148.00,146.06,144.47,143.15,141.88,140.48,138.50,136.16,133.76,131.37,128.44,124.89,121.43,118.98,117.06,115.04,113.00,111.00,108.81,106.47,104.14,101.77,99.25,96.62,94.18,91.90,89.77,87.54,85.31,83.07,80.89,78.63,76.32,74.01,71.78,69.61,67.66,65.77,63.92,62.09,60.30,58.55,56.83,55.12,53.41,51.70,49.95,47.98,45.97,43.99,42.00,40.03,38.31,36.66,35.01,33.38,31.76,30.09,27.96,25.74,23.19,20.80,18.35,15.77,13.31,11.04
880.45,866.62,853.64,838.14,820.34,779.66,742.85,743.00,762.42,783.12,804.07,825.17,837.58,847.05,857.31,866.31,869.32,866.14,860.64,858.24,856.85,855.07,854.05,856.81,856.83,855.05,857.25,860.47,865.51,873.21,880.07,870.56,862.45,856.61,848.20,835.49,820.35,821.93,823.22,817.48,808.29,798.81,793.68,787.44,783.43,779.79,775.29,770.75,766.84,762.38,757.29,751.64,746.82,741.86,735.52,722.52,704.93,688.85,675.28,660.60,648.67,638.52,628.06,619.33,611.04,601.47,590.54,583.37,583.75,584.57,583.04,581.43,580.38,579.11,578.43,577.30,572.17,563.42,553.34,537.35,520.72,504.78,494.01,487.81,480.88,468.63,458.63,450.34,442.35,436.98,430.88,425.75,421.19,413.23,408.23,404.60,401.02,397.84,393.88,390.71,388.74,386.80,383.29,380.55,378.71,374.56,370.92,368.27,365.05,361.80,360.21,358.68,356.62,354.71,352.82,350.57,346.85,342.95,339.72,337.86,336.03,334.50,331.87,329.39,327.36,325.10,322.12,318.75,316.68,314.83,312.45,309.58,306.75,303.98,300.99,293.78,287.74,282.95,279.23,277.36,276.44,272.49,269.24,267.36,264.67,262.19,259.24,255.72,250.45,248.09,246.43,244.29,242.72,241.84,239.55,237.34,235.46,232.80,230.22,227.88,225.25,222.99,220.89,218.50,216.20,213.60,210.88,208.32,205.80,203.21,200.66,198.36,196.10,193.80,191.48,189.24,187.02,184.65,182.33,179.99,177.05,173.95,170.87,168.47,166.41,164.32,162.33,160.13,156.11,151.59,148.48,146.08,143.79,141.98,140.50,139.11,137.39,135.19,132.92,130.70,128.03,124.96,121.91,119.26,117.19,115.18,113.28,111.43,109.52,107.29,104.89,102.28,99.53,96.94,94.40,91.97,89.82,88.00,85.81,83.47,81.12,78.79,76.43,74.10,71.84,69.67,67.81,65.91,64.06,62.24,60.39,58.61,56.92,55.19,53.49,51.78,50.02,48.02,46.02,43.93,41.83,39.83,38.20,36.60,34.95,33.30,31.69,30.05,27.94,25.68,22.96,20.26,17.90,15.54,13.13,10.96
872.73,857.18,844.73,829.73,816.30,789.53,745.68,731.40,741.68,760.11,787.73,811.63,822.18,830.25,843.33,850.65,853.90,852.93,845.52,842.16,841.03,839.74,840.45,844.59,843.75,839.74,843.29,846.57,853.34,862.85,873.54,866.99,856.48,845.85,837.18,827.42,813.18,812.36,816.54,812.93,803.93,794.28,787.81,781.62,774.88,770.90,766.86,762.48,759.55,756.00,750.89,745.42,740.63,735.44,726.38,711.01,694.98,681.78,668.47,654.60,642.98,629.98,618.95,611.22,606.29,601.03,593.51,583.02,574.84,572.37,572.19,571.41,570.84,569.94,569.47,569.12,568.42,566.68,560.16,548.92,529.62,515.96,509.00,501.56,492.45,482.31,475.30,468.96,460.03,455.75,453.31,449.13,440.21,429.62,416.07,409.59,403.53,399.74,397.93,395.46,392.59,388.87,384.75,383.22,380.58,376.17,373.02,370.95,366.03,360.44,358.19,356.48,354.46,352.56,350.60,346.65,342.38,340.60,338.64,336.43,334.35,332.97,332.06,330.63,328.39,325.45,323.64,321.52,319.63,316.77,312.44,308.31,304.69,301.01,295.68,288.99,287.20,288.43,284.48,282.08,282.96,278.72,274.39,271.62,268.71,265.75,263.21,261.22,257.01,252.52,250.39,247.16,243.10,240.90,240.30,240.14,239.68,237.02,231.92,230.54,228.49,225.63,222.36,219.15,216.31,213.17,210.43,208.22,205.83,203.24,200.66,198.25,195.91,193.56,191.22,188.94,186.58,184.19,181.76,179.39,176.40,173.23,170.17,167.86,165.78,163.72,161.74,159.41,155.42,151.19,148.31,145.88,143.56,141.61,139.62,137.77,136.12,134.16,132.13,130.21,127.50,124.51,121.50,119.06,117.24,115.49,113.75,112.03,110.27,108.03,105.49,102.72,100.05,97.68,95.50,93.28,91.43,89.14,86.65,84.01,81.34,78.81,76.51,74.22,71.94,69.71,67.80,66.02,64.08,62.14,60.28,58.59,56.92,55.21,53.53,51.84,50.16,48.34,46.41,44.36,42.34,40.28,38.48,36.82,35.14,33.48,31.82,30.05,27.89,25.68,23.14,20.75,18.28,15.54,13.11,10.92
866.06,849.58,834.23,818.30,805.89,787.29,753.35,725.84,728.21,744.10,772.86,798.58,809.24,812.52,821.31,829.35,837.02,841.15,831.30,825.28,826.65,826.70,826.95,831.27,830.80,825.70,828.11,831.88,841.69,852.11,862.06,860.23,851.13,837.90,827.61,817.50,804.99,802.99,806.73,803.07,796.00,788.21,781.29,774.00,766.77,760.07,757.75,753.77,750.78,746.81,741.45,738.34,735.45,731.17,718.83,701.24,688.06,674.34,662.15,650.47,639.99,626.77,615.71,607.25,601.45,593.07,587.04,583.08,577.09,567.75,562.65,562.74,561.89,561.34,560.48,558.31,556.02,554.95,555.41,553.54,544.31,531.03,526.24,517.08,505.05,496.28,492.49,487.19,478.82,473.44,473.29,467.40,455.36,446.03,434.08,426.46,420.13,413.92,409.35,405.05,396.51,389.40,387.07,385.39,380.89,377.69,375.09,371.70,367.32,362.01,358.18,355.06,352.55,350.01,345.58,340.28,338.36,336.87,335.89,334.28,332.05,330.18,328.87,327.21,323.87,320.26,319.04,318.51,316.05,312.31,310.56,307.88,304.18,300.33,293.57,290.66,292.74,292.77,288.89,289.75,289.90,282.79,275.29,269.79,266.86,264.25,262.76,262.01,260.43,255.18,251.31,249.46,245.78,241.00,238.33,237.26,239.11,240.16,239.22,236.79,231.53,226.98,222.69,218.87,215.56,211.98,209.00,207.26,205.50,203.40,201.03,198.33,195.38,192.73,190.48,188.13,185.85,183.55,181.21,178.89,176.31,173.10,170.01,167.69,165.45,163.21,161.08,157.91,153.48,149.90,147.83,145.64,143.37,141.50,139.78,137.82,135.79,133.72,131.81,129.86,127.11,124.13,121.19,118.99,117.31,115.61,113.92,112.23,110.51,108.27,105.68,103.17,100.66,98.34,96.19,94.15,92.20,89.74,86.93,84.06,81.31,78.94,76.76,74.65,72.62,70.41,68.63,66.73,64.60,62.46,60.44,58.67,56.96,55.19,53.41,51.78,50.08,48.16,46.16,44.06,42.17,40.14,38.25,36.55,34.79,32.97,31.38,29.66,27.50,25.31,23.20,20.97,18.34,15.50,13.11,10.79
862.67,845.43,828.49,809.58,791.77,773.76,749.43,721.55,718.48,738.28,762.30,782.81,791.12,795.30,803.19,814.00,824.80,828.01,818.39,809.74,808.53,810.68,815.78,820.48,817.37,812.65,814.64,821.66,830.29,840.15,850.54,850.95,842.02,831.15,820.91,808.69,796.94,792.11,791.82,787.36,783.48,778.70,772.52,765.84,758.65,749.22,746.42,744.90,741.16,738.17,736.24,734.07,730.91,725.93,714.40,696.90,684.69,672.48,660.59,647.88,637.63,627.34,616.29,607.68,600.65,589.54,581.98,576.37,573.14,568.90,558.67,554.13,552.66,552.75,553.62,549.54,543.40,542.19,543.13,543.48,541.11,538.75,535.27,530.04,521.19,513.73,507.69,500.86,495.61,492.62,487.69,479.65,471.38,459.70,452.04,446.20,441.53,438.21,432.87,425.03,414.55,402.19,392.91,387.82,380.58,376.81,373.90,371.42,368.48,363.66,358.97,356.35,353.75,351.10,347.24,340.98,338.50,337.31,335.40,333.30,331.46,330.12,329.25,328.37,326.31,321.42,318.90,316.17,311.09,308.31,306.42,303.81,300.47,297.86,299.97,302.54,300.31,298.32,297.48,296.54,293.41,287.89,281.04,274.47,267.98,261.31,258.31,257.18,256.64,252.33,247.83,245.83,243.47,241.83,240.94,238.57,233.54,232.17,233.59,232.72,232.69,228.81,223.50,218.57,215.39,212.19,209.14,206.64,204.49,202.59,200.69,197.39,194.06,191.15,188.93,186.81,184.63,182.45,180.34,178.04,175.63,173.35,171.00,168.59,166.22,163.78,161.35,157.84,152.69,148.66,146.84,145.15,143.27,141.65,140.09,138.06,135.89,133.78,131.66,129.41,126.78,124.01,121.44,119.30,117.54,115.80,114.02,112.26,110.38,107.65,104.57,101.97,99.60,97.28,94.93,92.80,90.97,88.88,86.35,83.69,80.99,78.81,76.91,75.01,73.22,71.43,69.58,67.44,65.23,63.04,60.83,58.95,57.06,54.99,52.75,50.93,49.21,47.35,45.36,43.18,41.04,39.19,37.56,35.93,34.15,32.21,30.31,28.51,26.63,24.54,22.47,20.39,18.08,15.46,13.06,10.60
860.03,841.74,823.90,801.04,779.23,758.19,736.46,710.42,707.97,731.73,754.66,764.96,767.48,773.85,786.44,800.90,815.73,816.71,804.95,795.84,792.37,797.20,805.09,806.65,801.01,799.75,802.56,810.30,821.32,833.09,843.44,842.70,833.49,825.25,816.41,803.25,790.92,779.08,774.81,771.90,769.89,766.98,762.15,757.46,751.34,740.76,735.65,737.22,735.79,733.91,732.25,730.13,725.95,721.43,711.87,697.29,685.72,675.38,663.81,650.33,641.97,630.67,620.04,608.89,598.86,588.24,579.82,571.87,565.22,561.46,554.99,546.81,543.88,543.64,543.79,542.34,536.42,531.75,531.23,531.00,529.38,528.32,528.07,527.03,525.89,523.83,520.56,514.74,508.57,507.21,502.97,493.48,486.25,479.10,471.56,464.89,459.44,455.86,450.98,443.62,433.28,424.35,411.44,399.42,391.22,384.72,378.98,374.26,371.54,367.99,363.31,360.30,357.30,355.30,352.01,346.34,343.15,341.29,339.47,337.62,336.15,335.69,333.72,329.94,327.16,324.08,323.10,321.88,317.57,314.39,312.39,309.61,305.29,307.25,311.78,311.62,309.87,307.66,304.07,299.68,295.36,291.23,286.64,282.59,277.92,270.81,263.94,258.30,253.81,249.75,250.58,248.61,243.82,241.66,239.67,236.70,234.54,230.25,227.06,225.28,227.59,230.59,226.45,221.41,218.78,214.84,211.34,208.88,206.73,202.94,199.34,196.68,193.92,190.50,187.85,186.07,184.11,181.84,179.39,176.41,173.75,171.51,169.97,167.81,165.50,163.20,161.16,158.39,152.94,148.68,147.04,145.68,143.79,141.93,140.39,138.38,136.14,133.86,131.61,129.27,126.80,124.43,122.07,119.78,117.78,115.82,113.87,111.92,109.80,106.54,103.13,100.25,98.03,95.76,93.34,91.07,89.35,87.46,85.16,82.61,80.44,78.66,76.91,75.20,73.48,71.76,69.96,67.81,65.53,63.24,61.12,59.02,56.90,54.77,52.42,50.06,47.93,46.08,44.28,42.42,40.33,38.37,36.63,35.03,33.43,31.78,29.92,27.88,25.87,23.87,21.93,19.92,17.63,15.23,12.81,10.27
856.19,835.93,818.56,797.91,775.34,754.79,730.86,699.74,697.31,715.98,738.43,742.84,743.42,757.35,773.14,788.87,804.12,805.64,793.65,785.54,780.30,784.96,794.43,792.90,787.68,787.40,791.88,801.00,815.19,829.59,839.93,837.33,828.37,819.80,809.93,798.49,787.45,771.48,762.91,759.24,757.32,753.75,749.40,747.37,744.12,735.67,727.72,730.90,730.85,729.03,728.14,725.41,720.15,715.12,706.88,695.52,687.22,679.25,668.68,655.49,645.41,633.02,619.55,607.96,596.51,586.06,578.56,572.04,564.38,557.18,552.45,544.68,536.60,533.15,531.64,531.61,529.95,523.01,520.50,519.37,517.93,517.32,515.89,514.27,514.29,514.79,516.37,516.63,513.81,510.41,505.91,501.25,496.09,490.77,484.07,477.64,471.75,465.83,458.42,451.94,444.27,437.77,429.03,415.69,406.82,401.62,398.21,395.43,392.50,388.28,380.73,370.84,364.25,361.36,359.53,358.71,358.47,356.28,352.73,349.86,346.19,343.75,340.89,337.13,333.58,329.09,327.11,326.00,325.13,324.83,325.00,322.96,320.37,318.53,316.69,314.68,312.70,310.30,305.93,301.04,296.93,293.12,289.42,285.23,281.23,276.24,272.04,268.35,263.24,257.28,257.59,254.04,250.07,246.50,240.36,237.01,232.61,230.25,227.19,224.38,222.08,223.66,224.68,224.61,221.24,217.56,214.44,212.10,210.39,206.40,202.06,200.50,198.20,193.39,190.02,188.82,187.03,184.33,180.89,177.58,172.87,169.31,167.59,165.68,163.54,161.22,158.84,156.12,152.19,149.89,148.59,146.98,144.77,142.55,140.66,138.74,136.38,134.06,131.86,129.60,127.27,124.93,122.66,120.42,118.26,116.10,113.93,111.73,109.20,105.83,102.42,99.16,96.81,94.60,92.28,90.04,88.08,86.21,84.22,82.12,80.18,78.36,76.64,74.95,73.28,71.57,69.76,67.71,65.56,63.42,61.34,59.18,56.86,54.61,52.27,49.93,47.51,44.99,42.81,40.97,39.23,37.51,35.75,34.01,32.45,30.88,29.20,27.33,25.30,23.28,21.43,19.50,17.28,14.88,12.18,9.14
854.28,837.60,819.32,799.66,777.89,759.68,736.74,704.73,686.57,690.81,710.10,717.17,724.28,743.27,759.32,777.27,789.56,794.02,784.63,773.85,767.68,773.14,783.26,779.39,775.62,776.68,783.64,795.84,810.27,826.26,832.60,827.98,822.46,813.15,802.52,794.87,788.36,776.78,763.09,752.06,744.09,740.67,736.91,736.29,735.78,731.61,722.83,720.75,722.08,721.63,723.00,721.67,716.59,710.30,703.55,693.51,685.67,680.60,669.40,657.25,644.71,632.44,617.07,606.01,597.64,591.81,583.66,576.22,568.59,560.18,552.72,545.47,537.09,530.38,524.37,522.91,522.10,516.35,510.32,508.74,506.08,505.23,503.53,502.46,502.70,502.77,505.10,506.34,507.00,505.61,499.60,494.86,492.02,487.83,482.28,476.36,471.32,465.01,456.10,449.21,444.94,440.39,435.26,430.31,424.68,418.90,416.16,413.19,409.70,404.85,396.05,385.47,378.72,377.26,377.50,379.49,379.30,375.62,370.13,366.96,363.52,359.39,355.47,350.01,345.67,340.63,333.79,332.84,335.57,335.65,333.43,329.33,325.41,321.18,317.60,314.54,311.81,309.44,305.49,301.12,296.90,292.86,289.12,285.39,281.71,278.38,275.09,272.58,269.65,265.45,261.83,257.79,252.71,246.56,239.87,236.66,234.30,231.69,228.37,224.73,221.17,218.69,218.42,221.41,221.71,219.04,216.45,213.88,210.74,207.45,205.00,203.17,201.45,197.87,194.03,192.02,190.24,187.23,183.61,180.11,174.24,169.28,166.90,164.62,162.28,160.02,157.35,155.09,153.25,151.75,150.10,148.03,145.70,143.33,140.97,138.77,136.58,134.26,132.14,130.08,127.84,125.60,123.34,121.09,118.82,116.53,114.25,111.97,109.48,106.25,103.00,99.92,97.48,95.24,93.01,90.88,88.77,86.67,84.57,82.47,80.33,78.40,76.59,74.84,72.96,71.19,69.31,67.39,65.43,63.37,61.28,59.17,57.02,54.78,52.51,50.06,47.23,44.49,42.19,40.55,39.09,37.23,35.24,33.36,31.65,29.81,27.63,26.05,24.52,22.68,20.69,18.64,16.41,14.13,11.98,8.23
845.96,837.80,825.91,807.16,787.46,768.28,742.34,713.70,685.86,674.32,680.14,695.24,710.46,728.11,744.41,764.15,775.43,783.34,776.25,763.62,756.00,757.98,766.63,765.67,762.87,766.16,776.60,790.24,805.95,819.91,825.12,819.35,814.25,807.20,796.73,788.19,782.85,781.30,772.25,756.26,740.11,732.57,728.23,725.13,726.71,724.74,719.05,711.71,713.04,714.69,716.84,717.62,715.00,709.64,702.29,693.79,685.12,676.70,666.13,654.75,642.00,629.86,618.94,614.48,606.45,596.56,589.13,583.33,576.06,564.43,554.36,546.00,538.19,531.56,525.11,519.36,514.84,509.77,505.00,500.80,497.82,496.42,494.84,494.37,493.53,492.12,494.70,496.36,496.49,497.84,494.91,488.48,482.79,479.30,475.26,471.04,466.89,461.97,454.65,447.55,443.12,438.79,434.52,430.47,427.49,424.52,421.52,418.27,414.93,412.35,407.83,399.83,395.58,393.37,392.41,389.86,385.89,381.15,376.17,372.92,370.03,365.89,362.29,357.26,352.50,350.05,345.75,342.89,342.43,339.75,335.83,331.78,327.41,321.87,317.21,313.01,309.28,306.83,303.63,300.05,295.90,291.68,288.21,284.99,281.67,278.61,275.76,272.57,269.39,266.18,262.34,258.18,253.33,248.26,242.56,239.62,238.17,234.68,230.30,226.41,222.54,220.69,216.69,214.45,215.16,215.78,215.30,213.52,210.27,205.47,201.38,199.14,199.44,198.97,196.22,193.30,190.53,187.46,183.89,180.38,175.50,170.63,167.71,165.31,162.82,160.36,158.39,156.68,154.93,153.08,151.04,148.71,146.20,143.72,141.10,138.73,136.67,134.56,132.60,130.66,128.49,126.18,123.79,121.41,119.02,116.75,114.50,112.29,109.95,106.95,103.77,100.76,98.43,96.22,93.95,91.68,89.22,86.80,84.39,82.25,80.16,78.47,76.79,74.98,73.12,71.28,68.95,66.45,64.70,63.06,61.08,58.81,56.33,53.85,52.09,49.84,46.73,44.52,43.32,42.09,39.89,37.79,35.72,33.71,31.74,29.64,26.83,24.33,22.61,21.59,19.61,17.06,14.67,12.26,10.17,7.06
834.64,829.23,822.75,813.32,798.48,780.57,757.01,727.38,692.57,669.68,666.33,676.38,692.38,711.88,732.48,752.02,764.73,773.89,768.66,753.46,742.79,739.13,745.60,749.16,750.34,758.02,769.48,782.49,798.63,810.35,815.45,809.84,804.84,800.39,791.36,779.97,771.98,771.56,771.12,760.92,743.11,726.48,722.26,716.64,716.84,715.73,712.15,706.89,706.06,708.11,709.83,712.05,711.82,708.82,702.02,694.75,687.32,678.24,667.90,654.63,643.84,634.67,627.67,621.40,612.93,603.65,597.22,587.90,577.87,566.70,558.25,549.63,541.52,535.03,529.01,522.46,516.03,509.91,504.02,498.28,492.86,490.39,487.99,487.11,484.77,483.40,485.31,486.72,485.97,486.38,486.54,483.44,477.88,469.73,464.89,462.35,459.75,456.01,452.42,447.56,443.43,439.25,434.88,430.82,427.01,423.33,419.86,415.68,411.77,409.58,408.62,405.27,401.47,397.33,392.55,388.43,385.11,381.42,377.80,374.43,371.10,367.34,363.15,359.39,356.03,353.23,350.06,346.95,344.07,341.10,337.31,333.05,328.71,323.63,318.43,312.99,308.20,305.00,302.03,298.77,294.69,290.53,287.12,283.98,280.85,277.99,275.21,272.56,269.36,266.06,261.82,257.46,252.52,248.84,245.42,242.60,239.58,235.13,230.88,226.14,219.62,218.14,217.75,213.22,209.24,208.40,210.31,211.32,209.56,205.80,202.48,198.65,194.57,193.96,193.72,191.59,188.29,185.23,182.13,178.97,175.13,170.97,168.31,166.03,163.65,161.54,159.78,157.67,155.36,153.19,151.29,149.08,146.55,144.05,141.60,139.28,137.07,134.89,132.99,131.11,128.94,126.41,123.87,121.33,118.87,116.53,114.22,112.03,109.79,107.19,104.17,101.44,99.08,96.74,93.36,90.44,88.33,86.13,83.80,81.69,79.82,78.25,76.67,74.85,73.26,71.69,68.89,65.92,63.35,61.52,60.03,57.58,54.87,52.28,50.19,48.79,47.47,46.43,44.50,41.88,39.38,37.44,35.53,33.58,31.65,29.61,27.02,24.31,21.20,19.49,17.67,15.49,13.45,11.57,9.19,5.32
823.95,818.92,813.09,804.57,794.89,779.47,760.09,733.59,699.60,671.03,656.54,661.35,678.84,703.76,721.14,737.32,754.92,766.71,761.58,744.96,732.17,726.97,733.05,734.89,739.90,750.35,762.19,774.31,788.55,798.17,802.11,799.50,796.06,791.10,783.96,773.03,762.86,758.60,759.15,755.78,746.21,730.32,714.50,710.51,707.27,706.96,704.82,700.87,700.70,703.23,705.39,707.26,706.29,704.46,701.30,695.65,689.36,681.19,670.46,659.10,647.63,641.54,634.58,626.60,619.50,611.25,601.41,589.64,580.22,572.35,564.00,555.00,544.54,536.60,529.84,523.99,518.10,511.10,504.71,498.63,492.18,486.55,482.27,479.55,477.64,476.17,475.59,475.47,474.34,474.81,475.29,475.78,474.70,469.56,462.64,455.97,450.44,448.40,445.23,442.51,439.90,437.26,434.58,431.40,427.66,424.40,421.10,416.38,411.00,406.24,403.30,401.92,399.04,395.68,390.74,386.56,383.16,380.15,377.03,373.40,369.99,366.94,363.54,360.12,356.90,353.56,350.25,347.54,344.80,341.84,338.39,333.90,329.02,323.44,317.87,312.05,307.98,304.88,301.86,298.09,293.34,289.55,285.82,282.48,279.18,275.35,272.29,270.60,268.33,264.56,261.26,256.78,250.49,246.22,242.95,240.39,236.94,232.82,227.93,223.50,218.78,214.88,213.70,214.14,211.88,208.69,206.76,205.11,204.27,202.07,199.85,197.86,193.41,189.44,189.12,188.85,185.14,182.30,179.54,176.76,173.67,170.29,168.12,166.04,164.16,162.41,160.11,157.60,155.16,152.83,150.99,148.91,146.46,144.10,141.80,139.54,137.40,135.20,133.26,131.35,129.18,126.62,124.05,121.47,118.93,116.45,113.97,111.50,109.15,106.83,104.32,101.86,99.40,97.06,93.34,89.78,87.92,86.21,84.02,81.71,79.69,77.83,76.07,74.08,71.98,70.44,67.98,65.08,62.41,60.11,58.28,56.18,54.17,52.26,50.72,50.45,49.19,46.88,44.38,41.85,39.46,37.47,35.42,33.50,31.65,29.76,27.47,24.87,22.00,20.06,18.13,16.40,14.59,12.70,10.59,6.13
813.67,809.86,804.82,793.05,782.64,771.97,755.10,730.82,697.41,672.25,653.70,648.23,662.19,688.14,707.72,723.63,745.29,759.14,754.59,738.62,724.17,715.71,717.09,720.92,731.52,741.81,753.67,765.13,777.63,787.27,790.14,788.06,785.08,776.45,769.93,762.30,751.62,742.59,744.52,745.83,740.57,730.06,714.23,702.23,700.17,700.34,698.78,695.58,693.38,697.81,701.32,702.34,700.43,699.03,698.25,695.97,691.73,685.92,676.56,665.43,655.63,647.00,640.82,633.52,626.11,617.20,605.02,594.50,586.94,577.55,568.30,558.72,548.38,539.54,531.38,525.40,519.21,512.29,504.87,498.35,493.18,488.54,483.84,477.54,471.94,469.75,467.03,466.21,464.71,464.55,465.84,467.96,467.36,463.16,457.31,451.17,445.32,442.02,437.07,434.10,433.25,431.49,429.46,426.92,423.62,422.06,419.79,415.93,412.40,407.92,401.04,396.16,393.72,392.56,389.39,384.79,380.64,377.06,374.27,371.70,368.32,365.62,363.15,359.91,356.79,353.75,350.64,347.80,344.27,341.18,338.44,331.82,325.93,320.23,315.12,309.77,305.69,302.38,300.03,295.92,290.41,287.16,283.65,280.13,276.17,272.01,269.01,266.77,264.43,261.68,257.28,252.93,248.18,243.68,239.61,236.50,233.14,230.03,227.44,223.47,219.11,214.74,210.63,209.31,210.90,210.09,208.50,203.90,198.89,195.88,193.95,192.85,192.08,189.23,185.67,183.74,181.06,179.21,177.08,174.51,171.67,168.93,166.63,164.35,162.45,160.87,159.08,156.92,154.75,152.47,150.39,148.54,146.27,143.94,141.64,139.44,137.45,135.44,133.44,131.46,129.30,126.78,124.20,121.60,119.02,116.37,113.73,111.11,108.63,106.07,103.41,101.16,99.15,97.19,94.45,91.95,90.05,88.09,85.38,82.77,80.18,77.95,75.79,73.63,71.47,69.24,66.95,64.77,62.69,60.78,59.01,57.31,55.62,54.02,52.75,51.45,49.33,46.81,44.25,41.62,39.17,37.24,35.36,33.46,31.62,29.78,27.70,25.54,23.50,21.46,19.26,17.01,14.48,11.99,9.45,5.36
804.89,802.08,797.43,785.38,774.32,762.70,748.07,726.55,698.86,668.12,649.53,641.64,645.55,669.24,693.97,714.74,738.65,753.39,749.79,734.14,721.35,706.58,705.00,712.16,722.70,733.27,742.63,754.33,766.89,777.33,778.82,774.68,771.04,763.33,756.03,749.33,738.95,732.27,732.87,734.60,731.24,722.60,709.46,697.89,694.24,694.61,692.86,690.58,687.74,691.95,696.18,697.43,696.49,695.21,694.13,692.96,691.75,688.75,682.35,672.22,663.28,655.16,647.01,640.06,631.52,623.36,612.87,601.80,592.30,581.88,573.64,563.25,553.61,544.81,536.01,530.88,525.26,517.14,508.96,502.12,497.11,491.12,484.86,478.80,472.38,466.41,461.11,458.97,457.10,455.01,455.70,457.63,456.64,452.81,447.36,441.94,436.99,434.29,429.89,424.54,422.17,422.14,419.82,417.32,416.04,414.67,412.59,410.04,407.01,403.91,400.20,394.96,389.75,386.45,384.86,380.95,375.00,372.00,368.97,366.30,363.22,361.42,360.92,357.49,354.15,352.26,349.27,347.02,343.70,339.76,335.00,329.20,324.72,321.02,316.20,310.47,305.74,301.24,297.44,293.63,289.74,286.15,282.45,278.24,273.78,269.51,266.34,263.33,260.27,258.02,254.44,250.03,246.60,242.87,238.92,234.54,230.37,227.27,225.26,223.29,220.20,215.90,211.34,207.09,205.75,204.26,201.97,201.00,199.28,194.89,190.49,188.49,188.35,188.22,184.84,180.49,178.17,176.75,174.76,172.38,169.77,167.26,164.79,162.46,160.40,158.86,157.33,155.47,153.45,151.38,149.32,147.55,145.77,143.81,141.64,139.47,137.38,135.09,133.08,131.20,129.07,126.51,123.94,121.37,118.75,116.10,113.43,110.77,107.90,105.04,102.35,100.03,98.28,96.35,93.65,91.65,90.39,88.95,86.54,83.91,81.25,78.76,76.66,74.59,72.57,70.41,68.19,66.08,64.06,62.03,59.97,58.24,56.45,54.48,52.56,50.61,48.68,46.16,43.81,41.46,39.17,37.26,35.26,33.22,31.48,29.59,27.88,26.13,24.28,22.33,20.44,17.72,14.63,11.67,8.32,3.98
795.16,792.57,786.73,775.49,764.63,754.54,742.40,720.32,700.58,669.48,643.08,636.14,634.19,652.97,679.51,706.16,730.74,744.40,742.52,727.46,715.37,699.58,696.57,704.32,715.61,722.12,731.13,744.64,757.15,766.60,766.71,762.07,756.46,747.34,740.71,737.69,730.85,723.98,722.73,724.16,721.51,713.04,702.07,693.26,688.93,688.63,686.79,684.94,682.93,686.88,690.66,692.07,691.76,691.73,690.29,689.00,688.48,687.85,684.37,679.01,669.98,663.42,655.31,646.97,637.91,628.67,618.79,605.31,595.23,588.16,578.21,569.01,562.98,551.49,544.35,536.60,530.00,523.40,518.86,509.44,502.26,494.16,486.25,478.69,473.15,467.23,460.21,454.37,450.63,448.19,446.10,446.66,445.99,443.46,438.91,430.58,425.32,422.70,419.23,415.01,411.39,411.46,409.31,407.87,406.48,404.42,402.07,399.66,396.45,395.04,392.76,389.95,385.72,379.37,376.20,372.51,365.96,361.99,358.12,354.82,351.59,350.85,349.86,347.84,346.62,344.98,342.76,342.42,342.54,341.09,336.65,329.98,325.49,321.21,317.25,311.96,307.10,303.13,299.25,295.40,291.81,288.32,284.56,280.09,276.14,270.20,266.06,262.41,258.43,254.80,252.00,248.29,244.91,241.43,238.01,234.32,230.39,226.61,223.17,220.42,217.82,214.67,212.22,208.90,204.40,200.28,197.78,197.06,196.63,193.66,189.66,186.88,185.35,185.28,184.39,180.58,177.35,174.65,172.50,170.37,167.94,165.55,163.08,160.65,158.70,156.96,155.34,153.69,151.79,149.78,147.74,145.79,144.00,142.47,141.12,139.27,136.81,134.20,131.97,130.34,128.32,125.96,123.48,120.93,118.30,115.60,112.94,110.25,107.24,104.17,101.25,99.05,97.39,95.11,92.11,89.38,87.91,87.42,86.51,84.75,82.33,80.21,78.25,76.08,73.81,71.22,68.72,66.61,64.33,61.96,59.70,57.63,55.62,53.51,51.40,49.13,47.28,45.25,43.00,40.95,38.92,37.01,34.84,32.08,30.20,28.69,26.96,25.33,23.71,22.26,20.72,17.99,14.90,11.85,8.72,4.82
784.61,781.77,774.11,765.73,755.65,747.02,737.77,718.11,695.33,669.44,637.18,630.04,626.50,643.16,670.08,695.65,719.91,735.02,731.64,719.56,708.13,693.17,688.55,696.50,703.98,709.92,723.30,734.95,747.48,757.17,756.56,751.04,744.55,735.60,729.08,726.73,721.27,713.25,711.04,713.19,711.15,705.22,695.27,687.23,682.25,682.47,680.36,679.17,678.76,683.27,686.18,686.83,687.11,687.44,686.36,685.27,684.88,685.18,684.51,681.24,675.69,668.69,659.97,652.70,644.46,634.06,622.31,609.44,601.83,592.74,584.48,578.86,569.04,560.11,551.86,543.33,538.85,534.09,526.46,518.61,510.17,500.55,490.80,480.93,473.86,467.32,461.25,455.75,450.10,445.62,442.02,438.12,436.15,432.41,428.49,424.55,418.39,414.19,408.62,404.55,401.81,399.65,397.52,396.91,396.65,393.88,390.02,387.28,384.55,383.82,381.41,378.98,375.78,371.19,364.38,361.50,356.40,350.75,347.78,345.07,341.93,340.87,339.56,338.06,335.81,333.31,333.60,335.26,335.24,334.57,332.88,328.82,324.21,317.94,313.24,309.67,305.93,303.16,299.02,293.94,290.62,286.29,283.76,282.09,279.41,269.96,264.64,260.16,256.41,252.41,249.75,247.16,243.84,240.16,236.65,233.36,230.09,226.47,222.65,219.12,215.24,211.37,208.54,207.42,204.04,199.90,196.90,194.43,193.51,192.17,189.25,187.21,184.43,182.34,182.18,180.57,177.00,173.66,170.95,168.64,166.18,163.76,161.35,159.15,157.29,155.51,153.69,151.92,150.08,147.97,145.88,143.83,141.96,140.31,139.05,137.46,135.41,133.12,130.83,129.13,127.26,125.18,122.89,120.47,117.83,115.10,112.38,109.59,106.44,103.25,100.26,98.30,96.37,94.33,92.05,89.35,86.32,84.92,84.32,83.72,82.82,81.27,79.36,76.81,73.89,70.81,68.18,65.97,64.01,61.95,59.48,57.43,55.38,53.20,50.99,48.61,46.57,44.57,42.42,40.61,38.65,36.72,34.47,31.59,29.28,27.59,25.93,24.21,22.55,20.94,19.18,16.89,13.97,11.51,9.11,5.76
774.02,770.98,765.74,757.27,747.15,739.29,730.45,715.68,690.71,666.29,632.54,622.94,620.94,643.36,671.58,695.15,714.16,726.30,719.63,711.09,700.17,685.65,680.05,685.67,694.77,703.14,711.48,725.84,740.26,747.32,746.39,741.89,735.54,724.60,716.47,713.50,709.41,702.68,701.30,702.86,703.72,702.14,693.74,683.22,676.67,676.65,673.81,672.64,675.89,679.43,680.99,681.75,682.00,682.29,681.90,681.40,681.16,681.92,682.96,681.85,677.94,669.71,661.36,653.76,646.88,639.43,628.96,616.90,606.64,597.83,592.64,585.21,575.55,568.90,558.57,554.82,551.14,544.02,535.97,528.39,516.61,504.10,493.69,485.70,480.95,472.72,466.32,459.24,451.66,445.96,440.90,435.12,430.26,426.37,422.87,420.10,414.59,409.80,406.08,402.07,398.09,393.82,390.05,387.21,386.02,383.08,379.69,376.60,374.51,373.17,370.10,366.94,364.55,361.18,356.09,352.25,347.15,343.13,340.59,337.00,332.30,330.00,329.73,328.44,325.15,321.81,321.92,323.21,322.65,321.90,322.59,320.88,319.83,314.85,307.21,301.74,297.26,291.41,284.91,281.64,279.85,275.26,273.91,274.35,275.51,271.97,265.79,260.27,256.93,251.39,247.44,245.13,242.80,239.63,235.63,231.78,228.39,224.89,221.07,217.53,214.14,211.10,208.54,205.68,202.34,199.43,196.41,193.18,190.85,189.86,188.91,187.62,184.70,181.09,178.90,178.05,175.14,172.33,169.52,166.88,164.40,161.95,159.67,157.76,155.91,154.10,152.29,150.46,148.44,146.13,143.85,141.75,139.90,138.34,136.90,135.29,133.41,131.39,129.47,127.91,126.22,124.32,122.20,119.91,117.24,114.48,111.76,108.82,105.62,102.46,99.48,97.07,94.69,92.85,91.74,89.39,85.95,82.94,81.88,81.32,80.84,80.31,78.88,76.69,73.81,70.83,68.00,65.17,62.57,60.70,59.00,57.35,55.61,53.65,51.59,49.62,47.39,45.00,42.51,40.31,38.34,36.43,34.26,32.07,30.02,28.07,26.30,24.48,22.72,20.95,18.59,15.96,13.39,11.05,8.49,5.64
765.96,764.56,759.95,749.47,739.28,730.22,721.30,708.01,683.86,657.26,626.19,617.00,620.22,649.80,679.07,699.22,713.76,714.86,706.39,699.17,689.53,675.69,668.75,677.46,689.02,693.90,704.88,721.51,734.27,737.65,735.31,733.05,726.84,715.45,706.04,701.12,699.74,691.32,688.00,689.88,694.75,695.96,692.46,683.34,673.29,670.94,667.83,668.32,672.80,674.50,675.51,676.38,675.78,676.92,676.87,676.18,676.66,678.47,680.25,679.94,674.71,666.56,659.40,650.65,644.74,639.02,632.64,623.18,612.39,606.82,599.59,590.63,582.77,575.23,567.30,563.88,560.31,553.86,546.83,534.10,519.50,508.78,501.17,494.64,490.17,481.84,474.71,467.34,456.08,448.93,443.90,437.89,432.83,428.13,424.35,420.96,417.09,414.03,410.12,405.42,399.97,396.10,393.09,387.82,382.74,378.72,373.63,369.90,366.46,363.41,360.51,358.16,356.58,353.15,349.40,345.90,340.45,335.90,331.23,328.80,326.24,323.78,321.42,318.06,314.06,310.47,308.99,308.23,308.28,310.75,313.13,313.03,310.24,306.47,298.97,289.48,279.40,271.45,267.22,265.23,263.53,261.28,260.07,260.69,261.75,263.31,264.17,263.00,259.71,252.55,246.57,242.80,240.73,238.25,235.03,231.38,227.75,224.31,220.90,217.43,214.44,212.30,210.31,206.91,203.18,199.43,195.66,192.17,189.24,187.26,186.48,185.68,185.11,183.01,179.20,175.01,172.75,170.75,168.89,165.95,162.86,160.15,158.06,156.21,154.44,152.69,150.87,148.91,146.78,144.60,142.16,139.98,138.56,136.92,135.27,133.46,131.56,129.70,128.08,126.60,125.08,123.36,121.52,119.23,116.55,113.81,111.08,107.94,104.58,101.33,98.21,95.29,92.81,90.72,89.56,87.86,85.08,81.94,79.88,79.16,78.71,78.35,77.05,75.37,73.55,71.22,67.99,64.89,61.82,59.34,57.81,56.35,54.77,53.16,51.64,49.66,47.39,45.12,42.80,40.20,37.97,35.97,33.97,32.07,30.15,28.23,26.45,24.62,22.77,20.91,18.67,16.05,13.40,10.88,8.21,5.38
759.31,759.30,752.67,741.88,731.09,718.17,706.69,693.21,671.51,646.52,619.90,611.51,621.80,653.85,677.62,697.21,706.77,698.14,690.14,681.52,672.03,660.75,658.48,666.86,677.21,690.00,703.20,718.24,727.98,728.01,724.70,723.13,718.45,708.73,697.01,690.39,688.58,677.12,672.18,675.79,682.99,688.10,686.57,681.91,671.34,662.75,660.27,662.60,668.36,669.27,669.69,670.43,669.24,671.80,671.55,670.35,672.26,674.47,676.45,675.68,669.31,662.32,652.48,644.64,639.71,635.46,630.07,624.01,617.42,612.36,605.86,598.61,591.22,584.18,577.81,574.83,573.43,564.87,552.55,536.13,525.54,518.97,513.18,505.23,497.89,489.56,481.73,473.08,464.73,456.09,448.02,442.97,438.32,433.22,427.97,424.95,423.61,419.28,414.16,409.38,404.38,399.99,397.06,391.87,387.19,383.24,377.98,374.60,369.41,363.61,360.54,357.99,355.04,350.97,347.37,344.30,340.25,335.90,331.97,330.44,328.67,325.89,322.32,319.52,316.13,310.95,305.79,300.73,299.58,301.70,304.36,304.69,300.71,293.50,286.62,279.21,272.78,268.51,264.15,262.01,260.17,257.38,253.75,250.46,249.64,249.37,252.91,257.07,256.64,252.08,246.89,241.64,238.21,235.79,233.07,230.24,227.37,224.27,221.01,218.24,215.96,213.28,210.41,206.24,202.20,198.87,194.25,190.37,187.91,185.69,183.70,182.05,181.56,183.47,181.67,175.95,170.48,169.82,168.77,166.72,163.75,160.21,157.15,154.59,152.72,151.09,149.26,147.31,145.21,143.02,140.80,138.88,137.46,135.86,134.09,132.19,130.23,128.27,126.57,125.22,123.78,122.26,120.56,118.27,115.58,112.85,110.08,106.92,103.58,100.19,96.89,93.72,90.83,88.86,87.37,85.83,83.33,80.81,78.81,77.47,76.84,76.25,74.80,73.06,71.31,69.59,67.30,64.66,61.75,59.17,57.17,55.33,53.65,52.01,50.35,48.28,46.01,43.69,41.45,39.51,37.64,35.70,33.68,31.63,29.68,27.83,26.06,24.20,22.27,20.39,18.17,15.77,13.34,10.85,8.15,5.32
752.56,753.35,746.87,735.91,721.94,707.90,691.16,674.40,657.10,633.70,610.77,606.53,621.79,653.83,673.40,688.09,694.51,683.59,674.28,664.61,657.64,649.90,649.99,661.08,673.51,687.24,702.53,716.65,722.62,718.09,712.23,712.55,712.61,704.59,689.69,679.31,675.64,664.75,656.89,660.57,670.77,679.56,679.65,674.64,664.85,653.84,648.40,656.63,661.80,661.99,662.21,661.86,661.82,664.97,666.14,665.53,667.74,670.27,672.21,672.53,666.08,653.07,644.58,639.04,634.10,630.75,626.15,621.49,617.49,613.70,609.10,603.65,599.03,591.80,585.49,582.63,580.85,573.92,559.11,542.49,532.73,527.63,522.65,514.57,505.23,499.64,490.96,481.42,473.36,465.42,456.51,449.38,444.63,440.01,433.42,431.11,431.61,428.88,422.08,418.58,413.19,408.67,404.97,399.35,394.82,389.31,385.61,380.54,374.79,368.93,365.29,362.18,358.48,353.93,350.92,348.59,345.25,341.45,339.30,337.59,336.41,333.27,329.48,328.82,326.55,320.25,313.75,307.25,302.14,298.11,296.61,294.98,291.05,287.16,283.20,280.30,281.16,281.06,278.32,274.96,271.79,268.40,262.78,254.58,248.96,245.97,242.97,248.28,250.24,246.49,244.90,241.65,237.65,234.09,231.31,229.04,226.52,223.09,219.76,217.68,215.91,213.93,211.78,207.22,199.43,195.53,191.59,188.72,186.73,184.52,182.21,180.03,179.36,181.97,181.72,176.77,169.55,167.75,169.44,168.86,166.13,161.01,157.20,153.84,151.09,149.24,147.46,145.59,143.69,141.62,139.63,138.00,136.40,134.74,132.89,131.03,128.85,126.74,124.98,123.58,122.31,120.94,119.23,116.97,114.48,111.84,109.05,106.02,102.88,99.69,96.41,92.93,89.62,87.44,85.69,84.08,82.18,79.97,78.10,76.35,75.16,74.39,72.73,70.80,68.99,67.31,65.34,63.34,61.15,59.04,57.09,55.05,53.11,51.30,49.60,47.70,45.52,43.05,40.51,38.17,36.28,34.55,32.94,31.20,29.18,27.29,25.41,23.67,21.93,20.08,17.82,15.45,13.09,10.74,8.12,5.32
746.91,747.90,742.09,731.78,715.99,700.16,679.99,663.15,643.92,619.40,602.51,601.44,615.52,640.41,662.08,675.09,678.89,670.85,662.13,650.78,645.47,639.88,646.08,656.78,668.55,684.93,702.73,714.03,714.21,705.08,700.38,701.37,704.29,698.68,683.37,668.98,664.63,657.98,647.38,648.48,658.12,669.52,670.21,662.45,651.84,639.85,638.57,648.32,653.17,654.85,655.03,654.48,655.06,657.87,660.13,660.65,662.34,665.75,668.61,667.68,659.49,645.77,638.63,633.28,628.17,625.06,621.36,617.10,613.19,611.03,608.87,605.55,602.01,595.56,588.16,583.45,580.43,576.88,568.45,557.11,546.29,540.23,532.31,523.15,514.46,510.36,501.48,489.86,481.30,473.97,465.43,457.74,451.65,447.38,443.13,439.00,438.42,436.58,431.99,427.33,422.22,417.70,414.13,410.40,404.74,397.51,392.21,385.67,380.86,375.48,370.93,367.51,363.09,357.88,356.40,354.78,353.38,350.65,350.06,348.03,346.04,341.94,338.83,339.07,336.34,330.76,324.83,319.11,315.02,307.55,302.63,298.85,295.22,293.05,290.20,290.69,292.84,291.95,288.67,285.40,282.34,279.15,273.13,264.91,256.32,249.95,240.41,238.97,238.98,235.50,237.87,238.68,236.64,233.09,230.00,227.94,225.58,222.30,218.95,216.09,213.66,212.05,210.82,207.10,198.86,192.66,189.25,187.28,185.41,183.29,180.89,178.18,178.33,180.85,181.34,178.96,171.98,166.30,165.76,168.11,165.95,159.76,156.38,153.27,150.21,147.74,145.67,143.76,141.95,140.08,138.31,136.69,135.06,133.59,132.04,130.06,127.28,124.95,123.21,121.78,120.63,119.38,117.66,115.54,113.16,110.64,107.98,105.21,102.33,99.37,96.43,93.22,90.29,87.89,85.39,82.91,81.16,79.37,77.59,75.78,73.95,72.77,71.59,69.39,67.20,65.23,63.30,61.33,59.55,58.15,56.67,54.88,52.93,50.94,48.95,47.02,44.99,43.10,41.08,38.42,35.94,33.57,31.52,29.74,27.99,26.08,24.23,22.50,20.97,19.48,17.38,15.04,12.70,10.68,8.23,5.26
739.72,740.50,734.88,725.67,710.77,694.36,675.05,658.25,636.62,612.15,597.36,595.76,603.01,620.39,645.14,659.25,665.48,660.60,649.63,639.26,632.77,633.28,643.76,656.78,668.32,685.03,702.39,710.61,706.09,696.12,690.57,689.24,690.75,684.28,669.76,656.70,652.24,649.13,638.77,639.04,649.93,658.39,658.03,648.23,635.40,624.71,630.66,636.62,641.24,645.84,646.38,646.64,648.34,652.75,655.05,655.08,657.66,662.43,665.70,664.12,655.37,642.38,634.81,629.51,624.74,619.95,616.60,612.69,608.56,606.77,605.17,602.80,600.71,596.85,590.32,582.78,576.04,571.61,569.47,565.88,560.07,553.89,546.63,536.66,526.66,520.70,510.68,500.50,489.58,482.34,474.48,467.43,460.81,456.54,452.64,449.22,446.02,443.85,438.62,433.78,429.19,425.37,421.32,416.81,412.43,406.19,399.70,392.79,387.82,382.96,379.10,375.45,371.38,366.59,364.34,363.33,363.80,359.81,358.83,357.89,354.39,350.49,349.32,348.50,343.45,338.53,335.32,331.10,326.68,317.96,311.00,305.93,301.66,300.46,300.49,300.82,298.79,294.49,290.94,286.11,280.75,277.72,271.15,266.54,261.07,252.49,243.78,236.22,232.19,228.66,229.21,232.13,234.39,231.90,227.81,225.25,223.26,222.26,220.31,216.34,211.61,209.34,206.60,202.79,197.09,191.06,187.67,185.26,183.46,181.90,179.44,176.27,176.61,179.25,180.14,178.87,172.81,166.69,161.88,161.28,163.09,159.25,156.03,152.80,149.75,147.34,144.88,142.27,140.33,138.53,136.59,134.87,133.23,131.87,130.60,128.64,125.78,122.98,121.14,119.84,118.86,117.69,116.04,114.17,112.01,109.44,106.63,104.05,101.43,98.88,96.34,93.69,90.96,87.97,84.94,82.42,80.38,78.90,77.22,75.42,73.32,71.42,70.30,68.62,66.32,64.14,62.19,59.95,58.12,56.69,55.36,54.01,52.56,50.73,48.49,46.20,43.98,41.80,39.93,37.92,35.76,33.49,31.15,28.80,26.91,25.14,23.38,21.66,19.89,18.19,16.59,14.58,12.58,10.81,8.24,4.91
731.91,732.79,726.96,717.84,704.91,691.51,674.87,656.12,635.08,609.65,595.25,589.60,591.95,601.42,627.94,646.31,651.77,646.76,636.87,626.61,623.98,630.30,641.76,656.46,669.57,684.11,699.32,704.31,697.57,688.27,679.54,675.11,675.75,668.92,657.75,645.33,640.17,639.19,629.33,627.53,637.52,643.88,641.48,633.77,624.16,614.82,619.69,628.05,633.28,635.69,636.36,637.90,641.01,647.29,649.23,648.82,653.23,659.73,663.33,662.95,656.05,642.38,632.74,626.16,621.04,616.82,612.41,608.94,605.28,602.59,601.00,598.24,596.14,595.00,592.28,585.94,577.08,568.89,564.25,563.78,563.41,561.53,556.97,550.54,540.51,530.13,519.52,513.42,502.92,492.91,486.72,478.81,474.03,470.79,466.98,460.88,456.92,453.68,447.74,443.50,438.39,433.48,429.21,423.44,419.29,414.91,407.93,401.68,397.08,392.15,388.55,384.70,381.68,379.81,376.93,373.69,371.60,367.24,364.95,362.34,358.39,355.20,353.48,351.34,347.91,344.17,341.56,339.12,333.99,328.32,322.31,314.68,309.53,305.41,301.10,297.11,293.00,288.72,284.79,279.81,276.40,273.96,269.50,264.35,260.22,253.98,247.56,240.23,235.28,228.16,223.55,225.96,230.32,230.98,226.21,221.70,219.59,218.62,217.30,213.46,209.17,206.33,202.32,197.06,192.83,188.17,184.33,182.17,180.68,179.71,177.40,174.52,174.86,177.29,177.95,176.25,171.68,166.55,161.41,158.24,158.44,157.57,155.53,152.78,149.75,147.26,144.67,141.59,139.01,136.88,134.98,133.10,131.43,129.98,128.37,126.20,123.69,120.87,119.12,118.11,117.19,116.02,114.34,112.63,110.68,108.04,105.11,102.40,99.96,97.55,95.21,93.12,90.77,87.52,84.22,81.45,79.47,78.20,76.81,75.00,72.79,70.61,68.71,67.33,65.44,63.40,61.66,59.77,57.81,55.91,54.17,52.55,51.09,49.81,47.90,45.65,43.48,41.19,39.03,37.17,35.13,33.00,30.87,28.79,26.98,24.96,23.31,21.71,20.07,18.29,16.45,14.60,12.80,11.02,8.43,4.98
723.25,724.55,719.06,710.53,698.71,686.77,674.57,658.19,640.30,617.65,598.56,585.78,584.58,588.64,609.84,629.84,634.75,632.84,624.89,613.65,616.93,628.22,640.86,655.19,669.24,681.85,694.26,697.11,689.24,677.49,667.45,663.25,662.24,657.06,647.42,633.00,625.50,625.26,617.59,614.42,621.41,624.12,622.20,617.48,610.44,605.00,611.32,617.97,624.55,627.07,628.55,631.92,635.89,639.16,640.54,642.79,649.60,656.35,660.42,661.64,658.07,645.36,632.28,624.72,618.52,613.17,608.78,604.78,601.58,597.59,593.78,590.99,590.13,590.23,589.05,587.16,581.65,572.46,564.08,559.02,558.05,558.41,558.31,555.03,550.11,539.91,529.89,520.15,513.41,506.36,497.35,490.56,484.59,480.55,474.97,468.76,464.64,460.94,455.49,450.41,444.05,437.96,433.24,427.94,423.95,420.85,413.14,406.64,403.34,400.39,397.00,392.60,388.81,386.17,383.36,379.67,375.06,370.75,366.98,363.28,359.84,357.04,353.99,351.10,347.18,342.33,338.00,335.71,333.84,332.14,329.58,319.89,309.31,301.75,295.56,290.52,287.31,283.68,279.83,276.06,272.74,270.41,267.42,263.24,258.59,254.10,249.43,243.69,237.60,228.34,219.96,220.21,225.36,227.83,223.20,218.20,216.13,214.37,212.58,209.71,205.91,203.58,199.33,191.31,186.83,182.95,179.88,178.00,177.13,177.16,175.50,172.42,173.45,175.27,175.20,174.16,170.53,164.16,159.29,156.94,154.98,153.34,152.16,151.59,149.48,146.82,144.27,141.70,138.90,136.06,133.51,131.45,129.52,127.87,126.09,123.97,121.64,119.06,117.09,116.03,115.19,114.29,112.75,111.07,109.04,106.27,103.44,100.64,98.31,95.71,93.02,90.81,89.17,86.32,83.01,80.13,78.58,77.35,76.13,74.69,72.83,70.75,68.67,66.66,64.69,62.77,61.10,59.51,57.96,56.11,54.37,52.50,50.49,48.55,46.57,44.54,42.58,40.55,38.45,36.59,34.82,33.12,31.29,28.97,26.79,24.68,23.10,21.60,20.04,18.23,16.31,14.37,12.56,10.80,8.28,4.97
716.26,717.28,713.00,704.80,693.27,680.57,669.33,658.70,648.02,628.68,605.44,583.79,579.08,580.23,594.57,614.80,620.02,617.57,612.32,605.02,610.58,623.76,637.85,651.85,665.57,678.80,688.58,687.11,676.96,666.77,659.27,653.18,649.55,645.27,635.90,622.35,611.63,610.50,606.08,601.69,605.45,606.90,604.76,601.68,598.15,596.73,603.09,608.80,614.20,617.66,620.79,625.81,629.25,632.30,632.77,636.91,646.31,652.78,656.53,658.61,656.50,648.98,635.50,624.57,615.82,609.60,605.64,601.20,597.22,592.47,588.31,585.65,584.57,584.40,584.58,587.03,588.13,581.19,569.70,561.19,555.40,552.23,551.24,551.12,549.97,545.31,535.92,525.18,517.72,511.37,502.18,494.57,488.72,482.98,475.62,468.71,464.55,460.63,455.72,450.25,444.56,440.32,437.75,431.55,427.09,422.35,416.10,410.75,407.27,404.39,401.75,397.55,392.98,388.69,384.88,380.88,376.40,371.82,367.72,363.89,360.09,356.76,353.44,350.19,345.56,340.45,335.71,331.63,328.79,327.81,325.35,319.65,308.57,298.85,293.02,287.85,283.80,279.97,276.41,272.45,269.37,267.56,264.94,261.62,257.55,253.26,248.57,242.91,237.49,230.49,219.94,217.88,222.97,224.40,220.05,216.62,213.48,210.62,207.87,205.09,201.79,199.92,194.16,187.58,182.84,178.46,175.07,172.63,172.54,173.11,174.02,170.59,171.95,172.90,172.07,172.00,168.86,161.64,158.57,156.96,155.14,152.40,149.72,148.03,146.21,143.67,141.43,140.13,138.24,135.43,132.72,130.53,128.02,125.88,123.88,121.80,119.77,117.62,115.41,113.80,112.93,112.44,111.35,109.38,106.83,104.29,101.69,99.02,96.70,94.27,91.49,88.72,87.16,84.68,81.61,79.30,77.89,76.57,75.34,74.08,72.75,71.27,69.46,67.27,64.99,62.75,60.73,58.85,57.40,55.95,54.57,53.02,50.95,48.84,46.85,44.84,42.77,40.70,38.56,36.35,34.16,32.13,30.32,28.44,26.44,24.41,22.83,21.36,19.73,17.82,15.81,13.89,12.03,10.11,7.55,4.71
709.71,711.33,706.87,698.84,687.01,673.32,663.09,654.73,645.87,633.93,612.38,585.33,575.04,575.97,584.29,602.84,604.00,601.72,602.26,598.57,609.08,626.59,640.13,652.73,665.19,676.33,679.87,674.39,667.84,659.15,650.33,642.96,637.71,635.31,627.47,612.30,599.55,596.94,592.20,586.88,590.61,591.51,588.69,588.11,588.25,589.73,594.48,598.46,602.63,607.43,611.96,616.80,619.48,623.75,623.80,629.56,638.92,647.64,653.07,654.74,652.66,648.70,639.50,625.72,613.93,605.25,600.99,597.46,592.88,588.95,584.96,581.80,579.22,578.47,578.88,581.60,589.93,589.60,580.66,568.46,559.17,553.63,546.46,541.90,541.55,541.37,536.73,527.56,519.48,509.54,500.97,492.99,488.44,483.67,477.90,471.74,466.81,459.91,454.99,450.37,446.90,443.98,441.96,437.63,429.54,424.00,419.47,414.75,410.16,406.74,403.02,398.89,393.95,389.12,385.17,381.21,376.91,372.54,368.19,363.82,359.69,356.31,353.02,349.45,344.53,339.35,333.71,329.20,325.07,321.63,318.58,314.88,307.41,298.58,292.94,288.01,283.58,279.11,274.55,270.33,267.22,265.03,262.87,259.77,255.69,251.48,246.52,240.99,236.08,230.95,222.36,216.49,221.57,223.07,220.84,216.33,212.35,209.25,205.49,201.98,197.51,193.28,189.57,186.38,182.53,178.51,173.57,169.53,168.79,169.28,172.05,169.04,169.57,169.87,168.90,169.29,167.97,162.83,159.60,157.75,155.32,152.29,149.59,146.65,143.94,141.70,139.59,137.90,136.40,134.42,132.08,130.38,128.05,125.22,122.64,120.40,118.13,115.96,113.83,111.81,110.65,110.11,108.84,106.02,103.23,101.33,99.46,96.73,94.35,92.75,90.57,87.44,84.93,83.41,80.70,78.79,77.32,75.92,74.55,73.13,71.68,70.16,68.26,66.06,63.86,61.89,60.01,57.86,55.89,54.34,53.11,52.25,50.65,48.60,46.69,44.74,42.76,40.75,38.65,36.48,34.29,32.13,29.94,27.89,26.07,24.19,22.44,20.71,19.00,17.26,15.32,13.39,11.52,9.54,7.04,4.37
697.71,702.27,699.00,690.88,678.18,665.63,656.54,648.34,639.48,629.71,616.99,590.79,572.41,570.93,574.40,590.50,589.65,582.20,584.53,592.29,608.59,623.37,637.68,650.15,663.00,671.59,670.74,662.90,657.55,649.80,639.99,634.61,626.53,625.14,616.24,602.42,589.66,583.49,577.97,574.58,575.75,576.98,577.91,580.74,582.35,583.76,585.48,589.08,594.20,597.38,600.75,605.86,611.29,615.19,615.50,620.35,630.77,642.07,650.00,651.12,648.41,644.25,638.72,627.92,617.08,607.23,597.93,592.74,587.97,584.13,581.21,578.21,574.90,572.30,572.64,577.41,587.85,591.12,587.96,578.24,567.83,558.62,550.72,540.36,538.01,536.59,535.12,531.05,523.51,513.48,503.77,494.10,486.77,481.48,476.98,473.23,468.39,461.91,455.19,448.87,445.39,443.02,440.95,437.36,431.16,425.95,421.76,416.42,410.35,407.00,403.81,400.27,394.72,389.29,385.37,381.63,377.68,373.39,368.72,363.66,359.24,356.19,352.96,349.78,345.52,340.94,333.50,327.31,323.01,318.75,314.64,310.29,302.96,296.79,292.16,287.73,283.41,278.80,273.27,268.59,265.42,262.73,260.62,257.64,253.31,248.94,244.01,238.86,234.29,229.57,223.51,215.43,213.89,217.13,217.76,210.73,206.79,204.13,201.81,199.49,194.87,189.82,187.69,185.35,182.17,178.65,173.72,169.10,166.34,167.13,170.46,169.93,165.39,164.94,165.23,166.27,166.31,164.82,161.57,159.07,155.59,151.18,148.57,146.09,143.43,142.24,140.69,138.74,135.52,133.09,131.56,130.23,127.72,124.76,122.03,120.00,117.56,115.01,112.54,110.01,107.47,105.62,103.41,101.15,99.42,97.67,95.72,93.24,91.04,89.98,88.09,85.09,82.51,81.34,79.80,78.24,76.95,75.56,74.11,72.62,71.16,69.43,67.28,65.03,62.77,60.47,58.25,56.41,54.45,52.67,51.12,50.50,49.65,47.98,46.07,44.24,42.49,40.69,38.63,36.40,33.95,31.71,29.88,28.07,26.20,24.19,22.16,20.29,18.45,16.61,14.79,12.97,11.18,9.18,6.80,4.36
684.06,690.22,687.97,680.57,668.54,657.90,648.74,639.63,632.95,625.24,615.50,595.75,570.67,565.19,566.12,578.37,577.13,567.62,572.40,588.75,606.54,621.83,636.19,647.53,658.73,665.38,662.54,653.63,645.83,638.39,629.90,624.60,615.26,613.22,606.76,597.30,582.92,574.22,570.14,567.77,568.51,570.10,573.35,576.73,577.87,578.31,578.58,581.75,587.99,591.30,594.63,600.37,606.58,608.14,607.96,612.44,623.24,636.71,644.91,647.07,644.13,639.37,633.74,627.57,619.82,612.57,604.05,594.62,585.59,579.74,576.86,574.27,570.87,567.51,566.87,572.71,581.86,585.71,585.92,581.67,572.84,563.05,554.89,546.04,540.14,537.90,533.73,529.68,525.50,518.53,509.13,501.40,492.19,484.25,477.40,470.73,465.96,460.55,453.79,447.44,442.85,439.44,437.04,434.28,430.09,425.45,421.06,415.37,409.53,406.24,403.06,399.59,394.72,390.04,386.43,382.96,379.26,374.49,369.18,363.33,358.83,356.05,353.19,350.40,346.10,340.66,333.83,327.69,323.03,318.55,314.11,310.04,303.03,297.32,293.10,288.83,283.79,278.92,274.73,269.48,265.39,260.81,257.79,254.91,251.32,246.72,241.82,236.80,232.12,227.88,223.62,216.84,205.54,201.68,206.49,208.09,203.92,199.58,197.94,196.55,192.63,188.58,185.83,184.18,182.23,178.75,174.12,169.46,165.09,164.60,167.53,168.87,163.09,160.75,161.80,162.83,163.97,162.41,160.09,159.27,155.45,150.28,147.45,145.01,142.69,142.03,141.22,140.18,137.22,133.54,130.78,129.14,126.46,123.91,121.32,119.69,117.21,114.49,111.83,109.69,106.68,103.79,101.06,99.50,97.86,95.51,92.99,90.50,88.73,87.16,85.19,82.74,80.64,78.99,77.98,76.70,75.50,74.30,73.37,72.34,70.91,68.94,66.84,64.81,62.79,60.70,58.17,55.63,53.29,51.37,49.42,48.67,48.13,46.98,45.33,43.54,41.77,40.02,37.99,35.68,33.08,30.52,28.54,27.13,25.66,23.88,21.78,19.72,17.91,16.14,14.31,12.54,10.78,8.78,6.52,4.26
670.34,675.90,673.78,667.06,658.71,648.90,637.87,631.23,626.03,619.57,609.28,595.25,571.32,559.87,559.25,565.80,563.74,556.97,566.03,582.10,599.31,617.34,632.82,644.52,654.36,658.96,653.62,643.71,635.94,627.99,618.60,611.58,604.33,601.57,599.45,590.32,578.38,570.03,565.41,563.46,564.43,566.86,570.76,573.33,573.91,573.95,574.82,577.81,582.05,586.72,593.18,599.54,602.97,601.20,599.65,604.69,616.04,629.93,640.41,643.02,640.60,635.27,629.13,623.33,618.20,612.03,606.47,599.29,587.88,579.50,575.05,571.02,566.72,562.68,560.78,565.42,571.54,575.96,576.58,573.23,566.67,559.09,553.12,548.96,544.90,542.23,537.28,526.89,520.43,518.14,512.40,505.05,497.13,488.63,480.83,471.09,464.58,460.25,453.45,446.73,441.12,436.01,432.21,430.18,426.88,422.86,418.97,414.60,409.99,406.43,403.18,399.75,395.59,391.62,388.08,384.41,380.42,375.26,369.65,363.98,359.30,356.38,353.45,350.35,345.34,339.72,333.30,327.63,323.11,317.78,310.83,306.93,303.24,298.42,293.86,289.53,284.69,281.49,279.03,273.44,267.04,259.07,255.14,251.91,248.59,245.29,241.07,235.10,230.03,226.31,222.76,217.05,206.62,198.03,194.02,199.25,199.68,196.38,194.90,194.35,190.94,187.47,184.12,181.83,180.29,177.21,173.13,168.35,162.59,160.82,163.35,165.55,161.24,157.96,158.28,159.55,161.45,159.95,155.24,152.44,151.17,148.32,145.66,143.04,141.59,141.34,141.01,140.16,138.08,134.86,131.90,129.71,126.84,123.85,120.66,118.37,115.96,113.30,111.31,109.72,107.09,104.31,101.67,100.62,99.69,97.23,94.53,92.28,90.91,89.84,87.08,83.53,80.57,78.43,76.72,75.21,73.84,72.61,71.48,70.89,70.22,68.36,66.19,64.09,62.04,59.95,57.68,55.27,52.76,50.52,48.47,47.06,46.25,45.42,44.36,42.86,41.09,39.20,37.13,34.91,32.44,30.10,28.20,26.41,24.67,23.07,21.55,19.66,17.75,15.89,14.04,12.22,10.41,8.45,6.34,4.22
658.05,660.83,657.69,652.92,646.50,636.56,627.84,621.03,615.84,610.43,602.63,593.15,571.86,555.75,555.24,557.85,552.20,548.04,560.84,578.13,597.88,614.36,630.24,640.24,648.70,651.40,643.83,634.83,626.67,618.12,609.20,601.75,596.66,591.38,590.09,582.84,573.50,566.41,561.58,559.16,560.91,564.12,567.91,569.62,570.01,569.72,571.16,574.67,578.36,583.62,590.46,594.22,596.28,593.54,592.69,601.52,613.44,624.30,635.30,639.07,636.96,631.29,624.63,617.21,611.75,606.59,602.92,598.33,590.57,581.46,575.62,570.81,566.13,560.97,555.36,555.86,560.56,564.04,564.65,563.29,558.05,551.74,545.68,541.90,538.64,537.81,536.25,529.18,521.89,514.91,509.84,504.82,498.70,492.25,485.14,473.65,461.54,456.75,452.29,447.19,441.65,436.02,430.56,426.65,423.25,419.78,416.75,413.16,409.87,406.87,403.65,400.60,397.16,393.45,389.64,385.56,381.43,376.44,370.56,365.01,360.05,356.51,352.84,348.67,342.53,337.80,332.80,328.01,323.35,318.23,310.81,304.31,299.21,294.97,289.55,283.27,277.66,273.41,268.03,262.92,260.38,255.77,252.31,248.45,243.71,239.68,236.79,231.22,226.93,223.89,220.79,216.27,209.33,200.28,189.79,184.47,186.53,189.48,191.81,192.58,190.09,186.72,182.35,178.71,176.79,174.14,170.62,166.85,161.34,158.79,159.67,161.99,161.43,156.84,154.69,156.85,158.59,155.94,150.79,147.30,145.49,144.10,142.84,141.00,140.80,140.62,140.20,139.13,137.58,135.83,133.77,131.72,129.52,126.15,122.54,118.94,115.36,112.38,110.61,109.42,107.26,104.72,102.27,101.26,100.08,98.34,96.23,94.34,92.64,90.45,87.27,83.85,80.58,78.53,76.84,75.10,73.39,71.70,70.03,68.85,68.65,67.64,65.54,63.50,61.49,59.34,56.96,54.60,52.25,50.02,48.38,46.83,45.33,43.98,42.91,41.88,40.39,38.43,36.29,34.19,32.05,29.90,28.14,26.44,24.64,22.67,20.78,18.92,17.21,15.47,13.68,11.97,10.27,8.31,6.22,4.14
645.30,646.81,642.44,636.98,630.35,624.38,618.18,612.10,607.18,603.25,597.97,589.61,570.02,551.89,551.38,550.66,541.12,542.85,558.03,575.59,593.89,608.17,622.56,633.85,641.22,643.64,637.62,627.25,615.18,606.08,596.39,588.40,586.74,580.06,579.65,574.97,568.34,562.94,557.96,555.83,557.97,560.70,564.12,565.86,566.43,566.03,568.20,572.29,576.13,580.35,585.26,587.94,588.24,585.84,588.59,599.59,611.17,621.55,631.60,635.53,634.24,629.11,621.84,612.20,603.41,596.81,595.57,592.81,588.21,582.09,575.00,568.93,565.10,560.97,554.89,548.21,547.53,552.15,554.52,552.10,545.17,540.19,534.54,530.39,526.94,527.66,529.59,527.78,523.40,516.46,508.12,502.23,497.68,493.62,487.65,477.20,464.31,457.22,451.46,445.53,441.52,436.42,430.80,426.93,423.25,419.77,416.21,412.75,409.81,407.07,404.21,401.61,398.65,394.61,390.42,386.40,382.56,378.00,371.67,366.43,362.10,358.19,353.67,348.27,341.56,337.19,333.63,329.74,325.56,320.62,313.34,305.61,298.87,291.94,284.85,278.03,272.97,266.85,259.81,252.47,249.09,246.96,245.82,243.61,237.80,229.57,222.95,219.85,220.10,218.77,216.37,214.15,209.90,203.21,195.08,182.78,179.35,181.16,185.86,189.69,187.82,184.41,181.33,177.24,173.40,170.78,167.95,165.36,162.11,158.53,156.90,158.54,159.19,154.68,151.73,154.52,154.58,150.83,147.30,144.27,141.36,139.59,139.76,139.80,139.99,139.63,138.25,136.65,135.00,133.85,133.03,132.06,130.13,126.73,122.99,119.16,115.41,111.91,109.47,108.01,106.37,104.30,102.51,101.22,99.86,97.97,95.75,93.61,91.74,89.22,85.73,82.32,79.63,78.04,76.50,74.92,73.33,71.70,69.91,67.50,66.77,66.62,64.93,62.91,60.88,58.73,56.34,53.92,51.55,49.52,48.12,46.71,45.26,43.74,42.23,40.81,39.16,37.37,35.40,33.38,31.37,29.52,28.07,26.51,24.73,22.78,20.82,18.95,17.34,15.62,13.83,12.09,10.31,8.32,6.29,4.32
630.59,630.39,625.84,621.00,616.37,613.73,608.87,603.40,598.97,595.84,593.07,585.97,567.51,548.51,546.47,544.24,536.48,536.98,552.14,568.33,582.43,596.13,607.46,618.57,631.28,635.54,629.39,617.66,604.58,595.80,586.18,580.47,577.27,569.77,568.11,566.91,562.86,558.23,553.43,553.02,555.27,557.93,560.64,562.37,562.89,562.70,566.35,571.27,574.71,577.75,580.68,583.26,583.36,580.15,583.27,595.54,606.61,619.09,628.69,631.83,632.19,627.86,620.69,610.91,600.31,590.61,586.51,584.36,582.08,578.81,573.67,568.01,564.00,560.54,554.52,546.78,539.43,538.48,540.26,536.66,532.81,529.83,526.69,523.05,518.78,518.11,517.85,517.25,516.42,513.97,509.66,502.80,496.43,491.35,484.90,475.16,468.46,462.75,456.44,446.81,437.97,432.99,428.74,425.57,422.33,419.38,416.04,412.78,410.22,407.80,405.42,402.74,399.32,394.86,390.40,386.57,382.95,378.79,373.13,368.31,364.18,360.05,355.27,350.43,345.15,340.13,336.57,332.82,328.10,322.86,315.74,307.63,300.70,293.09,286.88,282.21,278.54,270.77,261.31,250.78,242.43,235.38,233.32,233.35,228.67,222.33,214.26,206.66,205.30,206.48,208.12,208.97,207.52,204.75,200.54,189.32,179.97,177.74,179.81,185.45,184.20,180.73,178.31,175.48,171.66,167.91,164.38,161.91,160.49,157.89,155.22,155.75,156.32,152.25,149.44,152.36,152.60,149.35,145.18,141.51,139.12,137.57,137.41,137.75,137.99,137.68,135.94,133.90,132.20,131.14,130.52,129.71,127.76,124.75,121.99,118.35,114.56,111.31,109.02,106.96,105.11,103.50,102.20,100.88,99.30,97.12,94.84,92.59,90.49,87.58,83.97,80.57,78.64,77.17,75.71,74.21,72.73,71.21,69.36,66.82,64.87,64.89,64.31,62.29,60.20,58.02,55.75,53.44,51.03,49.15,47.65,46.21,44.82,43.44,42.06,40.62,38.52,36.25,34.25,32.35,30.41,28.71,27.26,25.85,24.44,23.09,21.50,19.84,17.99,15.97,13.99,12.03,10.04,8.17,6.35,4.50
613.86,615.22,612.06,608.09,604.84,602.11,597.35,592.55,588.74,587.36,585.73,580.35,564.43,547.07,541.02,538.06,533.13,530.07,539.63,552.93,566.24,577.51,591.79,603.62,617.50,627.91,623.31,610.38,597.06,585.06,576.50,572.21,570.95,563.93,561.01,560.06,556.44,551.96,548.98,550.27,552.46,554.72,557.27,559.28,559.10,559.21,563.57,568.51,571.38,573.83,576.65,579.22,578.94,576.07,578.32,588.66,599.57,609.85,618.44,624.98,627.71,624.49,617.20,607.57,597.24,588.44,580.35,577.04,575.53,574.52,571.40,567.03,561.80,557.32,552.15,542.77,534.93,530.28,530.11,526.95,525.75,523.84,521.60,518.55,514.15,510.91,508.62,506.87,505.89,504.29,503.54,501.79,495.69,487.34,477.25,466.90,462.80,462.70,460.87,452.20,439.74,431.37,427.27,424.25,421.04,418.31,415.97,413.78,411.72,409.73,407.14,403.25,398.88,394.41,390.06,386.43,382.87,379.01,374.27,369.84,365.67,361.49,357.05,352.78,348.80,343.34,338.22,333.66,328.89,323.50,317.34,310.94,305.05,298.37,294.27,289.29,281.70,271.49,260.79,253.19,243.80,234.21,226.89,221.64,219.75,216.98,208.85,199.14,194.87,195.47,198.53,200.73,201.71,202.01,200.84,195.15,186.40,178.41,177.43,181.90,181.56,178.59,176.19,173.85,170.92,166.09,161.41,159.00,158.04,156.68,154.02,153.41,154.25,151.71,147.49,149.26,150.36,148.85,144.67,140.04,137.56,135.99,135.15,135.35,135.56,135.48,133.94,131.64,129.56,128.22,127.29,125.90,123.87,121.09,118.69,116.28,113.35,110.28,108.21,106.38,104.44,102.71,101.11,99.59,97.82,95.98,93.96,91.75,89.19,86.08,82.80,79.83,77.97,76.32,74.78,73.27,71.78,70.30,68.29,65.77,63.47,62.83,63.16,61.83,59.54,57.44,55.29,53.05,50.86,49.03,47.49,45.96,44.43,42.97,41.50,40.00,37.98,35.69,33.50,31.41,29.13,27.59,26.05,24.56,23.11,21.77,20.88,19.58,17.59,15.37,13.31,11.39,9.55,7.81,6.09,4.38
600.23,602.72,600.82,596.39,592.76,589.98,586.63,582.68,579.80,578.18,576.67,573.65,560.61,543.78,536.54,533.07,529.35,526.52,529.60,536.76,547.40,561.50,575.26,588.22,602.93,619.20,618.58,605.72,592.40,580.91,567.89,562.22,561.11,557.27,555.13,552.80,550.45,547.82,546.23,547.87,549.47,550.61,553.22,555.58,554.36,555.75,560.13,564.47,567.43,570.06,573.09,575.07,573.45,571.95,575.70,582.97,593.08,600.59,608.29,616.13,622.12,620.68,612.87,602.59,590.15,582.85,577.62,572.67,569.51,569.63,568.25,565.16,560.94,554.89,548.37,537.91,531.02,526.30,522.82,519.57,519.42,518.02,515.58,512.40,509.47,506.77,503.17,500.11,497.44,495.34,493.59,491.43,489.44,484.28,475.71,468.34,461.93,458.56,456.79,453.18,444.56,434.81,428.84,425.73,422.63,419.99,417.72,415.63,413.63,411.76,408.89,404.75,400.55,395.07,389.39,385.88,382.45,378.96,374.92,370.82,366.62,362.38,358.35,354.59,350.59,345.02,339.25,334.72,330.45,325.17,319.60,314.89,311.70,305.87,299.33,289.97,281.87,272.06,262.05,254.25,245.62,235.49,226.76,217.83,210.66,208.16,200.92,194.16,190.28,188.07,189.92,191.56,194.13,196.04,195.74,193.07,188.56,180.59,173.92,176.82,178.09,176.30,173.92,171.75,169.40,164.54,159.73,157.66,156.03,155.04,152.94,151.37,152.16,150.98,145.72,144.92,146.70,144.80,143.19,139.86,136.69,134.53,133.07,132.81,133.00,133.19,132.25,129.99,127.60,125.56,124.16,122.19,120.11,117.96,115.60,113.28,111.07,109.04,107.30,105.53,103.75,102.18,100.37,98.10,96.23,94.58,92.84,91.02,88.53,85.47,82.52,79.79,77.89,76.05,74.23,72.49,70.91,69.14,67.11,64.65,62.46,60.85,61.30,60.75,58.88,56.90,54.87,52.81,50.76,48.95,47.34,45.72,44.12,42.59,41.10,39.44,37.31,35.16,33.01,30.92,29.05,27.41,25.73,24.10,22.51,21.02,19.62,18.00,16.47,14.67,12.85,11.23,9.63,7.97,6.38,4.78
585.29,588.61,587.37,581.72,578.31,578.75,576.93,573.70,570.51,568.43,567.67,566.78,560.10,546.51,535.27,528.52,525.18,522.98,524.54,526.29,533.04,548.98,563.58,576.18,591.84,608.47,610.62,602.14,589.95,578.27,566.16,556.92,554.53,551.54,550.04,548.11,546.40,544.84,543.73,545.63,546.59,547.56,550.41,552.11,550.19,552.37,557.11,561.46,564.46,566.99,569.49,570.61,568.47,567.70,572.18,578.95,588.36,595.53,603.06,609.01,615.74,615.38,607.55,595.13,580.63,574.60,571.86,568.19,564.33,564.87,564.69,562.71,558.84,552.68,544.87,534.96,527.88,523.80,520.18,516.34,512.92,511.44,510.04,507.65,505.28,503.29,499.39,495.21,492.37,489.93,486.71,483.64,480.63,476.04,470.08,465.89,463.25,459.95,452.96,448.18,442.72,436.46,430.74,427.31,424.35,421.63,419.22,417.14,414.90,412.50,409.88,406.05,401.64,395.44,389.09,385.79,382.49,379.11,375.20,371.28,367.28,363.13,359.11,355.23,351.34,346.35,340.95,337.08,332.95,327.93,322.85,319.14,316.84,311.44,304.05,293.50,282.18,272.70,264.10,256.45,246.63,235.10,224.94,215.77,204.94,197.64,190.07,184.56,185.25,183.73,184.35,185.32,187.11,188.59,189.41,187.27,183.38,178.40,170.55,170.82,173.20,173.40,171.56,169.33,166.84,162.63,159.05,157.07,155.06,153.13,151.76,149.47,149.73,150.35,144.56,141.20,143.00,139.80,138.74,138.28,135.45,133.13,131.40,130.41,130.37,130.77,130.22,128.54,126.15,123.73,121.52,119.47,117.47,115.41,113.16,110.71,109.06,107.72,106.30,104.60,102.87,101.39,100.05,97.48,94.76,93.00,91.46,89.98,87.63,84.64,81.76,79.35,77.69,75.94,74.11,72.24,70.40,68.08,65.90,63.67,61.65,59.64,59.59,59.26,58.22,56.43,54.41,52.41,50.49,48.75,47.07,45.35,43.71,42.19,40.65,38.84,36.83,34.82,32.64,30.48,28.93,27.58,26.08,24.47,23.07,21.80,20.42,18.40,16.59,14.72,13.05,11.50,9.91,8.28,6.68,5.09
569.25,574.95,573.11,567.26,563.78,564.82,565.40,562.75,560.65,558.80,557.73,558.61,555.90,550.36,537.59,527.20,521.86,519.22,519.31,517.66,522.75,537.70,555.46,569.99,584.51,601.29,604.06,597.42,586.57,574.41,563.53,553.37,549.70,547.86,546.20,545.16,542.72,541.64,541.38,543.00,543.58,545.57,547.69,548.23,547.37,550.05,554.96,558.80,561.54,563.75,564.76,564.88,562.73,562.34,567.27,574.60,582.46,588.84,598.19,605.38,611.38,609.91,602.45,589.17,575.10,567.05,562.63,559.53,557.34,560.08,561.00,559.80,555.50,549.73,542.07,534.90,528.58,522.88,517.91,513.58,509.76,506.55,505.79,504.07,501.44,498.91,496.40,492.63,488.13,484.68,482.10,478.07,472.88,467.20,459.70,456.18,455.86,452.20,448.08,445.42,442.26,436.88,431.16,427.95,425.40,422.90,420.41,418.15,415.90,413.46,410.85,406.81,401.91,396.34,390.79,386.80,383.10,379.22,375.37,371.74,368.00,363.88,359.83,356.15,352.76,348.93,344.21,340.09,335.69,330.99,326.41,322.33,316.83,310.83,303.74,293.86,282.94,275.24,268.46,261.75,252.25,239.30,225.98,216.20,207.50,198.61,187.45,177.87,178.53,178.24,178.69,179.83,180.85,181.95,184.18,181.01,177.07,173.44,166.69,165.37,168.79,169.03,167.05,165.03,163.58,161.14,158.55,156.56,154.39,152.01,149.96,148.47,146.87,147.69,144.13,139.02,140.31,137.30,134.47,134.10,132.86,131.19,129.72,128.19,127.71,127.68,127.31,126.86,124.82,122.31,119.94,117.74,115.51,113.36,110.97,109.07,107.63,106.26,104.93,103.59,102.00,100.53,99.20,96.93,94.02,91.33,89.91,88.34,86.17,83.78,81.00,78.95,77.36,75.77,74.06,72.38,70.64,68.09,65.24,62.80,60.79,58.78,57.33,57.19,56.83,55.88,54.05,52.11,50.20,48.40,46.57,44.70,42.93,41.36,39.92,38.45,36.60,34.54,32.38,30.24,28.72,27.36,25.99,24.58,23.20,21.80,20.38,18.69,16.89,15.07,13.40,11.74,10.06,8.48,6.99,5.54
554.72,561.95,559.17,552.65,548.25,549.33,551.57,551.26,550.84,549.68,548.25,548.51,547.80,543.64,532.85,525.80,521.56,516.75,513.18,510.62,516.18,530.34,546.23,564.22,579.17,594.75,598.27,592.85,582.44,570.91,559.32,548.11,544.48,544.39,542.96,541.57,540.03,538.32,539.27,539.91,541.16,542.98,544.27,543.75,544.32,548.70,552.59,555.57,558.04,559.54,559.48,558.92,556.18,556.73,561.28,568.46,576.44,585.63,595.95,603.64,606.54,602.88,595.25,586.54,575.03,563.97,555.50,550.82,548.51,551.24,554.28,554.99,551.24,544.78,538.53,533.52,528.32,523.45,518.27,512.84,507.82,503.70,501.34,500.55,497.82,494.58,491.73,489.74,486.50,482.07,477.67,473.18,467.88,463.63,456.55,448.81,447.69,444.98,442.60,440.75,439.08,434.66,429.97,427.52,425.42,423.31,421.25,419.15,416.72,414.09,411.28,407.15,401.88,396.45,391.08,386.99,383.44,379.90,376.39,372.97,369.44,365.29,361.20,357.60,354.27,350.97,346.94,341.85,336.26,330.25,323.61,317.54,309.81,305.60,300.93,294.71,286.78,277.41,270.51,262.28,250.25,238.26,225.97,214.14,206.06,199.35,190.43,178.31,170.88,168.99,171.88,174.65,175.69,177.06,179.18,175.50,171.35,168.14,161.13,161.20,164.00,161.34,159.13,159.07,158.78,158.21,157.27,155.78,153.73,151.41,148.05,147.17,145.09,143.92,142.96,138.26,136.07,133.74,131.31,129.97,129.73,128.86,127.50,126.04,124.87,124.14,123.72,123.92,123.49,121.07,118.78,116.63,114.25,111.87,109.54,107.81,106.18,104.56,103.45,102.12,100.84,99.25,97.68,96.01,93.60,90.67,87.72,85.53,83.48,81.86,79.85,78.11,76.57,75.09,73.75,72.20,70.52,67.86,64.97,62.21,59.71,58.14,56.35,55.15,54.71,54.47,53.66,51.80,49.81,47.81,45.87,43.98,42.13,40.44,39.06,37.76,36.33,34.34,32.23,30.17,28.67,27.35,26.02,24.62,23.19,21.77,20.33,18.65,16.89,15.13,13.41,11.71,10.03,8.54,7.12,5.68
540.89,547.73,542.76,536.35,533.41,533.95,535.72,538.16,540.82,541.16,540.81,540.02,537.94,536.14,527.44,521.59,519.13,515.38,510.74,505.94,510.04,524.84,539.83,556.71,572.79,586.27,588.70,587.11,579.01,567.26,554.09,544.59,539.65,540.30,539.95,538.23,537.52,535.93,536.82,537.19,538.66,539.77,540.58,539.38,541.30,545.44,549.17,551.79,553.28,554.01,554.33,553.42,549.28,551.30,556.41,564.07,573.50,585.85,596.86,601.35,599.50,592.44,584.01,580.27,575.52,565.71,554.03,546.08,543.35,544.50,547.23,549.05,546.11,540.09,535.51,531.35,527.13,523.04,518.18,511.60,507.25,503.73,498.66,495.27,494.42,491.15,488.20,486.22,484.24,480.58,476.33,472.33,467.80,462.08,452.83,446.99,444.03,441.39,438.18,436.24,433.76,430.49,428.04,425.98,423.90,421.93,419.53,417.70,416.02,414.02,411.71,407.68,402.15,396.80,391.68,387.63,384.26,380.86,377.47,374.02,370.50,366.36,362.39,358.75,355.51,352.34,348.43,342.44,334.54,324.46,317.43,311.52,306.05,301.49,297.28,291.29,284.40,277.18,270.75,261.46,251.09,238.04,224.02,210.17,200.43,194.50,188.42,180.04,171.68,165.41,164.34,168.71,171.01,171.74,170.78,166.94,164.14,163.12,157.90,158.59,159.80,155.33,150.75,150.53,150.49,152.16,154.49,153.56,152.70,150.74,146.01,144.73,144.27,141.59,140.30,138.28,135.41,132.05,129.49,127.62,127.09,126.20,124.85,123.47,122.05,120.86,120.16,120.74,121.62,120.03,117.77,115.58,113.26,111.00,108.39,105.80,103.95,102.36,101.67,100.52,99.17,97.74,96.07,94.44,92.82,90.84,87.38,83.82,80.97,79.24,77.89,76.59,75.12,73.86,72.70,71.46,69.85,67.20,64.31,61.53,59.24,57.49,55.80,54.19,52.91,52.49,52.35,51.27,49.24,47.27,45.32,43.34,41.40,39.68,38.39,37.06,35.69,34.03,32.59,30.88,29.40,28.00,26.55,25.10,23.59,22.04,20.48,18.77,17.05,15.34,13.57,11.79,10.04,8.59,7.24,5.93
530.71,534.50,527.16,522.78,520.13,521.42,525.00,528.39,531.95,532.06,530.69,529.10,527.29,530.39,524.33,517.12,516.08,513.01,508.47,502.32,501.94,519.77,535.80,553.54,568.95,577.53,577.50,578.91,574.12,562.65,549.85,542.33,537.43,536.42,536.46,535.08,534.73,533.57,534.34,534.69,536.16,536.76,536.81,535.90,536.03,541.31,544.81,547.03,547.74,548.13,548.54,546.34,541.26,546.20,553.16,562.22,570.99,579.57,587.20,591.20,590.07,583.52,575.76,573.30,573.97,570.59,559.34,544.50,538.65,538.83,541.35,542.25,540.35,536.35,532.58,529.55,527.42,524.71,520.51,512.59,503.99,499.84,496.48,490.11,490.92,488.37,485.66,483.10,480.83,478.23,473.93,469.29,464.85,460.33,451.38,446.25,442.61,439.51,436.72,433.81,430.68,427.73,426.01,423.85,421.58,420.10,417.99,415.29,413.74,411.71,409.88,406.92,402.91,398.14,393.14,388.63,385.01,381.26,377.63,374.08,370.62,366.89,363.03,359.32,356.04,352.79,348.87,342.63,334.84,324.90,317.83,313.45,311.46,307.54,302.51,290.10,278.82,273.56,266.80,257.56,247.82,234.69,221.99,210.20,198.94,190.38,183.97,177.34,170.80,164.05,159.08,160.60,164.83,165.46,162.56,159.88,158.63,158.57,154.91,152.54,155.38,154.13,149.43,145.76,143.99,145.79,151.18,150.54,149.80,147.84,142.74,141.65,143.15,140.13,136.83,134.13,133.12,132.85,129.73,127.02,124.73,123.47,122.15,120.86,119.67,118.66,117.69,118.13,119.02,118.03,116.04,114.11,112.34,110.19,107.43,104.44,101.80,100.08,99.32,98.46,97.20,96.13,94.50,92.92,91.22,89.41,86.50,83.08,80.43,78.43,76.67,75.16,73.84,72.68,71.54,70.39,68.73,66.22,63.51,60.73,58.78,57.16,55.45,53.73,52.06,50.75,50.28,49.56,48.37,46.56,44.60,42.61,40.68,39.04,37.73,36.41,34.86,32.96,31.44,30.26,29.07,27.97,26.76,25.41,23.99,22.42,20.79,19.04,17.32,15.64,13.89,12.12,10.39,8.86,7.49,6.17
